ARM GAS  font_century238.s 			page 1


   1              	/*******************************************************************************
   2              	*
   3              	* Century font (238 points) file for Paul's Clock project
   4              	*
   5              	* Copyright (c) 2022
   6              	*
   7              	*******************************************************************************/
   8              	
   9              	/*******************************************************************************
  10              	*
  11              	* Revision History
  12              	* ----------------------------------------------
  13              	* 10h	2/8/22		PMW	Initial creation
  14              	*	3/17/22		PMW	Expanded to 256 characters
  15              	*
  16              	*******************************************************************************/
  17              	
  18              	// External reference
  19              	
  20              			.global  FontCentury238
  21              	
  22              	// Equates (i.e. defines)
  23              	
  24              			.equ	NULL, 0
  25              			.equ	CELLWDTH, 177
  26              			.equ	CELLHGHT, 381
  27              	
  28              	// Data Section
  29              	
  30              			.data
  31              	
  32              			.align	2
  33              	
  34              	/*******************************************************************************
  35              	*
  36              	* Font information, must be at beginning of font file
  37              	*
  38              	*******************************************************************************/
  39              	
  40              	FontCentury238:
  41              	
  42 0000 10000000 			.word	STRING			// String font name offset
  43 0004 2C000000 			.word	TABLE			// ASCII character table of offset addresses
  44 0008 B1000000 			.word	CELLWDTH		// cell pixel width
  45 000c 7D010000 			.word	CELLHGHT		// cell pixel height
  46              	
  47              	/*******************************************************************************
  48              	*
  49              	* Font string name
  50              	*
  51              	*******************************************************************************/
  52              	
  53              	STRING:
  54              	
  55 0010 43656E74 			.asciz	"Century font (238 points)"
  55      75727920 
  55      666F6E74 
ARM GAS  font_century238.s 			page 2


  55      20283233 
  55      3820706F 
  56              	
  57 002a 0000     			.align	2
  58              	
  59              	/*******************************************************************************
  60              	*
  61              	* ASCII character table of offset addresses
  62              	*
  63              	* There is one entry for each of the 256 characters that can be represented
  64              	* A null entry means there is no gyph associated with that entry
  65              	*
  66              	*******************************************************************************/
  67              	
  68              	TABLE:
  69 002c 00000000 			.word	NULL			// 00h - null, can't be used as it's string terminator
  70 0030 00000000 			.word	NULL			// 01h
  71 0034 00000000 			.word	NULL			// 02h
  72 0038 00000000 			.word	NULL			// 03h
  73 003c 00000000 			.word	NULL			// 04h
  74 0040 00000000 			.word	NULL			// 05h
  75 0044 00000000 			.word	NULL			// 06h
  76 0048 00000000 			.word	NULL			// 07h
  77 004c 00000000 			.word	NULL			// 08h
  78 0050 00000000 			.word	NULL			// 09h
  79 0054 00000000 			.word	NULL			// 0Ah
  80 0058 00000000 			.word	NULL			// 0Bh
  81 005c 00000000 			.word	NULL			// 0Ch
  82 0060 00000000 			.word	NULL			// 0Dh
  83 0064 00000000 			.word	NULL			// 0Eh
  84 0068 00000000 			.word	NULL			// 0Fh
  85 006c 00000000 			.word	NULL			// 10h
  86 0070 00000000 			.word	NULL			// 11h
  87 0074 00000000 			.word	NULL			// 12h
  88 0078 00000000 			.word	NULL			// 13h
  89 007c 00000000 			.word	NULL			// 14h
  90 0080 00000000 			.word	NULL			// 15h
  91 0084 00000000 			.word	NULL			// 16h
  92 0088 00000000 			.word	NULL			// 17h
  93 008c 00000000 			.word	NULL			// 18h
  94 0090 00000000 			.word	NULL			// 19h
  95 0094 00000000 			.word	NULL			// 1Ah
  96 0098 00000000 			.word	NULL			// 1Bh
  97 009c 00000000 			.word	NULL			// 1Ch
  98 00a0 00000000 			.word	NULL			// 1Dh
  99 00a4 00000000 			.word	NULL			// 1Eh
 100 00a8 00000000 			.word	NULL			// 1Fh
 101 00ac 00000000 			.word	NULL			// <space>
 102 00b0 00000000 			.word	NULL			// !
 103 00b4 00000000 			.word	NULL			// "
 104 00b8 00000000 			.word	NULL			// #
 105 00bc 00000000 			.word	NULL			// $
 106 00c0 00000000 			.word	NULL			// %
 107 00c4 00000000 			.word	NULL			// &
 108 00c8 00000000 			.word	NULL			// '
 109 00cc 00000000 			.word	NULL			// (
 110 00d0 00000000 			.word	NULL			// )
ARM GAS  font_century238.s 			page 3


 111 00d4 00000000 			.word	NULL			// *
 112 00d8 00000000 			.word	NULL			// +
 113 00dc 00000000 			.word	NULL			// ,
 114 00e0 00000000 			.word	NULL			// -
 115 00e4 00000000 			.word	NULL			// .
 116 00e8 00000000 			.word	NULL			// /
 117 00ec 2C040000 			.word	ZERO			// 0
 118 00f0 D0150000 			.word	ONE			// 1
 119 00f4 84230000 			.word	TWO			// 2
 120 00f8 D8340000 			.word	THREE			// 3
 121 00fc 7C460000 			.word	FOUR			// 4
 122 0100 94570000 			.word	FIVE			// 5
 123 0104 38690000 			.word	SIX			// 6
 124 0108 DC7A0000 			.word	SEVEN			// 7
 125 010c 948C0000 			.word	EIGHT			// 8
 126 0110 389E0000 			.word	NINE			// 9
 127 0114 DCAF0000 			.word	COLON			// :
 128 0118 00000000 			.word	NULL			// ;
 129 011c 00000000 			.word	NULL			// <
 130 0120 00000000 			.word	NULL			// =
 131 0124 00000000 			.word	NULL			// >
 132 0128 00000000 			.word	NULL			// ?
 133 012c 00000000 			.word	NULL			// @
 134 0130 00000000 			.word	NULL			// A
 135 0134 00000000 			.word	NULL			// B
 136 0138 00000000 			.word	NULL			// C
 137 013c 00000000 			.word	NULL			// D
 138 0140 00000000 			.word	NULL			// E
 139 0144 00000000 			.word	NULL			// F
 140 0148 00000000 			.word	NULL			// G
 141 014c 00000000 			.word	NULL			// H
 142 0150 00000000 			.word	NULL			// I
 143 0154 00000000 			.word	NULL			// J
 144 0158 00000000 			.word	NULL			// K
 145 015c 00000000 			.word	NULL			// L
 146 0160 00000000 			.word	NULL			// M
 147 0164 00000000 			.word	NULL			// N
 148 0168 00000000 			.word	NULL			// O
 149 016c 00000000 			.word	NULL			// P
 150 0170 00000000 			.word	NULL			// Q
 151 0174 00000000 			.word	NULL			// R
 152 0178 00000000 			.word	NULL			// S
 153 017c 00000000 			.word	NULL			// T
 154 0180 00000000 			.word	NULL			// U
 155 0184 00000000 			.word	NULL			// V
 156 0188 00000000 			.word	NULL			// W
 157 018c 00000000 			.word	NULL			// X
 158 0190 00000000 			.word	NULL			// Y
 159 0194 00000000 			.word	NULL			// Z
 160 0198 00000000 			.word	NULL			// [
 161 019c 00000000 			.word	NULL			// \
 162 01a0 00000000 			.word	NULL			// ]
 163 01a4 00000000 			.word	NULL			// ^
 164 01a8 00000000 			.word	NULL			// _
 165 01ac 00000000 			.word	NULL			// `
 166 01b0 00000000 			.word	NULL			// a
 167 01b4 00000000 			.word	NULL			// b
ARM GAS  font_century238.s 			page 4


 168 01b8 00000000 			.word	NULL			// c
 169 01bc 00000000 			.word	NULL			// d
 170 01c0 00000000 			.word	NULL			// e
 171 01c4 00000000 			.word	NULL			// f
 172 01c8 00000000 			.word	NULL			// g
 173 01cc 00000000 			.word	NULL			// h
 174 01d0 00000000 			.word	NULL			// i
 175 01d4 00000000 			.word	NULL			// j
 176 01d8 00000000 			.word	NULL			// k
 177 01dc 00000000 			.word	NULL			// l
 178 01e0 00000000 			.word	NULL			// m
 179 01e4 00000000 			.word	NULL			// n
 180 01e8 00000000 			.word	NULL			// o
 181 01ec 00000000 			.word	NULL			// p
 182 01f0 00000000 			.word	NULL			// q
 183 01f4 00000000 			.word	NULL			// r
 184 01f8 00000000 			.word	NULL			// s
 185 01fc 00000000 			.word	NULL			// t
 186 0200 00000000 			.word	NULL			// u
 187 0204 00000000 			.word	NULL			// v
 188 0208 00000000 			.word	NULL			// w
 189 020c 00000000 			.word	NULL			// x
 190 0210 00000000 			.word	NULL			// y
 191 0214 00000000 			.word	NULL			// z
 192 0218 00000000 			.word	NULL			// {
 193 021c 00000000 			.word	NULL			// |
 194 0220 00000000 			.word	NULL			// }
 195 0224 00000000 			.word	NULL			// ~
 196 0228 00000000 			.word	NULL			// <delete>
 197 022c 00000000 			.word	NULL
 198 0230 00000000 			.word	NULL
 199 0234 00000000 			.word	NULL
 200 0238 00000000 			.word	NULL
 201 023c 00000000 			.word	NULL
 202 0240 00000000 			.word	NULL
 203 0244 00000000 			.word	NULL
 204 0248 00000000 			.word	NULL
 205 024c 00000000 			.word	NULL
 206 0250 00000000 			.word	NULL
 207 0254 00000000 			.word	NULL
 208 0258 00000000 			.word	NULL
 209 025c 00000000 			.word	NULL
 210 0260 00000000 			.word	NULL
 211 0264 00000000 			.word	NULL
 212 0268 00000000 			.word	NULL
 213 026c 00000000 			.word	NULL
 214 0270 00000000 			.word	NULL
 215 0274 00000000 			.word	NULL
 216 0278 00000000 			.word	NULL
 217 027c 00000000 			.word	NULL
 218 0280 00000000 			.word	NULL
 219 0284 00000000 			.word	NULL
 220 0288 00000000 			.word	NULL
 221 028c 00000000 			.word	NULL
 222 0290 00000000 			.word	NULL
 223 0294 00000000 			.word	NULL
 224 0298 00000000 			.word	NULL
ARM GAS  font_century238.s 			page 5


 225 029c 00000000 			.word	NULL
 226 02a0 00000000 			.word	NULL
 227 02a4 00000000 			.word	NULL
 228 02a8 00000000 			.word	NULL
 229 02ac 00000000 			.word	NULL
 230 02b0 00000000 			.word	NULL
 231 02b4 00000000 			.word	NULL
 232 02b8 00000000 			.word	NULL
 233 02bc 00000000 			.word	NULL
 234 02c0 00000000 			.word	NULL
 235 02c4 00000000 			.word	NULL
 236 02c8 00000000 			.word	NULL
 237 02cc 00000000 			.word	NULL
 238 02d0 00000000 			.word	NULL
 239 02d4 00000000 			.word	NULL
 240 02d8 00000000 			.word	NULL
 241 02dc 00000000 			.word	NULL
 242 02e0 00000000 			.word	NULL
 243 02e4 00000000 			.word	NULL
 244 02e8 00000000 			.word	NULL
 245 02ec 00000000 			.word	NULL
 246 02f0 00000000 			.word	NULL
 247 02f4 00000000 			.word	NULL
 248 02f8 00000000 			.word	NULL
 249 02fc 00000000 			.word	NULL
 250 0300 00000000 			.word	NULL
 251 0304 00000000 			.word	NULL
 252 0308 00000000 			.word	NULL
 253 030c 00000000 			.word	NULL
 254 0310 00000000 			.word	NULL
 255 0314 00000000 			.word	NULL
 256 0318 00000000 			.word	NULL
 257 031c 00000000 			.word	NULL
 258 0320 00000000 			.word	NULL
 259 0324 00000000 			.word	NULL
 260 0328 00000000 			.word	NULL
 261 032c 00000000 			.word	NULL
 262 0330 00000000 			.word	NULL
 263 0334 00000000 			.word	NULL
 264 0338 00000000 			.word	NULL
 265 033c 00000000 			.word	NULL
 266 0340 00000000 			.word	NULL
 267 0344 00000000 			.word	NULL
 268 0348 00000000 			.word	NULL
 269 034c 00000000 			.word	NULL
 270 0350 00000000 			.word	NULL
 271 0354 00000000 			.word	NULL
 272 0358 00000000 			.word	NULL
 273 035c 00000000 			.word	NULL
 274 0360 00000000 			.word	NULL
 275 0364 00000000 			.word	NULL
 276 0368 00000000 			.word	NULL
 277 036c 00000000 			.word	NULL
 278 0370 00000000 			.word	NULL
 279 0374 00000000 			.word	NULL
 280 0378 00000000 			.word	NULL
 281 037c 00000000 			.word	NULL
ARM GAS  font_century238.s 			page 6


 282 0380 00000000 			.word	NULL
 283 0384 00000000 			.word	NULL
 284 0388 00000000 			.word	NULL
 285 038c 00000000 			.word	NULL
 286 0390 00000000 			.word	NULL
 287 0394 00000000 			.word	NULL
 288 0398 00000000 			.word	NULL
 289 039c 00000000 			.word	NULL
 290 03a0 00000000 			.word	NULL
 291 03a4 00000000 			.word	NULL
 292 03a8 00000000 			.word	NULL
 293 03ac 00000000 			.word	NULL
 294 03b0 00000000 			.word	NULL
 295 03b4 00000000 			.word	NULL
 296 03b8 00000000 			.word	NULL
 297 03bc 00000000 			.word	NULL
 298 03c0 00000000 			.word	NULL
 299 03c4 00000000 			.word	NULL
 300 03c8 00000000 			.word	NULL
 301 03cc 00000000 			.word	NULL
 302 03d0 00000000 			.word	NULL
 303 03d4 00000000 			.word	NULL
 304 03d8 00000000 			.word	NULL
 305 03dc 00000000 			.word	NULL
 306 03e0 00000000 			.word	NULL
 307 03e4 00000000 			.word	NULL
 308 03e8 00000000 			.word	NULL
 309 03ec 00000000 			.word	NULL
 310 03f0 00000000 			.word	NULL
 311 03f4 00000000 			.word	NULL
 312 03f8 00000000 			.word	NULL
 313 03fc 00000000 			.word	NULL
 314 0400 00000000 			.word	NULL
 315 0404 00000000 			.word	NULL
 316 0408 00000000 			.word	NULL
 317 040c 00000000 			.word	NULL
 318 0410 00000000 			.word	NULL
 319 0414 00000000 			.word	NULL
 320 0418 00000000 			.word	NULL
 321 041c 00000000 			.word	NULL
 322 0420 00000000 			.word	NULL
 323 0424 00000000 			.word	NULL
 324 0428 00000000 			.word	NULL
 325              	
 326              	/*******************************************************************************
 327              	*
 328              	* Bit mapped glyph data (address offsets)
 329              	* 0: ASCII character
 330              	* 4: cell pixel width (may be variable for proportional spacing)
 331              	* 8: cell pixel height (must be constant for all characters in a font)
 332              	* 12: glyph pixel width
 333              	* 16: glyph pixel height
 334              	* 20: blank horizontal pixels before glyph
 335              	* 24: blank horizontal pixels after glyph
 336              	* 28: blank horizontal lines before glyph
 337              	* 32: blank horizontal lines after glyph
 338              	* 36: bit mapped glyph
ARM GAS  font_century238.s 			page 7


 339              	*
 340              	* cell pixel width == blank horizontal pixels before glyph + glyph pixel width + blank horizontal p
 341              	*
 342              	* cell pixel height == blank horizontal lines before glyph + glyph pixel height + blank horizontal 
 343              	*
 344              	*******************************************************************************/
 345              	
 346              	ZERO:
 347 042c 30000000 			.word	'0			// ASCII "0" character
 348 0430 B1000000 			.word	CELLWDTH		// cell pixel width
 349 0434 7D010000 			.word	CELLHGHT		// cell pixel height
 350 0438 98000000 			.word	152			// glyph pixel width
 351 043c E0000000 			.word	224			// glyph pixel height
 352 0440 0A000000 			.word	10			// blank horizontal pixels before glyph
 353 0444 0F000000 			.word	15			// blank horizontal pixels after glyph
 354 0448 5D000000 			.word	93			// blank horizontal lines before glyph
 355 044c 40000000 			.word	64			// blank horizontal lines after glyph
 356              							// bit mapped glyph
 357 0450 00000000 			.word	0x00000000, 0x00000003, 0xFFFFFF00, 0x00000000, 0x00000000
 357      03000000 
 357      00FFFFFF 
 357      00000000 
 357      00000000 
 358 0464 00000000 			.word	0x00000000, 0x0000007F, 0xFFFFFFF8, 0x00000000, 0x00000000
 358      7F000000 
 358      F8FFFFFF 
 358      00000000 
 358      00000000 
 359 0478 00000000 			.word	0x00000000, 0x000003FF, 0xFFFFFFFF, 0x80000000, 0x00000000
 359      FF030000 
 359      FFFFFFFF 
 359      00000080 
 359      00000000 
 360 048c 00000000 			.word	0x00000000, 0x00001FFF, 0xFFFFFFFF, 0xF0000000, 0x00000000
 360      FF1F0000 
 360      FFFFFFFF 
 360      000000F0 
 360      00000000 
 361 04a0 00000000 			.word	0x00000000, 0x0000FFFF, 0xFFFFFFFF, 0xFC000000, 0x00000000
 361      FFFF0000 
 361      FFFFFFFF 
 361      000000FC 
 361      00000000 
 362 04b4 00000000 			.word	0x00000000, 0x0003FFFF, 0xFFFFFFFF, 0xFF800000, 0x00000000
 362      FFFF0300 
 362      FFFFFFFF 
 362      000080FF 
 362      00000000 
 363 04c8 00000000 			.word	0x00000000, 0x000FFFFF, 0xFFFFFFFF, 0xFFE00000, 0x00000000
 363      FFFF0F00 
 363      FFFFFFFF 
 363      0000E0FF 
 363      00000000 
 364 04dc 00000000 			.word	0x00000000, 0x003FFFFF, 0xFFFFFFFF, 0xFFF80000, 0x00000000
 364      FFFF3F00 
 364      FFFFFFFF 
 364      0000F8FF 
ARM GAS  font_century238.s 			page 8


 364      00000000 
 365 04f0 00000000 			.word	0x00000000, 0x007FFFFF, 0xFFFFFFFF, 0xFFFC0000, 0x00000000
 365      FFFF7F00 
 365      FFFFFFFF 
 365      0000FCFF 
 365      00000000 
 366 0504 00000000 			.word	0x00000000, 0x01FFFFFF, 0xFFFFFFFF, 0xFFFF0000, 0x00000000
 366      FFFFFF01 
 366      FFFFFFFF 
 366      0000FFFF 
 366      00000000 
 367 0518 00000000 			.word	0x00000000, 0x03FFFFFF, 0xFFFFFFFF, 0xFFFF8000, 0x00000000
 367      FFFFFF03 
 367      FFFFFFFF 
 367      0080FFFF 
 367      00000000 
 368 052c 00000000 			.word	0x00000000, 0x0FFFFFFF, 0xFFFFFFFF, 0xFFFFE000, 0x00000000
 368      FFFFFF0F 
 368      FFFFFFFF 
 368      00E0FFFF 
 368      00000000 
 369 0540 00000000 			.word	0x00000000, 0x1FFFFFFF, 0xFFFFFFFF, 0xFFFFF000, 0x00000000
 369      FFFFFF1F 
 369      FFFFFFFF 
 369      00F0FFFF 
 369      00000000 
 370 0554 00000000 			.word	0x00000000, 0x3FFFFFFF, 0xFFFFFFFF, 0xFFFFFC00, 0x00000000
 370      FFFFFF3F 
 370      FFFFFFFF 
 370      00FCFFFF 
 370      00000000 
 371 0568 00000000 			.word	0x00000000, 0x7FFFFFFF, 0xFFFFFFFF, 0xFFFFFE00, 0x00000000
 371      FFFFFF7F 
 371      FFFFFFFF 
 371      00FEFFFF 
 371      00000000 
 372 057c 00000000 			.word	0x00000000, 0xFFFFFFFF, 0xFFFFFFFF, 0xFFFFFF00, 0x00000000
 372      FFFFFFFF 
 372      FFFFFFFF 
 372      00FFFFFF 
 372      00000000 
 373 0590 03000000 			.word	0x00000003, 0xFFFFFFFF, 0xFFFFFFFF, 0xFFFFFF80, 0x00000000
 373      FFFFFFFF 
 373      FFFFFFFF 
 373      80FFFFFF 
 373      00000000 
 374 05a4 03000000 			.word	0x00000003, 0xFFFFFFFF, 0xFFC7FFFF, 0xFFFFFFC0, 0x00000000
 374      FFFFFFFF 
 374      FFFFC7FF 
 374      C0FFFFFF 
 374      00000000 
 375 05b8 07000000 			.word	0x00000007, 0xFFFFFFFF, 0xF8003FFF, 0xFFFFFFE0, 0x00000000
 375      FFFFFFFF 
 375      FF3F00F8 
 375      E0FFFFFF 
 375      00000000 
 376 05cc 0F000000 			.word	0x0000000F, 0xFFFFFFFF, 0xC00007FF, 0xFFFFFFF0, 0x00000000
ARM GAS  font_century238.s 			page 9


 376      FFFFFFFF 
 376      FF0700C0 
 376      F0FFFFFF 
 376      00000000 
 377 05e0 1F000000 			.word	0x0000001F, 0xFFFFFFFE, 0x000001FF, 0xFFFFFFF8, 0x00000000
 377      FEFFFFFF 
 377      FF010000 
 377      F8FFFFFF 
 377      00000000 
 378 05f4 3F000000 			.word	0x0000003F, 0xFFFFFFFC, 0x0000007F, 0xFFFFFFFC, 0x00000000
 378      FCFFFFFF 
 378      7F000000 
 378      FCFFFFFF 
 378      00000000 
 379 0608 7F000000 			.word	0x0000007F, 0xFFFFFFF0, 0x0000001F, 0xFFFFFFFE, 0x00000000
 379      F0FFFFFF 
 379      1F000000 
 379      FEFFFFFF 
 379      00000000 
 380 061c FF000000 			.word	0x000000FF, 0xFFFFFFE0, 0x0000000F, 0xFFFFFFFF, 0x00000000
 380      E0FFFFFF 
 380      0F000000 
 380      FFFFFFFF 
 380      00000000 
 381 0630 FF000000 			.word	0x000000FF, 0xFFFFFF80, 0x00000007, 0xFFFFFFFF, 0x80000000
 381      80FFFFFF 
 381      07000000 
 381      FFFFFFFF 
 381      00000080 
 382 0644 FF010000 			.word	0x000001FF, 0xFFFFFF00, 0x00000003, 0xFFFFFFFF, 0x80000000
 382      00FFFFFF 
 382      03000000 
 382      FFFFFFFF 
 382      00000080 
 383 0658 FF030000 			.word	0x000003FF, 0xFFFFFE00, 0x00000001, 0xFFFFFFFF, 0xC0000000
 383      00FEFFFF 
 383      01000000 
 383      FFFFFFFF 
 383      000000C0 
 384 066c FF070000 			.word	0x000007FF, 0xFFFFFC00, 0x00000000, 0xFFFFFFFF, 0xE0000000
 384      00FCFFFF 
 384      00000000 
 384      FFFFFFFF 
 384      000000E0 
 385 0680 FF070000 			.word	0x000007FF, 0xFFFFF800, 0x00000000, 0x7FFFFFFF, 0xF0000000
 385      00F8FFFF 
 385      00000000 
 385      FFFFFF7F 
 385      000000F0 
 386 0694 FF0F0000 			.word	0x00000FFF, 0xFFFFF000, 0x00000000, 0x3FFFFFFF, 0xF0000000
 386      00F0FFFF 
 386      00000000 
 386      FFFFFF3F 
 386      000000F0 
 387 06a8 FF1F0000 			.word	0x00001FFF, 0xFFFFF000, 0x00000000, 0x1FFFFFFF, 0xF8000000
 387      00F0FFFF 
 387      00000000 
ARM GAS  font_century238.s 			page 10


 387      FFFFFF1F 
 387      000000F8 
 388 06bc FF1F0000 			.word	0x00001FFF, 0xFFFFE000, 0x00000000, 0x0FFFFFFF, 0xFC000000
 388      00E0FFFF 
 388      00000000 
 388      FFFFFF0F 
 388      000000FC 
 389 06d0 FF3F0000 			.word	0x00003FFF, 0xFFFFC000, 0x00000000, 0x07FFFFFF, 0xFC000000
 389      00C0FFFF 
 389      00000000 
 389      FFFFFF07 
 389      000000FC 
 390 06e4 FF3F0000 			.word	0x00003FFF, 0xFFFFC000, 0x00000000, 0x07FFFFFF, 0xFE000000
 390      00C0FFFF 
 390      00000000 
 390      FFFFFF07 
 390      000000FE 
 391 06f8 FF7F0000 			.word	0x00007FFF, 0xFFFF8000, 0x00000000, 0x03FFFFFF, 0xFF000000
 391      0080FFFF 
 391      00000000 
 391      FFFFFF03 
 391      000000FF 
 392 070c FFFF0000 			.word	0x0000FFFF, 0xFFFF0000, 0x00000000, 0x03FFFFFF, 0xFF000000
 392      0000FFFF 
 392      00000000 
 392      FFFFFF03 
 392      000000FF 
 393 0720 FFFF0000 			.word	0x0000FFFF, 0xFFFF0000, 0x00000000, 0x01FFFFFF, 0xFF800000
 393      0000FFFF 
 393      00000000 
 393      FFFFFF01 
 393      000080FF 
 394 0734 FFFF0100 			.word	0x0001FFFF, 0xFFFE0000, 0x00000000, 0x00FFFFFF, 0xFF800000
 394      0000FEFF 
 394      00000000 
 394      FFFFFF00 
 394      000080FF 
 395 0748 FFFF0100 			.word	0x0001FFFF, 0xFFFE0000, 0x00000000, 0x00FFFFFF, 0xFFC00000
 395      0000FEFF 
 395      00000000 
 395      FFFFFF00 
 395      0000C0FF 
 396 075c FFFF0300 			.word	0x0003FFFF, 0xFFFC0000, 0x00000000, 0x007FFFFF, 0xFFC00000
 396      0000FCFF 
 396      00000000 
 396      FFFF7F00 
 396      0000C0FF 
 397 0770 FFFF0300 			.word	0x0003FFFF, 0xFFFC0000, 0x00000000, 0x007FFFFF, 0xFFE00000
 397      0000FCFF 
 397      00000000 
 397      FFFF7F00 
 397      0000E0FF 
 398 0784 FFFF0700 			.word	0x0007FFFF, 0xFFF80000, 0x00000000, 0x003FFFFF, 0xFFE00000
 398      0000F8FF 
 398      00000000 
 398      FFFF3F00 
 398      0000E0FF 
ARM GAS  font_century238.s 			page 11


 399 0798 FFFF0700 			.word	0x0007FFFF, 0xFFF80000, 0x00000000, 0x003FFFFF, 0xFFF00000
 399      0000F8FF 
 399      00000000 
 399      FFFF3F00 
 399      0000F0FF 
 400 07ac FFFF0F00 			.word	0x000FFFFF, 0xFFF80000, 0x00000000, 0x003FFFFF, 0xFFF00000
 400      0000F8FF 
 400      00000000 
 400      FFFF3F00 
 400      0000F0FF 
 401 07c0 FFFF0F00 			.word	0x000FFFFF, 0xFFF00000, 0x00000000, 0x001FFFFF, 0xFFF80000
 401      0000F0FF 
 401      00000000 
 401      FFFF1F00 
 401      0000F8FF 
 402 07d4 FFFF1F00 			.word	0x001FFFFF, 0xFFF00000, 0x00000000, 0x001FFFFF, 0xFFF80000
 402      0000F0FF 
 402      00000000 
 402      FFFF1F00 
 402      0000F8FF 
 403 07e8 FFFF1F00 			.word	0x001FFFFF, 0xFFF00000, 0x00000000, 0x000FFFFF, 0xFFFC0000
 403      0000F0FF 
 403      00000000 
 403      FFFF0F00 
 403      0000FCFF 
 404 07fc FFFF1F00 			.word	0x001FFFFF, 0xFFE00000, 0x00000000, 0x000FFFFF, 0xFFFC0000
 404      0000E0FF 
 404      00000000 
 404      FFFF0F00 
 404      0000FCFF 
 405 0810 FFFF3F00 			.word	0x003FFFFF, 0xFFE00000, 0x00000000, 0x000FFFFF, 0xFFFC0000
 405      0000E0FF 
 405      00000000 
 405      FFFF0F00 
 405      0000FCFF 
 406 0824 FFFF3F00 			.word	0x003FFFFF, 0xFFE00000, 0x00000000, 0x000FFFFF, 0xFFFE0000
 406      0000E0FF 
 406      00000000 
 406      FFFF0F00 
 406      0000FEFF 
 407 0838 FFFF7F00 			.word	0x007FFFFF, 0xFFE00000, 0x00000000, 0x0007FFFF, 0xFFFE0000
 407      0000E0FF 
 407      00000000 
 407      FFFF0700 
 407      0000FEFF 
 408 084c FFFF7F00 			.word	0x007FFFFF, 0xFFC00000, 0x00000000, 0x0007FFFF, 0xFFFF0000
 408      0000C0FF 
 408      00000000 
 408      FFFF0700 
 408      0000FFFF 
 409 0860 FFFF7F00 			.word	0x007FFFFF, 0xFFC00000, 0x00000000, 0x0007FFFF, 0xFFFF0000
 409      0000C0FF 
 409      00000000 
 409      FFFF0700 
 409      0000FFFF 
 410 0874 FFFFFF00 			.word	0x00FFFFFF, 0xFFC00000, 0x00000000, 0x0007FFFF, 0xFFFF0000
 410      0000C0FF 
ARM GAS  font_century238.s 			page 12


 410      00000000 
 410      FFFF0700 
 410      0000FFFF 
 411 0888 FFFFFF00 			.word	0x00FFFFFF, 0xFFC00000, 0x00000000, 0x0003FFFF, 0xFFFF8000
 411      0000C0FF 
 411      00000000 
 411      FFFF0300 
 411      0080FFFF 
 412 089c FFFFFF00 			.word	0x00FFFFFF, 0xFFC00000, 0x00000000, 0x0003FFFF, 0xFFFF8000
 412      0000C0FF 
 412      00000000 
 412      FFFF0300 
 412      0080FFFF 
 413 08b0 FFFFFF01 			.word	0x01FFFFFF, 0xFF800000, 0x00000000, 0x0003FFFF, 0xFFFF8000
 413      000080FF 
 413      00000000 
 413      FFFF0300 
 413      0080FFFF 
 414 08c4 FFFFFF01 			.word	0x01FFFFFF, 0xFF800000, 0x00000000, 0x0003FFFF, 0xFFFFC000
 414      000080FF 
 414      00000000 
 414      FFFF0300 
 414      00C0FFFF 
 415 08d8 FFFFFF01 			.word	0x01FFFFFF, 0xFF800000, 0x00000000, 0x0001FFFF, 0xFFFFC000
 415      000080FF 
 415      00000000 
 415      FFFF0100 
 415      00C0FFFF 
 416 08ec FFFFFF03 			.word	0x03FFFFFF, 0xFF800000, 0x00000000, 0x0001FFFF, 0xFFFFC000
 416      000080FF 
 416      00000000 
 416      FFFF0100 
 416      00C0FFFF 
 417 0900 FFFFFF03 			.word	0x03FFFFFF, 0xFF800000, 0x00000000, 0x0001FFFF, 0xFFFFC000
 417      000080FF 
 417      00000000 
 417      FFFF0100 
 417      00C0FFFF 
 418 0914 FFFFFF03 			.word	0x03FFFFFF, 0xFF000000, 0x00000000, 0x0001FFFF, 0xFFFFE000
 418      000000FF 
 418      00000000 
 418      FFFF0100 
 418      00E0FFFF 
 419 0928 FFFFFF03 			.word	0x03FFFFFF, 0xFF000000, 0x00000000, 0x0001FFFF, 0xFFFFE000
 419      000000FF 
 419      00000000 
 419      FFFF0100 
 419      00E0FFFF 
 420 093c FFFFFF07 			.word	0x07FFFFFF, 0xFF000000, 0x00000000, 0x0001FFFF, 0xFFFFE000
 420      000000FF 
 420      00000000 
 420      FFFF0100 
 420      00E0FFFF 
 421 0950 FFFFFF07 			.word	0x07FFFFFF, 0xFF000000, 0x00000000, 0x0000FFFF, 0xFFFFE000
 421      000000FF 
 421      00000000 
 421      FFFF0000 
ARM GAS  font_century238.s 			page 13


 421      00E0FFFF 
 422 0964 FFFFFF07 			.word	0x07FFFFFF, 0xFF000000, 0x00000000, 0x0000FFFF, 0xFFFFF000
 422      000000FF 
 422      00000000 
 422      FFFF0000 
 422      00F0FFFF 
 423 0978 FFFFFF07 			.word	0x07FFFFFF, 0xFF000000, 0x00000000, 0x0000FFFF, 0xFFFFF000
 423      000000FF 
 423      00000000 
 423      FFFF0000 
 423      00F0FFFF 
 424 098c FFFFFF0F 			.word	0x0FFFFFFF, 0xFF000000, 0x00000000, 0x0000FFFF, 0xFFFFF000
 424      000000FF 
 424      00000000 
 424      FFFF0000 
 424      00F0FFFF 
 425 09a0 FFFFFF0F 			.word	0x0FFFFFFF, 0xFE000000, 0x00000000, 0x0000FFFF, 0xFFFFF000
 425      000000FE 
 425      00000000 
 425      FFFF0000 
 425      00F0FFFF 
 426 09b4 FFFFFF0F 			.word	0x0FFFFFFF, 0xFE000000, 0x00000000, 0x0000FFFF, 0xFFFFF800
 426      000000FE 
 426      00000000 
 426      FFFF0000 
 426      00F8FFFF 
 427 09c8 FFFFFF0F 			.word	0x0FFFFFFF, 0xFE000000, 0x00000000, 0x0000FFFF, 0xFFFFF800
 427      000000FE 
 427      00000000 
 427      FFFF0000 
 427      00F8FFFF 
 428 09dc FFFFFF1F 			.word	0x1FFFFFFF, 0xFE000000, 0x00000000, 0x00007FFF, 0xFFFFF800
 428      000000FE 
 428      00000000 
 428      FF7F0000 
 428      00F8FFFF 
 429 09f0 FFFFFF1F 			.word	0x1FFFFFFF, 0xFE000000, 0x00000000, 0x00007FFF, 0xFFFFF800
 429      000000FE 
 429      00000000 
 429      FF7F0000 
 429      00F8FFFF 
 430 0a04 FFFFFF1F 			.word	0x1FFFFFFF, 0xFE000000, 0x00000000, 0x00007FFF, 0xFFFFF800
 430      000000FE 
 430      00000000 
 430      FF7F0000 
 430      00F8FFFF 
 431 0a18 FFFFFF1F 			.word	0x1FFFFFFF, 0xFE000000, 0x00000000, 0x00007FFF, 0xFFFFF800
 431      000000FE 
 431      00000000 
 431      FF7F0000 
 431      00F8FFFF 
 432 0a2c FFFFFF1F 			.word	0x1FFFFFFF, 0xFE000000, 0x00000000, 0x00007FFF, 0xFFFFFC00
 432      000000FE 
 432      00000000 
 432      FF7F0000 
 432      00FCFFFF 
 433 0a40 FFFFFF3F 			.word	0x3FFFFFFF, 0xFE000000, 0x00000000, 0x00007FFF, 0xFFFFFC00
ARM GAS  font_century238.s 			page 14


 433      000000FE 
 433      00000000 
 433      FF7F0000 
 433      00FCFFFF 
 434 0a54 FFFFFF3F 			.word	0x3FFFFFFF, 0xFE000000, 0x00000000, 0x00007FFF, 0xFFFFFC00
 434      000000FE 
 434      00000000 
 434      FF7F0000 
 434      00FCFFFF 
 435 0a68 FFFFFF3F 			.word	0x3FFFFFFF, 0xFC000000, 0x00000000, 0x00007FFF, 0xFFFFFC00
 435      000000FC 
 435      00000000 
 435      FF7F0000 
 435      00FCFFFF 
 436 0a7c FFFFFF3F 			.word	0x3FFFFFFF, 0xFC000000, 0x00000000, 0x00007FFF, 0xFFFFFC00
 436      000000FC 
 436      00000000 
 436      FF7F0000 
 436      00FCFFFF 
 437 0a90 FFFFFF3F 			.word	0x3FFFFFFF, 0xFC000000, 0x00000000, 0x00007FFF, 0xFFFFFC00
 437      000000FC 
 437      00000000 
 437      FF7F0000 
 437      00FCFFFF 
 438 0aa4 FFFFFF3F 			.word	0x3FFFFFFF, 0xFC000000, 0x00000000, 0x00003FFF, 0xFFFFFE00
 438      000000FC 
 438      00000000 
 438      FF3F0000 
 438      00FEFFFF 
 439 0ab8 FFFFFF3F 			.word	0x3FFFFFFF, 0xFC000000, 0x00000000, 0x00003FFF, 0xFFFFFE00
 439      000000FC 
 439      00000000 
 439      FF3F0000 
 439      00FEFFFF 
 440 0acc FFFFFF7F 			.word	0x7FFFFFFF, 0xFC000000, 0x00000000, 0x00003FFF, 0xFFFFFE00
 440      000000FC 
 440      00000000 
 440      FF3F0000 
 440      00FEFFFF 
 441 0ae0 FFFFFF7F 			.word	0x7FFFFFFF, 0xFC000000, 0x00000000, 0x00003FFF, 0xFFFFFE00
 441      000000FC 
 441      00000000 
 441      FF3F0000 
 441      00FEFFFF 
 442 0af4 FFFFFF7F 			.word	0x7FFFFFFF, 0xFC000000, 0x00000000, 0x00003FFF, 0xFFFFFE00
 442      000000FC 
 442      00000000 
 442      FF3F0000 
 442      00FEFFFF 
 443 0b08 FFFFFF7F 			.word	0x7FFFFFFF, 0xFC000000, 0x00000000, 0x00003FFF, 0xFFFFFE00
 443      000000FC 
 443      00000000 
 443      FF3F0000 
 443      00FEFFFF 
 444 0b1c FFFFFF7F 			.word	0x7FFFFFFF, 0xFC000000, 0x00000000, 0x00003FFF, 0xFFFFFE00
 444      000000FC 
 444      00000000 
ARM GAS  font_century238.s 			page 15


 444      FF3F0000 
 444      00FEFFFF 
 445 0b30 FFFFFF7F 			.word	0x7FFFFFFF, 0xFC000000, 0x00000000, 0x00003FFF, 0xFFFFFE00
 445      000000FC 
 445      00000000 
 445      FF3F0000 
 445      00FEFFFF 
 446 0b44 FFFFFF7F 			.word	0x7FFFFFFF, 0xFC000000, 0x00000000, 0x00003FFF, 0xFFFFFE00
 446      000000FC 
 446      00000000 
 446      FF3F0000 
 446      00FEFFFF 
 447 0b58 FFFFFF7F 			.word	0x7FFFFFFF, 0xFC000000, 0x00000000, 0x00003FFF, 0xFFFFFE00
 447      000000FC 
 447      00000000 
 447      FF3F0000 
 447      00FEFFFF 
 448 0b6c FFFFFF7F 			.word	0x7FFFFFFF, 0xFC000000, 0x00000000, 0x00003FFF, 0xFFFFFF00
 448      000000FC 
 448      00000000 
 448      FF3F0000 
 448      00FFFFFF 
 449 0b80 FFFFFFFF 			.word	0xFFFFFFFF, 0xFC000000, 0x00000000, 0x00003FFF, 0xFFFFFF00
 449      000000FC 
 449      00000000 
 449      FF3F0000 
 449      00FFFFFF 
 450 0b94 FFFFFFFF 			.word	0xFFFFFFFF, 0xFC000000, 0x00000000, 0x00003FFF, 0xFFFFFF00
 450      000000FC 
 450      00000000 
 450      FF3F0000 
 450      00FFFFFF 
 451 0ba8 FFFFFFFF 			.word	0xFFFFFFFF, 0xFC000000, 0x00000000, 0x00003FFF, 0xFFFFFF00
 451      000000FC 
 451      00000000 
 451      FF3F0000 
 451      00FFFFFF 
 452 0bbc FFFFFFFF 			.word	0xFFFFFFFF, 0xFC000000, 0x00000000, 0x00003FFF, 0xFFFFFF00
 452      000000FC 
 452      00000000 
 452      FF3F0000 
 452      00FFFFFF 
 453 0bd0 FFFFFFFF 			.word	0xFFFFFFFF, 0xFC000000, 0x00000000, 0x00003FFF, 0xFFFFFF00
 453      000000FC 
 453      00000000 
 453      FF3F0000 
 453      00FFFFFF 
 454 0be4 FFFFFFFF 			.word	0xFFFFFFFF, 0xFC000000, 0x00000000, 0x00003FFF, 0xFFFFFF00
 454      000000FC 
 454      00000000 
 454      FF3F0000 
 454      00FFFFFF 
 455 0bf8 FFFFFFFF 			.word	0xFFFFFFFF, 0xFC000000, 0x00000000, 0x00003FFF, 0xFFFFFF00
 455      000000FC 
 455      00000000 
 455      FF3F0000 
 455      00FFFFFF 
ARM GAS  font_century238.s 			page 16


 456 0c0c FFFFFFFF 			.word	0xFFFFFFFF, 0xFC000000, 0x00000000, 0x00003FFF, 0xFFFFFF00
 456      000000FC 
 456      00000000 
 456      FF3F0000 
 456      00FFFFFF 
 457 0c20 FFFFFFFF 			.word	0xFFFFFFFF, 0xF8000000, 0x00000000, 0x00003FFF, 0xFFFFFF00
 457      000000F8 
 457      00000000 
 457      FF3F0000 
 457      00FFFFFF 
 458 0c34 FFFFFFFF 			.word	0xFFFFFFFF, 0xF8000000, 0x00000000, 0x00003FFF, 0xFFFFFF00
 458      000000F8 
 458      00000000 
 458      FF3F0000 
 458      00FFFFFF 
 459 0c48 FFFFFFFF 			.word	0xFFFFFFFF, 0xF8000000, 0x00000000, 0x00001FFF, 0xFFFFFF00
 459      000000F8 
 459      00000000 
 459      FF1F0000 
 459      00FFFFFF 
 460 0c5c FFFFFFFF 			.word	0xFFFFFFFF, 0xF8000000, 0x00000000, 0x00001FFF, 0xFFFFFF00
 460      000000F8 
 460      00000000 
 460      FF1F0000 
 460      00FFFFFF 
 461 0c70 FFFFFFFF 			.word	0xFFFFFFFF, 0xF8000000, 0x00000000, 0x00001FFF, 0xFFFFFF00
 461      000000F8 
 461      00000000 
 461      FF1F0000 
 461      00FFFFFF 
 462 0c84 FFFFFFFF 			.word	0xFFFFFFFF, 0xF8000000, 0x00000000, 0x00001FFF, 0xFFFFFF00
 462      000000F8 
 462      00000000 
 462      FF1F0000 
 462      00FFFFFF 
 463 0c98 FFFFFFFF 			.word	0xFFFFFFFF, 0xF8000000, 0x00000000, 0x00001FFF, 0xFFFFFF00
 463      000000F8 
 463      00000000 
 463      FF1F0000 
 463      00FFFFFF 
 464 0cac FFFFFFFF 			.word	0xFFFFFFFF, 0xF8000000, 0x00000000, 0x00001FFF, 0xFFFFFF00
 464      000000F8 
 464      00000000 
 464      FF1F0000 
 464      00FFFFFF 
 465 0cc0 FFFFFFFF 			.word	0xFFFFFFFF, 0xF8000000, 0x00000000, 0x00001FFF, 0xFFFFFF00
 465      000000F8 
 465      00000000 
 465      FF1F0000 
 465      00FFFFFF 
 466 0cd4 FFFFFFFF 			.word	0xFFFFFFFF, 0xF8000000, 0x00000000, 0x00001FFF, 0xFFFFFF00
 466      000000F8 
 466      00000000 
 466      FF1F0000 
 466      00FFFFFF 
 467 0ce8 FFFFFFFF 			.word	0xFFFFFFFF, 0xF8000000, 0x00000000, 0x00001FFF, 0xFFFFFF00
 467      000000F8 
ARM GAS  font_century238.s 			page 17


 467      00000000 
 467      FF1F0000 
 467      00FFFFFF 
 468 0cfc FFFFFFFF 			.word	0xFFFFFFFF, 0xF8000000, 0x00000000, 0x00001FFF, 0xFFFFFF00
 468      000000F8 
 468      00000000 
 468      FF1F0000 
 468      00FFFFFF 
 469 0d10 FFFFFFFF 			.word	0xFFFFFFFF, 0xF8000000, 0x00000000, 0x00001FFF, 0xFFFFFF00
 469      000000F8 
 469      00000000 
 469      FF1F0000 
 469      00FFFFFF 
 470 0d24 FFFFFFFF 			.word	0xFFFFFFFF, 0xF8000000, 0x00000000, 0x00001FFF, 0xFFFFFF00
 470      000000F8 
 470      00000000 
 470      FF1F0000 
 470      00FFFFFF 
 471 0d38 FFFFFFFF 			.word	0xFFFFFFFF, 0xF8000000, 0x00000000, 0x00001FFF, 0xFFFFFF00
 471      000000F8 
 471      00000000 
 471      FF1F0000 
 471      00FFFFFF 
 472 0d4c FFFFFFFF 			.word	0xFFFFFFFF, 0xF8000000, 0x00000000, 0x00001FFF, 0xFFFFFF00
 472      000000F8 
 472      00000000 
 472      FF1F0000 
 472      00FFFFFF 
 473 0d60 FFFFFFFF 			.word	0xFFFFFFFF, 0xF8000000, 0x00000000, 0x00001FFF, 0xFFFFFF00
 473      000000F8 
 473      00000000 
 473      FF1F0000 
 473      00FFFFFF 
 474 0d74 FFFFFFFF 			.word	0xFFFFFFFF, 0xF8000000, 0x00000000, 0x00001FFF, 0xFFFFFF00
 474      000000F8 
 474      00000000 
 474      FF1F0000 
 474      00FFFFFF 
 475 0d88 FFFFFFFF 			.word	0xFFFFFFFF, 0xF8000000, 0x00000000, 0x00001FFF, 0xFFFFFF00
 475      000000F8 
 475      00000000 
 475      FF1F0000 
 475      00FFFFFF 
 476 0d9c FFFFFFFF 			.word	0xFFFFFFFF, 0xF8000000, 0x00000000, 0x00001FFF, 0xFFFFFF00
 476      000000F8 
 476      00000000 
 476      FF1F0000 
 476      00FFFFFF 
 477 0db0 FFFFFFFF 			.word	0xFFFFFFFF, 0xF8000000, 0x00000000, 0x00001FFF, 0xFFFFFF00
 477      000000F8 
 477      00000000 
 477      FF1F0000 
 477      00FFFFFF 
 478 0dc4 FFFFFFFF 			.word	0xFFFFFFFF, 0xF8000000, 0x00000000, 0x00001FFF, 0xFFFFFF00
 478      000000F8 
 478      00000000 
 478      FF1F0000 
ARM GAS  font_century238.s 			page 18


 478      00FFFFFF 
 479 0dd8 FFFFFFFF 			.word	0xFFFFFFFF, 0xF8000000, 0x00000000, 0x00001FFF, 0xFFFFFF00
 479      000000F8 
 479      00000000 
 479      FF1F0000 
 479      00FFFFFF 
 480 0dec FFFFFFFF 			.word	0xFFFFFFFF, 0xF8000000, 0x00000000, 0x00001FFF, 0xFFFFFF00
 480      000000F8 
 480      00000000 
 480      FF1F0000 
 480      00FFFFFF 
 481 0e00 FFFFFFFF 			.word	0xFFFFFFFF, 0xFC000000, 0x00000000, 0x00003FFF, 0xFFFFFF00
 481      000000FC 
 481      00000000 
 481      FF3F0000 
 481      00FFFFFF 
 482 0e14 FFFFFFFF 			.word	0xFFFFFFFF, 0xFC000000, 0x00000000, 0x00003FFF, 0xFFFFFF00
 482      000000FC 
 482      00000000 
 482      FF3F0000 
 482      00FFFFFF 
 483 0e28 FFFFFFFF 			.word	0xFFFFFFFF, 0xFC000000, 0x00000000, 0x00003FFF, 0xFFFFFF00
 483      000000FC 
 483      00000000 
 483      FF3F0000 
 483      00FFFFFF 
 484 0e3c FFFFFFFF 			.word	0xFFFFFFFF, 0xFC000000, 0x00000000, 0x00003FFF, 0xFFFFFF00
 484      000000FC 
 484      00000000 
 484      FF3F0000 
 484      00FFFFFF 
 485 0e50 FFFFFFFF 			.word	0xFFFFFFFF, 0xFC000000, 0x00000000, 0x00003FFF, 0xFFFFFF00
 485      000000FC 
 485      00000000 
 485      FF3F0000 
 485      00FFFFFF 
 486 0e64 FFFFFFFF 			.word	0xFFFFFFFF, 0xFC000000, 0x00000000, 0x00003FFF, 0xFFFFFF00
 486      000000FC 
 486      00000000 
 486      FF3F0000 
 486      00FFFFFF 
 487 0e78 FFFFFFFF 			.word	0xFFFFFFFF, 0xFC000000, 0x00000000, 0x00003FFF, 0xFFFFFF00
 487      000000FC 
 487      00000000 
 487      FF3F0000 
 487      00FFFFFF 
 488 0e8c FFFFFFFF 			.word	0xFFFFFFFF, 0xFC000000, 0x00000000, 0x00003FFF, 0xFFFFFF00
 488      000000FC 
 488      00000000 
 488      FF3F0000 
 488      00FFFFFF 
 489 0ea0 FFFFFFFF 			.word	0xFFFFFFFF, 0xFC000000, 0x00000000, 0x00003FFF, 0xFFFFFF00
 489      000000FC 
 489      00000000 
 489      FF3F0000 
 489      00FFFFFF 
 490 0eb4 FFFFFF7F 			.word	0x7FFFFFFF, 0xFC000000, 0x00000000, 0x00003FFF, 0xFFFFFE00
ARM GAS  font_century238.s 			page 19


 490      000000FC 
 490      00000000 
 490      FF3F0000 
 490      00FEFFFF 
 491 0ec8 FFFFFF7F 			.word	0x7FFFFFFF, 0xFC000000, 0x00000000, 0x00003FFF, 0xFFFFFE00
 491      000000FC 
 491      00000000 
 491      FF3F0000 
 491      00FEFFFF 
 492 0edc FFFFFF7F 			.word	0x7FFFFFFF, 0xFC000000, 0x00000000, 0x00003FFF, 0xFFFFFE00
 492      000000FC 
 492      00000000 
 492      FF3F0000 
 492      00FEFFFF 
 493 0ef0 FFFFFF7F 			.word	0x7FFFFFFF, 0xFC000000, 0x00000000, 0x00003FFF, 0xFFFFFE00
 493      000000FC 
 493      00000000 
 493      FF3F0000 
 493      00FEFFFF 
 494 0f04 FFFFFF7F 			.word	0x7FFFFFFF, 0xFC000000, 0x00000000, 0x00003FFF, 0xFFFFFE00
 494      000000FC 
 494      00000000 
 494      FF3F0000 
 494      00FEFFFF 
 495 0f18 FFFFFF7F 			.word	0x7FFFFFFF, 0xFC000000, 0x00000000, 0x00003FFF, 0xFFFFFE00
 495      000000FC 
 495      00000000 
 495      FF3F0000 
 495      00FEFFFF 
 496 0f2c FFFFFF7F 			.word	0x7FFFFFFF, 0xFC000000, 0x00000000, 0x00003FFF, 0xFFFFFE00
 496      000000FC 
 496      00000000 
 496      FF3F0000 
 496      00FEFFFF 
 497 0f40 FFFFFF7F 			.word	0x7FFFFFFF, 0xFC000000, 0x00000000, 0x00003FFF, 0xFFFFFE00
 497      000000FC 
 497      00000000 
 497      FF3F0000 
 497      00FEFFFF 
 498 0f54 FFFFFF7F 			.word	0x7FFFFFFF, 0xFC000000, 0x00000000, 0x00003FFF, 0xFFFFFE00
 498      000000FC 
 498      00000000 
 498      FF3F0000 
 498      00FEFFFF 
 499 0f68 FFFFFF3F 			.word	0x3FFFFFFF, 0xFC000000, 0x00000000, 0x00003FFF, 0xFFFFFC00
 499      000000FC 
 499      00000000 
 499      FF3F0000 
 499      00FCFFFF 
 500 0f7c FFFFFF3F 			.word	0x3FFFFFFF, 0xFC000000, 0x00000000, 0x00003FFF, 0xFFFFFC00
 500      000000FC 
 500      00000000 
 500      FF3F0000 
 500      00FCFFFF 
 501 0f90 FFFFFF3F 			.word	0x3FFFFFFF, 0xFC000000, 0x00000000, 0x00007FFF, 0xFFFFFC00
 501      000000FC 
 501      00000000 
ARM GAS  font_century238.s 			page 20


 501      FF7F0000 
 501      00FCFFFF 
 502 0fa4 FFFFFF3F 			.word	0x3FFFFFFF, 0xFE000000, 0x00000000, 0x00007FFF, 0xFFFFFC00
 502      000000FE 
 502      00000000 
 502      FF7F0000 
 502      00FCFFFF 
 503 0fb8 FFFFFF3F 			.word	0x3FFFFFFF, 0xFE000000, 0x00000000, 0x00007FFF, 0xFFFFFC00
 503      000000FE 
 503      00000000 
 503      FF7F0000 
 503      00FCFFFF 
 504 0fcc FFFFFF3F 			.word	0x3FFFFFFF, 0xFE000000, 0x00000000, 0x00007FFF, 0xFFFFFC00
 504      000000FE 
 504      00000000 
 504      FF7F0000 
 504      00FCFFFF 
 505 0fe0 FFFFFF3F 			.word	0x3FFFFFFF, 0xFE000000, 0x00000000, 0x00007FFF, 0xFFFFFC00
 505      000000FE 
 505      00000000 
 505      FF7F0000 
 505      00FCFFFF 
 506 0ff4 FFFFFF1F 			.word	0x1FFFFFFF, 0xFE000000, 0x00000000, 0x00007FFF, 0xFFFFF800
 506      000000FE 
 506      00000000 
 506      FF7F0000 
 506      00F8FFFF 
 507 1008 FFFFFF1F 			.word	0x1FFFFFFF, 0xFE000000, 0x00000000, 0x00007FFF, 0xFFFFF800
 507      000000FE 
 507      00000000 
 507      FF7F0000 
 507      00F8FFFF 
 508 101c FFFFFF1F 			.word	0x1FFFFFFF, 0xFE000000, 0x00000000, 0x00007FFF, 0xFFFFF800
 508      000000FE 
 508      00000000 
 508      FF7F0000 
 508      00F8FFFF 
 509 1030 FFFFFF1F 			.word	0x1FFFFFFF, 0xFE000000, 0x00000000, 0x00007FFF, 0xFFFFF800
 509      000000FE 
 509      00000000 
 509      FF7F0000 
 509      00F8FFFF 
 510 1044 FFFFFF1F 			.word	0x1FFFFFFF, 0xFE000000, 0x00000000, 0x0000FFFF, 0xFFFFF800
 510      000000FE 
 510      00000000 
 510      FFFF0000 
 510      00F8FFFF 
 511 1058 FFFFFF0F 			.word	0x0FFFFFFF, 0xFF000000, 0x00000000, 0x0000FFFF, 0xFFFFF000
 511      000000FF 
 511      00000000 
 511      FFFF0000 
 511      00F0FFFF 
 512 106c FFFFFF0F 			.word	0x0FFFFFFF, 0xFF000000, 0x00000000, 0x0000FFFF, 0xFFFFF000
 512      000000FF 
 512      00000000 
 512      FFFF0000 
 512      00F0FFFF 
ARM GAS  font_century238.s 			page 21


 513 1080 FFFFFF0F 			.word	0x0FFFFFFF, 0xFF000000, 0x00000000, 0x0000FFFF, 0xFFFFF000
 513      000000FF 
 513      00000000 
 513      FFFF0000 
 513      00F0FFFF 
 514 1094 FFFFFF0F 			.word	0x0FFFFFFF, 0xFF000000, 0x00000000, 0x0000FFFF, 0xFFFFF000
 514      000000FF 
 514      00000000 
 514      FFFF0000 
 514      00F0FFFF 
 515 10a8 FFFFFF07 			.word	0x07FFFFFF, 0xFF000000, 0x00000000, 0x0000FFFF, 0xFFFFE000
 515      000000FF 
 515      00000000 
 515      FFFF0000 
 515      00E0FFFF 
 516 10bc FFFFFF07 			.word	0x07FFFFFF, 0xFF000000, 0x00000000, 0x0000FFFF, 0xFFFFE000
 516      000000FF 
 516      00000000 
 516      FFFF0000 
 516      00E0FFFF 
 517 10d0 FFFFFF07 			.word	0x07FFFFFF, 0xFF000000, 0x00000000, 0x0001FFFF, 0xFFFFE000
 517      000000FF 
 517      00000000 
 517      FFFF0100 
 517      00E0FFFF 
 518 10e4 FFFFFF07 			.word	0x07FFFFFF, 0xFF000000, 0x00000000, 0x0001FFFF, 0xFFFFE000
 518      000000FF 
 518      00000000 
 518      FFFF0100 
 518      00E0FFFF 
 519 10f8 FFFFFF03 			.word	0x03FFFFFF, 0xFF800000, 0x00000000, 0x0001FFFF, 0xFFFFC000
 519      000080FF 
 519      00000000 
 519      FFFF0100 
 519      00C0FFFF 
 520 110c FFFFFF03 			.word	0x03FFFFFF, 0xFF800000, 0x00000000, 0x0001FFFF, 0xFFFFC000
 520      000080FF 
 520      00000000 
 520      FFFF0100 
 520      00C0FFFF 
 521 1120 FFFFFF03 			.word	0x03FFFFFF, 0xFF800000, 0x00000000, 0x0001FFFF, 0xFFFFC000
 521      000080FF 
 521      00000000 
 521      FFFF0100 
 521      00C0FFFF 
 522 1134 FFFFFF03 			.word	0x03FFFFFF, 0xFF800000, 0x00000000, 0x0001FFFF, 0xFFFFC000
 522      000080FF 
 522      00000000 
 522      FFFF0100 
 522      00C0FFFF 
 523 1148 FFFFFF01 			.word	0x01FFFFFF, 0xFF800000, 0x00000000, 0x0003FFFF, 0xFFFF8000
 523      000080FF 
 523      00000000 
 523      FFFF0300 
 523      0080FFFF 
 524 115c FFFFFF01 			.word	0x01FFFFFF, 0xFFC00000, 0x00000000, 0x0003FFFF, 0xFFFF8000
 524      0000C0FF 
ARM GAS  font_century238.s 			page 22


 524      00000000 
 524      FFFF0300 
 524      0080FFFF 
 525 1170 FFFFFF01 			.word	0x01FFFFFF, 0xFFC00000, 0x00000000, 0x0003FFFF, 0xFFFF8000
 525      0000C0FF 
 525      00000000 
 525      FFFF0300 
 525      0080FFFF 
 526 1184 FFFFFF00 			.word	0x00FFFFFF, 0xFFC00000, 0x00000000, 0x0003FFFF, 0xFFFF0000
 526      0000C0FF 
 526      00000000 
 526      FFFF0300 
 526      0000FFFF 
 527 1198 FFFFFF00 			.word	0x00FFFFFF, 0xFFC00000, 0x00000000, 0x0007FFFF, 0xFFFF0000
 527      0000C0FF 
 527      00000000 
 527      FFFF0700 
 527      0000FFFF 
 528 11ac FFFFFF00 			.word	0x00FFFFFF, 0xFFC00000, 0x00000000, 0x0007FFFF, 0xFFFF0000
 528      0000C0FF 
 528      00000000 
 528      FFFF0700 
 528      0000FFFF 
 529 11c0 FFFF7F00 			.word	0x007FFFFF, 0xFFE00000, 0x00000000, 0x0007FFFF, 0xFFFE0000
 529      0000E0FF 
 529      00000000 
 529      FFFF0700 
 529      0000FEFF 
 530 11d4 FFFF7F00 			.word	0x007FFFFF, 0xFFE00000, 0x00000000, 0x0007FFFF, 0xFFFE0000
 530      0000E0FF 
 530      00000000 
 530      FFFF0700 
 530      0000FEFF 
 531 11e8 FFFF7F00 			.word	0x007FFFFF, 0xFFE00000, 0x00000000, 0x000FFFFF, 0xFFFE0000
 531      0000E0FF 
 531      00000000 
 531      FFFF0F00 
 531      0000FEFF 
 532 11fc FFFF3F00 			.word	0x003FFFFF, 0xFFF00000, 0x00000000, 0x000FFFFF, 0xFFFC0000
 532      0000F0FF 
 532      00000000 
 532      FFFF0F00 
 532      0000FCFF 
 533 1210 FFFF3F00 			.word	0x003FFFFF, 0xFFF00000, 0x00000000, 0x000FFFFF, 0xFFFC0000
 533      0000F0FF 
 533      00000000 
 533      FFFF0F00 
 533      0000FCFF 
 534 1224 FFFF1F00 			.word	0x001FFFFF, 0xFFF00000, 0x00000000, 0x000FFFFF, 0xFFF80000
 534      0000F0FF 
 534      00000000 
 534      FFFF0F00 
 534      0000F8FF 
 535 1238 FFFF1F00 			.word	0x001FFFFF, 0xFFF00000, 0x00000000, 0x001FFFFF, 0xFFF80000
 535      0000F0FF 
 535      00000000 
 535      FFFF1F00 
ARM GAS  font_century238.s 			page 23


 535      0000F8FF 
 536 124c FFFF0F00 			.word	0x000FFFFF, 0xFFF80000, 0x00000000, 0x001FFFFF, 0xFFF00000
 536      0000F8FF 
 536      00000000 
 536      FFFF1F00 
 536      0000F0FF 
 537 1260 FFFF0F00 			.word	0x000FFFFF, 0xFFF80000, 0x00000000, 0x003FFFFF, 0xFFF00000
 537      0000F8FF 
 537      00000000 
 537      FFFF3F00 
 537      0000F0FF 
 538 1274 FFFF0700 			.word	0x0007FFFF, 0xFFFC0000, 0x00000000, 0x003FFFFF, 0xFFE00000
 538      0000FCFF 
 538      00000000 
 538      FFFF3F00 
 538      0000E0FF 
 539 1288 FFFF0700 			.word	0x0007FFFF, 0xFFFC0000, 0x00000000, 0x003FFFFF, 0xFFE00000
 539      0000FCFF 
 539      00000000 
 539      FFFF3F00 
 539      0000E0FF 
 540 129c FFFF0700 			.word	0x0007FFFF, 0xFFFC0000, 0x00000000, 0x007FFFFF, 0xFFC00000
 540      0000FCFF 
 540      00000000 
 540      FFFF7F00 
 540      0000C0FF 
 541 12b0 FFFF0300 			.word	0x0003FFFF, 0xFFFE0000, 0x00000000, 0x007FFFFF, 0xFFC00000
 541      0000FEFF 
 541      00000000 
 541      FFFF7F00 
 541      0000C0FF 
 542 12c4 FFFF0100 			.word	0x0001FFFF, 0xFFFE0000, 0x00000000, 0x00FFFFFF, 0xFF800000
 542      0000FEFF 
 542      00000000 
 542      FFFFFF00 
 542      000080FF 
 543 12d8 FFFF0100 			.word	0x0001FFFF, 0xFFFF0000, 0x00000000, 0x00FFFFFF, 0xFF800000
 543      0000FFFF 
 543      00000000 
 543      FFFFFF00 
 543      000080FF 
 544 12ec FFFF0000 			.word	0x0000FFFF, 0xFFFF0000, 0x00000000, 0x01FFFFFF, 0xFF000000
 544      0000FFFF 
 544      00000000 
 544      FFFFFF01 
 544      000000FF 
 545 1300 FFFF0000 			.word	0x0000FFFF, 0xFFFF8000, 0x00000000, 0x01FFFFFF, 0xFF000000
 545      0080FFFF 
 545      00000000 
 545      FFFFFF01 
 545      000000FF 
 546 1314 FF7F0000 			.word	0x00007FFF, 0xFFFFC000, 0x00000000, 0x03FFFFFF, 0xFE000000
 546      00C0FFFF 
 546      00000000 
 546      FFFFFF03 
 546      000000FE 
 547 1328 FF7F0000 			.word	0x00007FFF, 0xFFFFC000, 0x00000000, 0x03FFFFFF, 0xFC000000
ARM GAS  font_century238.s 			page 24


 547      00C0FFFF 
 547      00000000 
 547      FFFFFF03 
 547      000000FC 
 548 133c FF3F0000 			.word	0x00003FFF, 0xFFFFE000, 0x00000000, 0x07FFFFFF, 0xFC000000
 548      00E0FFFF 
 548      00000000 
 548      FFFFFF07 
 548      000000FC 
 549 1350 FF1F0000 			.word	0x00001FFF, 0xFFFFF000, 0x00000000, 0x0FFFFFFF, 0xF8000000
 549      00F0FFFF 
 549      00000000 
 549      FFFFFF0F 
 549      000000F8 
 550 1364 FF1F0000 			.word	0x00001FFF, 0xFFFFF000, 0x00000000, 0x0FFFFFFF, 0xF0000000
 550      00F0FFFF 
 550      00000000 
 550      FFFFFF0F 
 550      000000F0 
 551 1378 FF0F0000 			.word	0x00000FFF, 0xFFFFF800, 0x00000000, 0x1FFFFFFF, 0xF0000000
 551      00F8FFFF 
 551      00000000 
 551      FFFFFF1F 
 551      000000F0 
 552 138c FF070000 			.word	0x000007FF, 0xFFFFFC00, 0x00000000, 0x3FFFFFFF, 0xE0000000
 552      00FCFFFF 
 552      00000000 
 552      FFFFFF3F 
 552      000000E0 
 553 13a0 FF070000 			.word	0x000007FF, 0xFFFFFE00, 0x00000000, 0x7FFFFFFF, 0xC0000000
 553      00FEFFFF 
 553      00000000 
 553      FFFFFF7F 
 553      000000C0 
 554 13b4 FF030000 			.word	0x000003FF, 0xFFFFFF00, 0x00000000, 0xFFFFFFFF, 0x80000000
 554      00FFFFFF 
 554      00000000 
 554      FFFFFFFF 
 554      00000080 
 555 13c8 FF010000 			.word	0x000001FF, 0xFFFFFF80, 0x00000001, 0xFFFFFFFF, 0x80000000
 555      80FFFFFF 
 555      01000000 
 555      FFFFFFFF 
 555      00000080 
 556 13dc FF000000 			.word	0x000000FF, 0xFFFFFFC0, 0x00000003, 0xFFFFFFFF, 0x00000000
 556      C0FFFFFF 
 556      03000000 
 556      FFFFFFFF 
 556      00000000 
 557 13f0 FF000000 			.word	0x000000FF, 0xFFFFFFE0, 0x00000007, 0xFFFFFFFE, 0x00000000
 557      E0FFFFFF 
 557      07000000 
 557      FEFFFFFF 
 557      00000000 
 558 1404 7F000000 			.word	0x0000007F, 0xFFFFFFF8, 0x0000000F, 0xFFFFFFFC, 0x00000000
 558      F8FFFFFF 
 558      0F000000 
ARM GAS  font_century238.s 			page 25


 558      FCFFFFFF 
 558      00000000 
 559 1418 3F000000 			.word	0x0000003F, 0xFFFFFFFC, 0x0000003F, 0xFFFFFFF8, 0x00000000
 559      FCFFFFFF 
 559      3F000000 
 559      F8FFFFFF 
 559      00000000 
 560 142c 1F000000 			.word	0x0000001F, 0xFFFFFFFF, 0x000000FF, 0xFFFFFFF0, 0x00000000
 560      FFFFFFFF 
 560      FF000000 
 560      F0FFFFFF 
 560      00000000 
 561 1440 0F000000 			.word	0x0000000F, 0xFFFFFFFF, 0xC00003FF, 0xFFFFFFE0, 0x00000000
 561      FFFFFFFF 
 561      FF0300C0 
 561      E0FFFFFF 
 561      00000000 
 562 1454 07000000 			.word	0x00000007, 0xFFFFFFFF, 0xF8001FFF, 0xFFFFFFC0, 0x00000000
 562      FFFFFFFF 
 562      FF1F00F8 
 562      C0FFFFFF 
 562      00000000 
 563 1468 03000000 			.word	0x00000003, 0xFFFFFFFF, 0xFFC3FFFF, 0xFFFFFF80, 0x00000000
 563      FFFFFFFF 
 563      FFFFC3FF 
 563      80FFFFFF 
 563      00000000 
 564 147c 01000000 			.word	0x00000001, 0xFFFFFFFF, 0xFFFFFFFF, 0xFFFFFF00, 0x00000000
 564      FFFFFFFF 
 564      FFFFFFFF 
 564      00FFFFFF 
 564      00000000 
 565 1490 00000000 			.word	0x00000000, 0xFFFFFFFF, 0xFFFFFFFF, 0xFFFFFE00, 0x00000000
 565      FFFFFFFF 
 565      FFFFFFFF 
 565      00FEFFFF 
 565      00000000 
 566 14a4 00000000 			.word	0x00000000, 0x7FFFFFFF, 0xFFFFFFFF, 0xFFFFFC00, 0x00000000
 566      FFFFFF7F 
 566      FFFFFFFF 
 566      00FCFFFF 
 566      00000000 
 567 14b8 00000000 			.word	0x00000000, 0x3FFFFFFF, 0xFFFFFFFF, 0xFFFFF800, 0x00000000
 567      FFFFFF3F 
 567      FFFFFFFF 
 567      00F8FFFF 
 567      00000000 
 568 14cc 00000000 			.word	0x00000000, 0x0FFFFFFF, 0xFFFFFFFF, 0xFFFFF000, 0x00000000
 568      FFFFFF0F 
 568      FFFFFFFF 
 568      00F0FFFF 
 568      00000000 
 569 14e0 00000000 			.word	0x00000000, 0x07FFFFFF, 0xFFFFFFFF, 0xFFFFC000, 0x00000000
 569      FFFFFF07 
 569      FFFFFFFF 
 569      00C0FFFF 
 569      00000000 
ARM GAS  font_century238.s 			page 26


 570 14f4 00000000 			.word	0x00000000, 0x03FFFFFF, 0xFFFFFFFF, 0xFFFF8000, 0x00000000
 570      FFFFFF03 
 570      FFFFFFFF 
 570      0080FFFF 
 570      00000000 
 571 1508 00000000 			.word	0x00000000, 0x00FFFFFF, 0xFFFFFFFF, 0xFFFE0000, 0x00000000
 571      FFFFFF00 
 571      FFFFFFFF 
 571      0000FEFF 
 571      00000000 
 572 151c 00000000 			.word	0x00000000, 0x007FFFFF, 0xFFFFFFFF, 0xFFFC0000, 0x00000000
 572      FFFF7F00 
 572      FFFFFFFF 
 572      0000FCFF 
 572      00000000 
 573 1530 00000000 			.word	0x00000000, 0x001FFFFF, 0xFFFFFFFF, 0xFFF00000, 0x00000000
 573      FFFF1F00 
 573      FFFFFFFF 
 573      0000F0FF 
 573      00000000 
 574 1544 00000000 			.word	0x00000000, 0x0007FFFF, 0xFFFFFFFF, 0xFFC00000, 0x00000000
 574      FFFF0700 
 574      FFFFFFFF 
 574      0000C0FF 
 574      00000000 
 575 1558 00000000 			.word	0x00000000, 0x0001FFFF, 0xFFFFFFFF, 0xFF000000, 0x00000000
 575      FFFF0100 
 575      FFFFFFFF 
 575      000000FF 
 575      00000000 
 576 156c 00000000 			.word	0x00000000, 0x00007FFF, 0xFFFFFFFF, 0xFC000000, 0x00000000
 576      FF7F0000 
 576      FFFFFFFF 
 576      000000FC 
 576      00000000 
 577 1580 00000000 			.word	0x00000000, 0x00000FFF, 0xFFFFFFFF, 0xF0000000, 0x00000000
 577      FF0F0000 
 577      FFFFFFFF 
 577      000000F0 
 577      00000000 
 578 1594 00000000 			.word	0x00000000, 0x000001FF, 0xFFFFFFFF, 0x80000000, 0x00000000
 578      FF010000 
 578      FFFFFFFF 
 578      00000080 
 578      00000000 
 579 15a8 00000000 			.word	0x00000000, 0x0000001F, 0xFFFFFFF8, 0x00000000, 0x00000000
 579      1F000000 
 579      F8FFFFFF 
 579      00000000 
 579      00000000 
 580 15bc 00000000 			.word	0x00000000, 0x00000000, 0xFFFFFF00, 0x00000000, 0x00000000
 580      00000000 
 580      00FFFFFF 
 580      00000000 
 580      00000000 
 581              	
 582              	ONE:
ARM GAS  font_century238.s 			page 27


 583 15d0 31000000 			.word	'1			// ASCII "1" character
 584 15d4 B1000000 			.word	CELLWDTH		// cell pixel width
 585 15d8 7D010000 			.word	CELLHGHT		// cell pixel height
 586 15dc 79000000 			.word	121			// glyph pixel width
 587 15e0 D9000000 			.word	217			// glyph pixel height
 588 15e4 1D000000 			.word	29			// blank horizontal pixels before glyph
 589 15e8 1B000000 			.word	27			// blank horizontal pixels after glyph
 590 15ec 60000000 			.word	96			// blank horizontal lines before glyph
 591 15f0 44000000 			.word	68			// blank horizontal lines after glyph
 592              							// bit mapped glyph
 593 15f4 00000000 			.word	0x00000000, 0x00000000, 0xFFFC0000, 0x00000000
 593      00000000 
 593      0000FCFF 
 593      00000000 
 594 1604 00000000 			.word	0x00000000, 0x00000003, 0xFFFC0000, 0x00000000
 594      03000000 
 594      0000FCFF 
 594      00000000 
 595 1614 00000000 			.word	0x00000000, 0x00000007, 0xFFFC0000, 0x00000000
 595      07000000 
 595      0000FCFF 
 595      00000000 
 596 1624 00000000 			.word	0x00000000, 0x0000001F, 0xFFFC0000, 0x00000000
 596      1F000000 
 596      0000FCFF 
 596      00000000 
 597 1634 00000000 			.word	0x00000000, 0x0000007F, 0xFFFC0000, 0x00000000
 597      7F000000 
 597      0000FCFF 
 597      00000000 
 598 1644 00000000 			.word	0x00000000, 0x000000FF, 0xFFFC0000, 0x00000000
 598      FF000000 
 598      0000FCFF 
 598      00000000 
 599 1654 00000000 			.word	0x00000000, 0x000003FF, 0xFFFC0000, 0x00000000
 599      FF030000 
 599      0000FCFF 
 599      00000000 
 600 1664 00000000 			.word	0x00000000, 0x00000FFF, 0xFFFC0000, 0x00000000
 600      FF0F0000 
 600      0000FCFF 
 600      00000000 
 601 1674 00000000 			.word	0x00000000, 0x00003FFF, 0xFFFC0000, 0x00000000
 601      FF3F0000 
 601      0000FCFF 
 601      00000000 
 602 1684 00000000 			.word	0x00000000, 0x0000FFFF, 0xFFFC0000, 0x00000000
 602      FFFF0000 
 602      0000FCFF 
 602      00000000 
 603 1694 00000000 			.word	0x00000000, 0x0007FFFF, 0xFFFC0000, 0x00000000
 603      FFFF0700 
 603      0000FCFF 
 603      00000000 
 604 16a4 00000000 			.word	0x00000000, 0x001FFFFF, 0xFFFC0000, 0x00000000
 604      FFFF1F00 
 604      0000FCFF 
ARM GAS  font_century238.s 			page 28


 604      00000000 
 605 16b4 00000000 			.word	0x00000000, 0x00FFFFFF, 0xFFFC0000, 0x00000000
 605      FFFFFF00 
 605      0000FCFF 
 605      00000000 
 606 16c4 00000000 			.word	0x00000000, 0x07FFFFFF, 0xFFFC0000, 0x00000000
 606      FFFFFF07 
 606      0000FCFF 
 606      00000000 
 607 16d4 00000000 			.word	0x00000000, 0x3FFFFFFF, 0xFFFC0000, 0x00000000
 607      FFFFFF3F 
 607      0000FCFF 
 607      00000000 
 608 16e4 03000000 			.word	0x00000003, 0xFFFFFFFF, 0xFFFC0000, 0x00000000
 608      FFFFFFFF 
 608      0000FCFF 
 608      00000000 
 609 16f4 3F000000 			.word	0x0000003F, 0xFFFFFFFF, 0xFFFC0000, 0x00000000
 609      FFFFFFFF 
 609      0000FCFF 
 609      00000000 
 610 1704 FF070000 			.word	0x000007FF, 0xFFFFFFFF, 0xFFFC0000, 0x00000000
 610      FFFFFFFF 
 610      0000FCFF 
 610      00000000 
 611 1714 FFFF0000 			.word	0x0000FFFF, 0xFFFFFFFF, 0xFFFC0000, 0x00000000
 611      FFFFFFFF 
 611      0000FCFF 
 611      00000000 
 612 1724 FFFF3F00 			.word	0x003FFFFF, 0xFFFFFFFF, 0xFFFC0000, 0x00000000
 612      FFFFFFFF 
 612      0000FCFF 
 612      00000000 
 613 1734 FFFFFF1F 			.word	0x1FFFFFFF, 0xFFFFFFFF, 0xFFFC0000, 0x00000000
 613      FFFFFFFF 
 613      0000FCFF 
 613      00000000 
 614 1744 FFFFFFFF 			.word	0xFFFFFFFF, 0xFFFFFFFF, 0xFFFC0000, 0x00000000
 614      FFFFFFFF 
 614      0000FCFF 
 614      00000000 
 615 1754 FFFFFFFF 			.word	0xFFFFFFFF, 0xFFFFFFFF, 0xFFFC0000, 0x00000000
 615      FFFFFFFF 
 615      0000FCFF 
 615      00000000 
 616 1764 FFFFFFFF 			.word	0xFFFFFFFF, 0xFFFFFFFF, 0xFFFC0000, 0x00000000
 616      FFFFFFFF 
 616      0000FCFF 
 616      00000000 
 617 1774 FFFFFFFF 			.word	0xFFFFFFFF, 0xFFFFFFFF, 0xFFFC0000, 0x00000000
 617      FFFFFFFF 
 617      0000FCFF 
 617      00000000 
 618 1784 FFFFFFFF 			.word	0xFFFFFFFF, 0xFFFFFFFF, 0xFFFC0000, 0x00000000
 618      FFFFFFFF 
 618      0000FCFF 
 618      00000000 
ARM GAS  font_century238.s 			page 29


 619 1794 FFFFFFFF 			.word	0xFFFFFFFF, 0xFFFFFFFF, 0xFFFC0000, 0x00000000
 619      FFFFFFFF 
 619      0000FCFF 
 619      00000000 
 620 17a4 FFFFFFFF 			.word	0xFFFFFFFF, 0xFFFFFFFF, 0xFFFC0000, 0x00000000
 620      FFFFFFFF 
 620      0000FCFF 
 620      00000000 
 621 17b4 FFFFFFFF 			.word	0xFFFFFFFF, 0xFFFFFFFF, 0xFFFC0000, 0x00000000
 621      FFFFFFFF 
 621      0000FCFF 
 621      00000000 
 622 17c4 FFFFFFFF 			.word	0xFFFFFFFF, 0xFFFFFFFF, 0xFFFC0000, 0x00000000
 622      FFFFFFFF 
 622      0000FCFF 
 622      00000000 
 623 17d4 FFFFFFFF 			.word	0xFFFFFFFF, 0xFFFFFFFF, 0xFFFC0000, 0x00000000
 623      FFFFFFFF 
 623      0000FCFF 
 623      00000000 
 624 17e4 FFFFFFFF 			.word	0xFFFFFFFF, 0xFFFFFFFF, 0xFFFC0000, 0x00000000
 624      FFFFFFFF 
 624      0000FCFF 
 624      00000000 
 625 17f4 FFFFFFFF 			.word	0xFFFFFFFF, 0xFFFFFFFF, 0xFFFC0000, 0x00000000
 625      FFFFFFFF 
 625      0000FCFF 
 625      00000000 
 626 1804 FFFFFFFF 			.word	0xFFFFFFFF, 0xFFFFFFFF, 0xFFFC0000, 0x00000000
 626      FFFFFFFF 
 626      0000FCFF 
 626      00000000 
 627 1814 FFFFFFFF 			.word	0xFFFFFFFF, 0xFFFFFFFF, 0xFFFC0000, 0x00000000
 627      FFFFFFFF 
 627      0000FCFF 
 627      00000000 
 628 1824 FFFFFFFF 			.word	0xFFFFFFFF, 0xFFFFFFFF, 0xFFFC0000, 0x00000000
 628      FFFFFFFF 
 628      0000FCFF 
 628      00000000 
 629 1834 FFFFFFFF 			.word	0xFFFFFFFF, 0xFFFFFFFF, 0xFFFC0000, 0x00000000
 629      FFFFFFFF 
 629      0000FCFF 
 629      00000000 
 630 1844 FFFFFFFF 			.word	0xFFFFFFFF, 0xFFFFFFFF, 0xFFFC0000, 0x00000000
 630      FFFFFFFF 
 630      0000FCFF 
 630      00000000 
 631 1854 00000000 			.word	0x00000000, 0x03FFFFFF, 0xFFFC0000, 0x00000000
 631      FFFFFF03 
 631      0000FCFF 
 631      00000000 
 632 1864 00000000 			.word	0x00000000, 0x007FFFFF, 0xFFFC0000, 0x00000000
 632      FFFF7F00 
 632      0000FCFF 
 632      00000000 
 633 1874 00000000 			.word	0x00000000, 0x003FFFFF, 0xFFFC0000, 0x00000000
ARM GAS  font_century238.s 			page 30


 633      FFFF3F00 
 633      0000FCFF 
 633      00000000 
 634 1884 00000000 			.word	0x00000000, 0x001FFFFF, 0xFFFC0000, 0x00000000
 634      FFFF1F00 
 634      0000FCFF 
 634      00000000 
 635 1894 00000000 			.word	0x00000000, 0x000FFFFF, 0xFFFC0000, 0x00000000
 635      FFFF0F00 
 635      0000FCFF 
 635      00000000 
 636 18a4 00000000 			.word	0x00000000, 0x0007FFFF, 0xFFFC0000, 0x00000000
 636      FFFF0700 
 636      0000FCFF 
 636      00000000 
 637 18b4 00000000 			.word	0x00000000, 0x0007FFFF, 0xFFFC0000, 0x00000000
 637      FFFF0700 
 637      0000FCFF 
 637      00000000 
 638 18c4 00000000 			.word	0x00000000, 0x0003FFFF, 0xFFFC0000, 0x00000000
 638      FFFF0300 
 638      0000FCFF 
 638      00000000 
 639 18d4 00000000 			.word	0x00000000, 0x0003FFFF, 0xFFFC0000, 0x00000000
 639      FFFF0300 
 639      0000FCFF 
 639      00000000 
 640 18e4 00000000 			.word	0x00000000, 0x0003FFFF, 0xFFFC0000, 0x00000000
 640      FFFF0300 
 640      0000FCFF 
 640      00000000 
 641 18f4 00000000 			.word	0x00000000, 0x0003FFFF, 0xFFFC0000, 0x00000000
 641      FFFF0300 
 641      0000FCFF 
 641      00000000 
 642 1904 00000000 			.word	0x00000000, 0x0003FFFF, 0xFFFC0000, 0x00000000
 642      FFFF0300 
 642      0000FCFF 
 642      00000000 
 643 1914 00000000 			.word	0x00000000, 0x0003FFFF, 0xFFFC0000, 0x00000000
 643      FFFF0300 
 643      0000FCFF 
 643      00000000 
 644 1924 00000000 			.word	0x00000000, 0x0003FFFF, 0xFFFC0000, 0x00000000
 644      FFFF0300 
 644      0000FCFF 
 644      00000000 
 645 1934 00000000 			.word	0x00000000, 0x0003FFFF, 0xFFFC0000, 0x00000000
 645      FFFF0300 
 645      0000FCFF 
 645      00000000 
 646 1944 00000000 			.word	0x00000000, 0x0003FFFF, 0xFFFC0000, 0x00000000
 646      FFFF0300 
 646      0000FCFF 
 646      00000000 
 647 1954 00000000 			.word	0x00000000, 0x0003FFFF, 0xFFFC0000, 0x00000000
 647      FFFF0300 
ARM GAS  font_century238.s 			page 31


 647      0000FCFF 
 647      00000000 
 648 1964 00000000 			.word	0x00000000, 0x0003FFFF, 0xFFFC0000, 0x00000000
 648      FFFF0300 
 648      0000FCFF 
 648      00000000 
 649 1974 00000000 			.word	0x00000000, 0x0003FFFF, 0xFFFC0000, 0x00000000
 649      FFFF0300 
 649      0000FCFF 
 649      00000000 
 650 1984 00000000 			.word	0x00000000, 0x0003FFFF, 0xFFFC0000, 0x00000000
 650      FFFF0300 
 650      0000FCFF 
 650      00000000 
 651 1994 00000000 			.word	0x00000000, 0x0003FFFF, 0xFFFC0000, 0x00000000
 651      FFFF0300 
 651      0000FCFF 
 651      00000000 
 652 19a4 00000000 			.word	0x00000000, 0x0003FFFF, 0xFFFC0000, 0x00000000
 652      FFFF0300 
 652      0000FCFF 
 652      00000000 
 653 19b4 00000000 			.word	0x00000000, 0x0003FFFF, 0xFFFC0000, 0x00000000
 653      FFFF0300 
 653      0000FCFF 
 653      00000000 
 654 19c4 00000000 			.word	0x00000000, 0x0003FFFF, 0xFFFC0000, 0x00000000
 654      FFFF0300 
 654      0000FCFF 
 654      00000000 
 655 19d4 00000000 			.word	0x00000000, 0x0003FFFF, 0xFFFC0000, 0x00000000
 655      FFFF0300 
 655      0000FCFF 
 655      00000000 
 656 19e4 00000000 			.word	0x00000000, 0x0003FFFF, 0xFFFC0000, 0x00000000
 656      FFFF0300 
 656      0000FCFF 
 656      00000000 
 657 19f4 00000000 			.word	0x00000000, 0x0003FFFF, 0xFFFC0000, 0x00000000
 657      FFFF0300 
 657      0000FCFF 
 657      00000000 
 658 1a04 00000000 			.word	0x00000000, 0x0003FFFF, 0xFFFC0000, 0x00000000
 658      FFFF0300 
 658      0000FCFF 
 658      00000000 
 659 1a14 00000000 			.word	0x00000000, 0x0003FFFF, 0xFFFC0000, 0x00000000
 659      FFFF0300 
 659      0000FCFF 
 659      00000000 
 660 1a24 00000000 			.word	0x00000000, 0x0003FFFF, 0xFFFC0000, 0x00000000
 660      FFFF0300 
 660      0000FCFF 
 660      00000000 
 661 1a34 00000000 			.word	0x00000000, 0x0003FFFF, 0xFFFC0000, 0x00000000
 661      FFFF0300 
 661      0000FCFF 
ARM GAS  font_century238.s 			page 32


 661      00000000 
 662 1a44 00000000 			.word	0x00000000, 0x0003FFFF, 0xFFFC0000, 0x00000000
 662      FFFF0300 
 662      0000FCFF 
 662      00000000 
 663 1a54 00000000 			.word	0x00000000, 0x0003FFFF, 0xFFFC0000, 0x00000000
 663      FFFF0300 
 663      0000FCFF 
 663      00000000 
 664 1a64 00000000 			.word	0x00000000, 0x0003FFFF, 0xFFFC0000, 0x00000000
 664      FFFF0300 
 664      0000FCFF 
 664      00000000 
 665 1a74 00000000 			.word	0x00000000, 0x0003FFFF, 0xFFFC0000, 0x00000000
 665      FFFF0300 
 665      0000FCFF 
 665      00000000 
 666 1a84 00000000 			.word	0x00000000, 0x0003FFFF, 0xFFFC0000, 0x00000000
 666      FFFF0300 
 666      0000FCFF 
 666      00000000 
 667 1a94 00000000 			.word	0x00000000, 0x0003FFFF, 0xFFFC0000, 0x00000000
 667      FFFF0300 
 667      0000FCFF 
 667      00000000 
 668 1aa4 00000000 			.word	0x00000000, 0x0003FFFF, 0xFFFC0000, 0x00000000
 668      FFFF0300 
 668      0000FCFF 
 668      00000000 
 669 1ab4 00000000 			.word	0x00000000, 0x0003FFFF, 0xFFFC0000, 0x00000000
 669      FFFF0300 
 669      0000FCFF 
 669      00000000 
 670 1ac4 00000000 			.word	0x00000000, 0x0003FFFF, 0xFFFC0000, 0x00000000
 670      FFFF0300 
 670      0000FCFF 
 670      00000000 
 671 1ad4 00000000 			.word	0x00000000, 0x0003FFFF, 0xFFFC0000, 0x00000000
 671      FFFF0300 
 671      0000FCFF 
 671      00000000 
 672 1ae4 00000000 			.word	0x00000000, 0x0003FFFF, 0xFFFC0000, 0x00000000
 672      FFFF0300 
 672      0000FCFF 
 672      00000000 
 673 1af4 00000000 			.word	0x00000000, 0x0003FFFF, 0xFFFC0000, 0x00000000
 673      FFFF0300 
 673      0000FCFF 
 673      00000000 
 674 1b04 00000000 			.word	0x00000000, 0x0003FFFF, 0xFFFC0000, 0x00000000
 674      FFFF0300 
 674      0000FCFF 
 674      00000000 
 675 1b14 00000000 			.word	0x00000000, 0x0003FFFF, 0xFFFC0000, 0x00000000
 675      FFFF0300 
 675      0000FCFF 
 675      00000000 
ARM GAS  font_century238.s 			page 33


 676 1b24 00000000 			.word	0x00000000, 0x0003FFFF, 0xFFFC0000, 0x00000000
 676      FFFF0300 
 676      0000FCFF 
 676      00000000 
 677 1b34 00000000 			.word	0x00000000, 0x0003FFFF, 0xFFFC0000, 0x00000000
 677      FFFF0300 
 677      0000FCFF 
 677      00000000 
 678 1b44 00000000 			.word	0x00000000, 0x0003FFFF, 0xFFFC0000, 0x00000000
 678      FFFF0300 
 678      0000FCFF 
 678      00000000 
 679 1b54 00000000 			.word	0x00000000, 0x0003FFFF, 0xFFFC0000, 0x00000000
 679      FFFF0300 
 679      0000FCFF 
 679      00000000 
 680 1b64 00000000 			.word	0x00000000, 0x0003FFFF, 0xFFFC0000, 0x00000000
 680      FFFF0300 
 680      0000FCFF 
 680      00000000 
 681 1b74 00000000 			.word	0x00000000, 0x0003FFFF, 0xFFFC0000, 0x00000000
 681      FFFF0300 
 681      0000FCFF 
 681      00000000 
 682 1b84 00000000 			.word	0x00000000, 0x0003FFFF, 0xFFFC0000, 0x00000000
 682      FFFF0300 
 682      0000FCFF 
 682      00000000 
 683 1b94 00000000 			.word	0x00000000, 0x0003FFFF, 0xFFFC0000, 0x00000000
 683      FFFF0300 
 683      0000FCFF 
 683      00000000 
 684 1ba4 00000000 			.word	0x00000000, 0x0003FFFF, 0xFFFC0000, 0x00000000
 684      FFFF0300 
 684      0000FCFF 
 684      00000000 
 685 1bb4 00000000 			.word	0x00000000, 0x0003FFFF, 0xFFFC0000, 0x00000000
 685      FFFF0300 
 685      0000FCFF 
 685      00000000 
 686 1bc4 00000000 			.word	0x00000000, 0x0003FFFF, 0xFFFC0000, 0x00000000
 686      FFFF0300 
 686      0000FCFF 
 686      00000000 
 687 1bd4 00000000 			.word	0x00000000, 0x0003FFFF, 0xFFFC0000, 0x00000000
 687      FFFF0300 
 687      0000FCFF 
 687      00000000 
 688 1be4 00000000 			.word	0x00000000, 0x0003FFFF, 0xFFFC0000, 0x00000000
 688      FFFF0300 
 688      0000FCFF 
 688      00000000 
 689 1bf4 00000000 			.word	0x00000000, 0x0003FFFF, 0xFFFC0000, 0x00000000
 689      FFFF0300 
 689      0000FCFF 
 689      00000000 
 690 1c04 00000000 			.word	0x00000000, 0x0003FFFF, 0xFFFC0000, 0x00000000
ARM GAS  font_century238.s 			page 34


 690      FFFF0300 
 690      0000FCFF 
 690      00000000 
 691 1c14 00000000 			.word	0x00000000, 0x0003FFFF, 0xFFFC0000, 0x00000000
 691      FFFF0300 
 691      0000FCFF 
 691      00000000 
 692 1c24 00000000 			.word	0x00000000, 0x0003FFFF, 0xFFFC0000, 0x00000000
 692      FFFF0300 
 692      0000FCFF 
 692      00000000 
 693 1c34 00000000 			.word	0x00000000, 0x0003FFFF, 0xFFFC0000, 0x00000000
 693      FFFF0300 
 693      0000FCFF 
 693      00000000 
 694 1c44 00000000 			.word	0x00000000, 0x0003FFFF, 0xFFFC0000, 0x00000000
 694      FFFF0300 
 694      0000FCFF 
 694      00000000 
 695 1c54 00000000 			.word	0x00000000, 0x0003FFFF, 0xFFFC0000, 0x00000000
 695      FFFF0300 
 695      0000FCFF 
 695      00000000 
 696 1c64 00000000 			.word	0x00000000, 0x0003FFFF, 0xFFFC0000, 0x00000000
 696      FFFF0300 
 696      0000FCFF 
 696      00000000 
 697 1c74 00000000 			.word	0x00000000, 0x0003FFFF, 0xFFFC0000, 0x00000000
 697      FFFF0300 
 697      0000FCFF 
 697      00000000 
 698 1c84 00000000 			.word	0x00000000, 0x0003FFFF, 0xFFFC0000, 0x00000000
 698      FFFF0300 
 698      0000FCFF 
 698      00000000 
 699 1c94 00000000 			.word	0x00000000, 0x0003FFFF, 0xFFFC0000, 0x00000000
 699      FFFF0300 
 699      0000FCFF 
 699      00000000 
 700 1ca4 00000000 			.word	0x00000000, 0x0003FFFF, 0xFFFC0000, 0x00000000
 700      FFFF0300 
 700      0000FCFF 
 700      00000000 
 701 1cb4 00000000 			.word	0x00000000, 0x0003FFFF, 0xFFFC0000, 0x00000000
 701      FFFF0300 
 701      0000FCFF 
 701      00000000 
 702 1cc4 00000000 			.word	0x00000000, 0x0003FFFF, 0xFFFC0000, 0x00000000
 702      FFFF0300 
 702      0000FCFF 
 702      00000000 
 703 1cd4 00000000 			.word	0x00000000, 0x0003FFFF, 0xFFFC0000, 0x00000000
 703      FFFF0300 
 703      0000FCFF 
 703      00000000 
 704 1ce4 00000000 			.word	0x00000000, 0x0003FFFF, 0xFFFC0000, 0x00000000
 704      FFFF0300 
ARM GAS  font_century238.s 			page 35


 704      0000FCFF 
 704      00000000 
 705 1cf4 00000000 			.word	0x00000000, 0x0003FFFF, 0xFFFC0000, 0x00000000
 705      FFFF0300 
 705      0000FCFF 
 705      00000000 
 706 1d04 00000000 			.word	0x00000000, 0x0003FFFF, 0xFFFC0000, 0x00000000
 706      FFFF0300 
 706      0000FCFF 
 706      00000000 
 707 1d14 00000000 			.word	0x00000000, 0x0003FFFF, 0xFFFC0000, 0x00000000
 707      FFFF0300 
 707      0000FCFF 
 707      00000000 
 708 1d24 00000000 			.word	0x00000000, 0x0003FFFF, 0xFFFC0000, 0x00000000
 708      FFFF0300 
 708      0000FCFF 
 708      00000000 
 709 1d34 00000000 			.word	0x00000000, 0x0003FFFF, 0xFFFC0000, 0x00000000
 709      FFFF0300 
 709      0000FCFF 
 709      00000000 
 710 1d44 00000000 			.word	0x00000000, 0x0003FFFF, 0xFFFC0000, 0x00000000
 710      FFFF0300 
 710      0000FCFF 
 710      00000000 
 711 1d54 00000000 			.word	0x00000000, 0x0003FFFF, 0xFFFC0000, 0x00000000
 711      FFFF0300 
 711      0000FCFF 
 711      00000000 
 712 1d64 00000000 			.word	0x00000000, 0x0003FFFF, 0xFFFC0000, 0x00000000
 712      FFFF0300 
 712      0000FCFF 
 712      00000000 
 713 1d74 00000000 			.word	0x00000000, 0x0003FFFF, 0xFFFC0000, 0x00000000
 713      FFFF0300 
 713      0000FCFF 
 713      00000000 
 714 1d84 00000000 			.word	0x00000000, 0x0003FFFF, 0xFFFC0000, 0x00000000
 714      FFFF0300 
 714      0000FCFF 
 714      00000000 
 715 1d94 00000000 			.word	0x00000000, 0x0003FFFF, 0xFFFC0000, 0x00000000
 715      FFFF0300 
 715      0000FCFF 
 715      00000000 
 716 1da4 00000000 			.word	0x00000000, 0x0003FFFF, 0xFFFC0000, 0x00000000
 716      FFFF0300 
 716      0000FCFF 
 716      00000000 
 717 1db4 00000000 			.word	0x00000000, 0x0003FFFF, 0xFFFC0000, 0x00000000
 717      FFFF0300 
 717      0000FCFF 
 717      00000000 
 718 1dc4 00000000 			.word	0x00000000, 0x0003FFFF, 0xFFFC0000, 0x00000000
 718      FFFF0300 
 718      0000FCFF 
ARM GAS  font_century238.s 			page 36


 718      00000000 
 719 1dd4 00000000 			.word	0x00000000, 0x0003FFFF, 0xFFFC0000, 0x00000000
 719      FFFF0300 
 719      0000FCFF 
 719      00000000 
 720 1de4 00000000 			.word	0x00000000, 0x0003FFFF, 0xFFFC0000, 0x00000000
 720      FFFF0300 
 720      0000FCFF 
 720      00000000 
 721 1df4 00000000 			.word	0x00000000, 0x0003FFFF, 0xFFFC0000, 0x00000000
 721      FFFF0300 
 721      0000FCFF 
 721      00000000 
 722 1e04 00000000 			.word	0x00000000, 0x0003FFFF, 0xFFFC0000, 0x00000000
 722      FFFF0300 
 722      0000FCFF 
 722      00000000 
 723 1e14 00000000 			.word	0x00000000, 0x0003FFFF, 0xFFFC0000, 0x00000000
 723      FFFF0300 
 723      0000FCFF 
 723      00000000 
 724 1e24 00000000 			.word	0x00000000, 0x0003FFFF, 0xFFFC0000, 0x00000000
 724      FFFF0300 
 724      0000FCFF 
 724      00000000 
 725 1e34 00000000 			.word	0x00000000, 0x0003FFFF, 0xFFFC0000, 0x00000000
 725      FFFF0300 
 725      0000FCFF 
 725      00000000 
 726 1e44 00000000 			.word	0x00000000, 0x0003FFFF, 0xFFFC0000, 0x00000000
 726      FFFF0300 
 726      0000FCFF 
 726      00000000 
 727 1e54 00000000 			.word	0x00000000, 0x0003FFFF, 0xFFFC0000, 0x00000000
 727      FFFF0300 
 727      0000FCFF 
 727      00000000 
 728 1e64 00000000 			.word	0x00000000, 0x0003FFFF, 0xFFFC0000, 0x00000000
 728      FFFF0300 
 728      0000FCFF 
 728      00000000 
 729 1e74 00000000 			.word	0x00000000, 0x0003FFFF, 0xFFFC0000, 0x00000000
 729      FFFF0300 
 729      0000FCFF 
 729      00000000 
 730 1e84 00000000 			.word	0x00000000, 0x0003FFFF, 0xFFFC0000, 0x00000000
 730      FFFF0300 
 730      0000FCFF 
 730      00000000 
 731 1e94 00000000 			.word	0x00000000, 0x0003FFFF, 0xFFFC0000, 0x00000000
 731      FFFF0300 
 731      0000FCFF 
 731      00000000 
 732 1ea4 00000000 			.word	0x00000000, 0x0003FFFF, 0xFFFC0000, 0x00000000
 732      FFFF0300 
 732      0000FCFF 
 732      00000000 
ARM GAS  font_century238.s 			page 37


 733 1eb4 00000000 			.word	0x00000000, 0x0003FFFF, 0xFFFC0000, 0x00000000
 733      FFFF0300 
 733      0000FCFF 
 733      00000000 
 734 1ec4 00000000 			.word	0x00000000, 0x0003FFFF, 0xFFFC0000, 0x00000000
 734      FFFF0300 
 734      0000FCFF 
 734      00000000 
 735 1ed4 00000000 			.word	0x00000000, 0x0003FFFF, 0xFFFC0000, 0x00000000
 735      FFFF0300 
 735      0000FCFF 
 735      00000000 
 736 1ee4 00000000 			.word	0x00000000, 0x0003FFFF, 0xFFFC0000, 0x00000000
 736      FFFF0300 
 736      0000FCFF 
 736      00000000 
 737 1ef4 00000000 			.word	0x00000000, 0x0003FFFF, 0xFFFC0000, 0x00000000
 737      FFFF0300 
 737      0000FCFF 
 737      00000000 
 738 1f04 00000000 			.word	0x00000000, 0x0003FFFF, 0xFFFC0000, 0x00000000
 738      FFFF0300 
 738      0000FCFF 
 738      00000000 
 739 1f14 00000000 			.word	0x00000000, 0x0003FFFF, 0xFFFC0000, 0x00000000
 739      FFFF0300 
 739      0000FCFF 
 739      00000000 
 740 1f24 00000000 			.word	0x00000000, 0x0003FFFF, 0xFFFC0000, 0x00000000
 740      FFFF0300 
 740      0000FCFF 
 740      00000000 
 741 1f34 00000000 			.word	0x00000000, 0x0003FFFF, 0xFFFC0000, 0x00000000
 741      FFFF0300 
 741      0000FCFF 
 741      00000000 
 742 1f44 00000000 			.word	0x00000000, 0x0003FFFF, 0xFFFC0000, 0x00000000
 742      FFFF0300 
 742      0000FCFF 
 742      00000000 
 743 1f54 00000000 			.word	0x00000000, 0x0003FFFF, 0xFFFC0000, 0x00000000
 743      FFFF0300 
 743      0000FCFF 
 743      00000000 
 744 1f64 00000000 			.word	0x00000000, 0x0003FFFF, 0xFFFC0000, 0x00000000
 744      FFFF0300 
 744      0000FCFF 
 744      00000000 
 745 1f74 00000000 			.word	0x00000000, 0x0003FFFF, 0xFFFC0000, 0x00000000
 745      FFFF0300 
 745      0000FCFF 
 745      00000000 
 746 1f84 00000000 			.word	0x00000000, 0x0003FFFF, 0xFFFC0000, 0x00000000
 746      FFFF0300 
 746      0000FCFF 
 746      00000000 
 747 1f94 00000000 			.word	0x00000000, 0x0003FFFF, 0xFFFC0000, 0x00000000
ARM GAS  font_century238.s 			page 38


 747      FFFF0300 
 747      0000FCFF 
 747      00000000 
 748 1fa4 00000000 			.word	0x00000000, 0x0003FFFF, 0xFFFC0000, 0x00000000
 748      FFFF0300 
 748      0000FCFF 
 748      00000000 
 749 1fb4 00000000 			.word	0x00000000, 0x0003FFFF, 0xFFFC0000, 0x00000000
 749      FFFF0300 
 749      0000FCFF 
 749      00000000 
 750 1fc4 00000000 			.word	0x00000000, 0x0003FFFF, 0xFFFC0000, 0x00000000
 750      FFFF0300 
 750      0000FCFF 
 750      00000000 
 751 1fd4 00000000 			.word	0x00000000, 0x0003FFFF, 0xFFFC0000, 0x00000000
 751      FFFF0300 
 751      0000FCFF 
 751      00000000 
 752 1fe4 00000000 			.word	0x00000000, 0x0003FFFF, 0xFFFC0000, 0x00000000
 752      FFFF0300 
 752      0000FCFF 
 752      00000000 
 753 1ff4 00000000 			.word	0x00000000, 0x0003FFFF, 0xFFFC0000, 0x00000000
 753      FFFF0300 
 753      0000FCFF 
 753      00000000 
 754 2004 00000000 			.word	0x00000000, 0x0003FFFF, 0xFFFC0000, 0x00000000
 754      FFFF0300 
 754      0000FCFF 
 754      00000000 
 755 2014 00000000 			.word	0x00000000, 0x0003FFFF, 0xFFFC0000, 0x00000000
 755      FFFF0300 
 755      0000FCFF 
 755      00000000 
 756 2024 00000000 			.word	0x00000000, 0x0003FFFF, 0xFFFC0000, 0x00000000
 756      FFFF0300 
 756      0000FCFF 
 756      00000000 
 757 2034 00000000 			.word	0x00000000, 0x0003FFFF, 0xFFFC0000, 0x00000000
 757      FFFF0300 
 757      0000FCFF 
 757      00000000 
 758 2044 00000000 			.word	0x00000000, 0x0003FFFF, 0xFFFC0000, 0x00000000
 758      FFFF0300 
 758      0000FCFF 
 758      00000000 
 759 2054 00000000 			.word	0x00000000, 0x0003FFFF, 0xFFFC0000, 0x00000000
 759      FFFF0300 
 759      0000FCFF 
 759      00000000 
 760 2064 00000000 			.word	0x00000000, 0x0003FFFF, 0xFFFC0000, 0x00000000
 760      FFFF0300 
 760      0000FCFF 
 760      00000000 
 761 2074 00000000 			.word	0x00000000, 0x0003FFFF, 0xFFFC0000, 0x00000000
 761      FFFF0300 
ARM GAS  font_century238.s 			page 39


 761      0000FCFF 
 761      00000000 
 762 2084 00000000 			.word	0x00000000, 0x0003FFFF, 0xFFFC0000, 0x00000000
 762      FFFF0300 
 762      0000FCFF 
 762      00000000 
 763 2094 00000000 			.word	0x00000000, 0x0003FFFF, 0xFFFC0000, 0x00000000
 763      FFFF0300 
 763      0000FCFF 
 763      00000000 
 764 20a4 00000000 			.word	0x00000000, 0x0003FFFF, 0xFFFC0000, 0x00000000
 764      FFFF0300 
 764      0000FCFF 
 764      00000000 
 765 20b4 00000000 			.word	0x00000000, 0x0003FFFF, 0xFFFC0000, 0x00000000
 765      FFFF0300 
 765      0000FCFF 
 765      00000000 
 766 20c4 00000000 			.word	0x00000000, 0x0003FFFF, 0xFFFC0000, 0x00000000
 766      FFFF0300 
 766      0000FCFF 
 766      00000000 
 767 20d4 00000000 			.word	0x00000000, 0x0003FFFF, 0xFFFC0000, 0x00000000
 767      FFFF0300 
 767      0000FCFF 
 767      00000000 
 768 20e4 00000000 			.word	0x00000000, 0x0003FFFF, 0xFFFC0000, 0x00000000
 768      FFFF0300 
 768      0000FCFF 
 768      00000000 
 769 20f4 00000000 			.word	0x00000000, 0x0003FFFF, 0xFFFC0000, 0x00000000
 769      FFFF0300 
 769      0000FCFF 
 769      00000000 
 770 2104 00000000 			.word	0x00000000, 0x0003FFFF, 0xFFFC0000, 0x00000000
 770      FFFF0300 
 770      0000FCFF 
 770      00000000 
 771 2114 00000000 			.word	0x00000000, 0x0003FFFF, 0xFFFC0000, 0x00000000
 771      FFFF0300 
 771      0000FCFF 
 771      00000000 
 772 2124 00000000 			.word	0x00000000, 0x0003FFFF, 0xFFFC0000, 0x00000000
 772      FFFF0300 
 772      0000FCFF 
 772      00000000 
 773 2134 00000000 			.word	0x00000000, 0x0003FFFF, 0xFFFC0000, 0x00000000
 773      FFFF0300 
 773      0000FCFF 
 773      00000000 
 774 2144 00000000 			.word	0x00000000, 0x0003FFFF, 0xFFFC0000, 0x00000000
 774      FFFF0300 
 774      0000FCFF 
 774      00000000 
 775 2154 00000000 			.word	0x00000000, 0x0003FFFF, 0xFFFC0000, 0x00000000
 775      FFFF0300 
 775      0000FCFF 
ARM GAS  font_century238.s 			page 40


 775      00000000 
 776 2164 00000000 			.word	0x00000000, 0x0003FFFF, 0xFFFC0000, 0x00000000
 776      FFFF0300 
 776      0000FCFF 
 776      00000000 
 777 2174 00000000 			.word	0x00000000, 0x0003FFFF, 0xFFFC0000, 0x00000000
 777      FFFF0300 
 777      0000FCFF 
 777      00000000 
 778 2184 00000000 			.word	0x00000000, 0x0003FFFF, 0xFFFC0000, 0x00000000
 778      FFFF0300 
 778      0000FCFF 
 778      00000000 
 779 2194 00000000 			.word	0x00000000, 0x0003FFFF, 0xFFFC0000, 0x00000000
 779      FFFF0300 
 779      0000FCFF 
 779      00000000 
 780 21a4 00000000 			.word	0x00000000, 0x0003FFFF, 0xFFFC0000, 0x00000000
 780      FFFF0300 
 780      0000FCFF 
 780      00000000 
 781 21b4 00000000 			.word	0x00000000, 0x0003FFFF, 0xFFFC0000, 0x00000000
 781      FFFF0300 
 781      0000FCFF 
 781      00000000 
 782 21c4 00000000 			.word	0x00000000, 0x0003FFFF, 0xFFFC0000, 0x00000000
 782      FFFF0300 
 782      0000FCFF 
 782      00000000 
 783 21d4 00000000 			.word	0x00000000, 0x0007FFFF, 0xFFFC0000, 0x00000000
 783      FFFF0700 
 783      0000FCFF 
 783      00000000 
 784 21e4 00000000 			.word	0x00000000, 0x0007FFFF, 0xFFFC0000, 0x00000000
 784      FFFF0700 
 784      0000FCFF 
 784      00000000 
 785 21f4 00000000 			.word	0x00000000, 0x0007FFFF, 0xFFFC0000, 0x00000000
 785      FFFF0700 
 785      0000FCFF 
 785      00000000 
 786 2204 00000000 			.word	0x00000000, 0x0007FFFF, 0xFFFE0000, 0x00000000
 786      FFFF0700 
 786      0000FEFF 
 786      00000000 
 787 2214 00000000 			.word	0x00000000, 0x000FFFFF, 0xFFFE0000, 0x00000000
 787      FFFF0F00 
 787      0000FEFF 
 787      00000000 
 788 2224 00000000 			.word	0x00000000, 0x001FFFFF, 0xFFFE0000, 0x00000000
 788      FFFF1F00 
 788      0000FEFF 
 788      00000000 
 789 2234 00000000 			.word	0x00000000, 0x003FFFFF, 0xFFFF0000, 0x00000000
 789      FFFF3F00 
 789      0000FFFF 
 789      00000000 
ARM GAS  font_century238.s 			page 41


 790 2244 00000000 			.word	0x00000000, 0x007FFFFF, 0xFFFFC000, 0x00000000
 790      FFFF7F00 
 790      00C0FFFF 
 790      00000000 
 791 2254 00000000 			.word	0x00000000, 0x01FFFFFF, 0xFFFFF000, 0x00000000
 791      FFFFFF01 
 791      00F0FFFF 
 791      00000000 
 792 2264 00000000 			.word	0x00000000, 0x1FFFFFFF, 0xFFFFFE00, 0x00000000
 792      FFFFFF1F 
 792      00FEFFFF 
 792      00000000 
 793 2274 FFFFFF03 			.word	0x03FFFFFF, 0xFFFFFFFF, 0xFFFFFFFF, 0xFFFFFF80
 793      FFFFFFFF 
 793      FFFFFFFF 
 793      80FFFFFF 
 794 2284 FFFFFF03 			.word	0x03FFFFFF, 0xFFFFFFFF, 0xFFFFFFFF, 0xFFFFFF80
 794      FFFFFFFF 
 794      FFFFFFFF 
 794      80FFFFFF 
 795 2294 FFFFFF03 			.word	0x03FFFFFF, 0xFFFFFFFF, 0xFFFFFFFF, 0xFFFFFF80
 795      FFFFFFFF 
 795      FFFFFFFF 
 795      80FFFFFF 
 796 22a4 FFFFFF03 			.word	0x03FFFFFF, 0xFFFFFFFF, 0xFFFFFFFF, 0xFFFFFF80
 796      FFFFFFFF 
 796      FFFFFFFF 
 796      80FFFFFF 
 797 22b4 FFFFFF03 			.word	0x03FFFFFF, 0xFFFFFFFF, 0xFFFFFFFF, 0xFFFFFF80
 797      FFFFFFFF 
 797      FFFFFFFF 
 797      80FFFFFF 
 798 22c4 FFFFFF03 			.word	0x03FFFFFF, 0xFFFFFFFF, 0xFFFFFFFF, 0xFFFFFF80
 798      FFFFFFFF 
 798      FFFFFFFF 
 798      80FFFFFF 
 799 22d4 FFFFFF03 			.word	0x03FFFFFF, 0xFFFFFFFF, 0xFFFFFFFF, 0xFFFFFF80
 799      FFFFFFFF 
 799      FFFFFFFF 
 799      80FFFFFF 
 800 22e4 FFFFFF03 			.word	0x03FFFFFF, 0xFFFFFFFF, 0xFFFFFFFF, 0xFFFFFF80
 800      FFFFFFFF 
 800      FFFFFFFF 
 800      80FFFFFF 
 801 22f4 FFFFFF03 			.word	0x03FFFFFF, 0xFFFFFFFF, 0xFFFFFFFF, 0xFFFFFF80
 801      FFFFFFFF 
 801      FFFFFFFF 
 801      80FFFFFF 
 802 2304 FFFFFF03 			.word	0x03FFFFFF, 0xFFFFFFFF, 0xFFFFFFFF, 0xFFFFFF80
 802      FFFFFFFF 
 802      FFFFFFFF 
 802      80FFFFFF 
 803 2314 FFFFFF03 			.word	0x03FFFFFF, 0xFFFFFFFF, 0xFFFFFFFF, 0xFFFFFF80
 803      FFFFFFFF 
 803      FFFFFFFF 
 803      80FFFFFF 
 804 2324 FFFFFF03 			.word	0x03FFFFFF, 0xFFFFFFFF, 0xFFFFFFFF, 0xFFFFFF80
ARM GAS  font_century238.s 			page 42


 804      FFFFFFFF 
 804      FFFFFFFF 
 804      80FFFFFF 
 805 2334 FFFFFF03 			.word	0x03FFFFFF, 0xFFFFFFFF, 0xFFFFFFFF, 0xFFFFFF80
 805      FFFFFFFF 
 805      FFFFFFFF 
 805      80FFFFFF 
 806 2344 FFFFFF03 			.word	0x03FFFFFF, 0xFFFFFFFF, 0xFFFFFFFF, 0xFFFFFF80
 806      FFFFFFFF 
 806      FFFFFFFF 
 806      80FFFFFF 
 807 2354 FFFFFF03 			.word	0x03FFFFFF, 0xFFFFFFFF, 0xFFFFFFFF, 0xFFFFFF80
 807      FFFFFFFF 
 807      FFFFFFFF 
 807      80FFFFFF 
 808 2364 FFFFFF03 			.word	0x03FFFFFF, 0xFFFFFFFF, 0xFFFFFFFF, 0xFFFFFF80
 808      FFFFFFFF 
 808      FFFFFFFF 
 808      80FFFFFF 
 809 2374 FFFFFF03 			.word	0x03FFFFFF, 0xFFFFFFFF, 0xFFFFFFFF, 0xFFFFFF80
 809      FFFFFFFF 
 809      FFFFFFFF 
 809      80FFFFFF 
 810              	
 811              	TWO:
 812 2384 32000000 			.word	'2			// ASCII "2" character
 813 2388 B1000000 			.word	CELLWDTH		// cell pixel width
 814 238c 7D010000 			.word	CELLHGHT		// cell pixel height
 815 2390 95000000 			.word	149			// glyph pixel width
 816 2394 DC000000 			.word	220			// glyph pixel height
 817 2398 0A000000 			.word	10			// blank horizontal pixels before glyph
 818 239c 12000000 			.word	18			// blank horizontal pixels after glyph
 819 23a0 5D000000 			.word	93			// blank horizontal lines before glyph
 820 23a4 44000000 			.word	68			// blank horizontal lines after glyph
 821              							// bit mapped glyph
 822 23a8 00000000 			.word	0x00000000, 0x00000000, 0x7FFFFFF0, 0x00000000, 0x00000000
 822      00000000 
 822      F0FFFF7F 
 822      00000000 
 822      00000000 
 823 23bc 00000000 			.word	0x00000000, 0x0000001F, 0xFFFFFFFF, 0x80000000, 0x00000000
 823      1F000000 
 823      FFFFFFFF 
 823      00000080 
 823      00000000 
 824 23d0 00000000 			.word	0x00000000, 0x000001FF, 0xFFFFFFFF, 0xF8000000, 0x00000000
 824      FF010000 
 824      FFFFFFFF 
 824      000000F8 
 824      00000000 
 825 23e4 00000000 			.word	0x00000000, 0x00000FFF, 0xFFFFFFFF, 0xFF800000, 0x00000000
 825      FF0F0000 
 825      FFFFFFFF 
 825      000080FF 
 825      00000000 
 826 23f8 00000000 			.word	0x00000000, 0x00007FFF, 0xFFFFFFFF, 0xFFE00000, 0x00000000
 826      FF7F0000 
ARM GAS  font_century238.s 			page 43


 826      FFFFFFFF 
 826      0000E0FF 
 826      00000000 
 827 240c 00000000 			.word	0x00000000, 0x0003FFFF, 0xFFFFFFFF, 0xFFFC0000, 0x00000000
 827      FFFF0300 
 827      FFFFFFFF 
 827      0000FCFF 
 827      00000000 
 828 2420 00000000 			.word	0x00000000, 0x000FFFFF, 0xFFFFFFFF, 0xFFFF0000, 0x00000000
 828      FFFF0F00 
 828      FFFFFFFF 
 828      0000FFFF 
 828      00000000 
 829 2434 00000000 			.word	0x00000000, 0x003FFFFF, 0xFFFFFFFF, 0xFFFFC000, 0x00000000
 829      FFFF3F00 
 829      FFFFFFFF 
 829      00C0FFFF 
 829      00000000 
 830 2448 00000000 			.word	0x00000000, 0x00FFFFFF, 0xFFFFFFFF, 0xFFFFF000, 0x00000000
 830      FFFFFF00 
 830      FFFFFFFF 
 830      00F0FFFF 
 830      00000000 
 831 245c 00000000 			.word	0x00000000, 0x03FFFFFF, 0xFFFFFFFF, 0xFFFFFC00, 0x00000000
 831      FFFFFF03 
 831      FFFFFFFF 
 831      00FCFFFF 
 831      00000000 
 832 2470 00000000 			.word	0x00000000, 0x0FFFFFFF, 0xFFFFFFFF, 0xFFFFFF00, 0x00000000
 832      FFFFFF0F 
 832      FFFFFFFF 
 832      00FFFFFF 
 832      00000000 
 833 2484 00000000 			.word	0x00000000, 0x3FFFFFFF, 0xFFFFFFFF, 0xFFFFFFC0, 0x00000000
 833      FFFFFF3F 
 833      FFFFFFFF 
 833      C0FFFFFF 
 833      00000000 
 834 2498 00000000 			.word	0x00000000, 0x7FFFFFFF, 0xFFFFFFFF, 0xFFFFFFE0, 0x00000000
 834      FFFFFF7F 
 834      FFFFFFFF 
 834      E0FFFFFF 
 834      00000000 
 835 24ac 01000000 			.word	0x00000001, 0xFFFFFFFF, 0xFFFFFFFF, 0xFFFFFFF8, 0x00000000
 835      FFFFFFFF 
 835      FFFFFFFF 
 835      F8FFFFFF 
 835      00000000 
 836 24c0 03000000 			.word	0x00000003, 0xFFFFFFFF, 0xFFFFFFFF, 0xFFFFFFFC, 0x00000000
 836      FFFFFFFF 
 836      FFFFFFFF 
 836      FCFFFFFF 
 836      00000000 
 837 24d4 0F000000 			.word	0x0000000F, 0xFFFFFFFF, 0xFFFFFFFF, 0xFFFFFFFE, 0x00000000
 837      FFFFFFFF 
 837      FFFFFFFF 
 837      FEFFFFFF 
ARM GAS  font_century238.s 			page 44


 837      00000000 
 838 24e8 1F000000 			.word	0x0000001F, 0xFFFFFFFF, 0xFFFFFFFF, 0xFFFFFFFF, 0x00000000
 838      FFFFFFFF 
 838      FFFFFFFF 
 838      FFFFFFFF 
 838      00000000 
 839 24fc 3F000000 			.word	0x0000003F, 0xFFFFFFFF, 0xFE07FFFF, 0xFFFFFFFF, 0xC0000000
 839      FFFFFFFF 
 839      FFFF07FE 
 839      FFFFFFFF 
 839      000000C0 
 840 2510 7F000000 			.word	0x0000007F, 0xFFFFFFFE, 0x00000FFF, 0xFFFFFFFF, 0xE0000000
 840      FEFFFFFF 
 840      FF0F0000 
 840      FFFFFFFF 
 840      000000E0 
 841 2524 FF000000 			.word	0x000000FF, 0xFFFFFFE0, 0x000001FF, 0xFFFFFFFF, 0xF0000000
 841      E0FFFFFF 
 841      FF010000 
 841      FFFFFFFF 
 841      000000F0 
 842 2538 FF010000 			.word	0x000001FF, 0xFFFFFF00, 0x0000003F, 0xFFFFFFFF, 0xF8000000
 842      00FFFFFF 
 842      3F000000 
 842      FFFFFFFF 
 842      000000F8 
 843 254c FF030000 			.word	0x000003FF, 0xFFFFF800, 0x0000000F, 0xFFFFFFFF, 0xFC000000
 843      00F8FFFF 
 843      0F000000 
 843      FFFFFFFF 
 843      000000FC 
 844 2560 FF070000 			.word	0x000007FF, 0xFFFFE000, 0x00000007, 0xFFFFFFFF, 0xFC000000
 844      00E0FFFF 
 844      07000000 
 844      FFFFFFFF 
 844      000000FC 
 845 2574 FF0F0000 			.word	0x00000FFF, 0xFFFF8000, 0x00000001, 0xFFFFFFFF, 0xFE000000
 845      0080FFFF 
 845      01000000 
 845      FFFFFFFF 
 845      000000FE 
 846 2588 FF1F0000 			.word	0x00001FFF, 0xFFFF0000, 0x00000000, 0xFFFFFFFF, 0xFF000000
 846      0000FFFF 
 846      00000000 
 846      FFFFFFFF 
 846      000000FF 
 847 259c FF1F0000 			.word	0x00001FFF, 0xFFFC0000, 0x00000000, 0x3FFFFFFF, 0xFF800000
 847      0000FCFF 
 847      00000000 
 847      FFFFFF3F 
 847      000080FF 
 848 25b0 FF3F0000 			.word	0x00003FFF, 0xFFF00000, 0x00000000, 0x1FFFFFFF, 0xFFC00000
 848      0000F0FF 
 848      00000000 
 848      FFFFFF1F 
 848      0000C0FF 
 849 25c4 FF7F0000 			.word	0x00007FFF, 0xFFE00000, 0x00000000, 0x0FFFFFFF, 0xFFC00000
ARM GAS  font_century238.s 			page 45


 849      0000E0FF 
 849      00000000 
 849      FFFFFF0F 
 849      0000C0FF 
 850 25d8 FFFF0000 			.word	0x0000FFFF, 0xFFC00000, 0x00000000, 0x07FFFFFF, 0xFFE00000
 850      0000C0FF 
 850      00000000 
 850      FFFFFF07 
 850      0000E0FF 
 851 25ec FFFF0000 			.word	0x0000FFFF, 0xFF800000, 0x00000000, 0x07FFFFFF, 0xFFF00000
 851      000080FF 
 851      00000000 
 851      FFFFFF07 
 851      0000F0FF 
 852 2600 FFFF0100 			.word	0x0001FFFF, 0xFF000000, 0x00000000, 0x03FFFFFF, 0xFFF00000
 852      000000FF 
 852      00000000 
 852      FFFFFF03 
 852      0000F0FF 
 853 2614 FFFF0100 			.word	0x0001FFFF, 0xFE000000, 0x00000000, 0x01FFFFFF, 0xFFF80000
 853      000000FE 
 853      00000000 
 853      FFFFFF01 
 853      0000F8FF 
 854 2628 FFFF0300 			.word	0x0003FFFF, 0xFC000000, 0x00000000, 0x00FFFFFF, 0xFFF80000
 854      000000FC 
 854      00000000 
 854      FFFFFF00 
 854      0000F8FF 
 855 263c FFFF0300 			.word	0x0003FFFF, 0xF8000000, 0x00000000, 0x00FFFFFF, 0xFFFC0000
 855      000000F8 
 855      00000000 
 855      FFFFFF00 
 855      0000FCFF 
 856 2650 FFFF0700 			.word	0x0007FFFF, 0xF0000000, 0x00000000, 0x007FFFFF, 0xFFFC0000
 856      000000F0 
 856      00000000 
 856      FFFF7F00 
 856      0000FCFF 
 857 2664 FFFF0700 			.word	0x0007FFFF, 0xE0000000, 0x00000000, 0x007FFFFF, 0xFFFE0000
 857      000000E0 
 857      00000000 
 857      FFFF7F00 
 857      0000FEFF 
 858 2678 FFFF0F00 			.word	0x000FFFFF, 0xE0000000, 0x00000000, 0x003FFFFF, 0xFFFE0000
 858      000000E0 
 858      00000000 
 858      FFFF3F00 
 858      0000FEFF 
 859 268c FFFF0F00 			.word	0x000FFFFF, 0xC0000000, 0x00000000, 0x003FFFFF, 0xFFFE0000
 859      000000C0 
 859      00000000 
 859      FFFF3F00 
 859      0000FEFF 
 860 26a0 FFFF1F00 			.word	0x001FFFFF, 0x80000000, 0x00000000, 0x001FFFFF, 0xFFFF0000
 860      00000080 
 860      00000000 
ARM GAS  font_century238.s 			page 46


 860      FFFF1F00 
 860      0000FFFF 
 861 26b4 FFFF1F00 			.word	0x001FFFFF, 0x80000000, 0x00000000, 0x001FFFFF, 0xFFFF0000
 861      00000080 
 861      00000000 
 861      FFFF1F00 
 861      0000FFFF 
 862 26c8 FFFF1F00 			.word	0x001FFFFF, 0x80000000, 0x00000000, 0x001FFFFF, 0xFFFF8000
 862      00000080 
 862      00000000 
 862      FFFF1F00 
 862      0080FFFF 
 863 26dc FFFF3F00 			.word	0x003FFFFF, 0x00000000, 0x00000000, 0x000FFFFF, 0xFFFF8000
 863      00000000 
 863      00000000 
 863      FFFF0F00 
 863      0080FFFF 
 864 26f0 FFFF3F00 			.word	0x003FFFFF, 0x00000000, 0x00000000, 0x000FFFFF, 0xFFFF8000
 864      00000000 
 864      00000000 
 864      FFFF0F00 
 864      0080FFFF 
 865 2704 FFFF3F00 			.word	0x003FFFFF, 0x00000000, 0x00000000, 0x000FFFFF, 0xFFFF8000
 865      00000000 
 865      00000000 
 865      FFFF0F00 
 865      0080FFFF 
 866 2718 FFFF7F00 			.word	0x007FFFFF, 0x00000000, 0x00000000, 0x0007FFFF, 0xFFFFC000
 866      00000000 
 866      00000000 
 866      FFFF0700 
 866      00C0FFFF 
 867 272c FFFF7F00 			.word	0x007FFFFF, 0x00000000, 0x00000000, 0x0007FFFF, 0xFFFFC000
 867      00000000 
 867      00000000 
 867      FFFF0700 
 867      00C0FFFF 
 868 2740 FFFF7F00 			.word	0x007FFFFF, 0x00000000, 0x00000000, 0x0007FFFF, 0xFFFFC000
 868      00000000 
 868      00000000 
 868      FFFF0700 
 868      00C0FFFF 
 869 2754 FFFF7F00 			.word	0x007FFFFF, 0x00000000, 0x00000000, 0x0007FFFF, 0xFFFFC000
 869      00000000 
 869      00000000 
 869      FFFF0700 
 869      00C0FFFF 
 870 2768 FFFF7F00 			.word	0x007FFFFF, 0x80000000, 0x00000000, 0x0007FFFF, 0xFFFFC000
 870      00000080 
 870      00000000 
 870      FFFF0700 
 870      00C0FFFF 
 871 277c FFFFFF00 			.word	0x00FFFFFF, 0xE0000000, 0x00000000, 0x0007FFFF, 0xFFFFE000
 871      000000E0 
 871      00000000 
 871      FFFF0700 
 871      00E0FFFF 
ARM GAS  font_century238.s 			page 47


 872 2790 FFFFFF00 			.word	0x00FFFFFF, 0xF8000000, 0x00000000, 0x0007FFFF, 0xFFFFE000
 872      000000F8 
 872      00000000 
 872      FFFF0700 
 872      00E0FFFF 
 873 27a4 FFFFFF00 			.word	0x00FFFFFF, 0xFF000000, 0x00000000, 0x0003FFFF, 0xFFFFE000
 873      000000FF 
 873      00000000 
 873      FFFF0300 
 873      00E0FFFF 
 874 27b8 FFFFFF00 			.word	0x00FFFFFF, 0xFFF00000, 0x00000000, 0x0003FFFF, 0xFFFFE000
 874      0000F0FF 
 874      00000000 
 874      FFFF0300 
 874      00E0FFFF 
 875 27cc FFFFFF00 			.word	0x00FFFFFF, 0xFFFC0000, 0x00000000, 0x0003FFFF, 0xFFFFE000
 875      0000FCFF 
 875      00000000 
 875      FFFF0300 
 875      00E0FFFF 
 876 27e0 FFFFFF00 			.word	0x00FFFFFF, 0xFFFF0000, 0x00000000, 0x0003FFFF, 0xFFFFE000
 876      0000FFFF 
 876      00000000 
 876      FFFF0300 
 876      00E0FFFF 
 877 27f4 FFFFFF00 			.word	0x00FFFFFF, 0xFFFFC000, 0x00000000, 0x0003FFFF, 0xFFFFE000
 877      00C0FFFF 
 877      00000000 
 877      FFFF0300 
 877      00E0FFFF 
 878 2808 FFFFFF00 			.word	0x00FFFFFF, 0xFFFFE000, 0x00000000, 0x0003FFFF, 0xFFFFE000
 878      00E0FFFF 
 878      00000000 
 878      FFFF0300 
 878      00E0FFFF 
 879 281c FFFFFF00 			.word	0x00FFFFFF, 0xFFFFF000, 0x00000000, 0x0007FFFF, 0xFFFFE000
 879      00F0FFFF 
 879      00000000 
 879      FFFF0700 
 879      00E0FFFF 
 880 2830 FFFFFF00 			.word	0x00FFFFFF, 0xFFFFF800, 0x00000000, 0x0007FFFF, 0xFFFFE000
 880      00F8FFFF 
 880      00000000 
 880      FFFF0700 
 880      00E0FFFF 
 881 2844 FFFFFF00 			.word	0x00FFFFFF, 0xFFFFFC00, 0x00000000, 0x0007FFFF, 0xFFFFE000
 881      00FCFFFF 
 881      00000000 
 881      FFFF0700 
 881      00E0FFFF 
 882 2858 FFFFFF00 			.word	0x00FFFFFF, 0xFFFFFE00, 0x00000000, 0x0007FFFF, 0xFFFFE000
 882      00FEFFFF 
 882      00000000 
 882      FFFF0700 
 882      00E0FFFF 
 883 286c FFFFFF00 			.word	0x00FFFFFF, 0xFFFFFE00, 0x00000000, 0x0007FFFF, 0xFFFFE000
 883      00FEFFFF 
ARM GAS  font_century238.s 			page 48


 883      00000000 
 883      FFFF0700 
 883      00E0FFFF 
 884 2880 FFFFFF00 			.word	0x00FFFFFF, 0xFFFFFF00, 0x00000000, 0x0007FFFF, 0xFFFFE000
 884      00FFFFFF 
 884      00000000 
 884      FFFF0700 
 884      00E0FFFF 
 885 2894 FFFFFF00 			.word	0x00FFFFFF, 0xFFFFFF00, 0x00000000, 0x0007FFFF, 0xFFFFE000
 885      00FFFFFF 
 885      00000000 
 885      FFFF0700 
 885      00E0FFFF 
 886 28a8 FFFFFF00 			.word	0x00FFFFFF, 0xFFFFFF00, 0x00000000, 0x000FFFFF, 0xFFFFE000
 886      00FFFFFF 
 886      00000000 
 886      FFFF0F00 
 886      00E0FFFF 
 887 28bc FFFFFF00 			.word	0x00FFFFFF, 0xFFFFFF80, 0x00000000, 0x000FFFFF, 0xFFFFE000
 887      80FFFFFF 
 887      00000000 
 887      FFFF0F00 
 887      00E0FFFF 
 888 28d0 FFFFFF00 			.word	0x00FFFFFF, 0xFFFFFF80, 0x00000000, 0x000FFFFF, 0xFFFFE000
 888      80FFFFFF 
 888      00000000 
 888      FFFF0F00 
 888      00E0FFFF 
 889 28e4 FFFFFF00 			.word	0x00FFFFFF, 0xFFFFFF80, 0x00000000, 0x000FFFFF, 0xFFFFE000
 889      80FFFFFF 
 889      00000000 
 889      FFFF0F00 
 889      00E0FFFF 
 890 28f8 FFFFFF00 			.word	0x00FFFFFF, 0xFFFFFF80, 0x00000000, 0x000FFFFF, 0xFFFFE000
 890      80FFFFFF 
 890      00000000 
 890      FFFF0F00 
 890      00E0FFFF 
 891 290c FFFFFF00 			.word	0x00FFFFFF, 0xFFFFFF80, 0x00000000, 0x001FFFFF, 0xFFFFE000
 891      80FFFFFF 
 891      00000000 
 891      FFFF1F00 
 891      00E0FFFF 
 892 2920 FFFF7F00 			.word	0x007FFFFF, 0xFFFFFF80, 0x00000000, 0x001FFFFF, 0xFFFFE000
 892      80FFFFFF 
 892      00000000 
 892      FFFF1F00 
 892      00E0FFFF 
 893 2934 FFFF7F00 			.word	0x007FFFFF, 0xFFFFFF80, 0x00000000, 0x001FFFFF, 0xFFFFC000
 893      80FFFFFF 
 893      00000000 
 893      FFFF1F00 
 893      00C0FFFF 
 894 2948 FFFF7F00 			.word	0x007FFFFF, 0xFFFFFF80, 0x00000000, 0x003FFFFF, 0xFFFFC000
 894      80FFFFFF 
 894      00000000 
 894      FFFF3F00 
ARM GAS  font_century238.s 			page 49


 894      00C0FFFF 
 895 295c FFFF7F00 			.word	0x007FFFFF, 0xFFFFFF80, 0x00000000, 0x003FFFFF, 0xFFFFC000
 895      80FFFFFF 
 895      00000000 
 895      FFFF3F00 
 895      00C0FFFF 
 896 2970 FFFF7F00 			.word	0x007FFFFF, 0xFFFFFF80, 0x00000000, 0x003FFFFF, 0xFFFFC000
 896      80FFFFFF 
 896      00000000 
 896      FFFF3F00 
 896      00C0FFFF 
 897 2984 FFFF3F00 			.word	0x003FFFFF, 0xFFFFFF80, 0x00000000, 0x007FFFFF, 0xFFFF8000
 897      80FFFFFF 
 897      00000000 
 897      FFFF7F00 
 897      0080FFFF 
 898 2998 FFFF3F00 			.word	0x003FFFFF, 0xFFFFFF80, 0x00000000, 0x007FFFFF, 0xFFFF8000
 898      80FFFFFF 
 898      00000000 
 898      FFFF7F00 
 898      0080FFFF 
 899 29ac FFFF1F00 			.word	0x001FFFFF, 0xFFFFFF80, 0x00000000, 0x007FFFFF, 0xFFFF8000
 899      80FFFFFF 
 899      00000000 
 899      FFFF7F00 
 899      0080FFFF 
 900 29c0 FFFF1F00 			.word	0x001FFFFF, 0xFFFFFF80, 0x00000000, 0x00FFFFFF, 0xFFFF8000
 900      80FFFFFF 
 900      00000000 
 900      FFFFFF00 
 900      0080FFFF 
 901 29d4 FFFF1F00 			.word	0x001FFFFF, 0xFFFFFF80, 0x00000000, 0x00FFFFFF, 0xFFFF0000
 901      80FFFFFF 
 901      00000000 
 901      FFFFFF00 
 901      0000FFFF 
 902 29e8 FFFF0F00 			.word	0x000FFFFF, 0xFFFFFF00, 0x00000000, 0x00FFFFFF, 0xFFFF0000
 902      00FFFFFF 
 902      00000000 
 902      FFFFFF00 
 902      0000FFFF 
 903 29fc FFFF0700 			.word	0x0007FFFF, 0xFFFFFF00, 0x00000000, 0x01FFFFFF, 0xFFFF0000
 903      00FFFFFF 
 903      00000000 
 903      FFFFFF01 
 903      0000FFFF 
 904 2a10 FFFF0700 			.word	0x0007FFFF, 0xFFFFFF00, 0x00000000, 0x01FFFFFF, 0xFFFE0000
 904      00FFFFFF 
 904      00000000 
 904      FFFFFF01 
 904      0000FEFF 
 905 2a24 FFFF0300 			.word	0x0003FFFF, 0xFFFFFE00, 0x00000000, 0x03FFFFFF, 0xFFFE0000
 905      00FEFFFF 
 905      00000000 
 905      FFFFFF03 
 905      0000FEFF 
 906 2a38 FFFF0100 			.word	0x0001FFFF, 0xFFFFFE00, 0x00000000, 0x03FFFFFF, 0xFFFE0000
ARM GAS  font_century238.s 			page 50


 906      00FEFFFF 
 906      00000000 
 906      FFFFFF03 
 906      0000FEFF 
 907 2a4c FFFF0100 			.word	0x0001FFFF, 0xFFFFFC00, 0x00000000, 0x07FFFFFF, 0xFFFC0000
 907      00FCFFFF 
 907      00000000 
 907      FFFFFF07 
 907      0000FCFF 
 908 2a60 FFFF0000 			.word	0x0000FFFF, 0xFFFFFC00, 0x00000000, 0x07FFFFFF, 0xFFFC0000
 908      00FCFFFF 
 908      00000000 
 908      FFFFFF07 
 908      0000FCFF 
 909 2a74 FF7F0000 			.word	0x00007FFF, 0xFFFFF800, 0x00000000, 0x0FFFFFFF, 0xFFF80000
 909      00F8FFFF 
 909      00000000 
 909      FFFFFF0F 
 909      0000F8FF 
 910 2a88 FF3F0000 			.word	0x00003FFF, 0xFFFFF000, 0x00000000, 0x0FFFFFFF, 0xFFF80000
 910      00F0FFFF 
 910      00000000 
 910      FFFFFF0F 
 910      0000F8FF 
 911 2a9c FF1F0000 			.word	0x00001FFF, 0xFFFFE000, 0x00000000, 0x1FFFFFFF, 0xFFF00000
 911      00E0FFFF 
 911      00000000 
 911      FFFFFF1F 
 911      0000F0FF 
 912 2ab0 FF070000 			.word	0x000007FF, 0xFFFFC000, 0x00000000, 0x1FFFFFFF, 0xFFF00000
 912      00C0FFFF 
 912      00000000 
 912      FFFFFF1F 
 912      0000F0FF 
 913 2ac4 FF030000 			.word	0x000003FF, 0xFFFF0000, 0x00000000, 0x3FFFFFFF, 0xFFE00000
 913      0000FFFF 
 913      00000000 
 913      FFFFFF3F 
 913      0000E0FF 
 914 2ad8 FF000000 			.word	0x000000FF, 0xFFFC0000, 0x00000000, 0x3FFFFFFF, 0xFFE00000
 914      0000FCFF 
 914      00000000 
 914      FFFFFF3F 
 914      0000E0FF 
 915 2aec 1F000000 			.word	0x0000001F, 0xFFE00000, 0x00000000, 0x7FFFFFFF, 0xFFC00000
 915      0000E0FF 
 915      00000000 
 915      FFFFFF7F 
 915      0000C0FF 
 916 2b00 00000000 			.word	0x00000000, 0x00000000, 0x00000000, 0xFFFFFFFF, 0xFFC00000
 916      00000000 
 916      00000000 
 916      FFFFFFFF 
 916      0000C0FF 
 917 2b14 00000000 			.word	0x00000000, 0x00000000, 0x00000000, 0xFFFFFFFF, 0xFF800000
 917      00000000 
 917      00000000 
ARM GAS  font_century238.s 			page 51


 917      FFFFFFFF 
 917      000080FF 
 918 2b28 00000000 			.word	0x00000000, 0x00000000, 0x00000001, 0xFFFFFFFF, 0xFF800000
 918      00000000 
 918      01000000 
 918      FFFFFFFF 
 918      000080FF 
 919 2b3c 00000000 			.word	0x00000000, 0x00000000, 0x00000001, 0xFFFFFFFF, 0xFF000000
 919      00000000 
 919      01000000 
 919      FFFFFFFF 
 919      000000FF 
 920 2b50 00000000 			.word	0x00000000, 0x00000000, 0x00000003, 0xFFFFFFFF, 0xFE000000
 920      00000000 
 920      03000000 
 920      FFFFFFFF 
 920      000000FE 
 921 2b64 00000000 			.word	0x00000000, 0x00000000, 0x00000007, 0xFFFFFFFF, 0xFE000000
 921      00000000 
 921      07000000 
 921      FFFFFFFF 
 921      000000FE 
 922 2b78 00000000 			.word	0x00000000, 0x00000000, 0x00000007, 0xFFFFFFFF, 0xFC000000
 922      00000000 
 922      07000000 
 922      FFFFFFFF 
 922      000000FC 
 923 2b8c 00000000 			.word	0x00000000, 0x00000000, 0x0000000F, 0xFFFFFFFF, 0xF8000000
 923      00000000 
 923      0F000000 
 923      FFFFFFFF 
 923      000000F8 
 924 2ba0 00000000 			.word	0x00000000, 0x00000000, 0x0000001F, 0xFFFFFFFF, 0xF0000000
 924      00000000 
 924      1F000000 
 924      FFFFFFFF 
 924      000000F0 
 925 2bb4 00000000 			.word	0x00000000, 0x00000000, 0x0000001F, 0xFFFFFFFF, 0xF0000000
 925      00000000 
 925      1F000000 
 925      FFFFFFFF 
 925      000000F0 
 926 2bc8 00000000 			.word	0x00000000, 0x00000000, 0x0000003F, 0xFFFFFFFF, 0xE0000000
 926      00000000 
 926      3F000000 
 926      FFFFFFFF 
 926      000000E0 
 927 2bdc 00000000 			.word	0x00000000, 0x00000000, 0x0000007F, 0xFFFFFFFF, 0xC0000000
 927      00000000 
 927      7F000000 
 927      FFFFFFFF 
 927      000000C0 
 928 2bf0 00000000 			.word	0x00000000, 0x00000000, 0x000000FF, 0xFFFFFFFF, 0x80000000
 928      00000000 
 928      FF000000 
 928      FFFFFFFF 
 928      00000080 
ARM GAS  font_century238.s 			page 52


 929 2c04 00000000 			.word	0x00000000, 0x00000000, 0x000000FF, 0xFFFFFFFF, 0x00000000
 929      00000000 
 929      FF000000 
 929      FFFFFFFF 
 929      00000000 
 930 2c18 00000000 			.word	0x00000000, 0x00000000, 0x000001FF, 0xFFFFFFFE, 0x00000000
 930      00000000 
 930      FF010000 
 930      FEFFFFFF 
 930      00000000 
 931 2c2c 00000000 			.word	0x00000000, 0x00000000, 0x000003FF, 0xFFFFFFFE, 0x00000000
 931      00000000 
 931      FF030000 
 931      FEFFFFFF 
 931      00000000 
 932 2c40 00000000 			.word	0x00000000, 0x00000000, 0x000007FF, 0xFFFFFFFC, 0x00000000
 932      00000000 
 932      FF070000 
 932      FCFFFFFF 
 932      00000000 
 933 2c54 00000000 			.word	0x00000000, 0x00000000, 0x00000FFF, 0xFFFFFFF8, 0x00000000
 933      00000000 
 933      FF0F0000 
 933      F8FFFFFF 
 933      00000000 
 934 2c68 00000000 			.word	0x00000000, 0x00000000, 0x00000FFF, 0xFFFFFFF0, 0x00000000
 934      00000000 
 934      FF0F0000 
 934      F0FFFFFF 
 934      00000000 
 935 2c7c 00000000 			.word	0x00000000, 0x00000000, 0x00001FFF, 0xFFFFFFE0, 0x00000000
 935      00000000 
 935      FF1F0000 
 935      E0FFFFFF 
 935      00000000 
 936 2c90 00000000 			.word	0x00000000, 0x00000000, 0x00003FFF, 0xFFFFFFC0, 0x00000000
 936      00000000 
 936      FF3F0000 
 936      C0FFFFFF 
 936      00000000 
 937 2ca4 00000000 			.word	0x00000000, 0x00000000, 0x00007FFF, 0xFFFFFF80, 0x00000000
 937      00000000 
 937      FF7F0000 
 937      80FFFFFF 
 937      00000000 
 938 2cb8 00000000 			.word	0x00000000, 0x00000000, 0x0000FFFF, 0xFFFFFF00, 0x00000000
 938      00000000 
 938      FFFF0000 
 938      00FFFFFF 
 938      00000000 
 939 2ccc 00000000 			.word	0x00000000, 0x00000000, 0x0001FFFF, 0xFFFFFE00, 0x00000000
 939      00000000 
 939      FFFF0100 
 939      00FEFFFF 
 939      00000000 
 940 2ce0 00000000 			.word	0x00000000, 0x00000000, 0x0003FFFF, 0xFFFFFC00, 0x00000000
 940      00000000 
ARM GAS  font_century238.s 			page 53


 940      FFFF0300 
 940      00FCFFFF 
 940      00000000 
 941 2cf4 00000000 			.word	0x00000000, 0x00000000, 0x0003FFFF, 0xFFFFF800, 0x00000000
 941      00000000 
 941      FFFF0300 
 941      00F8FFFF 
 941      00000000 
 942 2d08 00000000 			.word	0x00000000, 0x00000000, 0x0007FFFF, 0xFFFFF000, 0x00000000
 942      00000000 
 942      FFFF0700 
 942      00F0FFFF 
 942      00000000 
 943 2d1c 00000000 			.word	0x00000000, 0x00000000, 0x000FFFFF, 0xFFFFE000, 0x00000000
 943      00000000 
 943      FFFF0F00 
 943      00E0FFFF 
 943      00000000 
 944 2d30 00000000 			.word	0x00000000, 0x00000000, 0x001FFFFF, 0xFFFFC000, 0x00000000
 944      00000000 
 944      FFFF1F00 
 944      00C0FFFF 
 944      00000000 
 945 2d44 00000000 			.word	0x00000000, 0x00000000, 0x003FFFFF, 0xFFFF8000, 0x00000000
 945      00000000 
 945      FFFF3F00 
 945      0080FFFF 
 945      00000000 
 946 2d58 00000000 			.word	0x00000000, 0x00000000, 0x007FFFFF, 0xFFFF0000, 0x00000000
 946      00000000 
 946      FFFF7F00 
 946      0000FFFF 
 946      00000000 
 947 2d6c 00000000 			.word	0x00000000, 0x00000000, 0x00FFFFFF, 0xFFFE0000, 0x00000000
 947      00000000 
 947      FFFFFF00 
 947      0000FEFF 
 947      00000000 
 948 2d80 00000000 			.word	0x00000000, 0x00000000, 0x01FFFFFF, 0xFFFC0000, 0x00000000
 948      00000000 
 948      FFFFFF01 
 948      0000FCFF 
 948      00000000 
 949 2d94 00000000 			.word	0x00000000, 0x00000000, 0x03FFFFFF, 0xFFF80000, 0x00000000
 949      00000000 
 949      FFFFFF03 
 949      0000F8FF 
 949      00000000 
 950 2da8 00000000 			.word	0x00000000, 0x00000000, 0x03FFFFFF, 0xFFF00000, 0x00000000
 950      00000000 
 950      FFFFFF03 
 950      0000F0FF 
 950      00000000 
 951 2dbc 00000000 			.word	0x00000000, 0x00000000, 0x07FFFFFF, 0xFFE00000, 0x00000000
 951      00000000 
 951      FFFFFF07 
 951      0000E0FF 
ARM GAS  font_century238.s 			page 54


 951      00000000 
 952 2dd0 00000000 			.word	0x00000000, 0x00000000, 0x0FFFFFFF, 0xFFC00000, 0x00000000
 952      00000000 
 952      FFFFFF0F 
 952      0000C0FF 
 952      00000000 
 953 2de4 00000000 			.word	0x00000000, 0x00000000, 0x1FFFFFFF, 0xFF000000, 0x00000000
 953      00000000 
 953      FFFFFF1F 
 953      000000FF 
 953      00000000 
 954 2df8 00000000 			.word	0x00000000, 0x00000000, 0x3FFFFFFF, 0xFE000000, 0x00000000
 954      00000000 
 954      FFFFFF3F 
 954      000000FE 
 954      00000000 
 955 2e0c 00000000 			.word	0x00000000, 0x00000000, 0x7FFFFFFF, 0xFC000000, 0x00000000
 955      00000000 
 955      FFFFFF7F 
 955      000000FC 
 955      00000000 
 956 2e20 00000000 			.word	0x00000000, 0x00000000, 0xFFFFFFFF, 0xF8000000, 0x00000000
 956      00000000 
 956      FFFFFFFF 
 956      000000F8 
 956      00000000 
 957 2e34 00000000 			.word	0x00000000, 0x00000001, 0xFFFFFFFF, 0xF0000000, 0x00000000
 957      01000000 
 957      FFFFFFFF 
 957      000000F0 
 957      00000000 
 958 2e48 00000000 			.word	0x00000000, 0x00000003, 0xFFFFFFFF, 0xC0000000, 0x00000000
 958      03000000 
 958      FFFFFFFF 
 958      000000C0 
 958      00000000 
 959 2e5c 00000000 			.word	0x00000000, 0x00000007, 0xFFFFFFFF, 0x80000000, 0x00000000
 959      07000000 
 959      FFFFFFFF 
 959      00000080 
 959      00000000 
 960 2e70 00000000 			.word	0x00000000, 0x0000000F, 0xFFFFFFFF, 0x00000000, 0x00000000
 960      0F000000 
 960      FFFFFFFF 
 960      00000000 
 960      00000000 
 961 2e84 00000000 			.word	0x00000000, 0x0000000F, 0xFFFFFFFE, 0x00000000, 0x00000000
 961      0F000000 
 961      FEFFFFFF 
 961      00000000 
 961      00000000 
 962 2e98 00000000 			.word	0x00000000, 0x0000001F, 0xFFFFFFFC, 0x00000000, 0x00000000
 962      1F000000 
 962      FCFFFFFF 
 962      00000000 
 962      00000000 
 963 2eac 00000000 			.word	0x00000000, 0x0000003F, 0xFFFFFFF8, 0x00000000, 0x00000000
ARM GAS  font_century238.s 			page 55


 963      3F000000 
 963      F8FFFFFF 
 963      00000000 
 963      00000000 
 964 2ec0 00000000 			.word	0x00000000, 0x0000007F, 0xFFFFFFE0, 0x00000000, 0x00000000
 964      7F000000 
 964      E0FFFFFF 
 964      00000000 
 964      00000000 
 965 2ed4 00000000 			.word	0x00000000, 0x000000FF, 0xFFFFFFC0, 0x00000000, 0x00000000
 965      FF000000 
 965      C0FFFFFF 
 965      00000000 
 965      00000000 
 966 2ee8 00000000 			.word	0x00000000, 0x000001FF, 0xFFFFFF80, 0x00000000, 0x00000000
 966      FF010000 
 966      80FFFFFF 
 966      00000000 
 966      00000000 
 967 2efc 00000000 			.word	0x00000000, 0x000003FF, 0xFFFFFF00, 0x00000000, 0x00000000
 967      FF030000 
 967      00FFFFFF 
 967      00000000 
 967      00000000 
 968 2f10 00000000 			.word	0x00000000, 0x000007FF, 0xFFFFFE00, 0x00000000, 0x00000000
 968      FF070000 
 968      00FEFFFF 
 968      00000000 
 968      00000000 
 969 2f24 00000000 			.word	0x00000000, 0x00000FFF, 0xFFFFF800, 0x00000000, 0x00000000
 969      FF0F0000 
 969      00F8FFFF 
 969      00000000 
 969      00000000 
 970 2f38 00000000 			.word	0x00000000, 0x00001FFF, 0xFFFFF000, 0x00000000, 0x00000000
 970      FF1F0000 
 970      00F0FFFF 
 970      00000000 
 970      00000000 
 971 2f4c 00000000 			.word	0x00000000, 0x00003FFF, 0xFFFFE000, 0x00000000, 0x00000000
 971      FF3F0000 
 971      00E0FFFF 
 971      00000000 
 971      00000000 
 972 2f60 00000000 			.word	0x00000000, 0x00007FFF, 0xFFFFC000, 0x00000000, 0x00000000
 972      FF7F0000 
 972      00C0FFFF 
 972      00000000 
 972      00000000 
 973 2f74 00000000 			.word	0x00000000, 0x00007FFF, 0xFFFF8000, 0x00000000, 0x0FFFF800
 973      FF7F0000 
 973      0080FFFF 
 973      00000000 
 973      00F8FF0F 
 974 2f88 00000000 			.word	0x00000000, 0x0000FFFF, 0xFFFE0000, 0x00000000, 0x0FFFF800
 974      FFFF0000 
 974      0000FEFF 
ARM GAS  font_century238.s 			page 56


 974      00000000 
 974      00F8FF0F 
 975 2f9c 00000000 			.word	0x00000000, 0x0001FFFF, 0xFFFC0000, 0x00000000, 0x1FFFF800
 975      FFFF0100 
 975      0000FCFF 
 975      00000000 
 975      00F8FF1F 
 976 2fb0 00000000 			.word	0x00000000, 0x0003FFFF, 0xFFF80000, 0x00000000, 0x1FFFF800
 976      FFFF0300 
 976      0000F8FF 
 976      00000000 
 976      00F8FF1F 
 977 2fc4 00000000 			.word	0x00000000, 0x0007FFFF, 0xFFF00000, 0x00000000, 0x1FFFF800
 977      FFFF0700 
 977      0000F0FF 
 977      00000000 
 977      00F8FF1F 
 978 2fd8 00000000 			.word	0x00000000, 0x000FFFFF, 0xFFE00000, 0x00000000, 0x1FFFF800
 978      FFFF0F00 
 978      0000E0FF 
 978      00000000 
 978      00F8FF1F 
 979 2fec 00000000 			.word	0x00000000, 0x001FFFFF, 0xFF800000, 0x00000000, 0x3FFFF800
 979      FFFF1F00 
 979      000080FF 
 979      00000000 
 979      00F8FF3F 
 980 3000 00000000 			.word	0x00000000, 0x003FFFFF, 0xFF000000, 0x00000000, 0x3FFFF800
 980      FFFF3F00 
 980      000000FF 
 980      00000000 
 980      00F8FF3F 
 981 3014 00000000 			.word	0x00000000, 0x007FFFFF, 0xFE000000, 0x00000000, 0x3FFFF800
 981      FFFF7F00 
 981      000000FE 
 981      00000000 
 981      00F8FF3F 
 982 3028 00000000 			.word	0x00000000, 0x00FFFFFF, 0xFC000000, 0x00000000, 0x3FFFF800
 982      FFFFFF00 
 982      000000FC 
 982      00000000 
 982      00F8FF3F 
 983 303c 00000000 			.word	0x00000000, 0x00FFFFFF, 0xF8000000, 0x00000000, 0x7FFFF800
 983      FFFFFF00 
 983      000000F8 
 983      00000000 
 983      00F8FF7F 
 984 3050 00000000 			.word	0x00000000, 0x01FFFFFF, 0xE0000000, 0x00000000, 0x7FFFF800
 984      FFFFFF01 
 984      000000E0 
 984      00000000 
 984      00F8FF7F 
 985 3064 00000000 			.word	0x00000000, 0x03FFFFFF, 0xC0000000, 0x00000000, 0x7FFFF800
 985      FFFFFF03 
 985      000000C0 
 985      00000000 
 985      00F8FF7F 
ARM GAS  font_century238.s 			page 57


 986 3078 00000000 			.word	0x00000000, 0x07FFFFFF, 0x80000000, 0x00000000, 0x7FFFF800
 986      FFFFFF07 
 986      00000080 
 986      00000000 
 986      00F8FF7F 
 987 308c 00000000 			.word	0x00000000, 0x0FFFFFFF, 0x00000000, 0x00000000, 0xFFFFF800
 987      FFFFFF0F 
 987      00000000 
 987      00000000 
 987      00F8FFFF 
 988 30a0 00000000 			.word	0x00000000, 0x1FFFFFFE, 0x00000000, 0x00000000, 0xFFFFF000
 988      FEFFFF1F 
 988      00000000 
 988      00000000 
 988      00F0FFFF 
 989 30b4 00000000 			.word	0x00000000, 0x3FFFFFF8, 0x00000000, 0x00000000, 0xFFFFF000
 989      F8FFFF3F 
 989      00000000 
 989      00000000 
 989      00F0FFFF 
 990 30c8 00000000 			.word	0x00000000, 0x7FFFFFF0, 0x00000000, 0x00000001, 0xFFFFF000
 990      F0FFFF7F 
 990      00000000 
 990      01000000 
 990      00F0FFFF 
 991 30dc 00000000 			.word	0x00000000, 0xFFFFFFE0, 0x00000000, 0x00000001, 0xFFFFF000
 991      E0FFFFFF 
 991      00000000 
 991      01000000 
 991      00F0FFFF 
 992 30f0 00000000 			.word	0x00000000, 0xFFFFFFC0, 0x00000000, 0x00000001, 0xFFFFF000
 992      C0FFFFFF 
 992      00000000 
 992      01000000 
 992      00F0FFFF 
 993 3104 01000000 			.word	0x00000001, 0xFFFFFF80, 0x00000000, 0x00000001, 0xFFFFF000
 993      80FFFFFF 
 993      00000000 
 993      01000000 
 993      00F0FFFF 
 994 3118 03000000 			.word	0x00000003, 0xFFFFFF00, 0x00000000, 0x00000003, 0xFFFFF000
 994      00FFFFFF 
 994      00000000 
 994      03000000 
 994      00F0FFFF 
 995 312c 07000000 			.word	0x00000007, 0xFFFFFE00, 0x00000000, 0x00000003, 0xFFFFF000
 995      00FEFFFF 
 995      00000000 
 995      03000000 
 995      00F0FFFF 
 996 3140 0F000000 			.word	0x0000000F, 0xFFFFFC00, 0x00000000, 0x00000003, 0xFFFFF000
 996      00FCFFFF 
 996      00000000 
 996      03000000 
 996      00F0FFFF 
 997 3154 1F000000 			.word	0x0000001F, 0xFFFFF800, 0x00000000, 0x00000007, 0xFFFFF000
 997      00F8FFFF 
ARM GAS  font_century238.s 			page 58


 997      00000000 
 997      07000000 
 997      00F0FFFF 
 998 3168 3F000000 			.word	0x0000003F, 0xFFFFF000, 0x00000000, 0x00000007, 0xFFFFF000
 998      00F0FFFF 
 998      00000000 
 998      07000000 
 998      00F0FFFF 
 999 317c 7F000000 			.word	0x0000007F, 0xFFFFC000, 0x00000000, 0x0000000F, 0xFFFFF000
 999      00C0FFFF 
 999      00000000 
 999      0F000000 
 999      00F0FFFF 
 1000 3190 FF000000 			.word	0x000000FF, 0xFFFF8000, 0x00000000, 0x0000000F, 0xFFFFF000
 1000      0080FFFF 
 1000      00000000 
 1000      0F000000 
 1000      00F0FFFF 
 1001 31a4 FF000000 			.word	0x000000FF, 0xFFFF0000, 0x00000000, 0x0000000F, 0xFFFFE000
 1001      0000FFFF 
 1001      00000000 
 1001      0F000000 
 1001      00E0FFFF 
 1002 31b8 FF010000 			.word	0x000001FF, 0xFFFF0000, 0x00000000, 0x0000001F, 0xFFFFE000
 1002      0000FFFF 
 1002      00000000 
 1002      1F000000 
 1002      00E0FFFF 
 1003 31cc FF030000 			.word	0x000003FF, 0xFFFE0000, 0x00000000, 0x0000001F, 0xFFFFE000
 1003      0000FEFF 
 1003      00000000 
 1003      1F000000 
 1003      00E0FFFF 
 1004 31e0 FF070000 			.word	0x000007FF, 0xFFFC0000, 0x00000000, 0x0000003F, 0xFFFFE000
 1004      0000FCFF 
 1004      00000000 
 1004      3F000000 
 1004      00E0FFFF 
 1005 31f4 FF0F0000 			.word	0x00000FFF, 0xFFF80000, 0x00000000, 0x0000007F, 0xFFFFE000
 1005      0000F8FF 
 1005      00000000 
 1005      7F000000 
 1005      00E0FFFF 
 1006 3208 FF1F0000 			.word	0x00001FFF, 0xFFF00000, 0x00000000, 0x0000007F, 0xFFFFE000
 1006      0000F0FF 
 1006      00000000 
 1006      7F000000 
 1006      00E0FFFF 
 1007 321c FF3F0000 			.word	0x00003FFF, 0xFFF80000, 0x00000000, 0x000000FF, 0xFFFFE000
 1007      0000F8FF 
 1007      00000000 
 1007      FF000000 
 1007      00E0FFFF 
 1008 3230 FF7F0000 			.word	0x00007FFF, 0xFFFF8000, 0x00000000, 0x000003FF, 0xFFFFE000
 1008      0080FFFF 
 1008      00000000 
 1008      FF030000 
ARM GAS  font_century238.s 			page 59


 1008      00E0FFFF 
 1009 3244 FF7F0000 			.word	0x00007FFF, 0xFFFFFE00, 0x00000000, 0x000007FF, 0xFFFFE000
 1009      00FEFFFF 
 1009      00000000 
 1009      FF070000 
 1009      00E0FFFF 
 1010 3258 FFFF0000 			.word	0x0000FFFF, 0xFFFFFFFF, 0x80000000, 0x00001FFF, 0xFFFFE000
 1010      FFFFFFFF 
 1010      00000080 
 1010      FF1F0000 
 1010      00E0FFFF 
 1011 326c FFFF0100 			.word	0x0001FFFF, 0xFFFFFFFF, 0xFFFFFFF0, 0x0003FFFF, 0xFFFFE000
 1011      FFFFFFFF 
 1011      F0FFFFFF 
 1011      FFFF0300 
 1011      00E0FFFF 
 1012 3280 FFFF0300 			.word	0x0003FFFF, 0xFFFFFFFF, 0xFFFFFFFF, 0xFFFFFFFF, 0xFFFFE000
 1012      FFFFFFFF 
 1012      FFFFFFFF 
 1012      FFFFFFFF 
 1012      00E0FFFF 
 1013 3294 FFFF0700 			.word	0x0007FFFF, 0xFFFFFFFF, 0xFFFFFFFF, 0xFFFFFFFF, 0xFFFFE000
 1013      FFFFFFFF 
 1013      FFFFFFFF 
 1013      FFFFFFFF 
 1013      00E0FFFF 
 1014 32a8 FFFF0F00 			.word	0x000FFFFF, 0xFFFFFFFF, 0xFFFFFFFF, 0xFFFFFFFF, 0xFFFFE000
 1014      FFFFFFFF 
 1014      FFFFFFFF 
 1014      FFFFFFFF 
 1014      00E0FFFF 
 1015 32bc FFFF1F00 			.word	0x001FFFFF, 0xFFFFFFFF, 0xFFFFFFFF, 0xFFFFFFFF, 0xFFFFC000
 1015      FFFFFFFF 
 1015      FFFFFFFF 
 1015      FFFFFFFF 
 1015      00C0FFFF 
 1016 32d0 FFFF3F00 			.word	0x003FFFFF, 0xFFFFFFFF, 0xFFFFFFFF, 0xFFFFFFFF, 0xFFFFC000
 1016      FFFFFFFF 
 1016      FFFFFFFF 
 1016      FFFFFFFF 
 1016      00C0FFFF 
 1017 32e4 FFFF7F00 			.word	0x007FFFFF, 0xFFFFFFFF, 0xFFFFFFFF, 0xFFFFFFFF, 0xFFFFC000
 1017      FFFFFFFF 
 1017      FFFFFFFF 
 1017      FFFFFFFF 
 1017      00C0FFFF 
 1018 32f8 FFFF7F00 			.word	0x007FFFFF, 0xFFFFFFFF, 0xFFFFFFFF, 0xFFFFFFFF, 0xFFFFC000
 1018      FFFFFFFF 
 1018      FFFFFFFF 
 1018      FFFFFFFF 
 1018      00C0FFFF 
 1019 330c FFFFFF00 			.word	0x00FFFFFF, 0xFFFFFFFF, 0xFFFFFFFF, 0xFFFFFFFF, 0xFFFFC000
 1019      FFFFFFFF 
 1019      FFFFFFFF 
 1019      FFFFFFFF 
 1019      00C0FFFF 
 1020 3320 FFFFFF01 			.word	0x01FFFFFF, 0xFFFFFFFF, 0xFFFFFFFF, 0xFFFFFFFF, 0xFFFFC000
ARM GAS  font_century238.s 			page 60


 1020      FFFFFFFF 
 1020      FFFFFFFF 
 1020      FFFFFFFF 
 1020      00C0FFFF 
 1021 3334 FFFFFF03 			.word	0x03FFFFFF, 0xFFFFFFFF, 0xFFFFFFFF, 0xFFFFFFFF, 0xFFFFC000
 1021      FFFFFFFF 
 1021      FFFFFFFF 
 1021      FFFFFFFF 
 1021      00C0FFFF 
 1022 3348 FFFFFF07 			.word	0x07FFFFFF, 0xFFFFFFFF, 0xFFFFFFFF, 0xFFFFFFFF, 0xFFFFC000
 1022      FFFFFFFF 
 1022      FFFFFFFF 
 1022      FFFFFFFF 
 1022      00C0FFFF 
 1023 335c FFFFFF0F 			.word	0x0FFFFFFF, 0xFFFFFFFF, 0xFFFFFFFF, 0xFFFFFFFF, 0xFFFFC000
 1023      FFFFFFFF 
 1023      FFFFFFFF 
 1023      FFFFFFFF 
 1023      00C0FFFF 
 1024 3370 FFFFFF1F 			.word	0x1FFFFFFF, 0xFFFFFFFF, 0xFFFFFFFF, 0xFFFFFFFF, 0xFFFFC000
 1024      FFFFFFFF 
 1024      FFFFFFFF 
 1024      FFFFFFFF 
 1024      00C0FFFF 
 1025 3384 FFFFFF3F 			.word	0x3FFFFFFF, 0xFFFFFFFF, 0xFFFFFFFF, 0xFFFFFFFF, 0xFFFFC000
 1025      FFFFFFFF 
 1025      FFFFFFFF 
 1025      FFFFFFFF 
 1025      00C0FFFF 
 1026 3398 FFFFFF7F 			.word	0x7FFFFFFF, 0xFFFFFFFF, 0xFFFFFFFF, 0xFFFFFFFF, 0xFFFFC000
 1026      FFFFFFFF 
 1026      FFFFFFFF 
 1026      FFFFFFFF 
 1026      00C0FFFF 
 1027 33ac FFFFFF7F 			.word	0x7FFFFFFF, 0xFFFFFFFF, 0xFFFFFFFF, 0xFFFFFFFF, 0xFFFFC000
 1027      FFFFFFFF 
 1027      FFFFFFFF 
 1027      FFFFFFFF 
 1027      00C0FFFF 
 1028 33c0 FFFFFFFF 			.word	0xFFFFFFFF, 0xFFFFFFFF, 0xFFFFFFFF, 0xFFFFFFFF, 0xFFFF8000
 1028      FFFFFFFF 
 1028      FFFFFFFF 
 1028      FFFFFFFF 
 1028      0080FFFF 
 1029 33d4 FFFFFFFF 			.word	0xFFFFFFFF, 0xFFFFFFFF, 0xFFFFFFFF, 0xFFFFFFFF, 0xFFFF8000
 1029      FFFFFFFF 
 1029      FFFFFFFF 
 1029      FFFFFFFF 
 1029      0080FFFF 
 1030 33e8 FFFFFFFF 			.word	0xFFFFFFFF, 0xFFFFFFFF, 0xFFFFFFFF, 0xFFFFFFFF, 0xFFFF8000
 1030      FFFFFFFF 
 1030      FFFFFFFF 
 1030      FFFFFFFF 
 1030      0080FFFF 
 1031 33fc FFFFFFFF 			.word	0xFFFFFFFF, 0xFFFFFFFF, 0xFFFFFFFF, 0xFFFFFFFF, 0xFFFF8000
 1031      FFFFFFFF 
 1031      FFFFFFFF 
ARM GAS  font_century238.s 			page 61


 1031      FFFFFFFF 
 1031      0080FFFF 
 1032 3410 FFFFFFFF 			.word	0xFFFFFFFF, 0xFFFFFFFF, 0xFFFFFFFF, 0xFFFFFFFF, 0xFFFF8000
 1032      FFFFFFFF 
 1032      FFFFFFFF 
 1032      FFFFFFFF 
 1032      0080FFFF 
 1033 3424 FFFFFFFF 			.word	0xFFFFFFFF, 0xFFFFFFFF, 0xFFFFFFFF, 0xFFFFFFFF, 0xFFFF8000
 1033      FFFFFFFF 
 1033      FFFFFFFF 
 1033      FFFFFFFF 
 1033      0080FFFF 
 1034 3438 FFFFFFFF 			.word	0xFFFFFFFF, 0xFFFFFFFF, 0xFFFFFFFF, 0xFFFFFFFF, 0xFFFF8000
 1034      FFFFFFFF 
 1034      FFFFFFFF 
 1034      FFFFFFFF 
 1034      0080FFFF 
 1035 344c FFFFFFFF 			.word	0xFFFFFFFF, 0xFFFFFFFF, 0xFFFFFFFF, 0xFFFFFFFF, 0xFFFF8000
 1035      FFFFFFFF 
 1035      FFFFFFFF 
 1035      FFFFFFFF 
 1035      0080FFFF 
 1036 3460 FFFFFFFF 			.word	0xFFFFFFFF, 0xFFFFFFFF, 0xFFFFFFFF, 0xFFFFFFFF, 0xFFFF8000
 1036      FFFFFFFF 
 1036      FFFFFFFF 
 1036      FFFFFFFF 
 1036      0080FFFF 
 1037 3474 FFFFFFFF 			.word	0xFFFFFFFF, 0xFFFFFFFF, 0xFFFFFFFF, 0xFFFFFFFF, 0xFFFF8000
 1037      FFFFFFFF 
 1037      FFFFFFFF 
 1037      FFFFFFFF 
 1037      0080FFFF 
 1038 3488 FFFFFFFF 			.word	0xFFFFFFFF, 0xFFFFFFFF, 0xFFFFFFFF, 0xFFFFFFFF, 0xFFFF8000
 1038      FFFFFFFF 
 1038      FFFFFFFF 
 1038      FFFFFFFF 
 1038      0080FFFF 
 1039 349c FFFFFFFF 			.word	0xFFFFFFFF, 0xFFFFFFFF, 0xFFFFFFFF, 0xFFFFFFFF, 0xFFFF8000
 1039      FFFFFFFF 
 1039      FFFFFFFF 
 1039      FFFFFFFF 
 1039      0080FFFF 
 1040 34b0 FFFFFFFF 			.word	0xFFFFFFFF, 0xFFFFFFFF, 0xFFFFFFFF, 0xFFFFFFFF, 0xFFFF0000
 1040      FFFFFFFF 
 1040      FFFFFFFF 
 1040      FFFFFFFF 
 1040      0000FFFF 
 1041 34c4 FFFFFFFF 			.word	0xFFFFFFFF, 0xFFFFFFFF, 0xFFFFFFFF, 0xFFFFFFFF, 0xFFFF0000
 1041      FFFFFFFF 
 1041      FFFFFFFF 
 1041      FFFFFFFF 
 1041      0000FFFF 
 1042              	
 1043              	THREE:
 1044 34d8 33000000 			.word	'3			// ASCII "3" character
 1045 34dc B1000000 			.word	CELLWDTH		// cell pixel width
 1046 34e0 7D010000 			.word	CELLHGHT		// cell pixel height
ARM GAS  font_century238.s 			page 62


 1047 34e4 90000000 			.word	144			// glyph pixel width
 1048 34e8 E0000000 			.word	224			// glyph pixel height
 1049 34ec 10000000 			.word	16			// blank horizontal pixels before glyph
 1050 34f0 11000000 			.word	17			// blank horizontal pixels after glyph
 1051 34f4 5D000000 			.word	93			// blank horizontal lines before glyph
 1052 34f8 40000000 			.word	64			// blank horizontal lines after glyph
 1053              							// bit mapped glyph
 1054 34fc 00000000 			.word	0x00000000, 0x000001FF, 0xFFFFE000, 0x00000000, 0x00000000
 1054      FF010000 
 1054      00E0FFFF 
 1054      00000000 
 1054      00000000 
 1055 3510 00000000 			.word	0x00000000, 0x00007FFF, 0xFFFFFF80, 0x00000000, 0x00000000
 1055      FF7F0000 
 1055      80FFFFFF 
 1055      00000000 
 1055      00000000 
 1056 3524 00000000 			.word	0x00000000, 0x0007FFFF, 0xFFFFFFFC, 0x00000000, 0x00000000
 1056      FFFF0700 
 1056      FCFFFFFF 
 1056      00000000 
 1056      00000000 
 1057 3538 00000000 			.word	0x00000000, 0x007FFFFF, 0xFFFFFFFF, 0x80000000, 0x00000000
 1057      FFFF7F00 
 1057      FFFFFFFF 
 1057      00000080 
 1057      00000000 
 1058 354c 00000000 			.word	0x00000000, 0x03FFFFFF, 0xFFFFFFFF, 0xF0000000, 0x00000000
 1058      FFFFFF03 
 1058      FFFFFFFF 
 1058      000000F0 
 1058      00000000 
 1059 3560 00000000 			.word	0x00000000, 0x0FFFFFFF, 0xFFFFFFFF, 0xFC000000, 0x00000000
 1059      FFFFFF0F 
 1059      FFFFFFFF 
 1059      000000FC 
 1059      00000000 
 1060 3574 00000000 			.word	0x00000000, 0x3FFFFFFF, 0xFFFFFFFF, 0xFF000000, 0x00000000
 1060      FFFFFF3F 
 1060      FFFFFFFF 
 1060      000000FF 
 1060      00000000 
 1061 3588 00000000 			.word	0x00000000, 0xFFFFFFFF, 0xFFFFFFFF, 0xFFC00000, 0x00000000
 1061      FFFFFFFF 
 1061      FFFFFFFF 
 1061      0000C0FF 
 1061      00000000 
 1062 359c 03000000 			.word	0x00000003, 0xFFFFFFFF, 0xFFFFFFFF, 0xFFF00000, 0x00000000
 1062      FFFFFFFF 
 1062      FFFFFFFF 
 1062      0000F0FF 
 1062      00000000 
 1063 35b0 07000000 			.word	0x00000007, 0xFFFFFFFF, 0xFFFFFFFF, 0xFFFC0000, 0x00000000
 1063      FFFFFFFF 
 1063      FFFFFFFF 
 1063      0000FCFF 
 1063      00000000 
ARM GAS  font_century238.s 			page 63


 1064 35c4 1F000000 			.word	0x0000001F, 0xFFFFFFFF, 0xFFFFFFFF, 0xFFFF0000, 0x00000000
 1064      FFFFFFFF 
 1064      FFFFFFFF 
 1064      0000FFFF 
 1064      00000000 
 1065 35d8 3F000000 			.word	0x0000003F, 0xFFFFFFFF, 0xFFFFFFFF, 0xFFFF8000, 0x00000000
 1065      FFFFFFFF 
 1065      FFFFFFFF 
 1065      0080FFFF 
 1065      00000000 
 1066 35ec FF000000 			.word	0x000000FF, 0xFFFFFFFF, 0xFFFFFFFF, 0xFFFFC000, 0x00000000
 1066      FFFFFFFF 
 1066      FFFFFFFF 
 1066      00C0FFFF 
 1066      00000000 
 1067 3600 FF010000 			.word	0x000001FF, 0xFFFFFFFF, 0xFFFFFFFF, 0xFFFFF000, 0x00000000
 1067      FFFFFFFF 
 1067      FFFFFFFF 
 1067      00F0FFFF 
 1067      00000000 
 1068 3614 FF030000 			.word	0x000003FF, 0xFFFFFFFF, 0xFFFFFFFF, 0xFFFFF800, 0x00000000
 1068      FFFFFFFF 
 1068      FFFFFFFF 
 1068      00F8FFFF 
 1068      00000000 
 1069 3628 FF070000 			.word	0x000007FF, 0xFFFFFFFF, 0xFFFFFFFF, 0xFFFFFC00, 0x00000000
 1069      FFFFFFFF 
 1069      FFFFFFFF 
 1069      00FCFFFF 
 1069      00000000 
 1070 363c FF0F0000 			.word	0x00000FFF, 0xFFFFFFFF, 0xFFFFFFFF, 0xFFFFFE00, 0x00000000
 1070      FFFFFFFF 
 1070      FFFFFFFF 
 1070      00FEFFFF 
 1070      00000000 
 1071 3650 FF1F0000 			.word	0x00001FFF, 0xFFFFFFFE, 0x07FFFFFF, 0xFFFFFF00, 0x00000000
 1071      FEFFFFFF 
 1071      FFFFFF07 
 1071      00FFFFFF 
 1071      00000000 
 1072 3664 FF3F0000 			.word	0x00003FFF, 0xFFFFFE00, 0x000FFFFF, 0xFFFFFF80, 0x00000000
 1072      00FEFFFF 
 1072      FFFF0F00 
 1072      80FFFFFF 
 1072      00000000 
 1073 3678 FF7F0000 			.word	0x00007FFF, 0xFFFFE000, 0x0001FFFF, 0xFFFFFFC0, 0x00000000
 1073      00E0FFFF 
 1073      FFFF0100 
 1073      C0FFFFFF 
 1073      00000000 
 1074 368c FFFF0000 			.word	0x0000FFFF, 0xFFFF0000, 0x00007FFF, 0xFFFFFFE0, 0x00000000
 1074      0000FFFF 
 1074      FF7F0000 
 1074      E0FFFFFF 
 1074      00000000 
 1075 36a0 FFFF0100 			.word	0x0001FFFF, 0xFFFC0000, 0x00001FFF, 0xFFFFFFF0, 0x00000000
 1075      0000FCFF 
ARM GAS  font_century238.s 			page 64


 1075      FF1F0000 
 1075      F0FFFFFF 
 1075      00000000 
 1076 36b4 FFFF0100 			.word	0x0001FFFF, 0xFFF00000, 0x000007FF, 0xFFFFFFF8, 0x00000000
 1076      0000F0FF 
 1076      FF070000 
 1076      F8FFFFFF 
 1076      00000000 
 1077 36c8 FFFF0300 			.word	0x0003FFFF, 0xFFC00000, 0x000003FF, 0xFFFFFFF8, 0x00000000
 1077      0000C0FF 
 1077      FF030000 
 1077      F8FFFFFF 
 1077      00000000 
 1078 36dc FFFF0700 			.word	0x0007FFFF, 0xFF800000, 0x000000FF, 0xFFFFFFFC, 0x00000000
 1078      000080FF 
 1078      FF000000 
 1078      FCFFFFFF 
 1078      00000000 
 1079 36f0 FFFF0700 			.word	0x0007FFFF, 0xFE000000, 0x0000007F, 0xFFFFFFFE, 0x00000000
 1079      000000FE 
 1079      7F000000 
 1079      FEFFFFFF 
 1079      00000000 
 1080 3704 FFFF0F00 			.word	0x000FFFFF, 0xFC000000, 0x0000003F, 0xFFFFFFFE, 0x00000000
 1080      000000FC 
 1080      3F000000 
 1080      FEFFFFFF 
 1080      00000000 
 1081 3718 FFFF0F00 			.word	0x000FFFFF, 0xF8000000, 0x0000001F, 0xFFFFFFFF, 0x00000000
 1081      000000F8 
 1081      1F000000 
 1081      FFFFFFFF 
 1081      00000000 
 1082 372c FFFF1F00 			.word	0x001FFFFF, 0xF0000000, 0x0000000F, 0xFFFFFFFF, 0x80000000
 1082      000000F0 
 1082      0F000000 
 1082      FFFFFFFF 
 1082      00000080 
 1083 3740 FFFF1F00 			.word	0x001FFFFF, 0xE0000000, 0x0000000F, 0xFFFFFFFF, 0x80000000
 1083      000000E0 
 1083      0F000000 
 1083      FFFFFFFF 
 1083      00000080 
 1084 3754 FFFF3F00 			.word	0x003FFFFF, 0xC0000000, 0x00000007, 0xFFFFFFFF, 0xC0000000
 1084      000000C0 
 1084      07000000 
 1084      FFFFFFFF 
 1084      000000C0 
 1085 3768 FFFF3F00 			.word	0x003FFFFF, 0xC0000000, 0x00000003, 0xFFFFFFFF, 0xC0000000
 1085      000000C0 
 1085      03000000 
 1085      FFFFFFFF 
 1085      000000C0 
 1086 377c FFFF7F00 			.word	0x007FFFFF, 0xC0000000, 0x00000003, 0xFFFFFFFF, 0xE0000000
 1086      000000C0 
 1086      03000000 
 1086      FFFFFFFF 
ARM GAS  font_century238.s 			page 65


 1086      000000E0 
 1087 3790 FFFF7F00 			.word	0x007FFFFF, 0xE0000000, 0x00000001, 0xFFFFFFFF, 0xE0000000
 1087      000000E0 
 1087      01000000 
 1087      FFFFFFFF 
 1087      000000E0 
 1088 37a4 FFFF7F00 			.word	0x007FFFFF, 0xF0000000, 0x00000001, 0xFFFFFFFF, 0xF0000000
 1088      000000F0 
 1088      01000000 
 1088      FFFFFFFF 
 1088      000000F0 
 1089 37b8 FFFFFF00 			.word	0x00FFFFFF, 0xF8000000, 0x00000000, 0xFFFFFFFF, 0xF0000000
 1089      000000F8 
 1089      00000000 
 1089      FFFFFFFF 
 1089      000000F0 
 1090 37cc FFFFFF00 			.word	0x00FFFFFF, 0xFC000000, 0x00000000, 0xFFFFFFFF, 0xF0000000
 1090      000000FC 
 1090      00000000 
 1090      FFFFFFFF 
 1090      000000F0 
 1091 37e0 FFFFFF00 			.word	0x00FFFFFF, 0xFE000000, 0x00000000, 0xFFFFFFFF, 0xF8000000
 1091      000000FE 
 1091      00000000 
 1091      FFFFFFFF 
 1091      000000F8 
 1092 37f4 FFFFFF00 			.word	0x00FFFFFF, 0xFF000000, 0x00000000, 0x7FFFFFFF, 0xF8000000
 1092      000000FF 
 1092      00000000 
 1092      FFFFFF7F 
 1092      000000F8 
 1093 3808 FFFFFF01 			.word	0x01FFFFFF, 0xFF800000, 0x00000000, 0x7FFFFFFF, 0xF8000000
 1093      000080FF 
 1093      00000000 
 1093      FFFFFF7F 
 1093      000000F8 
 1094 381c FFFFFF01 			.word	0x01FFFFFF, 0xFFC00000, 0x00000000, 0x7FFFFFFF, 0xF8000000
 1094      0000C0FF 
 1094      00000000 
 1094      FFFFFF7F 
 1094      000000F8 
 1095 3830 FFFFFF01 			.word	0x01FFFFFF, 0xFFC00000, 0x00000000, 0x3FFFFFFF, 0xFC000000
 1095      0000C0FF 
 1095      00000000 
 1095      FFFFFF3F 
 1095      000000FC 
 1096 3844 FFFFFF01 			.word	0x01FFFFFF, 0xFFE00000, 0x00000000, 0x3FFFFFFF, 0xFC000000
 1096      0000E0FF 
 1096      00000000 
 1096      FFFFFF3F 
 1096      000000FC 
 1097 3858 FFFFFF01 			.word	0x01FFFFFF, 0xFFF00000, 0x00000000, 0x3FFFFFFF, 0xFC000000
 1097      0000F0FF 
 1097      00000000 
 1097      FFFFFF3F 
 1097      000000FC 
 1098 386c FFFFFF01 			.word	0x01FFFFFF, 0xFFF00000, 0x00000000, 0x3FFFFFFF, 0xFC000000
ARM GAS  font_century238.s 			page 66


 1098      0000F0FF 
 1098      00000000 
 1098      FFFFFF3F 
 1098      000000FC 
 1099 3880 FFFFFF01 			.word	0x01FFFFFF, 0xFFF80000, 0x00000000, 0x3FFFFFFF, 0xFE000000
 1099      0000F8FF 
 1099      00000000 
 1099      FFFFFF3F 
 1099      000000FE 
 1100 3894 FFFFFF01 			.word	0x01FFFFFF, 0xFFF80000, 0x00000000, 0x1FFFFFFF, 0xFE000000
 1100      0000F8FF 
 1100      00000000 
 1100      FFFFFF1F 
 1100      000000FE 
 1101 38a8 FFFFFF01 			.word	0x01FFFFFF, 0xFFFC0000, 0x00000000, 0x1FFFFFFF, 0xFE000000
 1101      0000FCFF 
 1101      00000000 
 1101      FFFFFF1F 
 1101      000000FE 
 1102 38bc FFFFFF01 			.word	0x01FFFFFF, 0xFFFC0000, 0x00000000, 0x1FFFFFFF, 0xFE000000
 1102      0000FCFF 
 1102      00000000 
 1102      FFFFFF1F 
 1102      000000FE 
 1103 38d0 FFFFFF01 			.word	0x01FFFFFF, 0xFFFE0000, 0x00000000, 0x1FFFFFFF, 0xFE000000
 1103      0000FEFF 
 1103      00000000 
 1103      FFFFFF1F 
 1103      000000FE 
 1104 38e4 FFFFFF01 			.word	0x01FFFFFF, 0xFFFE0000, 0x00000000, 0x1FFFFFFF, 0xFE000000
 1104      0000FEFF 
 1104      00000000 
 1104      FFFFFF1F 
 1104      000000FE 
 1105 38f8 FFFFFF01 			.word	0x01FFFFFF, 0xFFFE0000, 0x00000000, 0x1FFFFFFF, 0xFE000000
 1105      0000FEFF 
 1105      00000000 
 1105      FFFFFF1F 
 1105      000000FE 
 1106 390c FFFFFF01 			.word	0x01FFFFFF, 0xFFFE0000, 0x00000000, 0x1FFFFFFF, 0xFE000000
 1106      0000FEFF 
 1106      00000000 
 1106      FFFFFF1F 
 1106      000000FE 
 1107 3920 FFFFFF01 			.word	0x01FFFFFF, 0xFFFE0000, 0x00000000, 0x1FFFFFFF, 0xFE000000
 1107      0000FEFF 
 1107      00000000 
 1107      FFFFFF1F 
 1107      000000FE 
 1108 3934 FFFFFF01 			.word	0x01FFFFFF, 0xFFFE0000, 0x00000000, 0x1FFFFFFF, 0xFE000000
 1108      0000FEFF 
 1108      00000000 
 1108      FFFFFF1F 
 1108      000000FE 
 1109 3948 FFFFFF01 			.word	0x01FFFFFF, 0xFFFE0000, 0x00000000, 0x0FFFFFFF, 0xFE000000
 1109      0000FEFF 
 1109      00000000 
ARM GAS  font_century238.s 			page 67


 1109      FFFFFF0F 
 1109      000000FE 
 1110 395c FFFFFF01 			.word	0x01FFFFFF, 0xFFFE0000, 0x00000000, 0x0FFFFFFF, 0xFE000000
 1110      0000FEFF 
 1110      00000000 
 1110      FFFFFF0F 
 1110      000000FE 
 1111 3970 FFFFFF01 			.word	0x01FFFFFF, 0xFFFE0000, 0x00000000, 0x0FFFFFFF, 0xFE000000
 1111      0000FEFF 
 1111      00000000 
 1111      FFFFFF0F 
 1111      000000FE 
 1112 3984 FFFFFF01 			.word	0x01FFFFFF, 0xFFFE0000, 0x00000000, 0x0FFFFFFF, 0xFE000000
 1112      0000FEFF 
 1112      00000000 
 1112      FFFFFF0F 
 1112      000000FE 
 1113 3998 FFFFFF00 			.word	0x00FFFFFF, 0xFFFE0000, 0x00000000, 0x0FFFFFFF, 0xFE000000
 1113      0000FEFF 
 1113      00000000 
 1113      FFFFFF0F 
 1113      000000FE 
 1114 39ac FFFFFF00 			.word	0x00FFFFFF, 0xFFFE0000, 0x00000000, 0x0FFFFFFF, 0xFE000000
 1114      0000FEFF 
 1114      00000000 
 1114      FFFFFF0F 
 1114      000000FE 
 1115 39c0 FFFFFF00 			.word	0x00FFFFFF, 0xFFFE0000, 0x00000000, 0x0FFFFFFF, 0xFE000000
 1115      0000FEFF 
 1115      00000000 
 1115      FFFFFF0F 
 1115      000000FE 
 1116 39d4 FFFF7F00 			.word	0x007FFFFF, 0xFFFE0000, 0x00000000, 0x0FFFFFFF, 0xFE000000
 1116      0000FEFF 
 1116      00000000 
 1116      FFFFFF0F 
 1116      000000FE 
 1117 39e8 FFFF7F00 			.word	0x007FFFFF, 0xFFFC0000, 0x00000000, 0x0FFFFFFF, 0xFE000000
 1117      0000FCFF 
 1117      00000000 
 1117      FFFFFF0F 
 1117      000000FE 
 1118 39fc FFFF3F00 			.word	0x003FFFFF, 0xFFFC0000, 0x00000000, 0x0FFFFFFF, 0xFE000000
 1118      0000FCFF 
 1118      00000000 
 1118      FFFFFF0F 
 1118      000000FE 
 1119 3a10 FFFF3F00 			.word	0x003FFFFF, 0xFFF80000, 0x00000000, 0x1FFFFFFF, 0xFE000000
 1119      0000F8FF 
 1119      00000000 
 1119      FFFFFF1F 
 1119      000000FE 
 1120 3a24 FFFF1F00 			.word	0x001FFFFF, 0xFFF80000, 0x00000000, 0x1FFFFFFF, 0xFE000000
 1120      0000F8FF 
 1120      00000000 
 1120      FFFFFF1F 
 1120      000000FE 
ARM GAS  font_century238.s 			page 68


 1121 3a38 FFFF1F00 			.word	0x001FFFFF, 0xFFF00000, 0x00000000, 0x1FFFFFFF, 0xFC000000
 1121      0000F0FF 
 1121      00000000 
 1121      FFFFFF1F 
 1121      000000FC 
 1122 3a4c FFFF0F00 			.word	0x000FFFFF, 0xFFE00000, 0x00000000, 0x1FFFFFFF, 0xFC000000
 1122      0000E0FF 
 1122      00000000 
 1122      FFFFFF1F 
 1122      000000FC 
 1123 3a60 FFFF0700 			.word	0x0007FFFF, 0xFFC00000, 0x00000000, 0x1FFFFFFF, 0xFC000000
 1123      0000C0FF 
 1123      00000000 
 1123      FFFFFF1F 
 1123      000000FC 
 1124 3a74 FFFF0300 			.word	0x0003FFFF, 0xFF800000, 0x00000000, 0x1FFFFFFF, 0xFC000000
 1124      000080FF 
 1124      00000000 
 1124      FFFFFF1F 
 1124      000000FC 
 1125 3a88 FFFF0000 			.word	0x0000FFFF, 0xFF000000, 0x00000000, 0x1FFFFFFF, 0xF8000000
 1125      000000FF 
 1125      00000000 
 1125      FFFFFF1F 
 1125      000000F8 
 1126 3a9c FF7F0000 			.word	0x00007FFF, 0xFC000000, 0x00000000, 0x3FFFFFFF, 0xF8000000
 1126      000000FC 
 1126      00000000 
 1126      FFFFFF3F 
 1126      000000F8 
 1127 3ab0 FF0F0000 			.word	0x00000FFF, 0xE0000000, 0x00000000, 0x3FFFFFFF, 0xF8000000
 1127      000000E0 
 1127      00000000 
 1127      FFFFFF3F 
 1127      000000F8 
 1128 3ac4 00000000 			.word	0x00000000, 0x00000000, 0x00000000, 0x3FFFFFFF, 0xF8000000
 1128      00000000 
 1128      00000000 
 1128      FFFFFF3F 
 1128      000000F8 
 1129 3ad8 00000000 			.word	0x00000000, 0x00000000, 0x00000000, 0x3FFFFFFF, 0xF0000000
 1129      00000000 
 1129      00000000 
 1129      FFFFFF3F 
 1129      000000F0 
 1130 3aec 00000000 			.word	0x00000000, 0x00000000, 0x00000000, 0x7FFFFFFF, 0xF0000000
 1130      00000000 
 1130      00000000 
 1130      FFFFFF7F 
 1130      000000F0 
 1131 3b00 00000000 			.word	0x00000000, 0x00000000, 0x00000000, 0x7FFFFFFF, 0xE0000000
 1131      00000000 
 1131      00000000 
 1131      FFFFFF7F 
 1131      000000E0 
 1132 3b14 00000000 			.word	0x00000000, 0x00000000, 0x00000000, 0x7FFFFFFF, 0xE0000000
 1132      00000000 
ARM GAS  font_century238.s 			page 69


 1132      00000000 
 1132      FFFFFF7F 
 1132      000000E0 
 1133 3b28 00000000 			.word	0x00000000, 0x00000000, 0x00000000, 0xFFFFFFFF, 0xC0000000
 1133      00000000 
 1133      00000000 
 1133      FFFFFFFF 
 1133      000000C0 
 1134 3b3c 00000000 			.word	0x00000000, 0x00000000, 0x00000000, 0xFFFFFFFF, 0xC0000000
 1134      00000000 
 1134      00000000 
 1134      FFFFFFFF 
 1134      000000C0 
 1135 3b50 00000000 			.word	0x00000000, 0x00000000, 0x00000001, 0xFFFFFFFF, 0x80000000
 1135      00000000 
 1135      01000000 
 1135      FFFFFFFF 
 1135      00000080 
 1136 3b64 00000000 			.word	0x00000000, 0x00000000, 0x00000001, 0xFFFFFFFF, 0x80000000
 1136      00000000 
 1136      01000000 
 1136      FFFFFFFF 
 1136      00000080 
 1137 3b78 00000000 			.word	0x00000000, 0x00000000, 0x00000003, 0xFFFFFFFF, 0x00000000
 1137      00000000 
 1137      03000000 
 1137      FFFFFFFF 
 1137      00000000 
 1138 3b8c 00000000 			.word	0x00000000, 0x00000000, 0x00000003, 0xFFFFFFFE, 0x00000000
 1138      00000000 
 1138      03000000 
 1138      FEFFFFFF 
 1138      00000000 
 1139 3ba0 00000000 			.word	0x00000000, 0x00000000, 0x00000007, 0xFFFFFFFE, 0x00000000
 1139      00000000 
 1139      07000000 
 1139      FEFFFFFF 
 1139      00000000 
 1140 3bb4 00000000 			.word	0x00000000, 0x00000000, 0x0000000F, 0xFFFFFFFC, 0x00000000
 1140      00000000 
 1140      0F000000 
 1140      FCFFFFFF 
 1140      00000000 
 1141 3bc8 00000000 			.word	0x00000000, 0x00000000, 0x0000001F, 0xFFFFFFF8, 0x00000000
 1141      00000000 
 1141      1F000000 
 1141      F8FFFFFF 
 1141      00000000 
 1142 3bdc 00000000 			.word	0x00000000, 0x00000000, 0x0000003F, 0xFFFFFFF0, 0x00000000
 1142      00000000 
 1142      3F000000 
 1142      F0FFFFFF 
 1142      00000000 
 1143 3bf0 00000000 			.word	0x00000000, 0x00000000, 0x0000007F, 0xFFFFFFF0, 0x00000000
 1143      00000000 
 1143      7F000000 
 1143      F0FFFFFF 
ARM GAS  font_century238.s 			page 70


 1143      00000000 
 1144 3c04 00000000 			.word	0x00000000, 0x00000000, 0x000000FF, 0xFFFFFFE0, 0x00000000
 1144      00000000 
 1144      FF000000 
 1144      E0FFFFFF 
 1144      00000000 
 1145 3c18 00000000 			.word	0x00000000, 0x00000000, 0x000001FF, 0xFFFFFFC0, 0x00000000
 1145      00000000 
 1145      FF010000 
 1145      C0FFFFFF 
 1145      00000000 
 1146 3c2c 00000000 			.word	0x00000000, 0x00000000, 0x000007FF, 0xFFFFFF00, 0x00000000
 1146      00000000 
 1146      FF070000 
 1146      00FFFFFF 
 1146      00000000 
 1147 3c40 00000000 			.word	0x00000000, 0x00000000, 0x00001FFF, 0xFFFFFE00, 0x00000000
 1147      00000000 
 1147      FF1F0000 
 1147      00FEFFFF 
 1147      00000000 
 1148 3c54 00000000 			.word	0x00000000, 0x00000000, 0x00007FFF, 0xFFFFFC00, 0x00000000
 1148      00000000 
 1148      FF7F0000 
 1148      00FCFFFF 
 1148      00000000 
 1149 3c68 00000000 			.word	0x00000000, 0x00000000, 0x0001FFFF, 0xFFFFF800, 0x00000000
 1149      00000000 
 1149      FFFF0100 
 1149      00F8FFFF 
 1149      00000000 
 1150 3c7c 00000000 			.word	0x00000000, 0x00000000, 0x001FFFFF, 0xFFFFE000, 0x00000000
 1150      00000000 
 1150      FFFF1F00 
 1150      00E0FFFF 
 1150      00000000 
 1151 3c90 00000000 			.word	0x00000000, 0x007FFFFF, 0x0FFFFFFF, 0xFFFFC000, 0x00000000
 1151      FFFF7F00 
 1151      FFFFFF0F 
 1151      00C0FFFF 
 1151      00000000 
 1152 3ca4 00000000 			.word	0x00000000, 0x01FFFFFF, 0xFFFFFFFF, 0xFFFF8000, 0x00000000
 1152      FFFFFF01 
 1152      FFFFFFFF 
 1152      0080FFFF 
 1152      00000000 
 1153 3cb8 00000000 			.word	0x00000000, 0x03FFFFFF, 0xFFFFFFFF, 0xFFFE0000, 0x00000000
 1153      FFFFFF03 
 1153      FFFFFFFF 
 1153      0000FEFF 
 1153      00000000 
 1154 3ccc 00000000 			.word	0x00000000, 0x07FFFFFF, 0xFFFFFFFF, 0xFFF80000, 0x00000000
 1154      FFFFFF07 
 1154      FFFFFFFF 
 1154      0000F8FF 
 1154      00000000 
 1155 3ce0 00000000 			.word	0x00000000, 0x0FFFFFFF, 0xFFFFFFFF, 0xFFF00000, 0x00000000
ARM GAS  font_century238.s 			page 71


 1155      FFFFFF0F 
 1155      FFFFFFFF 
 1155      0000F0FF 
 1155      00000000 
 1156 3cf4 00000000 			.word	0x00000000, 0x0FFFFFFF, 0xFFFFFFFF, 0xFFC00000, 0x00000000
 1156      FFFFFF0F 
 1156      FFFFFFFF 
 1156      0000C0FF 
 1156      00000000 
 1157 3d08 00000000 			.word	0x00000000, 0x0FFFFFFF, 0xFFFFFFFF, 0xFF000000, 0x00000000
 1157      FFFFFF0F 
 1157      FFFFFFFF 
 1157      000000FF 
 1157      00000000 
 1158 3d1c 00000000 			.word	0x00000000, 0x0FFFFFFF, 0xFFFFFFFF, 0xFE000000, 0x00000000
 1158      FFFFFF0F 
 1158      FFFFFFFF 
 1158      000000FE 
 1158      00000000 
 1159 3d30 00000000 			.word	0x00000000, 0x0FFFFFFF, 0xFFFFFFFF, 0xFF800000, 0x00000000
 1159      FFFFFF0F 
 1159      FFFFFFFF 
 1159      000080FF 
 1159      00000000 
 1160 3d44 00000000 			.word	0x00000000, 0x0FFFFFFF, 0xFFFFFFFF, 0xFFF00000, 0x00000000
 1160      FFFFFF0F 
 1160      FFFFFFFF 
 1160      0000F0FF 
 1160      00000000 
 1161 3d58 00000000 			.word	0x00000000, 0x0FFFFFFF, 0xFFFFFFFF, 0xFFFC0000, 0x00000000
 1161      FFFFFF0F 
 1161      FFFFFFFF 
 1161      0000FCFF 
 1161      00000000 
 1162 3d6c 00000000 			.word	0x00000000, 0x0FFFFFFF, 0xFFFFFFFF, 0xFFFF0000, 0x00000000
 1162      FFFFFF0F 
 1162      FFFFFFFF 
 1162      0000FFFF 
 1162      00000000 
 1163 3d80 00000000 			.word	0x00000000, 0x0FFFFFFF, 0xFFFFFFFF, 0xFFFFC000, 0x00000000
 1163      FFFFFF0F 
 1163      FFFFFFFF 
 1163      00C0FFFF 
 1163      00000000 
 1164 3d94 00000000 			.word	0x00000000, 0x0FFFFFFF, 0xFFFFFFFF, 0xFFFFF000, 0x00000000
 1164      FFFFFF0F 
 1164      FFFFFFFF 
 1164      00F0FFFF 
 1164      00000000 
 1165 3da8 00000000 			.word	0x00000000, 0x07FFFFFF, 0xFFFFFFFF, 0xFFFFFC00, 0x00000000
 1165      FFFFFF07 
 1165      FFFFFFFF 
 1165      00FCFFFF 
 1165      00000000 
 1166 3dbc 00000000 			.word	0x00000000, 0x07FFFFFF, 0xFFFFFFFF, 0xFFFFFE00, 0x00000000
 1166      FFFFFF07 
 1166      FFFFFFFF 
ARM GAS  font_century238.s 			page 72


 1166      00FEFFFF 
 1166      00000000 
 1167 3dd0 00000000 			.word	0x00000000, 0x03FFFFFF, 0xFFFFFFFF, 0xFFFFFF80, 0x00000000
 1167      FFFFFF03 
 1167      FFFFFFFF 
 1167      80FFFFFF 
 1167      00000000 
 1168 3de4 00000000 			.word	0x00000000, 0x01FFFFFF, 0xFFFFFFFF, 0xFFFFFFC0, 0x00000000
 1168      FFFFFF01 
 1168      FFFFFFFF 
 1168      C0FFFFFF 
 1168      00000000 
 1169 3df8 00000000 			.word	0x00000000, 0x003FFFFF, 0xE03FFFFF, 0xFFFFFFE0, 0x00000000
 1169      FFFF3F00 
 1169      FFFF3FE0 
 1169      E0FFFFFF 
 1169      00000000 
 1170 3e0c 00000000 			.word	0x00000000, 0x00000000, 0x00007FFF, 0xFFFFFFF8, 0x00000000
 1170      00000000 
 1170      FF7F0000 
 1170      F8FFFFFF 
 1170      00000000 
 1171 3e20 00000000 			.word	0x00000000, 0x00000000, 0x00000FFF, 0xFFFFFFFC, 0x00000000
 1171      00000000 
 1171      FF0F0000 
 1171      FCFFFFFF 
 1171      00000000 
 1172 3e34 00000000 			.word	0x00000000, 0x00000000, 0x000001FF, 0xFFFFFFFE, 0x00000000
 1172      00000000 
 1172      FF010000 
 1172      FEFFFFFF 
 1172      00000000 
 1173 3e48 00000000 			.word	0x00000000, 0x00000000, 0x0000007F, 0xFFFFFFFF, 0x00000000
 1173      00000000 
 1173      7F000000 
 1173      FFFFFFFF 
 1173      00000000 
 1174 3e5c 00000000 			.word	0x00000000, 0x00000000, 0x0000001F, 0xFFFFFFFF, 0x80000000
 1174      00000000 
 1174      1F000000 
 1174      FFFFFFFF 
 1174      00000080 
 1175 3e70 00000000 			.word	0x00000000, 0x00000000, 0x0000000F, 0xFFFFFFFF, 0xC0000000
 1175      00000000 
 1175      0F000000 
 1175      FFFFFFFF 
 1175      000000C0 
 1176 3e84 00000000 			.word	0x00000000, 0x00000000, 0x00000007, 0xFFFFFFFF, 0xE0000000
 1176      00000000 
 1176      07000000 
 1176      FFFFFFFF 
 1176      000000E0 
 1177 3e98 00000000 			.word	0x00000000, 0x00000000, 0x00000001, 0xFFFFFFFF, 0xF0000000
 1177      00000000 
 1177      01000000 
 1177      FFFFFFFF 
 1177      000000F0 
ARM GAS  font_century238.s 			page 73


 1178 3eac 00000000 			.word	0x00000000, 0x00000000, 0x00000000, 0xFFFFFFFF, 0xF0000000
 1178      00000000 
 1178      00000000 
 1178      FFFFFFFF 
 1178      000000F0 
 1179 3ec0 00000000 			.word	0x00000000, 0x00000000, 0x00000000, 0x7FFFFFFF, 0xF8000000
 1179      00000000 
 1179      00000000 
 1179      FFFFFF7F 
 1179      000000F8 
 1180 3ed4 00000000 			.word	0x00000000, 0x00000000, 0x00000000, 0x3FFFFFFF, 0xFC000000
 1180      00000000 
 1180      00000000 
 1180      FFFFFF3F 
 1180      000000FC 
 1181 3ee8 00000000 			.word	0x00000000, 0x00000000, 0x00000000, 0x3FFFFFFF, 0xFE000000
 1181      00000000 
 1181      00000000 
 1181      FFFFFF3F 
 1181      000000FE 
 1182 3efc 00000000 			.word	0x00000000, 0x00000000, 0x00000000, 0x1FFFFFFF, 0xFE000000
 1182      00000000 
 1182      00000000 
 1182      FFFFFF1F 
 1182      000000FE 
 1183 3f10 00000000 			.word	0x00000000, 0x00000000, 0x00000000, 0x0FFFFFFF, 0xFF000000
 1183      00000000 
 1183      00000000 
 1183      FFFFFF0F 
 1183      000000FF 
 1184 3f24 00000000 			.word	0x00000000, 0x00000000, 0x00000000, 0x0FFFFFFF, 0xFF800000
 1184      00000000 
 1184      00000000 
 1184      FFFFFF0F 
 1184      000080FF 
 1185 3f38 00000000 			.word	0x00000000, 0x00000000, 0x00000000, 0x07FFFFFF, 0xFF800000
 1185      00000000 
 1185      00000000 
 1185      FFFFFF07 
 1185      000080FF 
 1186 3f4c 00000000 			.word	0x00000000, 0x00000000, 0x00000000, 0x07FFFFFF, 0xFFC00000
 1186      00000000 
 1186      00000000 
 1186      FFFFFF07 
 1186      0000C0FF 
 1187 3f60 00000000 			.word	0x00000000, 0x00000000, 0x00000000, 0x03FFFFFF, 0xFFC00000
 1187      00000000 
 1187      00000000 
 1187      FFFFFF03 
 1187      0000C0FF 
 1188 3f74 00000000 			.word	0x00000000, 0x00000000, 0x00000000, 0x03FFFFFF, 0xFFE00000
 1188      00000000 
 1188      00000000 
 1188      FFFFFF03 
 1188      0000E0FF 
 1189 3f88 00000000 			.word	0x00000000, 0x00000000, 0x00000000, 0x01FFFFFF, 0xFFE00000
 1189      00000000 
ARM GAS  font_century238.s 			page 74


 1189      00000000 
 1189      FFFFFF01 
 1189      0000E0FF 
 1190 3f9c 00000000 			.word	0x00000000, 0x00000000, 0x00000000, 0x01FFFFFF, 0xFFF00000
 1190      00000000 
 1190      00000000 
 1190      FFFFFF01 
 1190      0000F0FF 
 1191 3fb0 00000000 			.word	0x00000000, 0x00000000, 0x00000000, 0x01FFFFFF, 0xFFF00000
 1191      00000000 
 1191      00000000 
 1191      FFFFFF01 
 1191      0000F0FF 
 1192 3fc4 00000000 			.word	0x00000000, 0x00000000, 0x00000000, 0x00FFFFFF, 0xFFF80000
 1192      00000000 
 1192      00000000 
 1192      FFFFFF00 
 1192      0000F8FF 
 1193 3fd8 00000000 			.word	0x00000000, 0x00000000, 0x00000000, 0x00FFFFFF, 0xFFF80000
 1193      00000000 
 1193      00000000 
 1193      FFFFFF00 
 1193      0000F8FF 
 1194 3fec 00000000 			.word	0x00000000, 0x00000000, 0x00000000, 0x00FFFFFF, 0xFFF80000
 1194      00000000 
 1194      00000000 
 1194      FFFFFF00 
 1194      0000F8FF 
 1195 4000 00000000 			.word	0x00000000, 0x00000000, 0x00000000, 0x007FFFFF, 0xFFFC0000
 1195      00000000 
 1195      00000000 
 1195      FFFF7F00 
 1195      0000FCFF 
 1196 4014 00000000 			.word	0x00000000, 0x00000000, 0x00000000, 0x007FFFFF, 0xFFFC0000
 1196      00000000 
 1196      00000000 
 1196      FFFF7F00 
 1196      0000FCFF 
 1197 4028 FEFF0100 			.word	0x0001FFFE, 0x00000000, 0x00000000, 0x007FFFFF, 0xFFFC0000
 1197      00000000 
 1197      00000000 
 1197      FFFF7F00 
 1197      0000FCFF 
 1198 403c FFFF0F00 			.word	0x000FFFFF, 0x80000000, 0x00000000, 0x007FFFFF, 0xFFFC0000
 1198      00000080 
 1198      00000000 
 1198      FFFF7F00 
 1198      0000FCFF 
 1199 4050 FFFF3F00 			.word	0x003FFFFF, 0xE0000000, 0x00000000, 0x007FFFFF, 0xFFFE0000
 1199      000000E0 
 1199      00000000 
 1199      FFFF7F00 
 1199      0000FEFF 
 1200 4064 FFFF7F00 			.word	0x007FFFFF, 0xF8000000, 0x00000000, 0x003FFFFF, 0xFFFE0000
 1200      000000F8 
 1200      00000000 
 1200      FFFF3F00 
ARM GAS  font_century238.s 			page 75


 1200      0000FEFF 
 1201 4078 FFFFFF00 			.word	0x00FFFFFF, 0xFC000000, 0x00000000, 0x003FFFFF, 0xFFFE0000
 1201      000000FC 
 1201      00000000 
 1201      FFFF3F00 
 1201      0000FEFF 
 1202 408c FFFFFF01 			.word	0x01FFFFFF, 0xFE000000, 0x00000000, 0x003FFFFF, 0xFFFE0000
 1202      000000FE 
 1202      00000000 
 1202      FFFF3F00 
 1202      0000FEFF 
 1203 40a0 FFFFFF03 			.word	0x03FFFFFF, 0xFE000000, 0x00000000, 0x003FFFFF, 0xFFFE0000
 1203      000000FE 
 1203      00000000 
 1203      FFFF3F00 
 1203      0000FEFF 
 1204 40b4 FFFFFF07 			.word	0x07FFFFFF, 0xFF000000, 0x00000000, 0x003FFFFF, 0xFFFF0000
 1204      000000FF 
 1204      00000000 
 1204      FFFF3F00 
 1204      0000FFFF 
 1205 40c8 FFFFFF0F 			.word	0x0FFFFFFF, 0xFF800000, 0x00000000, 0x003FFFFF, 0xFFFF0000
 1205      000080FF 
 1205      00000000 
 1205      FFFF3F00 
 1205      0000FFFF 
 1206 40dc FFFFFF0F 			.word	0x0FFFFFFF, 0xFF800000, 0x00000000, 0x003FFFFF, 0xFFFF0000
 1206      000080FF 
 1206      00000000 
 1206      FFFF3F00 
 1206      0000FFFF 
 1207 40f0 FFFFFF1F 			.word	0x1FFFFFFF, 0xFFC00000, 0x00000000, 0x003FFFFF, 0xFFFF0000
 1207      0000C0FF 
 1207      00000000 
 1207      FFFF3F00 
 1207      0000FFFF 
 1208 4104 FFFFFF1F 			.word	0x1FFFFFFF, 0xFFC00000, 0x00000000, 0x003FFFFF, 0xFFFF0000
 1208      0000C0FF 
 1208      00000000 
 1208      FFFF3F00 
 1208      0000FFFF 
 1209 4118 FFFFFF3F 			.word	0x3FFFFFFF, 0xFFC00000, 0x00000000, 0x003FFFFF, 0xFFFF0000
 1209      0000C0FF 
 1209      00000000 
 1209      FFFF3F00 
 1209      0000FFFF 
 1210 412c FFFFFF3F 			.word	0x3FFFFFFF, 0xFFE00000, 0x00000000, 0x001FFFFF, 0xFFFF0000
 1210      0000E0FF 
 1210      00000000 
 1210      FFFF1F00 
 1210      0000FFFF 
 1211 4140 FFFFFF7F 			.word	0x7FFFFFFF, 0xFFE00000, 0x00000000, 0x001FFFFF, 0xFFFF0000
 1211      0000E0FF 
 1211      00000000 
 1211      FFFF1F00 
 1211      0000FFFF 
 1212 4154 FFFFFF7F 			.word	0x7FFFFFFF, 0xFFE00000, 0x00000000, 0x001FFFFF, 0xFFFF0000
ARM GAS  font_century238.s 			page 76


 1212      0000E0FF 
 1212      00000000 
 1212      FFFF1F00 
 1212      0000FFFF 
 1213 4168 FFFFFF7F 			.word	0x7FFFFFFF, 0xFFE00000, 0x00000000, 0x001FFFFF, 0xFFFF0000
 1213      0000E0FF 
 1213      00000000 
 1213      FFFF1F00 
 1213      0000FFFF 
 1214 417c FFFFFF7F 			.word	0x7FFFFFFF, 0xFFE00000, 0x00000000, 0x001FFFFF, 0xFFFF0000
 1214      0000E0FF 
 1214      00000000 
 1214      FFFF1F00 
 1214      0000FFFF 
 1215 4190 FFFFFFFF 			.word	0xFFFFFFFF, 0xFFE00000, 0x00000000, 0x001FFFFF, 0xFFFF0000
 1215      0000E0FF 
 1215      00000000 
 1215      FFFF1F00 
 1215      0000FFFF 
 1216 41a4 FFFFFFFF 			.word	0xFFFFFFFF, 0xFFE00000, 0x00000000, 0x001FFFFF, 0xFFFF0000
 1216      0000E0FF 
 1216      00000000 
 1216      FFFF1F00 
 1216      0000FFFF 
 1217 41b8 FFFFFFFF 			.word	0xFFFFFFFF, 0xFFE00000, 0x00000000, 0x001FFFFF, 0xFFFF0000
 1217      0000E0FF 
 1217      00000000 
 1217      FFFF1F00 
 1217      0000FFFF 
 1218 41cc FFFFFFFF 			.word	0xFFFFFFFF, 0xFFE00000, 0x00000000, 0x001FFFFF, 0xFFFF0000
 1218      0000E0FF 
 1218      00000000 
 1218      FFFF1F00 
 1218      0000FFFF 
 1219 41e0 FFFFFFFF 			.word	0xFFFFFFFF, 0xFFE00000, 0x00000000, 0x001FFFFF, 0xFFFF0000
 1219      0000E0FF 
 1219      00000000 
 1219      FFFF1F00 
 1219      0000FFFF 
 1220 41f4 FFFFFFFF 			.word	0xFFFFFFFF, 0xFFE00000, 0x00000000, 0x003FFFFF, 0xFFFF0000
 1220      0000E0FF 
 1220      00000000 
 1220      FFFF3F00 
 1220      0000FFFF 
 1221 4208 FFFFFFFF 			.word	0xFFFFFFFF, 0xFFE00000, 0x00000000, 0x003FFFFF, 0xFFFF0000
 1221      0000E0FF 
 1221      00000000 
 1221      FFFF3F00 
 1221      0000FFFF 
 1222 421c FFFFFFFF 			.word	0xFFFFFFFF, 0xFFE00000, 0x00000000, 0x003FFFFF, 0xFFFF0000
 1222      0000E0FF 
 1222      00000000 
 1222      FFFF3F00 
 1222      0000FFFF 
 1223 4230 FFFFFFFF 			.word	0xFFFFFFFF, 0xFFE00000, 0x00000000, 0x003FFFFF, 0xFFFF0000
 1223      0000E0FF 
 1223      00000000 
ARM GAS  font_century238.s 			page 77


 1223      FFFF3F00 
 1223      0000FFFF 
 1224 4244 FFFFFFFF 			.word	0xFFFFFFFF, 0xFFE00000, 0x00000000, 0x003FFFFF, 0xFFFF0000
 1224      0000E0FF 
 1224      00000000 
 1224      FFFF3F00 
 1224      0000FFFF 
 1225 4258 FFFFFFFF 			.word	0xFFFFFFFF, 0xFFE00000, 0x00000000, 0x003FFFFF, 0xFFFF0000
 1225      0000E0FF 
 1225      00000000 
 1225      FFFF3F00 
 1225      0000FFFF 
 1226 426c FFFFFFFF 			.word	0xFFFFFFFF, 0xFFC00000, 0x00000000, 0x003FFFFF, 0xFFFF0000
 1226      0000C0FF 
 1226      00000000 
 1226      FFFF3F00 
 1226      0000FFFF 
 1227 4280 FFFFFFFF 			.word	0xFFFFFFFF, 0xFFC00000, 0x00000000, 0x003FFFFF, 0xFFFE0000
 1227      0000C0FF 
 1227      00000000 
 1227      FFFF3F00 
 1227      0000FEFF 
 1228 4294 FFFFFFFF 			.word	0xFFFFFFFF, 0xFFC00000, 0x00000000, 0x003FFFFF, 0xFFFE0000
 1228      0000C0FF 
 1228      00000000 
 1228      FFFF3F00 
 1228      0000FEFF 
 1229 42a8 FFFFFFFF 			.word	0xFFFFFFFF, 0xFF800000, 0x00000000, 0x007FFFFF, 0xFFFE0000
 1229      000080FF 
 1229      00000000 
 1229      FFFF7F00 
 1229      0000FEFF 
 1230 42bc FFFFFFFF 			.word	0xFFFFFFFF, 0xFF800000, 0x00000000, 0x007FFFFF, 0xFFFE0000
 1230      000080FF 
 1230      00000000 
 1230      FFFF7F00 
 1230      0000FEFF 
 1231 42d0 FFFFFFFF 			.word	0xFFFFFFFF, 0xFF000000, 0x00000000, 0x007FFFFF, 0xFFFE0000
 1231      000000FF 
 1231      00000000 
 1231      FFFF7F00 
 1231      0000FEFF 
 1232 42e4 FFFFFFFF 			.word	0xFFFFFFFF, 0xFE000000, 0x00000000, 0x007FFFFF, 0xFFFC0000
 1232      000000FE 
 1232      00000000 
 1232      FFFF7F00 
 1232      0000FCFF 
 1233 42f8 FFFFFFFF 			.word	0xFFFFFFFF, 0xFC000000, 0x00000000, 0x00FFFFFF, 0xFFFC0000
 1233      000000FC 
 1233      00000000 
 1233      FFFFFF00 
 1233      0000FCFF 
 1234 430c FFFFFFFF 			.word	0xFFFFFFFF, 0xF8000000, 0x00000000, 0x00FFFFFF, 0xFFFC0000
 1234      000000F8 
 1234      00000000 
 1234      FFFFFF00 
 1234      0000FCFF 
ARM GAS  font_century238.s 			page 78


 1235 4320 FFFFFFFF 			.word	0xFFFFFFFF, 0xF0000000, 0x00000000, 0x00FFFFFF, 0xFFFC0000
 1235      000000F0 
 1235      00000000 
 1235      FFFFFF00 
 1235      0000FCFF 
 1236 4334 FFFFFF7F 			.word	0x7FFFFFFF, 0xE0000000, 0x00000000, 0x01FFFFFF, 0xFFF80000
 1236      000000E0 
 1236      00000000 
 1236      FFFFFF01 
 1236      0000F8FF 
 1237 4348 FFFFFF7F 			.word	0x7FFFFFFF, 0x80000000, 0x00000000, 0x01FFFFFF, 0xFFF80000
 1237      00000080 
 1237      00000000 
 1237      FFFFFF01 
 1237      0000F8FF 
 1238 435c FEFFFF7F 			.word	0x7FFFFFFE, 0x00000000, 0x00000000, 0x01FFFFFF, 0xFFF80000
 1238      00000000 
 1238      00000000 
 1238      FFFFFF01 
 1238      0000F8FF 
 1239 4370 FCFFFF7F 			.word	0x7FFFFFFC, 0x00000000, 0x00000000, 0x03FFFFFF, 0xFFF00000
 1239      00000000 
 1239      00000000 
 1239      FFFFFF03 
 1239      0000F0FF 
 1240 4384 F0FFFF3F 			.word	0x3FFFFFF0, 0x00000000, 0x00000000, 0x03FFFFFF, 0xFFF00000
 1240      00000000 
 1240      00000000 
 1240      FFFFFF03 
 1240      0000F0FF 
 1241 4398 E0FFFF3F 			.word	0x3FFFFFE0, 0x00000000, 0x00000000, 0x07FFFFFF, 0xFFE00000
 1241      00000000 
 1241      00000000 
 1241      FFFFFF07 
 1241      0000E0FF 
 1242 43ac E0FFFF3F 			.word	0x3FFFFFE0, 0x00000000, 0x00000000, 0x07FFFFFF, 0xFFE00000
 1242      00000000 
 1242      00000000 
 1242      FFFFFF07 
 1242      0000E0FF 
 1243 43c0 E0FFFF1F 			.word	0x1FFFFFE0, 0x00000000, 0x00000000, 0x0FFFFFFF, 0xFFC00000
 1243      00000000 
 1243      00000000 
 1243      FFFFFF0F 
 1243      0000C0FF 
 1244 43d4 F0FFFF1F 			.word	0x1FFFFFF0, 0x00000000, 0x00000000, 0x0FFFFFFF, 0xFFC00000
 1244      00000000 
 1244      00000000 
 1244      FFFFFF0F 
 1244      0000C0FF 
 1245 43e8 F0FFFF1F 			.word	0x1FFFFFF0, 0x00000000, 0x00000000, 0x1FFFFFFF, 0xFF800000
 1245      00000000 
 1245      00000000 
 1245      FFFFFF1F 
 1245      000080FF 
 1246 43fc F8FFFF0F 			.word	0x0FFFFFF8, 0x00000000, 0x00000000, 0x3FFFFFFF, 0xFF800000
 1246      00000000 
ARM GAS  font_century238.s 			page 79


 1246      00000000 
 1246      FFFFFF3F 
 1246      000080FF 
 1247 4410 F8FFFF0F 			.word	0x0FFFFFF8, 0x00000000, 0x00000000, 0x7FFFFFFF, 0xFF000000
 1247      00000000 
 1247      00000000 
 1247      FFFFFF7F 
 1247      000000FF 
 1248 4424 FCFFFF07 			.word	0x07FFFFFC, 0x00000000, 0x00000000, 0x7FFFFFFF, 0xFE000000
 1248      00000000 
 1248      00000000 
 1248      FFFFFF7F 
 1248      000000FE 
 1249 4438 FEFFFF07 			.word	0x07FFFFFE, 0x00000000, 0x00000000, 0xFFFFFFFF, 0xFE000000
 1249      00000000 
 1249      00000000 
 1249      FFFFFFFF 
 1249      000000FE 
 1250 444c FFFFFF03 			.word	0x03FFFFFF, 0x00000000, 0x00000001, 0xFFFFFFFF, 0xFC000000
 1250      00000000 
 1250      01000000 
 1250      FFFFFFFF 
 1250      000000FC 
 1251 4460 FFFFFF03 			.word	0x03FFFFFF, 0x80000000, 0x00000003, 0xFFFFFFFF, 0xF8000000
 1251      00000080 
 1251      03000000 
 1251      FFFFFFFF 
 1251      000000F8 
 1252 4474 FFFFFF01 			.word	0x01FFFFFF, 0xC0000000, 0x0000000F, 0xFFFFFFFF, 0xF8000000
 1252      000000C0 
 1252      0F000000 
 1252      FFFFFFFF 
 1252      000000F8 
 1253 4488 FFFFFF00 			.word	0x00FFFFFF, 0xF0000000, 0x0000001F, 0xFFFFFFFF, 0xF0000000
 1253      000000F0 
 1253      1F000000 
 1253      FFFFFFFF 
 1253      000000F0 
 1254 449c FFFFFF00 			.word	0x00FFFFFF, 0xF8000000, 0x0000007F, 0xFFFFFFFF, 0xE0000000
 1254      000000F8 
 1254      7F000000 
 1254      FFFFFFFF 
 1254      000000E0 
 1255 44b0 FFFF7F00 			.word	0x007FFFFF, 0xFE000000, 0x000000FF, 0xFFFFFFFF, 0xC0000000
 1255      000000FE 
 1255      FF000000 
 1255      FFFFFFFF 
 1255      000000C0 
 1256 44c4 FFFF3F00 			.word	0x003FFFFF, 0xFF800000, 0x000007FF, 0xFFFFFFFF, 0x80000000
 1256      000080FF 
 1256      FF070000 
 1256      FFFFFFFF 
 1256      00000080 
 1257 44d8 FFFF1F00 			.word	0x001FFFFF, 0xFFF00000, 0x00001FFF, 0xFFFFFFFF, 0x00000000
 1257      0000F0FF 
 1257      FF1F0000 
 1257      FFFFFFFF 
ARM GAS  font_century238.s 			page 80


 1257      00000000 
 1258 44ec FFFF1F00 			.word	0x001FFFFF, 0xFFFE0000, 0x0000FFFF, 0xFFFFFFFE, 0x00000000
 1258      0000FEFF 
 1258      FFFF0000 
 1258      FEFFFFFF 
 1258      00000000 
 1259 4500 FFFF0F00 			.word	0x000FFFFF, 0xFFFFE000, 0x000FFFFF, 0xFFFFFFFC, 0x00000000
 1259      00E0FFFF 
 1259      FFFF0F00 
 1259      FCFFFFFF 
 1259      00000000 
 1260 4514 FFFF0700 			.word	0x0007FFFF, 0xFFFFFFE0, 0x0FFFFFFF, 0xFFFFFFF8, 0x00000000
 1260      E0FFFFFF 
 1260      FFFFFF0F 
 1260      F8FFFFFF 
 1260      00000000 
 1261 4528 FFFF0300 			.word	0x0003FFFF, 0xFFFFFFFF, 0xFFFFFFFF, 0xFFFFFFE0, 0x00000000
 1261      FFFFFFFF 
 1261      FFFFFFFF 
 1261      E0FFFFFF 
 1261      00000000 
 1262 453c FFFF0100 			.word	0x0001FFFF, 0xFFFFFFFF, 0xFFFFFFFF, 0xFFFFFFC0, 0x00000000
 1262      FFFFFFFF 
 1262      FFFFFFFF 
 1262      C0FFFFFF 
 1262      00000000 
 1263 4550 FF7F0000 			.word	0x00007FFF, 0xFFFFFFFF, 0xFFFFFFFF, 0xFFFFFF80, 0x00000000
 1263      FFFFFFFF 
 1263      FFFFFFFF 
 1263      80FFFFFF 
 1263      00000000 
 1264 4564 FF3F0000 			.word	0x00003FFF, 0xFFFFFFFF, 0xFFFFFFFF, 0xFFFFFE00, 0x00000000
 1264      FFFFFFFF 
 1264      FFFFFFFF 
 1264      00FEFFFF 
 1264      00000000 
 1265 4578 FF1F0000 			.word	0x00001FFF, 0xFFFFFFFF, 0xFFFFFFFF, 0xFFFFFC00, 0x00000000
 1265      FFFFFFFF 
 1265      FFFFFFFF 
 1265      00FCFFFF 
 1265      00000000 
 1266 458c FF070000 			.word	0x000007FF, 0xFFFFFFFF, 0xFFFFFFFF, 0xFFFFF000, 0x00000000
 1266      FFFFFFFF 
 1266      FFFFFFFF 
 1266      00F0FFFF 
 1266      00000000 
 1267 45a0 FF030000 			.word	0x000003FF, 0xFFFFFFFF, 0xFFFFFFFF, 0xFFFFE000, 0x00000000
 1267      FFFFFFFF 
 1267      FFFFFFFF 
 1267      00E0FFFF 
 1267      00000000 
 1268 45b4 FF000000 			.word	0x000000FF, 0xFFFFFFFF, 0xFFFFFFFF, 0xFFFF8000, 0x00000000
 1268      FFFFFFFF 
 1268      FFFFFFFF 
 1268      0080FFFF 
 1268      00000000 
 1269 45c8 3F000000 			.word	0x0000003F, 0xFFFFFFFF, 0xFFFFFFFF, 0xFFFE0000, 0x00000000
ARM GAS  font_century238.s 			page 81


 1269      FFFFFFFF 
 1269      FFFFFFFF 
 1269      0000FEFF 
 1269      00000000 
 1270 45dc 0F000000 			.word	0x0000000F, 0xFFFFFFFF, 0xFFFFFFFF, 0xFFF80000, 0x00000000
 1270      FFFFFFFF 
 1270      FFFFFFFF 
 1270      0000F8FF 
 1270      00000000 
 1271 45f0 03000000 			.word	0x00000003, 0xFFFFFFFF, 0xFFFFFFFF, 0xFFC00000, 0x00000000
 1271      FFFFFFFF 
 1271      FFFFFFFF 
 1271      0000C0FF 
 1271      00000000 
 1272 4604 00000000 			.word	0x00000000, 0xFFFFFFFF, 0xFFFFFFFF, 0xFF000000, 0x00000000
 1272      FFFFFFFF 
 1272      FFFFFFFF 
 1272      000000FF 
 1272      00000000 
 1273 4618 00000000 			.word	0x00000000, 0x1FFFFFFF, 0xFFFFFFFF, 0xF8000000, 0x00000000
 1273      FFFFFF1F 
 1273      FFFFFFFF 
 1273      000000F8 
 1273      00000000 
 1274 462c 00000000 			.word	0x00000000, 0x03FFFFFF, 0xFFFFFFFF, 0xC0000000, 0x00000000
 1274      FFFFFF03 
 1274      FFFFFFFF 
 1274      000000C0 
 1274      00000000 
 1275 4640 00000000 			.word	0x00000000, 0x007FFFFF, 0xFFFFFFFC, 0x00000000, 0x00000000
 1275      FFFF7F00 
 1275      FCFFFFFF 
 1275      00000000 
 1275      00000000 
 1276 4654 00000000 			.word	0x00000000, 0x0003FFFF, 0xFFFFFFC0, 0x00000000, 0x00000000
 1276      FFFF0300 
 1276      C0FFFFFF 
 1276      00000000 
 1276      00000000 
 1277 4668 00000000 			.word	0x00000000, 0x00000FFF, 0xFFFFE000, 0x00000000, 0x00000000
 1277      FF0F0000 
 1277      00E0FFFF 
 1277      00000000 
 1277      00000000 
 1278              	
 1279              	FOUR:
 1280 467c 34000000 			.word	'4			// ASCII "4" character
 1281 4680 B1000000 			.word	CELLWDTH		// cell pixel width
 1282 4684 7D010000 			.word	CELLHGHT		// cell pixel height
 1283 4688 9A000000 			.word	154			// glyph pixel width
 1284 468c D9000000 			.word	217			// glyph pixel height
 1285 4690 0A000000 			.word	10			// blank horizontal pixels before glyph
 1286 4694 0D000000 			.word	13			// blank horizontal pixels after glyph
 1287 4698 60000000 			.word	96			// blank horizontal lines before glyph
 1288 469c 44000000 			.word	68			// blank horizontal lines after glyph
 1289              							// bit mapped glyph
 1290 46a0 00000000 			.word	0x00000000, 0x00000000, 0x00000000, 0x03FFFE00, 0x00000000
ARM GAS  font_century238.s 			page 82


 1290      00000000 
 1290      00000000 
 1290      00FEFF03 
 1290      00000000 
 1291 46b4 00000000 			.word	0x00000000, 0x00000000, 0x00000000, 0x07FFFE00, 0x00000000
 1291      00000000 
 1291      00000000 
 1291      00FEFF07 
 1291      00000000 
 1292 46c8 00000000 			.word	0x00000000, 0x00000000, 0x00000000, 0x0FFFFE00, 0x00000000
 1292      00000000 
 1292      00000000 
 1292      00FEFF0F 
 1292      00000000 
 1293 46dc 00000000 			.word	0x00000000, 0x00000000, 0x00000000, 0x0FFFFE00, 0x00000000
 1293      00000000 
 1293      00000000 
 1293      00FEFF0F 
 1293      00000000 
 1294 46f0 00000000 			.word	0x00000000, 0x00000000, 0x00000000, 0x1FFFFE00, 0x00000000
 1294      00000000 
 1294      00000000 
 1294      00FEFF1F 
 1294      00000000 
 1295 4704 00000000 			.word	0x00000000, 0x00000000, 0x00000000, 0x3FFFFE00, 0x00000000
 1295      00000000 
 1295      00000000 
 1295      00FEFF3F 
 1295      00000000 
 1296 4718 00000000 			.word	0x00000000, 0x00000000, 0x00000000, 0x3FFFFE00, 0x00000000
 1296      00000000 
 1296      00000000 
 1296      00FEFF3F 
 1296      00000000 
 1297 472c 00000000 			.word	0x00000000, 0x00000000, 0x00000000, 0x7FFFFE00, 0x00000000
 1297      00000000 
 1297      00000000 
 1297      00FEFF7F 
 1297      00000000 
 1298 4740 00000000 			.word	0x00000000, 0x00000000, 0x00000000, 0xFFFFFE00, 0x00000000
 1298      00000000 
 1298      00000000 
 1298      00FEFFFF 
 1298      00000000 
 1299 4754 00000000 			.word	0x00000000, 0x00000000, 0x00000001, 0xFFFFFE00, 0x00000000
 1299      00000000 
 1299      01000000 
 1299      00FEFFFF 
 1299      00000000 
 1300 4768 00000000 			.word	0x00000000, 0x00000000, 0x00000001, 0xFFFFFE00, 0x00000000
 1300      00000000 
 1300      01000000 
 1300      00FEFFFF 
 1300      00000000 
 1301 477c 00000000 			.word	0x00000000, 0x00000000, 0x00000003, 0xFFFFFE00, 0x00000000
 1301      00000000 
 1301      03000000 
ARM GAS  font_century238.s 			page 83


 1301      00FEFFFF 
 1301      00000000 
 1302 4790 00000000 			.word	0x00000000, 0x00000000, 0x00000007, 0xFFFFFE00, 0x00000000
 1302      00000000 
 1302      07000000 
 1302      00FEFFFF 
 1302      00000000 
 1303 47a4 00000000 			.word	0x00000000, 0x00000000, 0x00000007, 0xFFFFFE00, 0x00000000
 1303      00000000 
 1303      07000000 
 1303      00FEFFFF 
 1303      00000000 
 1304 47b8 00000000 			.word	0x00000000, 0x00000000, 0x0000000F, 0xFFFFFE00, 0x00000000
 1304      00000000 
 1304      0F000000 
 1304      00FEFFFF 
 1304      00000000 
 1305 47cc 00000000 			.word	0x00000000, 0x00000000, 0x0000001F, 0xFFFFFE00, 0x00000000
 1305      00000000 
 1305      1F000000 
 1305      00FEFFFF 
 1305      00000000 
 1306 47e0 00000000 			.word	0x00000000, 0x00000000, 0x0000001F, 0xFFFFFE00, 0x00000000
 1306      00000000 
 1306      1F000000 
 1306      00FEFFFF 
 1306      00000000 
 1307 47f4 00000000 			.word	0x00000000, 0x00000000, 0x0000003F, 0xFFFFFE00, 0x00000000
 1307      00000000 
 1307      3F000000 
 1307      00FEFFFF 
 1307      00000000 
 1308 4808 00000000 			.word	0x00000000, 0x00000000, 0x0000007F, 0xFFFFFE00, 0x00000000
 1308      00000000 
 1308      7F000000 
 1308      00FEFFFF 
 1308      00000000 
 1309 481c 00000000 			.word	0x00000000, 0x00000000, 0x000000FF, 0xFFFFFE00, 0x00000000
 1309      00000000 
 1309      FF000000 
 1309      00FEFFFF 
 1309      00000000 
 1310 4830 00000000 			.word	0x00000000, 0x00000000, 0x000000FF, 0xFFFFFE00, 0x00000000
 1310      00000000 
 1310      FF000000 
 1310      00FEFFFF 
 1310      00000000 
 1311 4844 00000000 			.word	0x00000000, 0x00000000, 0x000001FF, 0xFFFFFE00, 0x00000000
 1311      00000000 
 1311      FF010000 
 1311      00FEFFFF 
 1311      00000000 
 1312 4858 00000000 			.word	0x00000000, 0x00000000, 0x000003FF, 0xFFFFFE00, 0x00000000
 1312      00000000 
 1312      FF030000 
 1312      00FEFFFF 
 1312      00000000 
ARM GAS  font_century238.s 			page 84


 1313 486c 00000000 			.word	0x00000000, 0x00000000, 0x000003FF, 0xFFFFFE00, 0x00000000
 1313      00000000 
 1313      FF030000 
 1313      00FEFFFF 
 1313      00000000 
 1314 4880 00000000 			.word	0x00000000, 0x00000000, 0x000007FF, 0xFFFFFE00, 0x00000000
 1314      00000000 
 1314      FF070000 
 1314      00FEFFFF 
 1314      00000000 
 1315 4894 00000000 			.word	0x00000000, 0x00000000, 0x00000FFF, 0xFFFFFE00, 0x00000000
 1315      00000000 
 1315      FF0F0000 
 1315      00FEFFFF 
 1315      00000000 
 1316 48a8 00000000 			.word	0x00000000, 0x00000000, 0x00001FFF, 0xFFFFFE00, 0x00000000
 1316      00000000 
 1316      FF1F0000 
 1316      00FEFFFF 
 1316      00000000 
 1317 48bc 00000000 			.word	0x00000000, 0x00000000, 0x00001FFF, 0xFFFFFE00, 0x00000000
 1317      00000000 
 1317      FF1F0000 
 1317      00FEFFFF 
 1317      00000000 
 1318 48d0 00000000 			.word	0x00000000, 0x00000000, 0x00003FFF, 0xFFFFFE00, 0x00000000
 1318      00000000 
 1318      FF3F0000 
 1318      00FEFFFF 
 1318      00000000 
 1319 48e4 00000000 			.word	0x00000000, 0x00000000, 0x00007FFF, 0xFFFFFE00, 0x00000000
 1319      00000000 
 1319      FF7F0000 
 1319      00FEFFFF 
 1319      00000000 
 1320 48f8 00000000 			.word	0x00000000, 0x00000000, 0x00007FFF, 0xFFFFFE00, 0x00000000
 1320      00000000 
 1320      FF7F0000 
 1320      00FEFFFF 
 1320      00000000 
 1321 490c 00000000 			.word	0x00000000, 0x00000000, 0x0000FFFF, 0xFFFFFE00, 0x00000000
 1321      00000000 
 1321      FFFF0000 
 1321      00FEFFFF 
 1321      00000000 
 1322 4920 00000000 			.word	0x00000000, 0x00000000, 0x0001FFFF, 0xFFFFFE00, 0x00000000
 1322      00000000 
 1322      FFFF0100 
 1322      00FEFFFF 
 1322      00000000 
 1323 4934 00000000 			.word	0x00000000, 0x00000000, 0x0003FFFF, 0xFFFFFE00, 0x00000000
 1323      00000000 
 1323      FFFF0300 
 1323      00FEFFFF 
 1323      00000000 
 1324 4948 00000000 			.word	0x00000000, 0x00000000, 0x0003FFFF, 0xFFFFFE00, 0x00000000
 1324      00000000 
ARM GAS  font_century238.s 			page 85


 1324      FFFF0300 
 1324      00FEFFFF 
 1324      00000000 
 1325 495c 00000000 			.word	0x00000000, 0x00000000, 0x0007FFFF, 0xFFFFFE00, 0x00000000
 1325      00000000 
 1325      FFFF0700 
 1325      00FEFFFF 
 1325      00000000 
 1326 4970 00000000 			.word	0x00000000, 0x00000000, 0x000FFFFF, 0xFFFFFE00, 0x00000000
 1326      00000000 
 1326      FFFF0F00 
 1326      00FEFFFF 
 1326      00000000 
 1327 4984 00000000 			.word	0x00000000, 0x00000000, 0x000FFFFF, 0xFFFFFE00, 0x00000000
 1327      00000000 
 1327      FFFF0F00 
 1327      00FEFFFF 
 1327      00000000 
 1328 4998 00000000 			.word	0x00000000, 0x00000000, 0x001FFFFF, 0xFFFFFE00, 0x00000000
 1328      00000000 
 1328      FFFF1F00 
 1328      00FEFFFF 
 1328      00000000 
 1329 49ac 00000000 			.word	0x00000000, 0x00000000, 0x003FFFFF, 0xFFFFFE00, 0x00000000
 1329      00000000 
 1329      FFFF3F00 
 1329      00FEFFFF 
 1329      00000000 
 1330 49c0 00000000 			.word	0x00000000, 0x00000000, 0x007FFFFF, 0xFFFFFE00, 0x00000000
 1330      00000000 
 1330      FFFF7F00 
 1330      00FEFFFF 
 1330      00000000 
 1331 49d4 00000000 			.word	0x00000000, 0x00000000, 0x007FFFFF, 0xFFFFFE00, 0x00000000
 1331      00000000 
 1331      FFFF7F00 
 1331      00FEFFFF 
 1331      00000000 
 1332 49e8 00000000 			.word	0x00000000, 0x00000000, 0x00FFFFFF, 0xFFFFFE00, 0x00000000
 1332      00000000 
 1332      FFFFFF00 
 1332      00FEFFFF 
 1332      00000000 
 1333 49fc 00000000 			.word	0x00000000, 0x00000000, 0x01FFFFFF, 0xFFFFFE00, 0x00000000
 1333      00000000 
 1333      FFFFFF01 
 1333      00FEFFFF 
 1333      00000000 
 1334 4a10 00000000 			.word	0x00000000, 0x00000000, 0x01FFFFFF, 0xFFFFFE00, 0x00000000
 1334      00000000 
 1334      FFFFFF01 
 1334      00FEFFFF 
 1334      00000000 
 1335 4a24 00000000 			.word	0x00000000, 0x00000000, 0x03FFFFFF, 0xFFFFFE00, 0x00000000
 1335      00000000 
 1335      FFFFFF03 
 1335      00FEFFFF 
ARM GAS  font_century238.s 			page 86


 1335      00000000 
 1336 4a38 00000000 			.word	0x00000000, 0x00000000, 0x07FFFFFF, 0xFFFFFE00, 0x00000000
 1336      00000000 
 1336      FFFFFF07 
 1336      00FEFFFF 
 1336      00000000 
 1337 4a4c 00000000 			.word	0x00000000, 0x00000000, 0x0FFFFFFF, 0xFFFFFE00, 0x00000000
 1337      00000000 
 1337      FFFFFF0F 
 1337      00FEFFFF 
 1337      00000000 
 1338 4a60 00000000 			.word	0x00000000, 0x00000000, 0x0FFFFFFF, 0xFFFFFE00, 0x00000000
 1338      00000000 
 1338      FFFFFF0F 
 1338      00FEFFFF 
 1338      00000000 
 1339 4a74 00000000 			.word	0x00000000, 0x00000000, 0x1FFFFFFF, 0xFFFFFE00, 0x00000000
 1339      00000000 
 1339      FFFFFF1F 
 1339      00FEFFFF 
 1339      00000000 
 1340 4a88 00000000 			.word	0x00000000, 0x00000000, 0x3FFFFFFF, 0xFFFFFE00, 0x00000000
 1340      00000000 
 1340      FFFFFF3F 
 1340      00FEFFFF 
 1340      00000000 
 1341 4a9c 00000000 			.word	0x00000000, 0x00000000, 0x3FFFFFFF, 0xFFFFFE00, 0x00000000
 1341      00000000 
 1341      FFFFFF3F 
 1341      00FEFFFF 
 1341      00000000 
 1342 4ab0 00000000 			.word	0x00000000, 0x00000000, 0x7FFFFFFF, 0xFFFFFE00, 0x00000000
 1342      00000000 
 1342      FFFFFF7F 
 1342      00FEFFFF 
 1342      00000000 
 1343 4ac4 00000000 			.word	0x00000000, 0x00000000, 0xFFFFFFFF, 0xFFFFFE00, 0x00000000
 1343      00000000 
 1343      FFFFFFFF 
 1343      00FEFFFF 
 1343      00000000 
 1344 4ad8 00000000 			.word	0x00000000, 0x00000001, 0xFFFFFFFF, 0xFFFFFE00, 0x00000000
 1344      01000000 
 1344      FFFFFFFF 
 1344      00FEFFFF 
 1344      00000000 
 1345 4aec 00000000 			.word	0x00000000, 0x00000001, 0xFFFFFFFF, 0xFFFFFE00, 0x00000000
 1345      01000000 
 1345      FFFFFFFF 
 1345      00FEFFFF 
 1345      00000000 
 1346 4b00 00000000 			.word	0x00000000, 0x00000003, 0xFFFFFFFF, 0xFFFFFE00, 0x00000000
 1346      03000000 
 1346      FFFFFFFF 
 1346      00FEFFFF 
 1346      00000000 
 1347 4b14 00000000 			.word	0x00000000, 0x00000007, 0xFFFFFBFF, 0xFFFFFE00, 0x00000000
ARM GAS  font_century238.s 			page 87


 1347      07000000 
 1347      FFFBFFFF 
 1347      00FEFFFF 
 1347      00000000 
 1348 4b28 00000000 			.word	0x00000000, 0x00000007, 0xFFFFFBFF, 0xFFFFFE00, 0x00000000
 1348      07000000 
 1348      FFFBFFFF 
 1348      00FEFFFF 
 1348      00000000 
 1349 4b3c 00000000 			.word	0x00000000, 0x0000000F, 0xFFFFF3FF, 0xFFFFFE00, 0x00000000
 1349      0F000000 
 1349      FFF3FFFF 
 1349      00FEFFFF 
 1349      00000000 
 1350 4b50 00000000 			.word	0x00000000, 0x0000001F, 0xFFFFE3FF, 0xFFFFFE00, 0x00000000
 1350      1F000000 
 1350      FFE3FFFF 
 1350      00FEFFFF 
 1350      00000000 
 1351 4b64 00000000 			.word	0x00000000, 0x0000003F, 0xFFFFE3FF, 0xFFFFFE00, 0x00000000
 1351      3F000000 
 1351      FFE3FFFF 
 1351      00FEFFFF 
 1351      00000000 
 1352 4b78 00000000 			.word	0x00000000, 0x0000003F, 0xFFFFC3FF, 0xFFFFFE00, 0x00000000
 1352      3F000000 
 1352      FFC3FFFF 
 1352      00FEFFFF 
 1352      00000000 
 1353 4b8c 00000000 			.word	0x00000000, 0x0000007F, 0xFFFF83FF, 0xFFFFFE00, 0x00000000
 1353      7F000000 
 1353      FF83FFFF 
 1353      00FEFFFF 
 1353      00000000 
 1354 4ba0 00000000 			.word	0x00000000, 0x000000FF, 0xFFFF03FF, 0xFFFFFE00, 0x00000000
 1354      FF000000 
 1354      FF03FFFF 
 1354      00FEFFFF 
 1354      00000000 
 1355 4bb4 00000000 			.word	0x00000000, 0x000000FF, 0xFFFF03FF, 0xFFFFFE00, 0x00000000
 1355      FF000000 
 1355      FF03FFFF 
 1355      00FEFFFF 
 1355      00000000 
 1356 4bc8 00000000 			.word	0x00000000, 0x000001FF, 0xFFFE03FF, 0xFFFFFE00, 0x00000000
 1356      FF010000 
 1356      FF03FEFF 
 1356      00FEFFFF 
 1356      00000000 
 1357 4bdc 00000000 			.word	0x00000000, 0x000003FF, 0xFFFC03FF, 0xFFFFFE00, 0x00000000
 1357      FF030000 
 1357      FF03FCFF 
 1357      00FEFFFF 
 1357      00000000 
 1358 4bf0 00000000 			.word	0x00000000, 0x000007FF, 0xFFFC03FF, 0xFFFFFE00, 0x00000000
 1358      FF070000 
 1358      FF03FCFF 
ARM GAS  font_century238.s 			page 88


 1358      00FEFFFF 
 1358      00000000 
 1359 4c04 00000000 			.word	0x00000000, 0x000007FF, 0xFFF803FF, 0xFFFFFE00, 0x00000000
 1359      FF070000 
 1359      FF03F8FF 
 1359      00FEFFFF 
 1359      00000000 
 1360 4c18 00000000 			.word	0x00000000, 0x00000FFF, 0xFFF003FF, 0xFFFFFE00, 0x00000000
 1360      FF0F0000 
 1360      FF03F0FF 
 1360      00FEFFFF 
 1360      00000000 
 1361 4c2c 00000000 			.word	0x00000000, 0x00001FFF, 0xFFE003FF, 0xFFFFFE00, 0x00000000
 1361      FF1F0000 
 1361      FF03E0FF 
 1361      00FEFFFF 
 1361      00000000 
 1362 4c40 00000000 			.word	0x00000000, 0x00001FFF, 0xFFE003FF, 0xFFFFFE00, 0x00000000
 1362      FF1F0000 
 1362      FF03E0FF 
 1362      00FEFFFF 
 1362      00000000 
 1363 4c54 00000000 			.word	0x00000000, 0x00003FFF, 0xFFC003FF, 0xFFFFFE00, 0x00000000
 1363      FF3F0000 
 1363      FF03C0FF 
 1363      00FEFFFF 
 1363      00000000 
 1364 4c68 00000000 			.word	0x00000000, 0x00007FFF, 0xFF8003FF, 0xFFFFFE00, 0x00000000
 1364      FF7F0000 
 1364      FF0380FF 
 1364      00FEFFFF 
 1364      00000000 
 1365 4c7c 00000000 			.word	0x00000000, 0x0000FFFF, 0xFF8003FF, 0xFFFFFE00, 0x00000000
 1365      FFFF0000 
 1365      FF0380FF 
 1365      00FEFFFF 
 1365      00000000 
 1366 4c90 00000000 			.word	0x00000000, 0x0000FFFF, 0xFF0003FF, 0xFFFFFE00, 0x00000000
 1366      FFFF0000 
 1366      FF0300FF 
 1366      00FEFFFF 
 1366      00000000 
 1367 4ca4 00000000 			.word	0x00000000, 0x0001FFFF, 0xFE0003FF, 0xFFFFFE00, 0x00000000
 1367      FFFF0100 
 1367      FF0300FE 
 1367      00FEFFFF 
 1367      00000000 
 1368 4cb8 00000000 			.word	0x00000000, 0x0003FFFF, 0xFC0003FF, 0xFFFFFE00, 0x00000000
 1368      FFFF0300 
 1368      FF0300FC 
 1368      00FEFFFF 
 1368      00000000 
 1369 4ccc 00000000 			.word	0x00000000, 0x0003FFFF, 0xFC0003FF, 0xFFFFFE00, 0x00000000
 1369      FFFF0300 
 1369      FF0300FC 
 1369      00FEFFFF 
 1369      00000000 
ARM GAS  font_century238.s 			page 89


 1370 4ce0 00000000 			.word	0x00000000, 0x0007FFFF, 0xF80003FF, 0xFFFFFE00, 0x00000000
 1370      FFFF0700 
 1370      FF0300F8 
 1370      00FEFFFF 
 1370      00000000 
 1371 4cf4 00000000 			.word	0x00000000, 0x000FFFFF, 0xF00003FF, 0xFFFFFE00, 0x00000000
 1371      FFFF0F00 
 1371      FF0300F0 
 1371      00FEFFFF 
 1371      00000000 
 1372 4d08 00000000 			.word	0x00000000, 0x001FFFFF, 0xF00003FF, 0xFFFFFE00, 0x00000000
 1372      FFFF1F00 
 1372      FF0300F0 
 1372      00FEFFFF 
 1372      00000000 
 1373 4d1c 00000000 			.word	0x00000000, 0x001FFFFF, 0xE00003FF, 0xFFFFFE00, 0x00000000
 1373      FFFF1F00 
 1373      FF0300E0 
 1373      00FEFFFF 
 1373      00000000 
 1374 4d30 00000000 			.word	0x00000000, 0x003FFFFF, 0xC00003FF, 0xFFFFFE00, 0x00000000
 1374      FFFF3F00 
 1374      FF0300C0 
 1374      00FEFFFF 
 1374      00000000 
 1375 4d44 00000000 			.word	0x00000000, 0x007FFFFF, 0x800003FF, 0xFFFFFE00, 0x00000000
 1375      FFFF7F00 
 1375      FF030080 
 1375      00FEFFFF 
 1375      00000000 
 1376 4d58 00000000 			.word	0x00000000, 0x007FFFFF, 0x800003FF, 0xFFFFFE00, 0x00000000
 1376      FFFF7F00 
 1376      FF030080 
 1376      00FEFFFF 
 1376      00000000 
 1377 4d6c 00000000 			.word	0x00000000, 0x00FFFFFF, 0x000003FF, 0xFFFFFE00, 0x00000000
 1377      FFFFFF00 
 1377      FF030000 
 1377      00FEFFFF 
 1377      00000000 
 1378 4d80 00000000 			.word	0x00000000, 0x01FFFFFE, 0x000003FF, 0xFFFFFE00, 0x00000000
 1378      FEFFFF01 
 1378      FF030000 
 1378      00FEFFFF 
 1378      00000000 
 1379 4d94 00000000 			.word	0x00000000, 0x03FFFFFE, 0x000003FF, 0xFFFFFE00, 0x00000000
 1379      FEFFFF03 
 1379      FF030000 
 1379      00FEFFFF 
 1379      00000000 
 1380 4da8 00000000 			.word	0x00000000, 0x03FFFFFC, 0x000003FF, 0xFFFFFE00, 0x00000000
 1380      FCFFFF03 
 1380      FF030000 
 1380      00FEFFFF 
 1380      00000000 
 1381 4dbc 00000000 			.word	0x00000000, 0x07FFFFF8, 0x000003FF, 0xFFFFFE00, 0x00000000
 1381      F8FFFF07 
ARM GAS  font_century238.s 			page 90


 1381      FF030000 
 1381      00FEFFFF 
 1381      00000000 
 1382 4dd0 00000000 			.word	0x00000000, 0x0FFFFFF0, 0x000003FF, 0xFFFFFE00, 0x00000000
 1382      F0FFFF0F 
 1382      FF030000 
 1382      00FEFFFF 
 1382      00000000 
 1383 4de4 00000000 			.word	0x00000000, 0x0FFFFFF0, 0x000003FF, 0xFFFFFE00, 0x00000000
 1383      F0FFFF0F 
 1383      FF030000 
 1383      00FEFFFF 
 1383      00000000 
 1384 4df8 00000000 			.word	0x00000000, 0x1FFFFFE0, 0x000003FF, 0xFFFFFE00, 0x00000000
 1384      E0FFFF1F 
 1384      FF030000 
 1384      00FEFFFF 
 1384      00000000 
 1385 4e0c 00000000 			.word	0x00000000, 0x3FFFFFC0, 0x000003FF, 0xFFFFFE00, 0x00000000
 1385      C0FFFF3F 
 1385      FF030000 
 1385      00FEFFFF 
 1385      00000000 
 1386 4e20 00000000 			.word	0x00000000, 0x7FFFFFC0, 0x000003FF, 0xFFFFFE00, 0x00000000
 1386      C0FFFF7F 
 1386      FF030000 
 1386      00FEFFFF 
 1386      00000000 
 1387 4e34 00000000 			.word	0x00000000, 0x7FFFFF80, 0x000003FF, 0xFFFFFE00, 0x00000000
 1387      80FFFF7F 
 1387      FF030000 
 1387      00FEFFFF 
 1387      00000000 
 1388 4e48 00000000 			.word	0x00000000, 0xFFFFFF00, 0x000003FF, 0xFFFFFE00, 0x00000000
 1388      00FFFFFF 
 1388      FF030000 
 1388      00FEFFFF 
 1388      00000000 
 1389 4e5c 01000000 			.word	0x00000001, 0xFFFFFE00, 0x000003FF, 0xFFFFFE00, 0x00000000
 1389      00FEFFFF 
 1389      FF030000 
 1389      00FEFFFF 
 1389      00000000 
 1390 4e70 01000000 			.word	0x00000001, 0xFFFFFE00, 0x000003FF, 0xFFFFFE00, 0x00000000
 1390      00FEFFFF 
 1390      FF030000 
 1390      00FEFFFF 
 1390      00000000 
 1391 4e84 03000000 			.word	0x00000003, 0xFFFFFC00, 0x000003FF, 0xFFFFFE00, 0x00000000
 1391      00FCFFFF 
 1391      FF030000 
 1391      00FEFFFF 
 1391      00000000 
 1392 4e98 07000000 			.word	0x00000007, 0xFFFFF800, 0x000003FF, 0xFFFFFE00, 0x00000000
 1392      00F8FFFF 
 1392      FF030000 
 1392      00FEFFFF 
ARM GAS  font_century238.s 			page 91


 1392      00000000 
 1393 4eac 0F000000 			.word	0x0000000F, 0xFFFFF800, 0x000003FF, 0xFFFFFE00, 0x00000000
 1393      00F8FFFF 
 1393      FF030000 
 1393      00FEFFFF 
 1393      00000000 
 1394 4ec0 0F000000 			.word	0x0000000F, 0xFFFFF000, 0x000003FF, 0xFFFFFE00, 0x00000000
 1394      00F0FFFF 
 1394      FF030000 
 1394      00FEFFFF 
 1394      00000000 
 1395 4ed4 1F000000 			.word	0x0000001F, 0xFFFFE000, 0x000003FF, 0xFFFFFE00, 0x00000000
 1395      00E0FFFF 
 1395      FF030000 
 1395      00FEFFFF 
 1395      00000000 
 1396 4ee8 3F000000 			.word	0x0000003F, 0xFFFFC000, 0x000003FF, 0xFFFFFE00, 0x00000000
 1396      00C0FFFF 
 1396      FF030000 
 1396      00FEFFFF 
 1396      00000000 
 1397 4efc 3F000000 			.word	0x0000003F, 0xFFFFC000, 0x000003FF, 0xFFFFFE00, 0x00000000
 1397      00C0FFFF 
 1397      FF030000 
 1397      00FEFFFF 
 1397      00000000 
 1398 4f10 7F000000 			.word	0x0000007F, 0xFFFF8000, 0x000003FF, 0xFFFFFE00, 0x00000000
 1398      0080FFFF 
 1398      FF030000 
 1398      00FEFFFF 
 1398      00000000 
 1399 4f24 FF000000 			.word	0x000000FF, 0xFFFF0000, 0x000003FF, 0xFFFFFE00, 0x00000000
 1399      0000FFFF 
 1399      FF030000 
 1399      00FEFFFF 
 1399      00000000 
 1400 4f38 FF010000 			.word	0x000001FF, 0xFFFF0000, 0x000003FF, 0xFFFFFE00, 0x00000000
 1400      0000FFFF 
 1400      FF030000 
 1400      00FEFFFF 
 1400      00000000 
 1401 4f4c FF010000 			.word	0x000001FF, 0xFFFE0000, 0x000003FF, 0xFFFFFE00, 0x00000000
 1401      0000FEFF 
 1401      FF030000 
 1401      00FEFFFF 
 1401      00000000 
 1402 4f60 FF030000 			.word	0x000003FF, 0xFFFC0000, 0x000003FF, 0xFFFFFE00, 0x00000000
 1402      0000FCFF 
 1402      FF030000 
 1402      00FEFFFF 
 1402      00000000 
 1403 4f74 FF070000 			.word	0x000007FF, 0xFFF80000, 0x000003FF, 0xFFFFFE00, 0x00000000
 1403      0000F8FF 
 1403      FF030000 
 1403      00FEFFFF 
 1403      00000000 
 1404 4f88 FF070000 			.word	0x000007FF, 0xFFF80000, 0x000003FF, 0xFFFFFE00, 0x00000000
ARM GAS  font_century238.s 			page 92


 1404      0000F8FF 
 1404      FF030000 
 1404      00FEFFFF 
 1404      00000000 
 1405 4f9c FF0F0000 			.word	0x00000FFF, 0xFFF00000, 0x000003FF, 0xFFFFFE00, 0x00000000
 1405      0000F0FF 
 1405      FF030000 
 1405      00FEFFFF 
 1405      00000000 
 1406 4fb0 FF1F0000 			.word	0x00001FFF, 0xFFE00000, 0x000003FF, 0xFFFFFE00, 0x00000000
 1406      0000E0FF 
 1406      FF030000 
 1406      00FEFFFF 
 1406      00000000 
 1407 4fc4 FF3F0000 			.word	0x00003FFF, 0xFFE00000, 0x000003FF, 0xFFFFFE00, 0x00000000
 1407      0000E0FF 
 1407      FF030000 
 1407      00FEFFFF 
 1407      00000000 
 1408 4fd8 FF3F0000 			.word	0x00003FFF, 0xFFC00000, 0x000003FF, 0xFFFFFE00, 0x00000000
 1408      0000C0FF 
 1408      FF030000 
 1408      00FEFFFF 
 1408      00000000 
 1409 4fec FF7F0000 			.word	0x00007FFF, 0xFF800000, 0x000003FF, 0xFFFFFE00, 0x00000000
 1409      000080FF 
 1409      FF030000 
 1409      00FEFFFF 
 1409      00000000 
 1410 5000 FFFF0000 			.word	0x0000FFFF, 0xFF000000, 0x000003FF, 0xFFFFFE00, 0x00000000
 1410      000000FF 
 1410      FF030000 
 1410      00FEFFFF 
 1410      00000000 
 1411 5014 FFFF0000 			.word	0x0000FFFF, 0xFF000000, 0x000003FF, 0xFFFFFE00, 0x00000000
 1411      000000FF 
 1411      FF030000 
 1411      00FEFFFF 
 1411      00000000 
 1412 5028 FFFF0100 			.word	0x0001FFFF, 0xFE000000, 0x000003FF, 0xFFFFFE00, 0x00000000
 1412      000000FE 
 1412      FF030000 
 1412      00FEFFFF 
 1412      00000000 
 1413 503c FFFF0300 			.word	0x0003FFFF, 0xFC000000, 0x000003FF, 0xFFFFFE00, 0x00000000
 1413      000000FC 
 1413      FF030000 
 1413      00FEFFFF 
 1413      00000000 
 1414 5050 FFFF0700 			.word	0x0007FFFF, 0xFC000000, 0x000003FF, 0xFFFFFE00, 0x00000000
 1414      000000FC 
 1414      FF030000 
 1414      00FEFFFF 
 1414      00000000 
 1415 5064 FFFF0700 			.word	0x0007FFFF, 0xF8000000, 0x000003FF, 0xFFFFFE00, 0x00000000
 1415      000000F8 
 1415      FF030000 
ARM GAS  font_century238.s 			page 93


 1415      00FEFFFF 
 1415      00000000 
 1416 5078 FFFF0F00 			.word	0x000FFFFF, 0xF0000000, 0x000003FF, 0xFFFFFE00, 0x00000000
 1416      000000F0 
 1416      FF030000 
 1416      00FEFFFF 
 1416      00000000 
 1417 508c FFFF1F00 			.word	0x001FFFFF, 0xE0000000, 0x000003FF, 0xFFFFFE00, 0x00000000
 1417      000000E0 
 1417      FF030000 
 1417      00FEFFFF 
 1417      00000000 
 1418 50a0 FFFF1F00 			.word	0x001FFFFF, 0xE0000000, 0x000003FF, 0xFFFFFE00, 0x00000000
 1418      000000E0 
 1418      FF030000 
 1418      00FEFFFF 
 1418      00000000 
 1419 50b4 FFFF3F00 			.word	0x003FFFFF, 0xC0000000, 0x000003FF, 0xFFFFFE00, 0x00000000
 1419      000000C0 
 1419      FF030000 
 1419      00FEFFFF 
 1419      00000000 
 1420 50c8 FFFF7F00 			.word	0x007FFFFF, 0x80000000, 0x000003FF, 0xFFFFFE00, 0x00000000
 1420      00000080 
 1420      FF030000 
 1420      00FEFFFF 
 1420      00000000 
 1421 50dc FFFFFF00 			.word	0x00FFFFFF, 0x80000000, 0x000003FF, 0xFFFFFE00, 0x00000000
 1421      00000080 
 1421      FF030000 
 1421      00FEFFFF 
 1421      00000000 
 1422 50f0 FFFFFF00 			.word	0x00FFFFFF, 0x00000000, 0x000003FF, 0xFFFFFE00, 0x00000000
 1422      00000000 
 1422      FF030000 
 1422      00FEFFFF 
 1422      00000000 
 1423 5104 FEFFFF01 			.word	0x01FFFFFE, 0x00000000, 0x000003FF, 0xFFFFFE00, 0x00000000
 1423      00000000 
 1423      FF030000 
 1423      00FEFFFF 
 1423      00000000 
 1424 5118 FCFFFF03 			.word	0x03FFFFFC, 0x00000000, 0x000003FF, 0xFFFFFE00, 0x00000000
 1424      00000000 
 1424      FF030000 
 1424      00FEFFFF 
 1424      00000000 
 1425 512c FCFFFF03 			.word	0x03FFFFFC, 0x00000000, 0x000003FF, 0xFFFFFE00, 0x00000000
 1425      00000000 
 1425      FF030000 
 1425      00FEFFFF 
 1425      00000000 
 1426 5140 F8FFFF07 			.word	0x07FFFFF8, 0x00000000, 0x000003FF, 0xFFFFFE00, 0x00000000
 1426      00000000 
 1426      FF030000 
 1426      00FEFFFF 
 1426      00000000 
ARM GAS  font_century238.s 			page 94


 1427 5154 F0FFFF0F 			.word	0x0FFFFFF0, 0x00000000, 0x000003FF, 0xFFFFFE00, 0x00000000
 1427      00000000 
 1427      FF030000 
 1427      00FEFFFF 
 1427      00000000 
 1428 5168 F0FFFF1F 			.word	0x1FFFFFF0, 0x00000000, 0x000003FF, 0xFFFFFE00, 0x00000000
 1428      00000000 
 1428      FF030000 
 1428      00FEFFFF 
 1428      00000000 
 1429 517c E0FFFF1F 			.word	0x1FFFFFE0, 0x00000000, 0x000003FF, 0xFFFFFE00, 0x00000000
 1429      00000000 
 1429      FF030000 
 1429      00FEFFFF 
 1429      00000000 
 1430 5190 C0FFFF3F 			.word	0x3FFFFFC0, 0x00000000, 0x000003FF, 0xFFFFFE00, 0x00000000
 1430      00000000 
 1430      FF030000 
 1430      00FEFFFF 
 1430      00000000 
 1431 51a4 80FFFF7F 			.word	0x7FFFFF80, 0x00000000, 0x000003FF, 0xFFFFFE00, 0x00000000
 1431      00000000 
 1431      FF030000 
 1431      00FEFFFF 
 1431      00000000 
 1432 51b8 80FFFF7F 			.word	0x7FFFFF80, 0x00000000, 0x000003FF, 0xFFFFFE00, 0x00000000
 1432      00000000 
 1432      FF030000 
 1432      00FEFFFF 
 1432      00000000 
 1433 51cc 00FFFFFF 			.word	0xFFFFFF00, 0x00000000, 0x000003FF, 0xFFFFFE00, 0x00000000
 1433      00000000 
 1433      FF030000 
 1433      00FEFFFF 
 1433      00000000 
 1434 51e0 FFFFFFFF 			.word	0xFFFFFFFF, 0xFFFFFFFF, 0xFFFFFFFF, 0xFFFFFFFF, 0xFFFFFFC0
 1434      FFFFFFFF 
 1434      FFFFFFFF 
 1434      FFFFFFFF 
 1434      C0FFFFFF 
 1435 51f4 FFFFFFFF 			.word	0xFFFFFFFF, 0xFFFFFFFF, 0xFFFFFFFF, 0xFFFFFFFF, 0xFFFFFFC0
 1435      FFFFFFFF 
 1435      FFFFFFFF 
 1435      FFFFFFFF 
 1435      C0FFFFFF 
 1436 5208 FFFFFFFF 			.word	0xFFFFFFFF, 0xFFFFFFFF, 0xFFFFFFFF, 0xFFFFFFFF, 0xFFFFFFC0
 1436      FFFFFFFF 
 1436      FFFFFFFF 
 1436      FFFFFFFF 
 1436      C0FFFFFF 
 1437 521c FFFFFFFF 			.word	0xFFFFFFFF, 0xFFFFFFFF, 0xFFFFFFFF, 0xFFFFFFFF, 0xFFFFFFC0
 1437      FFFFFFFF 
 1437      FFFFFFFF 
 1437      FFFFFFFF 
 1437      C0FFFFFF 
 1438 5230 FFFFFFFF 			.word	0xFFFFFFFF, 0xFFFFFFFF, 0xFFFFFFFF, 0xFFFFFFFF, 0xFFFFFFC0
 1438      FFFFFFFF 
ARM GAS  font_century238.s 			page 95


 1438      FFFFFFFF 
 1438      FFFFFFFF 
 1438      C0FFFFFF 
 1439 5244 FFFFFFFF 			.word	0xFFFFFFFF, 0xFFFFFFFF, 0xFFFFFFFF, 0xFFFFFFFF, 0xFFFFFFC0
 1439      FFFFFFFF 
 1439      FFFFFFFF 
 1439      FFFFFFFF 
 1439      C0FFFFFF 
 1440 5258 FFFFFFFF 			.word	0xFFFFFFFF, 0xFFFFFFFF, 0xFFFFFFFF, 0xFFFFFFFF, 0xFFFFFFC0
 1440      FFFFFFFF 
 1440      FFFFFFFF 
 1440      FFFFFFFF 
 1440      C0FFFFFF 
 1441 526c FFFFFFFF 			.word	0xFFFFFFFF, 0xFFFFFFFF, 0xFFFFFFFF, 0xFFFFFFFF, 0xFFFFFFC0
 1441      FFFFFFFF 
 1441      FFFFFFFF 
 1441      FFFFFFFF 
 1441      C0FFFFFF 
 1442 5280 FFFFFFFF 			.word	0xFFFFFFFF, 0xFFFFFFFF, 0xFFFFFFFF, 0xFFFFFFFF, 0xFFFFFFC0
 1442      FFFFFFFF 
 1442      FFFFFFFF 
 1442      FFFFFFFF 
 1442      C0FFFFFF 
 1443 5294 FFFFFFFF 			.word	0xFFFFFFFF, 0xFFFFFFFF, 0xFFFFFFFF, 0xFFFFFFFF, 0xFFFFFFC0
 1443      FFFFFFFF 
 1443      FFFFFFFF 
 1443      FFFFFFFF 
 1443      C0FFFFFF 
 1444 52a8 FFFFFFFF 			.word	0xFFFFFFFF, 0xFFFFFFFF, 0xFFFFFFFF, 0xFFFFFFFF, 0xFFFFFFC0
 1444      FFFFFFFF 
 1444      FFFFFFFF 
 1444      FFFFFFFF 
 1444      C0FFFFFF 
 1445 52bc FFFFFFFF 			.word	0xFFFFFFFF, 0xFFFFFFFF, 0xFFFFFFFF, 0xFFFFFFFF, 0xFFFFFFC0
 1445      FFFFFFFF 
 1445      FFFFFFFF 
 1445      FFFFFFFF 
 1445      C0FFFFFF 
 1446 52d0 FFFFFFFF 			.word	0xFFFFFFFF, 0xFFFFFFFF, 0xFFFFFFFF, 0xFFFFFFFF, 0xFFFFFFC0
 1446      FFFFFFFF 
 1446      FFFFFFFF 
 1446      FFFFFFFF 
 1446      C0FFFFFF 
 1447 52e4 FFFFFFFF 			.word	0xFFFFFFFF, 0xFFFFFFFF, 0xFFFFFFFF, 0xFFFFFFFF, 0xFFFFFFC0
 1447      FFFFFFFF 
 1447      FFFFFFFF 
 1447      FFFFFFFF 
 1447      C0FFFFFF 
 1448 52f8 FFFFFFFF 			.word	0xFFFFFFFF, 0xFFFFFFFF, 0xFFFFFFFF, 0xFFFFFFFF, 0xFFFFFFC0
 1448      FFFFFFFF 
 1448      FFFFFFFF 
 1448      FFFFFFFF 
 1448      C0FFFFFF 
 1449 530c FFFFFFFF 			.word	0xFFFFFFFF, 0xFFFFFFFF, 0xFFFFFFFF, 0xFFFFFFFF, 0xFFFFFFC0
 1449      FFFFFFFF 
 1449      FFFFFFFF 
 1449      FFFFFFFF 
ARM GAS  font_century238.s 			page 96


 1449      C0FFFFFF 
 1450 5320 FFFFFFFF 			.word	0xFFFFFFFF, 0xFFFFFFFF, 0xFFFFFFFF, 0xFFFFFFFF, 0xFFFFFFC0
 1450      FFFFFFFF 
 1450      FFFFFFFF 
 1450      FFFFFFFF 
 1450      C0FFFFFF 
 1451 5334 FFFFFFFF 			.word	0xFFFFFFFF, 0xFFFFFFFF, 0xFFFFFFFF, 0xFFFFFFFF, 0xFFFFFFC0
 1451      FFFFFFFF 
 1451      FFFFFFFF 
 1451      FFFFFFFF 
 1451      C0FFFFFF 
 1452 5348 FFFFFFFF 			.word	0xFFFFFFFF, 0xFFFFFFFF, 0xFFFFFFFF, 0xFFFFFFFF, 0xFFFFFFC0
 1452      FFFFFFFF 
 1452      FFFFFFFF 
 1452      FFFFFFFF 
 1452      C0FFFFFF 
 1453 535c 00000000 			.word	0x00000000, 0x00000000, 0x000003FF, 0xFFFFFE00, 0x00000000
 1453      00000000 
 1453      FF030000 
 1453      00FEFFFF 
 1453      00000000 
 1454 5370 00000000 			.word	0x00000000, 0x00000000, 0x000003FF, 0xFFFFFE00, 0x00000000
 1454      00000000 
 1454      FF030000 
 1454      00FEFFFF 
 1454      00000000 
 1455 5384 00000000 			.word	0x00000000, 0x00000000, 0x000003FF, 0xFFFFFE00, 0x00000000
 1455      00000000 
 1455      FF030000 
 1455      00FEFFFF 
 1455      00000000 
 1456 5398 00000000 			.word	0x00000000, 0x00000000, 0x000003FF, 0xFFFFFE00, 0x00000000
 1456      00000000 
 1456      FF030000 
 1456      00FEFFFF 
 1456      00000000 
 1457 53ac 00000000 			.word	0x00000000, 0x00000000, 0x000003FF, 0xFFFFFE00, 0x00000000
 1457      00000000 
 1457      FF030000 
 1457      00FEFFFF 
 1457      00000000 
 1458 53c0 00000000 			.word	0x00000000, 0x00000000, 0x000003FF, 0xFFFFFE00, 0x00000000
 1458      00000000 
 1458      FF030000 
 1458      00FEFFFF 
 1458      00000000 
 1459 53d4 00000000 			.word	0x00000000, 0x00000000, 0x000003FF, 0xFFFFFE00, 0x00000000
 1459      00000000 
 1459      FF030000 
 1459      00FEFFFF 
 1459      00000000 
 1460 53e8 00000000 			.word	0x00000000, 0x00000000, 0x000003FF, 0xFFFFFE00, 0x00000000
 1460      00000000 
 1460      FF030000 
 1460      00FEFFFF 
 1460      00000000 
 1461 53fc 00000000 			.word	0x00000000, 0x00000000, 0x000003FF, 0xFFFFFE00, 0x00000000
ARM GAS  font_century238.s 			page 97


 1461      00000000 
 1461      FF030000 
 1461      00FEFFFF 
 1461      00000000 
 1462 5410 00000000 			.word	0x00000000, 0x00000000, 0x000003FF, 0xFFFFFE00, 0x00000000
 1462      00000000 
 1462      FF030000 
 1462      00FEFFFF 
 1462      00000000 
 1463 5424 00000000 			.word	0x00000000, 0x00000000, 0x000003FF, 0xFFFFFE00, 0x00000000
 1463      00000000 
 1463      FF030000 
 1463      00FEFFFF 
 1463      00000000 
 1464 5438 00000000 			.word	0x00000000, 0x00000000, 0x000003FF, 0xFFFFFE00, 0x00000000
 1464      00000000 
 1464      FF030000 
 1464      00FEFFFF 
 1464      00000000 
 1465 544c 00000000 			.word	0x00000000, 0x00000000, 0x000003FF, 0xFFFFFE00, 0x00000000
 1465      00000000 
 1465      FF030000 
 1465      00FEFFFF 
 1465      00000000 
 1466 5460 00000000 			.word	0x00000000, 0x00000000, 0x000003FF, 0xFFFFFE00, 0x00000000
 1466      00000000 
 1466      FF030000 
 1466      00FEFFFF 
 1466      00000000 
 1467 5474 00000000 			.word	0x00000000, 0x00000000, 0x000003FF, 0xFFFFFE00, 0x00000000
 1467      00000000 
 1467      FF030000 
 1467      00FEFFFF 
 1467      00000000 
 1468 5488 00000000 			.word	0x00000000, 0x00000000, 0x000003FF, 0xFFFFFE00, 0x00000000
 1468      00000000 
 1468      FF030000 
 1468      00FEFFFF 
 1468      00000000 
 1469 549c 00000000 			.word	0x00000000, 0x00000000, 0x000003FF, 0xFFFFFE00, 0x00000000
 1469      00000000 
 1469      FF030000 
 1469      00FEFFFF 
 1469      00000000 
 1470 54b0 00000000 			.word	0x00000000, 0x00000000, 0x000003FF, 0xFFFFFE00, 0x00000000
 1470      00000000 
 1470      FF030000 
 1470      00FEFFFF 
 1470      00000000 
 1471 54c4 00000000 			.word	0x00000000, 0x00000000, 0x000003FF, 0xFFFFFE00, 0x00000000
 1471      00000000 
 1471      FF030000 
 1471      00FEFFFF 
 1471      00000000 
 1472 54d8 00000000 			.word	0x00000000, 0x00000000, 0x000003FF, 0xFFFFFE00, 0x00000000
 1472      00000000 
 1472      FF030000 
ARM GAS  font_century238.s 			page 98


 1472      00FEFFFF 
 1472      00000000 
 1473 54ec 00000000 			.word	0x00000000, 0x00000000, 0x000003FF, 0xFFFFFE00, 0x00000000
 1473      00000000 
 1473      FF030000 
 1473      00FEFFFF 
 1473      00000000 
 1474 5500 00000000 			.word	0x00000000, 0x00000000, 0x000003FF, 0xFFFFFE00, 0x00000000
 1474      00000000 
 1474      FF030000 
 1474      00FEFFFF 
 1474      00000000 
 1475 5514 00000000 			.word	0x00000000, 0x00000000, 0x000003FF, 0xFFFFFE00, 0x00000000
 1475      00000000 
 1475      FF030000 
 1475      00FEFFFF 
 1475      00000000 
 1476 5528 00000000 			.word	0x00000000, 0x00000000, 0x000003FF, 0xFFFFFE00, 0x00000000
 1476      00000000 
 1476      FF030000 
 1476      00FEFFFF 
 1476      00000000 
 1477 553c 00000000 			.word	0x00000000, 0x00000000, 0x000003FF, 0xFFFFFE00, 0x00000000
 1477      00000000 
 1477      FF030000 
 1477      00FEFFFF 
 1477      00000000 
 1478 5550 00000000 			.word	0x00000000, 0x00000000, 0x000003FF, 0xFFFFFE00, 0x00000000
 1478      00000000 
 1478      FF030000 
 1478      00FEFFFF 
 1478      00000000 
 1479 5564 00000000 			.word	0x00000000, 0x00000000, 0x000003FF, 0xFFFFFE00, 0x00000000
 1479      00000000 
 1479      FF030000 
 1479      00FEFFFF 
 1479      00000000 
 1480 5578 00000000 			.word	0x00000000, 0x00000000, 0x000003FF, 0xFFFFFE00, 0x00000000
 1480      00000000 
 1480      FF030000 
 1480      00FEFFFF 
 1480      00000000 
 1481 558c 00000000 			.word	0x00000000, 0x00000000, 0x000007FF, 0xFFFFFE00, 0x00000000
 1481      00000000 
 1481      FF070000 
 1481      00FEFFFF 
 1481      00000000 
 1482 55a0 00000000 			.word	0x00000000, 0x00000000, 0x000007FF, 0xFFFFFE00, 0x00000000
 1482      00000000 
 1482      FF070000 
 1482      00FEFFFF 
 1482      00000000 
 1483 55b4 00000000 			.word	0x00000000, 0x00000000, 0x000007FF, 0xFFFFFF00, 0x00000000
 1483      00000000 
 1483      FF070000 
 1483      00FFFFFF 
 1483      00000000 
ARM GAS  font_century238.s 			page 99


 1484 55c8 00000000 			.word	0x00000000, 0x00000000, 0x00000FFF, 0xFFFFFF00, 0x00000000
 1484      00000000 
 1484      FF0F0000 
 1484      00FFFFFF 
 1484      00000000 
 1485 55dc 00000000 			.word	0x00000000, 0x00000000, 0x00000FFF, 0xFFFFFF80, 0x00000000
 1485      00000000 
 1485      FF0F0000 
 1485      80FFFFFF 
 1485      00000000 
 1486 55f0 00000000 			.word	0x00000000, 0x00000000, 0x00001FFF, 0xFFFFFFC0, 0x00000000
 1486      00000000 
 1486      FF1F0000 
 1486      C0FFFFFF 
 1486      00000000 
 1487 5604 00000000 			.word	0x00000000, 0x00000000, 0x00007FFF, 0xFFFFFFF0, 0x00000000
 1487      00000000 
 1487      FF7F0000 
 1487      F0FFFFFF 
 1487      00000000 
 1488 5618 00000000 			.word	0x00000000, 0x00000000, 0x0000FFFF, 0xFFFFFFFC, 0x00000000
 1488      00000000 
 1488      FFFF0000 
 1488      FCFFFFFF 
 1488      00000000 
 1489 562c 00000000 			.word	0x00000000, 0x00000000, 0x000FFFFF, 0xFFFFFFFF, 0x80000000
 1489      00000000 
 1489      FFFF0F00 
 1489      FFFFFFFF 
 1489      00000080 
 1490 5640 00000000 			.word	0x00000000, 0x000001FF, 0xFFFFFFFF, 0xFFFFFFFF, 0xFFFFC000
 1490      FF010000 
 1490      FFFFFFFF 
 1490      FFFFFFFF 
 1490      00C0FFFF 
 1491 5654 00000000 			.word	0x00000000, 0x000001FF, 0xFFFFFFFF, 0xFFFFFFFF, 0xFFFFC000
 1491      FF010000 
 1491      FFFFFFFF 
 1491      FFFFFFFF 
 1491      00C0FFFF 
 1492 5668 00000000 			.word	0x00000000, 0x000001FF, 0xFFFFFFFF, 0xFFFFFFFF, 0xFFFFC000
 1492      FF010000 
 1492      FFFFFFFF 
 1492      FFFFFFFF 
 1492      00C0FFFF 
 1493 567c 00000000 			.word	0x00000000, 0x000001FF, 0xFFFFFFFF, 0xFFFFFFFF, 0xFFFFC000
 1493      FF010000 
 1493      FFFFFFFF 
 1493      FFFFFFFF 
 1493      00C0FFFF 
 1494 5690 00000000 			.word	0x00000000, 0x000001FF, 0xFFFFFFFF, 0xFFFFFFFF, 0xFFFFC000
 1494      FF010000 
 1494      FFFFFFFF 
 1494      FFFFFFFF 
 1494      00C0FFFF 
 1495 56a4 00000000 			.word	0x00000000, 0x000001FF, 0xFFFFFFFF, 0xFFFFFFFF, 0xFFFFC000
 1495      FF010000 
ARM GAS  font_century238.s 			page 100


 1495      FFFFFFFF 
 1495      FFFFFFFF 
 1495      00C0FFFF 
 1496 56b8 00000000 			.word	0x00000000, 0x000001FF, 0xFFFFFFFF, 0xFFFFFFFF, 0xFFFFC000
 1496      FF010000 
 1496      FFFFFFFF 
 1496      FFFFFFFF 
 1496      00C0FFFF 
 1497 56cc 00000000 			.word	0x00000000, 0x000001FF, 0xFFFFFFFF, 0xFFFFFFFF, 0xFFFFC000
 1497      FF010000 
 1497      FFFFFFFF 
 1497      FFFFFFFF 
 1497      00C0FFFF 
 1498 56e0 00000000 			.word	0x00000000, 0x000001FF, 0xFFFFFFFF, 0xFFFFFFFF, 0xFFFFC000
 1498      FF010000 
 1498      FFFFFFFF 
 1498      FFFFFFFF 
 1498      00C0FFFF 
 1499 56f4 00000000 			.word	0x00000000, 0x000001FF, 0xFFFFFFFF, 0xFFFFFFFF, 0xFFFFC000
 1499      FF010000 
 1499      FFFFFFFF 
 1499      FFFFFFFF 
 1499      00C0FFFF 
 1500 5708 00000000 			.word	0x00000000, 0x000001FF, 0xFFFFFFFF, 0xFFFFFFFF, 0xFFFFC000
 1500      FF010000 
 1500      FFFFFFFF 
 1500      FFFFFFFF 
 1500      00C0FFFF 
 1501 571c 00000000 			.word	0x00000000, 0x000001FF, 0xFFFFFFFF, 0xFFFFFFFF, 0xFFFFC000
 1501      FF010000 
 1501      FFFFFFFF 
 1501      FFFFFFFF 
 1501      00C0FFFF 
 1502 5730 00000000 			.word	0x00000000, 0x000001FF, 0xFFFFFFFF, 0xFFFFFFFF, 0xFFFFC000
 1502      FF010000 
 1502      FFFFFFFF 
 1502      FFFFFFFF 
 1502      00C0FFFF 
 1503 5744 00000000 			.word	0x00000000, 0x000001FF, 0xFFFFFFFF, 0xFFFFFFFF, 0xFFFFC000
 1503      FF010000 
 1503      FFFFFFFF 
 1503      FFFFFFFF 
 1503      00C0FFFF 
 1504 5758 00000000 			.word	0x00000000, 0x000001FF, 0xFFFFFFFF, 0xFFFFFFFF, 0xFFFFC000
 1504      FF010000 
 1504      FFFFFFFF 
 1504      FFFFFFFF 
 1504      00C0FFFF 
 1505 576c 00000000 			.word	0x00000000, 0x000001FF, 0xFFFFFFFF, 0xFFFFFFFF, 0xFFFFC000
 1505      FF010000 
 1505      FFFFFFFF 
 1505      FFFFFFFF 
 1505      00C0FFFF 
 1506 5780 00000000 			.word	0x00000000, 0x000001FF, 0xFFFFFFFF, 0xFFFFFFFF, 0xFFFFC000
 1506      FF010000 
 1506      FFFFFFFF 
 1506      FFFFFFFF 
ARM GAS  font_century238.s 			page 101


 1506      00C0FFFF 
 1507              	
 1508              	FIVE:
 1509 5794 35000000 			.word	'5			// ASCII "5" character
 1510 5798 B1000000 			.word	CELLWDTH		// cell pixel width
 1511 579c 7D010000 			.word	CELLHGHT		// cell pixel height
 1512 57a0 90000000 			.word	144			// glyph pixel width
 1513 57a4 E0000000 			.word	224			// glyph pixel height
 1514 57a8 10000000 			.word	16			// blank horizontal pixels before glyph
 1515 57ac 11000000 			.word	17			// blank horizontal pixels after glyph
 1516 57b0 5D000000 			.word	93			// blank horizontal lines before glyph
 1517 57b4 40000000 			.word	64			// blank horizontal lines after glyph
 1518              							// bit mapped glyph
 1519 57b8 F80F0000 			.word	0x00000FF8, 0x00000000, 0x00000000, 0x00000000, 0x00000000
 1519      00000000 
 1519      00000000 
 1519      00000000 
 1519      00000000 
 1520 57cc FF0F0000 			.word	0x00000FFF, 0x80000000, 0x00000000, 0x0000003F, 0xE0000000
 1520      00000080 
 1520      00000000 
 1520      3F000000 
 1520      000000E0 
 1521 57e0 FF0F0000 			.word	0x00000FFF, 0xF8000000, 0x00000000, 0x000000FF, 0xF0000000
 1521      000000F8 
 1521      00000000 
 1521      FF000000 
 1521      000000F0 
 1522 57f4 FF0F0000 			.word	0x00000FFF, 0xFFC00000, 0x00000000, 0x000003FF, 0xF0000000
 1522      0000C0FF 
 1522      00000000 
 1522      FF030000 
 1522      000000F0 
 1523 5808 FF0F0000 			.word	0x00000FFF, 0xFFFC0000, 0x00000000, 0x00000FFF, 0xF0000000
 1523      0000FCFF 
 1523      00000000 
 1523      FF0F0000 
 1523      000000F0 
 1524 581c FF0F0000 			.word	0x00000FFF, 0xFFFFE000, 0x00000000, 0x00007FFF, 0xF0000000
 1524      00E0FFFF 
 1524      00000000 
 1524      FF7F0000 
 1524      000000F0 
 1525 5830 FF0F0000 			.word	0x00000FFF, 0xFFFFFF80, 0x00000000, 0x0003FFFF, 0xF0000000
 1525      80FFFFFF 
 1525      00000000 
 1525      FFFF0300 
 1525      000000F0 
 1526 5844 FF0F0000 			.word	0x00000FFF, 0xFFFFFFFE, 0x00000000, 0x003FFFFF, 0xF0000000
 1526      FEFFFFFF 
 1526      00000000 
 1526      FFFF3F00 
 1526      000000F0 
 1527 5858 FF0F0000 			.word	0x00000FFF, 0xFFFFFFFF, 0xFC000000, 0x07FFFFFF, 0xF0000000
 1527      FFFFFFFF 
 1527      000000FC 
 1527      FFFFFF07 
ARM GAS  font_century238.s 			page 102


 1527      000000F0 
 1528 586c FF0F0000 			.word	0x00000FFF, 0xFFFFFFFF, 0xFFFFC01F, 0xFFFFFFFF, 0xF0000000
 1528      FFFFFFFF 
 1528      1FC0FFFF 
 1528      FFFFFFFF 
 1528      000000F0 
 1529 5880 FF0F0000 			.word	0x00000FFF, 0xFFFFFFFF, 0xFFFFFFFF, 0xFFFFFFFF, 0xF0000000
 1529      FFFFFFFF 
 1529      FFFFFFFF 
 1529      FFFFFFFF 
 1529      000000F0 
 1530 5894 FF0F0000 			.word	0x00000FFF, 0xFFFFFFFF, 0xFFFFFFFF, 0xFFFFFFFF, 0xF0000000
 1530      FFFFFFFF 
 1530      FFFFFFFF 
 1530      FFFFFFFF 
 1530      000000F0 
 1531 58a8 FF0F0000 			.word	0x00000FFF, 0xFFFFFFFF, 0xFFFFFFFF, 0xFFFFFFFF, 0xE0000000
 1531      FFFFFFFF 
 1531      FFFFFFFF 
 1531      FFFFFFFF 
 1531      000000E0 
 1532 58bc FF0F0000 			.word	0x00000FFF, 0xFFFFFFFF, 0xFFFFFFFF, 0xFFFFFFFF, 0xE0000000
 1532      FFFFFFFF 
 1532      FFFFFFFF 
 1532      FFFFFFFF 
 1532      000000E0 
 1533 58d0 FF1F0000 			.word	0x00001FFF, 0xFFFFFFFF, 0xFFFFFFFF, 0xFFFFFFFF, 0xE0000000
 1533      FFFFFFFF 
 1533      FFFFFFFF 
 1533      FFFFFFFF 
 1533      000000E0 
 1534 58e4 FF1F0000 			.word	0x00001FFF, 0xFFFFFFFF, 0xFFFFFFFF, 0xFFFFFFFF, 0xC0000000
 1534      FFFFFFFF 
 1534      FFFFFFFF 
 1534      FFFFFFFF 
 1534      000000C0 
 1535 58f8 FF1F0000 			.word	0x00001FFF, 0xFFFFFFFF, 0xFFFFFFFF, 0xFFFFFFFF, 0xC0000000
 1535      FFFFFFFF 
 1535      FFFFFFFF 
 1535      FFFFFFFF 
 1535      000000C0 
 1536 590c FF1F0000 			.word	0x00001FFF, 0xFFFFFFFF, 0xFFFFFFFF, 0xFFFFFFFF, 0x80000000
 1536      FFFFFFFF 
 1536      FFFFFFFF 
 1536      FFFFFFFF 
 1536      00000080 
 1537 5920 FF1F0000 			.word	0x00001FFF, 0xFFFFFFFF, 0xFFFFFFFF, 0xFFFFFFFF, 0x00000000
 1537      FFFFFFFF 
 1537      FFFFFFFF 
 1537      FFFFFFFF 
 1537      00000000 
 1538 5934 FF1F0000 			.word	0x00001FFF, 0xFFFFFFFF, 0xFFFFFFFF, 0xFFFFFFFF, 0x00000000
 1538      FFFFFFFF 
 1538      FFFFFFFF 
 1538      FFFFFFFF 
 1538      00000000 
 1539 5948 FF1F0000 			.word	0x00001FFF, 0xFFFFFFFF, 0xFFFFFFFF, 0xFFFFFFFE, 0x00000000
ARM GAS  font_century238.s 			page 103


 1539      FFFFFFFF 
 1539      FFFFFFFF 
 1539      FEFFFFFF 
 1539      00000000 
 1540 595c FF1F0000 			.word	0x00001FFF, 0xFFFFFFFF, 0xFFFFFFFF, 0xFFFFFFFC, 0x00000000
 1540      FFFFFFFF 
 1540      FFFFFFFF 
 1540      FCFFFFFF 
 1540      00000000 
 1541 5970 FF1F0000 			.word	0x00001FFF, 0xFFFFFFFF, 0xFFFFFFFF, 0xFFFFFFFC, 0x00000000
 1541      FFFFFFFF 
 1541      FFFFFFFF 
 1541      FCFFFFFF 
 1541      00000000 
 1542 5984 FF1F0000 			.word	0x00001FFF, 0xFFFFFFFF, 0xFFFFFFFF, 0xFFFFFFF8, 0x00000000
 1542      FFFFFFFF 
 1542      FFFFFFFF 
 1542      F8FFFFFF 
 1542      00000000 
 1543 5998 FF1F0000 			.word	0x00001FFF, 0xFFFFFFFF, 0xFFFFFFFF, 0xFFFFFFF0, 0x00000000
 1543      FFFFFFFF 
 1543      FFFFFFFF 
 1543      F0FFFFFF 
 1543      00000000 
 1544 59ac FF1F0000 			.word	0x00001FFF, 0xFFFFFFFF, 0xFFFFFFFF, 0xFFFFFFE0, 0x00000000
 1544      FFFFFFFF 
 1544      FFFFFFFF 
 1544      E0FFFFFF 
 1544      00000000 
 1545 59c0 FF1F0000 			.word	0x00001FFF, 0xFFFFFFFF, 0xFFFFFFFF, 0xFFFFFFC0, 0x00000000
 1545      FFFFFFFF 
 1545      FFFFFFFF 
 1545      C0FFFFFF 
 1545      00000000 
 1546 59d4 FF1F0000 			.word	0x00001FFF, 0xFFFFFFFF, 0xFFFFFFFF, 0xFFFFFF80, 0x00000000
 1546      FFFFFFFF 
 1546      FFFFFFFF 
 1546      80FFFFFF 
 1546      00000000 
 1547 59e8 FF1F0000 			.word	0x00001FFF, 0xFFFFFFFF, 0xFFFFFFFF, 0xFFFFFF00, 0x00000000
 1547      FFFFFFFF 
 1547      FFFFFFFF 
 1547      00FFFFFF 
 1547      00000000 
 1548 59fc FF1F0000 			.word	0x00001FFF, 0xFFFFFFFF, 0xFFFFFFFF, 0xFFFFFE00, 0x00000000
 1548      FFFFFFFF 
 1548      FFFFFFFF 
 1548      00FEFFFF 
 1548      00000000 
 1549 5a10 FF1F0000 			.word	0x00001FFF, 0xFFFFFFFF, 0xFFFFFFFF, 0xFFFFFC00, 0x00000000
 1549      FFFFFFFF 
 1549      FFFFFFFF 
 1549      00FCFFFF 
 1549      00000000 
 1550 5a24 FF1F0000 			.word	0x00001FFF, 0xFFFFFFFF, 0xFFFFFFFF, 0xFFFFF800, 0x00000000
 1550      FFFFFFFF 
 1550      FFFFFFFF 
ARM GAS  font_century238.s 			page 104


 1550      00F8FFFF 
 1550      00000000 
 1551 5a38 FF1F0000 			.word	0x00001FFF, 0xFFFFFFFF, 0xFFFFFFFF, 0xFFFFE000, 0x00000000
 1551      FFFFFFFF 
 1551      FFFFFFFF 
 1551      00E0FFFF 
 1551      00000000 
 1552 5a4c FF1F0000 			.word	0x00001FFF, 0xFFFFFFFF, 0xFFFFFFFF, 0xFFFFC000, 0x00000000
 1552      FFFFFFFF 
 1552      FFFFFFFF 
 1552      00C0FFFF 
 1552      00000000 
 1553 5a60 FF1F0000 			.word	0x00001FFF, 0xFFFFFFFF, 0xFFFFFFFF, 0xFFFF0000, 0x00000000
 1553      FFFFFFFF 
 1553      FFFFFFFF 
 1553      0000FFFF 
 1553      00000000 
 1554 5a74 FF1F0000 			.word	0x00001FFF, 0xFFFFFFFF, 0xFFFFFFFF, 0xFFFC0000, 0x00000000
 1554      FFFFFFFF 
 1554      FFFFFFFF 
 1554      0000FCFF 
 1554      00000000 
 1555 5a88 FF1F0000 			.word	0x00001FFF, 0xFFFFFFFF, 0xFFFFFFFF, 0xFFF00000, 0x00000000
 1555      FFFFFFFF 
 1555      FFFFFFFF 
 1555      0000F0FF 
 1555      00000000 
 1556 5a9c FF1F0000 			.word	0x00001FFF, 0xFFFFFFFF, 0xFFFFFFFF, 0xFFC00000, 0x00000000
 1556      FFFFFFFF 
 1556      FFFFFFFF 
 1556      0000C0FF 
 1556      00000000 
 1557 5ab0 FF1F0000 			.word	0x00001FFF, 0xFFFFFFFF, 0xFFFFFFFF, 0xFF000000, 0x00000000
 1557      FFFFFFFF 
 1557      FFFFFFFF 
 1557      000000FF 
 1557      00000000 
 1558 5ac4 FF3F0000 			.word	0x00003FFF, 0xF0FFFFFF, 0xFFFFFFFF, 0xF8000000, 0x00000000
 1558      FFFFFFF0 
 1558      FFFFFFFF 
 1558      000000F8 
 1558      00000000 
 1559 5ad8 FF3F0000 			.word	0x00003FFF, 0xF007FFFF, 0xFFFFFFFF, 0xC0000000, 0x00000000
 1559      FFFF07F0 
 1559      FFFFFFFF 
 1559      000000C0 
 1559      00000000 
 1560 5aec FF3F0000 			.word	0x00003FFF, 0xE0001FFF, 0xFFFFFFFC, 0x00000000, 0x00000000
 1560      FF1F00E0 
 1560      FCFFFFFF 
 1560      00000000 
 1560      00000000 
 1561 5b00 FF3F0000 			.word	0x00003FFF, 0xE000001F, 0xFFFFFF80, 0x00000000, 0x00000000
 1561      1F0000E0 
 1561      80FFFFFF 
 1561      00000000 
 1561      00000000 
ARM GAS  font_century238.s 			page 105


 1562 5b14 FF3F0000 			.word	0x00003FFF, 0xE0000000, 0x00000000, 0x00000000, 0x00000000
 1562      000000E0 
 1562      00000000 
 1562      00000000 
 1562      00000000 
 1563 5b28 FF3F0000 			.word	0x00003FFF, 0xE0000000, 0x00000000, 0x00000000, 0x00000000
 1563      000000E0 
 1563      00000000 
 1563      00000000 
 1563      00000000 
 1564 5b3c FF3F0000 			.word	0x00003FFF, 0xE0000000, 0x00000000, 0x00000000, 0x00000000
 1564      000000E0 
 1564      00000000 
 1564      00000000 
 1564      00000000 
 1565 5b50 FF3F0000 			.word	0x00003FFF, 0xE0000000, 0x00000000, 0x00000000, 0x00000000
 1565      000000E0 
 1565      00000000 
 1565      00000000 
 1565      00000000 
 1566 5b64 FF3F0000 			.word	0x00003FFF, 0xE0000000, 0x00000000, 0x00000000, 0x00000000
 1566      000000E0 
 1566      00000000 
 1566      00000000 
 1566      00000000 
 1567 5b78 FF3F0000 			.word	0x00003FFF, 0xE0000000, 0x00000000, 0x00000000, 0x00000000
 1567      000000E0 
 1567      00000000 
 1567      00000000 
 1567      00000000 
 1568 5b8c FF3F0000 			.word	0x00003FFF, 0xE0000000, 0x00000000, 0x00000000, 0x00000000
 1568      000000E0 
 1568      00000000 
 1568      00000000 
 1568      00000000 
 1569 5ba0 FF3F0000 			.word	0x00003FFF, 0xE0000000, 0x00000000, 0x00000000, 0x00000000
 1569      000000E0 
 1569      00000000 
 1569      00000000 
 1569      00000000 
 1570 5bb4 FF3F0000 			.word	0x00003FFF, 0xE0000000, 0x00000000, 0x00000000, 0x00000000
 1570      000000E0 
 1570      00000000 
 1570      00000000 
 1570      00000000 
 1571 5bc8 FF3F0000 			.word	0x00003FFF, 0xE0000000, 0x00000000, 0x00000000, 0x00000000
 1571      000000E0 
 1571      00000000 
 1571      00000000 
 1571      00000000 
 1572 5bdc FF3F0000 			.word	0x00003FFF, 0xE0000000, 0x00000000, 0x00000000, 0x00000000
 1572      000000E0 
 1572      00000000 
 1572      00000000 
 1572      00000000 
 1573 5bf0 FF7F0000 			.word	0x00007FFF, 0xC0000000, 0x00000000, 0x00000000, 0x00000000
 1573      000000C0 
ARM GAS  font_century238.s 			page 106


 1573      00000000 
 1573      00000000 
 1573      00000000 
 1574 5c04 FF7F0000 			.word	0x00007FFF, 0xC0000000, 0x00000000, 0x00000000, 0x00000000
 1574      000000C0 
 1574      00000000 
 1574      00000000 
 1574      00000000 
 1575 5c18 FF7F0000 			.word	0x00007FFF, 0xC0000000, 0x00000000, 0x00000000, 0x00000000
 1575      000000C0 
 1575      00000000 
 1575      00000000 
 1575      00000000 
 1576 5c2c FF7F0000 			.word	0x00007FFF, 0xC0000000, 0x00000000, 0x00000000, 0x00000000
 1576      000000C0 
 1576      00000000 
 1576      00000000 
 1576      00000000 
 1577 5c40 FF7F0000 			.word	0x00007FFF, 0xC0000000, 0x00000000, 0x00000000, 0x00000000
 1577      000000C0 
 1577      00000000 
 1577      00000000 
 1577      00000000 
 1578 5c54 FF7F0000 			.word	0x00007FFF, 0xC0000000, 0x00000000, 0x00000000, 0x00000000
 1578      000000C0 
 1578      00000000 
 1578      00000000 
 1578      00000000 
 1579 5c68 FF7F0000 			.word	0x00007FFF, 0xC0000000, 0x00000000, 0x00000000, 0x00000000
 1579      000000C0 
 1579      00000000 
 1579      00000000 
 1579      00000000 
 1580 5c7c FF7F0000 			.word	0x00007FFF, 0xC0000000, 0x00000000, 0x00000000, 0x00000000
 1580      000000C0 
 1580      00000000 
 1580      00000000 
 1580      00000000 
 1581 5c90 FF7F0000 			.word	0x00007FFF, 0xC0000000, 0x00000000, 0x00000000, 0x00000000
 1581      000000C0 
 1581      00000000 
 1581      00000000 
 1581      00000000 
 1582 5ca4 FF7F0000 			.word	0x00007FFF, 0xC0000000, 0x00000000, 0x00000000, 0x00000000
 1582      000000C0 
 1582      00000000 
 1582      00000000 
 1582      00000000 
 1583 5cb8 FF7F0000 			.word	0x00007FFF, 0xC0000000, 0x00000000, 0x00000000, 0x00000000
 1583      000000C0 
 1583      00000000 
 1583      00000000 
 1583      00000000 
 1584 5ccc FF7F0000 			.word	0x00007FFF, 0xC0000000, 0x00000000, 0x00000000, 0x00000000
 1584      000000C0 
 1584      00000000 
 1584      00000000 
ARM GAS  font_century238.s 			page 107


 1584      00000000 
 1585 5ce0 FF7F0000 			.word	0x00007FFF, 0xC0000000, 0x00000000, 0x00000000, 0x00000000
 1585      000000C0 
 1585      00000000 
 1585      00000000 
 1585      00000000 
 1586 5cf4 FFFF0000 			.word	0x0000FFFF, 0x80000000, 0x00000000, 0x00000000, 0x00000000
 1586      00000080 
 1586      00000000 
 1586      00000000 
 1586      00000000 
 1587 5d08 FFFF0000 			.word	0x0000FFFF, 0x80000000, 0x00000000, 0x00000000, 0x00000000
 1587      00000080 
 1587      00000000 
 1587      00000000 
 1587      00000000 
 1588 5d1c FFFF0000 			.word	0x0000FFFF, 0x80000000, 0x00000000, 0x00000000, 0x00000000
 1588      00000080 
 1588      00000000 
 1588      00000000 
 1588      00000000 
 1589 5d30 FFFF0000 			.word	0x0000FFFF, 0x80000000, 0x00000000, 0x00000000, 0x00000000
 1589      00000080 
 1589      00000000 
 1589      00000000 
 1589      00000000 
 1590 5d44 FFFF0000 			.word	0x0000FFFF, 0x80000000, 0x00000000, 0x00000000, 0x00000000
 1590      00000080 
 1590      00000000 
 1590      00000000 
 1590      00000000 
 1591 5d58 FFFF0000 			.word	0x0000FFFF, 0x80000000, 0x00000000, 0x00000000, 0x00000000
 1591      00000080 
 1591      00000000 
 1591      00000000 
 1591      00000000 
 1592 5d6c FFFF0000 			.word	0x0000FFFF, 0x80000000, 0x00000000, 0x00000000, 0x00000000
 1592      00000080 
 1592      00000000 
 1592      00000000 
 1592      00000000 
 1593 5d80 FFFF0000 			.word	0x0000FFFF, 0x80000000, 0x00000000, 0x00000000, 0x00000000
 1593      00000080 
 1593      00000000 
 1593      00000000 
 1593      00000000 
 1594 5d94 FFFF0000 			.word	0x0000FFFF, 0x80000000, 0x00000000, 0x00000000, 0x00000000
 1594      00000080 
 1594      00000000 
 1594      00000000 
 1594      00000000 
 1595 5da8 FFFF0000 			.word	0x0000FFFF, 0x8000007F, 0xFFFFF000, 0x00000000, 0x00000000
 1595      7F000080 
 1595      00F0FFFF 
 1595      00000000 
 1595      00000000 
 1596 5dbc FFFF0000 			.word	0x0000FFFF, 0x80000FFF, 0xFFFFFF80, 0x00000000, 0x00000000
ARM GAS  font_century238.s 			page 108


 1596      FF0F0080 
 1596      80FFFFFF 
 1596      00000000 
 1596      00000000 
 1597 5dd0 FFFF0000 			.word	0x0000FFFF, 0x8000FFFF, 0xFFFFFFF8, 0x00000000, 0x00000000
 1597      FFFF0080 
 1597      F8FFFFFF 
 1597      00000000 
 1597      00000000 
 1598 5de4 FFFF0000 			.word	0x0000FFFF, 0x800FFFFF, 0xFFFFFFFF, 0x80000000, 0x00000000
 1598      FFFF0F80 
 1598      FFFFFFFF 
 1598      00000080 
 1598      00000000 
 1599 5df8 FFFF0100 			.word	0x0001FFFF, 0x007FFFFF, 0xFFFFFFFF, 0xF0000000, 0x00000000
 1599      FFFF7F00 
 1599      FFFFFFFF 
 1599      000000F0 
 1599      00000000 
 1600 5e0c FFFF0100 			.word	0x0001FFFF, 0x03FFFFFF, 0xFFFFFFFF, 0xFC000000, 0x00000000
 1600      FFFFFF03 
 1600      FFFFFFFF 
 1600      000000FC 
 1600      00000000 
 1601 5e20 FFFF0100 			.word	0x0001FFFF, 0x0FFFFFFF, 0xFFFFFFFF, 0xFF000000, 0x00000000
 1601      FFFFFF0F 
 1601      FFFFFFFF 
 1601      000000FF 
 1601      00000000 
 1602 5e34 FFFF0100 			.word	0x0001FFFF, 0x7FFFFFFF, 0xFFFFFFFF, 0xFFC00000, 0x00000000
 1602      FFFFFF7F 
 1602      FFFFFFFF 
 1602      0000C0FF 
 1602      00000000 
 1603 5e48 FFFF0100 			.word	0x0001FFFF, 0xFFFFFFFF, 0xFFFFFFFF, 0xFFF00000, 0x00000000
 1603      FFFFFFFF 
 1603      FFFFFFFF 
 1603      0000F0FF 
 1603      00000000 
 1604 5e5c FFFF0100 			.word	0x0001FFFF, 0xFFFFFFFF, 0xFFFFFFFF, 0xFFFC0000, 0x00000000
 1604      FFFFFFFF 
 1604      FFFFFFFF 
 1604      0000FCFF 
 1604      00000000 
 1605 5e70 FFFF0100 			.word	0x0001FFFF, 0xFFFFFFFF, 0xFFFFFFFF, 0xFFFF0000, 0x00000000
 1605      FFFFFFFF 
 1605      FFFFFFFF 
 1605      0000FFFF 
 1605      00000000 
 1606 5e84 FFFF0100 			.word	0x0001FFFF, 0xFFFFFFFF, 0xFFFFFFFF, 0xFFFF8000, 0x00000000
 1606      FFFFFFFF 
 1606      FFFFFFFF 
 1606      0080FFFF 
 1606      00000000 
 1607 5e98 FFFF0100 			.word	0x0001FFFF, 0xFFFFFFFF, 0xFFFFFFFF, 0xFFFFE000, 0x00000000
 1607      FFFFFFFF 
 1607      FFFFFFFF 
ARM GAS  font_century238.s 			page 109


 1607      00E0FFFF 
 1607      00000000 
 1608 5eac FFFF0100 			.word	0x0001FFFF, 0xFFFFFFFF, 0xFFFFFFFF, 0xFFFFF000, 0x00000000
 1608      FFFFFFFF 
 1608      FFFFFFFF 
 1608      00F0FFFF 
 1608      00000000 
 1609 5ec0 FFFF0100 			.word	0x0001FFFF, 0xFFFFFFFF, 0xFFFFFFFF, 0xFFFFF800, 0x00000000
 1609      FFFFFFFF 
 1609      FFFFFFFF 
 1609      00F8FFFF 
 1609      00000000 
 1610 5ed4 FFFF0100 			.word	0x0001FFFF, 0xFFFFFFFF, 0xFFFFFFFF, 0xFFFFFE00, 0x00000000
 1610      FFFFFFFF 
 1610      FFFFFFFF 
 1610      00FEFFFF 
 1610      00000000 
 1611 5ee8 FFFF0100 			.word	0x0001FFFF, 0xFFFFFFFF, 0xFFFFFFFF, 0xFFFFFF00, 0x00000000
 1611      FFFFFFFF 
 1611      FFFFFFFF 
 1611      00FFFFFF 
 1611      00000000 
 1612 5efc FFFF0300 			.word	0x0003FFFF, 0xFFFFFFFF, 0xFFFFFFFF, 0xFFFFFF80, 0x00000000
 1612      FFFFFFFF 
 1612      FFFFFFFF 
 1612      80FFFFFF 
 1612      00000000 
 1613 5f10 FFFF0300 			.word	0x0003FFFF, 0xFFFFFFFF, 0xFFFFFFFF, 0xFFFFFFC0, 0x00000000
 1613      FFFFFFFF 
 1613      FFFFFFFF 
 1613      C0FFFFFF 
 1613      00000000 
 1614 5f24 FFFF0300 			.word	0x0003FFFF, 0xFFFFFFF8, 0x3FFFFFFF, 0xFFFFFFE0, 0x00000000
 1614      F8FFFFFF 
 1614      FFFFFF3F 
 1614      E0FFFFFF 
 1614      00000000 
 1615 5f38 FFFF0300 			.word	0x0003FFFF, 0xFFFFFE00, 0x00FFFFFF, 0xFFFFFFF0, 0x00000000
 1615      00FEFFFF 
 1615      FFFFFF00 
 1615      F0FFFFFF 
 1615      00000000 
 1616 5f4c FFFF0700 			.word	0x0007FFFF, 0xFFFFE000, 0x000FFFFF, 0xFFFFFFF8, 0x00000000
 1616      00E0FFFF 
 1616      FFFF0F00 
 1616      F8FFFFFF 
 1616      00000000 
 1617 5f60 FFFF0700 			.word	0x0007FFFF, 0xFFFF0000, 0x0001FFFF, 0xFFFFFFFC, 0x00000000
 1617      0000FFFF 
 1617      FFFF0100 
 1617      FCFFFFFF 
 1617      00000000 
 1618 5f74 FFFF0F00 			.word	0x000FFFFF, 0xFFF80000, 0x00007FFF, 0xFFFFFFFE, 0x00000000
 1618      0000F8FF 
 1618      FF7F0000 
 1618      FEFFFFFF 
 1618      00000000 
ARM GAS  font_century238.s 			page 110


 1619 5f88 FFFF1F00 			.word	0x001FFFFF, 0xFFE00000, 0x00001FFF, 0xFFFFFFFF, 0x00000000
 1619      0000E0FF 
 1619      FF1F0000 
 1619      FFFFFFFF 
 1619      00000000 
 1620 5f9c FFFF3F00 			.word	0x003FFFFF, 0xFF800000, 0x000007FF, 0xFFFFFFFF, 0x80000000
 1620      000080FF 
 1620      FF070000 
 1620      FFFFFFFF 
 1620      00000080 
 1621 5fb0 FFFF7F00 			.word	0x007FFFFF, 0xFE000000, 0x000003FF, 0xFFFFFFFF, 0xC0000000
 1621      000000FE 
 1621      FF030000 
 1621      FFFFFFFF 
 1621      000000C0 
 1622 5fc4 FFFF7F00 			.word	0x007FFFFF, 0xF8000000, 0x000000FF, 0xFFFFFFFF, 0xC0000000
 1622      000000F8 
 1622      FF000000 
 1622      FFFFFFFF 
 1622      000000C0 
 1623 5fd8 FFFFFF00 			.word	0x00FFFFFF, 0xF0000000, 0x0000007F, 0xFFFFFFFF, 0xE0000000
 1623      000000F0 
 1623      7F000000 
 1623      FFFFFFFF 
 1623      000000E0 
 1624 5fec FFFFFF00 			.word	0x00FFFFFF, 0xC0000000, 0x0000003F, 0xFFFFFFFF, 0xF0000000
 1624      000000C0 
 1624      3F000000 
 1624      FFFFFFFF 
 1624      000000F0 
 1625 6000 FFFFFF01 			.word	0x01FFFFFF, 0x00000000, 0x0000001F, 0xFFFFFFFF, 0xF8000000
 1625      00000000 
 1625      1F000000 
 1625      FFFFFFFF 
 1625      000000F8 
 1626 6014 FEFFFF01 			.word	0x01FFFFFE, 0x00000000, 0x0000000F, 0xFFFFFFFF, 0xF8000000
 1626      00000000 
 1626      0F000000 
 1626      FFFFFFFF 
 1626      000000F8 
 1627 6028 FCFFFF03 			.word	0x03FFFFFC, 0x00000000, 0x00000007, 0xFFFFFFFF, 0xFC000000
 1627      00000000 
 1627      07000000 
 1627      FFFFFFFF 
 1627      000000FC 
 1628 603c FCFFFF03 			.word	0x03FFFFFC, 0x00000000, 0x00000003, 0xFFFFFFFF, 0xFE000000
 1628      00000000 
 1628      03000000 
 1628      FFFFFFFF 
 1628      000000FE 
 1629 6050 FCFFFF03 			.word	0x03FFFFFC, 0x00000000, 0x00000001, 0xFFFFFFFF, 0xFE000000
 1629      00000000 
 1629      01000000 
 1629      FFFFFFFF 
 1629      000000FE 
 1630 6064 FCFFFF03 			.word	0x03FFFFFC, 0x00000000, 0x00000000, 0xFFFFFFFF, 0xFF000000
 1630      00000000 
ARM GAS  font_century238.s 			page 111


 1630      00000000 
 1630      FFFFFFFF 
 1630      000000FF 
 1631 6078 FCFFFF03 			.word	0x03FFFFFC, 0x00000000, 0x00000000, 0xFFFFFFFF, 0xFF000000
 1631      00000000 
 1631      00000000 
 1631      FFFFFFFF 
 1631      000000FF 
 1632 608c FCFFFF03 			.word	0x03FFFFFC, 0x00000000, 0x00000000, 0x7FFFFFFF, 0xFF800000
 1632      00000000 
 1632      00000000 
 1632      FFFFFF7F 
 1632      000080FF 
 1633 60a0 F8FFFF03 			.word	0x03FFFFF8, 0x00000000, 0x00000000, 0x3FFFFFFF, 0xFF800000
 1633      00000000 
 1633      00000000 
 1633      FFFFFF3F 
 1633      000080FF 
 1634 60b4 F8FFFF03 			.word	0x03FFFFF8, 0x00000000, 0x00000000, 0x3FFFFFFF, 0xFFC00000
 1634      00000000 
 1634      00000000 
 1634      FFFFFF3F 
 1634      0000C0FF 
 1635 60c8 F8FFFF03 			.word	0x03FFFFF8, 0x00000000, 0x00000000, 0x1FFFFFFF, 0xFFC00000
 1635      00000000 
 1635      00000000 
 1635      FFFFFF1F 
 1635      0000C0FF 
 1636 60dc F8FFFF03 			.word	0x03FFFFF8, 0x00000000, 0x00000000, 0x1FFFFFFF, 0xFFE00000
 1636      00000000 
 1636      00000000 
 1636      FFFFFF1F 
 1636      0000E0FF 
 1637 60f0 F0FFFF03 			.word	0x03FFFFF0, 0x00000000, 0x00000000, 0x0FFFFFFF, 0xFFE00000
 1637      00000000 
 1637      00000000 
 1637      FFFFFF0F 
 1637      0000E0FF 
 1638 6104 F0FFFF03 			.word	0x03FFFFF0, 0x00000000, 0x00000000, 0x0FFFFFFF, 0xFFF00000
 1638      00000000 
 1638      00000000 
 1638      FFFFFF0F 
 1638      0000F0FF 
 1639 6118 E0FFFF03 			.word	0x03FFFFE0, 0x00000000, 0x00000000, 0x07FFFFFF, 0xFFF00000
 1639      00000000 
 1639      00000000 
 1639      FFFFFF07 
 1639      0000F0FF 
 1640 612c E0FFFF01 			.word	0x01FFFFE0, 0x00000000, 0x00000000, 0x07FFFFFF, 0xFFF00000
 1640      00000000 
 1640      00000000 
 1640      FFFFFF07 
 1640      0000F0FF 
 1641 6140 C0FFFF01 			.word	0x01FFFFC0, 0x00000000, 0x00000000, 0x03FFFFFF, 0xFFF80000
 1641      00000000 
 1641      00000000 
 1641      FFFFFF03 
ARM GAS  font_century238.s 			page 112


 1641      0000F8FF 
 1642 6154 80FFFF00 			.word	0x00FFFF80, 0x00000000, 0x00000000, 0x03FFFFFF, 0xFFF80000
 1642      00000000 
 1642      00000000 
 1642      FFFFFF03 
 1642      0000F8FF 
 1643 6168 00FF7F00 			.word	0x007FFF00, 0x00000000, 0x00000000, 0x03FFFFFF, 0xFFF80000
 1643      00000000 
 1643      00000000 
 1643      FFFFFF03 
 1643      0000F8FF 
 1644 617c 00FC3F00 			.word	0x003FFC00, 0x00000000, 0x00000000, 0x01FFFFFF, 0xFFFC0000
 1644      00000000 
 1644      00000000 
 1644      FFFFFF01 
 1644      0000FCFF 
 1645 6190 00000000 			.word	0x00000000, 0x00000000, 0x00000000, 0x01FFFFFF, 0xFFFC0000
 1645      00000000 
 1645      00000000 
 1645      FFFFFF01 
 1645      0000FCFF 
 1646 61a4 00000000 			.word	0x00000000, 0x00000000, 0x00000000, 0x01FFFFFF, 0xFFFC0000
 1646      00000000 
 1646      00000000 
 1646      FFFFFF01 
 1646      0000FCFF 
 1647 61b8 00000000 			.word	0x00000000, 0x00000000, 0x00000000, 0x01FFFFFF, 0xFFFC0000
 1647      00000000 
 1647      00000000 
 1647      FFFFFF01 
 1647      0000FCFF 
 1648 61cc 00000000 			.word	0x00000000, 0x00000000, 0x00000000, 0x00FFFFFF, 0xFFFE0000
 1648      00000000 
 1648      00000000 
 1648      FFFFFF00 
 1648      0000FEFF 
 1649 61e0 00000000 			.word	0x00000000, 0x00000000, 0x00000000, 0x00FFFFFF, 0xFFFE0000
 1649      00000000 
 1649      00000000 
 1649      FFFFFF00 
 1649      0000FEFF 
 1650 61f4 00000000 			.word	0x00000000, 0x00000000, 0x00000000, 0x00FFFFFF, 0xFFFE0000
 1650      00000000 
 1650      00000000 
 1650      FFFFFF00 
 1650      0000FEFF 
 1651 6208 00000000 			.word	0x00000000, 0x00000000, 0x00000000, 0x00FFFFFF, 0xFFFE0000
 1651      00000000 
 1651      00000000 
 1651      FFFFFF00 
 1651      0000FEFF 
 1652 621c 00000000 			.word	0x00000000, 0x00000000, 0x00000000, 0x00FFFFFF, 0xFFFE0000
 1652      00000000 
 1652      00000000 
 1652      FFFFFF00 
 1652      0000FEFF 
 1653 6230 00000000 			.word	0x00000000, 0x00000000, 0x00000000, 0x007FFFFF, 0xFFFE0000
ARM GAS  font_century238.s 			page 113


 1653      00000000 
 1653      00000000 
 1653      FFFF7F00 
 1653      0000FEFF 
 1654 6244 00000000 			.word	0x00000000, 0x00000000, 0x00000000, 0x007FFFFF, 0xFFFF0000
 1654      00000000 
 1654      00000000 
 1654      FFFF7F00 
 1654      0000FFFF 
 1655 6258 00000000 			.word	0x00000000, 0x00000000, 0x00000000, 0x007FFFFF, 0xFFFF0000
 1655      00000000 
 1655      00000000 
 1655      FFFF7F00 
 1655      0000FFFF 
 1656 626c 00000000 			.word	0x00000000, 0x00000000, 0x00000000, 0x007FFFFF, 0xFFFF0000
 1656      00000000 
 1656      00000000 
 1656      FFFF7F00 
 1656      0000FFFF 
 1657 6280 00000000 			.word	0x00000000, 0x00000000, 0x00000000, 0x007FFFFF, 0xFFFF0000
 1657      00000000 
 1657      00000000 
 1657      FFFF7F00 
 1657      0000FFFF 
 1658 6294 00000000 			.word	0x00000000, 0x00000000, 0x00000000, 0x007FFFFF, 0xFFFF0000
 1658      00000000 
 1658      00000000 
 1658      FFFF7F00 
 1658      0000FFFF 
 1659 62a8 00000000 			.word	0x00000000, 0x00000000, 0x00000000, 0x007FFFFF, 0xFFFF0000
 1659      00000000 
 1659      00000000 
 1659      FFFF7F00 
 1659      0000FFFF 
 1660 62bc 00000000 			.word	0x00000000, 0x00000000, 0x00000000, 0x007FFFFF, 0xFFFF0000
 1660      00000000 
 1660      00000000 
 1660      FFFF7F00 
 1660      0000FFFF 
 1661 62d0 FCFF0300 			.word	0x0003FFFC, 0x00000000, 0x00000000, 0x007FFFFF, 0xFFFF0000
 1661      00000000 
 1661      00000000 
 1661      FFFF7F00 
 1661      0000FFFF 
 1662 62e4 FFFF0F00 			.word	0x000FFFFF, 0x00000000, 0x00000000, 0x007FFFFF, 0xFFFF0000
 1662      00000000 
 1662      00000000 
 1662      FFFF7F00 
 1662      0000FFFF 
 1663 62f8 FFFF3F00 			.word	0x003FFFFF, 0xC0000000, 0x00000000, 0x003FFFFF, 0xFFFF0000
 1663      000000C0 
 1663      00000000 
 1663      FFFF3F00 
 1663      0000FFFF 
 1664 630c FFFFFF00 			.word	0x00FFFFFF, 0xF0000000, 0x00000000, 0x003FFFFF, 0xFFFF0000
 1664      000000F0 
 1664      00000000 
ARM GAS  font_century238.s 			page 114


 1664      FFFF3F00 
 1664      0000FFFF 
 1665 6320 FFFFFF01 			.word	0x01FFFFFF, 0xF8000000, 0x00000000, 0x003FFFFF, 0xFFFF0000
 1665      000000F8 
 1665      00000000 
 1665      FFFF3F00 
 1665      0000FFFF 
 1666 6334 FFFFFF03 			.word	0x03FFFFFF, 0xFC000000, 0x00000000, 0x003FFFFF, 0xFFFF0000
 1666      000000FC 
 1666      00000000 
 1666      FFFF3F00 
 1666      0000FFFF 
 1667 6348 FFFFFF07 			.word	0x07FFFFFF, 0xFE000000, 0x00000000, 0x003FFFFF, 0xFFFF0000
 1667      000000FE 
 1667      00000000 
 1667      FFFF3F00 
 1667      0000FFFF 
 1668 635c FFFFFF07 			.word	0x07FFFFFF, 0xFF000000, 0x00000000, 0x003FFFFF, 0xFFFF0000
 1668      000000FF 
 1668      00000000 
 1668      FFFF3F00 
 1668      0000FFFF 
 1669 6370 FFFFFF0F 			.word	0x0FFFFFFF, 0xFF000000, 0x00000000, 0x003FFFFF, 0xFFFF0000
 1669      000000FF 
 1669      00000000 
 1669      FFFF3F00 
 1669      0000FFFF 
 1670 6384 FFFFFF0F 			.word	0x0FFFFFFF, 0xFF800000, 0x00000000, 0x003FFFFF, 0xFFFF0000
 1670      000080FF 
 1670      00000000 
 1670      FFFF3F00 
 1670      0000FFFF 
 1671 6398 FFFFFF1F 			.word	0x1FFFFFFF, 0xFF800000, 0x00000000, 0x003FFFFF, 0xFFFF0000
 1671      000080FF 
 1671      00000000 
 1671      FFFF3F00 
 1671      0000FFFF 
 1672 63ac FFFFFF1F 			.word	0x1FFFFFFF, 0xFFC00000, 0x00000000, 0x003FFFFF, 0xFFFF0000
 1672      0000C0FF 
 1672      00000000 
 1672      FFFF3F00 
 1672      0000FFFF 
 1673 63c0 FFFFFF3F 			.word	0x3FFFFFFF, 0xFFC00000, 0x00000000, 0x003FFFFF, 0xFFFF0000
 1673      0000C0FF 
 1673      00000000 
 1673      FFFF3F00 
 1673      0000FFFF 
 1674 63d4 FFFFFF3F 			.word	0x3FFFFFFF, 0xFFC00000, 0x00000000, 0x007FFFFF, 0xFFFF0000
 1674      0000C0FF 
 1674      00000000 
 1674      FFFF7F00 
 1674      0000FFFF 
 1675 63e8 FFFFFF7F 			.word	0x7FFFFFFF, 0xFFE00000, 0x00000000, 0x007FFFFF, 0xFFFF0000
 1675      0000E0FF 
 1675      00000000 
 1675      FFFF7F00 
 1675      0000FFFF 
ARM GAS  font_century238.s 			page 115


 1676 63fc FFFFFF7F 			.word	0x7FFFFFFF, 0xFFE00000, 0x00000000, 0x007FFFFF, 0xFFFF0000
 1676      0000E0FF 
 1676      00000000 
 1676      FFFF7F00 
 1676      0000FFFF 
 1677 6410 FFFFFF7F 			.word	0x7FFFFFFF, 0xFFE00000, 0x00000000, 0x007FFFFF, 0xFFFF0000
 1677      0000E0FF 
 1677      00000000 
 1677      FFFF7F00 
 1677      0000FFFF 
 1678 6424 FFFFFF7F 			.word	0x7FFFFFFF, 0xFFE00000, 0x00000000, 0x007FFFFF, 0xFFFF0000
 1678      0000E0FF 
 1678      00000000 
 1678      FFFF7F00 
 1678      0000FFFF 
 1679 6438 FFFFFFFF 			.word	0xFFFFFFFF, 0xFFE00000, 0x00000000, 0x007FFFFF, 0xFFFF0000
 1679      0000E0FF 
 1679      00000000 
 1679      FFFF7F00 
 1679      0000FFFF 
 1680 644c FFFFFFFF 			.word	0xFFFFFFFF, 0xFFE00000, 0x00000000, 0x007FFFFF, 0xFFFE0000
 1680      0000E0FF 
 1680      00000000 
 1680      FFFF7F00 
 1680      0000FEFF 
 1681 6460 FFFFFFFF 			.word	0xFFFFFFFF, 0xFFE00000, 0x00000000, 0x007FFFFF, 0xFFFE0000
 1681      0000E0FF 
 1681      00000000 
 1681      FFFF7F00 
 1681      0000FEFF 
 1682 6474 FFFFFFFF 			.word	0xFFFFFFFF, 0xFFE00000, 0x00000000, 0x007FFFFF, 0xFFFE0000
 1682      0000E0FF 
 1682      00000000 
 1682      FFFF7F00 
 1682      0000FEFF 
 1683 6488 FFFFFFFF 			.word	0xFFFFFFFF, 0xFFE00000, 0x00000000, 0x007FFFFF, 0xFFFE0000
 1683      0000E0FF 
 1683      00000000 
 1683      FFFF7F00 
 1683      0000FEFF 
 1684 649c FFFFFFFF 			.word	0xFFFFFFFF, 0xFFE00000, 0x00000000, 0x007FFFFF, 0xFFFE0000
 1684      0000E0FF 
 1684      00000000 
 1684      FFFF7F00 
 1684      0000FEFF 
 1685 64b0 FFFFFFFF 			.word	0xFFFFFFFF, 0xFFE00000, 0x00000000, 0x00FFFFFF, 0xFFFE0000
 1685      0000E0FF 
 1685      00000000 
 1685      FFFFFF00 
 1685      0000FEFF 
 1686 64c4 FFFFFFFF 			.word	0xFFFFFFFF, 0xFFE00000, 0x00000000, 0x00FFFFFF, 0xFFFC0000
 1686      0000E0FF 
 1686      00000000 
 1686      FFFFFF00 
 1686      0000FCFF 
 1687 64d8 FFFFFFFF 			.word	0xFFFFFFFF, 0xFFE00000, 0x00000000, 0x00FFFFFF, 0xFFFC0000
 1687      0000E0FF 
ARM GAS  font_century238.s 			page 116


 1687      00000000 
 1687      FFFFFF00 
 1687      0000FCFF 
 1688 64ec FFFFFFFF 			.word	0xFFFFFFFF, 0xFFE00000, 0x00000000, 0x00FFFFFF, 0xFFFC0000
 1688      0000E0FF 
 1688      00000000 
 1688      FFFFFF00 
 1688      0000FCFF 
 1689 6500 FFFFFFFF 			.word	0xFFFFFFFF, 0xFFE00000, 0x00000000, 0x00FFFFFF, 0xFFFC0000
 1689      0000E0FF 
 1689      00000000 
 1689      FFFFFF00 
 1689      0000FCFF 
 1690 6514 FFFFFFFF 			.word	0xFFFFFFFF, 0xFFE00000, 0x00000000, 0x01FFFFFF, 0xFFF80000
 1690      0000E0FF 
 1690      00000000 
 1690      FFFFFF01 
 1690      0000F8FF 
 1691 6528 FFFFFFFF 			.word	0xFFFFFFFF, 0xFFC00000, 0x00000000, 0x01FFFFFF, 0xFFF80000
 1691      0000C0FF 
 1691      00000000 
 1691      FFFFFF01 
 1691      0000F8FF 
 1692 653c FFFFFFFF 			.word	0xFFFFFFFF, 0xFFC00000, 0x00000000, 0x01FFFFFF, 0xFFF80000
 1692      0000C0FF 
 1692      00000000 
 1692      FFFFFF01 
 1692      0000F8FF 
 1693 6550 FFFFFFFF 			.word	0xFFFFFFFF, 0xFFC00000, 0x00000000, 0x01FFFFFF, 0xFFF00000
 1693      0000C0FF 
 1693      00000000 
 1693      FFFFFF01 
 1693      0000F0FF 
 1694 6564 FFFFFFFF 			.word	0xFFFFFFFF, 0xFF800000, 0x00000000, 0x03FFFFFF, 0xFFF00000
 1694      000080FF 
 1694      00000000 
 1694      FFFFFF03 
 1694      0000F0FF 
 1695 6578 FFFFFFFF 			.word	0xFFFFFFFF, 0xFF800000, 0x00000000, 0x03FFFFFF, 0xFFF00000
 1695      000080FF 
 1695      00000000 
 1695      FFFFFF03 
 1695      0000F0FF 
 1696 658c FFFFFFFF 			.word	0xFFFFFFFF, 0xFF000000, 0x00000000, 0x03FFFFFF, 0xFFE00000
 1696      000000FF 
 1696      00000000 
 1696      FFFFFF03 
 1696      0000E0FF 
 1697 65a0 FFFFFFFF 			.word	0xFFFFFFFF, 0xFE000000, 0x00000000, 0x07FFFFFF, 0xFFE00000
 1697      000000FE 
 1697      00000000 
 1697      FFFFFF07 
 1697      0000E0FF 
 1698 65b4 FFFFFFFF 			.word	0xFFFFFFFF, 0xFC000000, 0x00000000, 0x07FFFFFF, 0xFFE00000
 1698      000000FC 
 1698      00000000 
 1698      FFFFFF07 
ARM GAS  font_century238.s 			page 117


 1698      0000E0FF 
 1699 65c8 FFFFFFFF 			.word	0xFFFFFFFF, 0xF8000000, 0x00000000, 0x07FFFFFF, 0xFFC00000
 1699      000000F8 
 1699      00000000 
 1699      FFFFFF07 
 1699      0000C0FF 
 1700 65dc FFFFFF7F 			.word	0x7FFFFFFF, 0xE0000000, 0x00000000, 0x0FFFFFFF, 0xFFC00000
 1700      000000E0 
 1700      00000000 
 1700      FFFFFF0F 
 1700      0000C0FF 
 1701 65f0 FFFFFF7F 			.word	0x7FFFFFFF, 0x80000000, 0x00000000, 0x0FFFFFFF, 0xFF800000
 1701      00000080 
 1701      00000000 
 1701      FFFFFF0F 
 1701      000080FF 
 1702 6604 FCFFFF7F 			.word	0x7FFFFFFC, 0x00000000, 0x00000000, 0x1FFFFFFF, 0xFF800000
 1702      00000000 
 1702      00000000 
 1702      FFFFFF1F 
 1702      000080FF 
 1703 6618 F0FFFF7F 			.word	0x7FFFFFF0, 0x00000000, 0x00000000, 0x1FFFFFFF, 0xFF000000
 1703      00000000 
 1703      00000000 
 1703      FFFFFF1F 
 1703      000000FF 
 1704 662c C0FFFF7F 			.word	0x7FFFFFC0, 0x00000000, 0x00000000, 0x1FFFFFFF, 0xFF000000
 1704      00000000 
 1704      00000000 
 1704      FFFFFF1F 
 1704      000000FF 
 1705 6640 80FFFF3F 			.word	0x3FFFFF80, 0x00000000, 0x00000000, 0x3FFFFFFF, 0xFE000000
 1705      00000000 
 1705      00000000 
 1705      FFFFFF3F 
 1705      000000FE 
 1706 6654 80FFFF3F 			.word	0x3FFFFF80, 0x00000000, 0x00000000, 0x7FFFFFFF, 0xFE000000
 1706      00000000 
 1706      00000000 
 1706      FFFFFF7F 
 1706      000000FE 
 1707 6668 80FFFF3F 			.word	0x3FFFFF80, 0x00000000, 0x00000000, 0x7FFFFFFF, 0xFC000000
 1707      00000000 
 1707      00000000 
 1707      FFFFFF7F 
 1707      000000FC 
 1708 667c C0FFFF1F 			.word	0x1FFFFFC0, 0x00000000, 0x00000000, 0xFFFFFFFF, 0xF8000000
 1708      00000000 
 1708      00000000 
 1708      FFFFFFFF 
 1708      000000F8 
 1709 6690 C0FFFF1F 			.word	0x1FFFFFC0, 0x00000000, 0x00000001, 0xFFFFFFFF, 0xF8000000
 1709      00000000 
 1709      01000000 
 1709      FFFFFFFF 
 1709      000000F8 
 1710 66a4 E0FFFF0F 			.word	0x0FFFFFE0, 0x00000000, 0x00000001, 0xFFFFFFFF, 0xF0000000
ARM GAS  font_century238.s 			page 118


 1710      00000000 
 1710      01000000 
 1710      FFFFFFFF 
 1710      000000F0 
 1711 66b8 E0FFFF0F 			.word	0x0FFFFFE0, 0x00000000, 0x00000003, 0xFFFFFFFF, 0xE0000000
 1711      00000000 
 1711      03000000 
 1711      FFFFFFFF 
 1711      000000E0 
 1712 66cc F0FFFF07 			.word	0x07FFFFF0, 0x00000000, 0x00000007, 0xFFFFFFFF, 0xE0000000
 1712      00000000 
 1712      07000000 
 1712      FFFFFFFF 
 1712      000000E0 
 1713 66e0 F8FFFF07 			.word	0x07FFFFF8, 0x00000000, 0x0000000F, 0xFFFFFFFF, 0xC0000000
 1713      00000000 
 1713      0F000000 
 1713      FFFFFFFF 
 1713      000000C0 
 1714 66f4 FCFFFF03 			.word	0x03FFFFFC, 0x00000000, 0x0000001F, 0xFFFFFFFF, 0x80000000
 1714      00000000 
 1714      1F000000 
 1714      FFFFFFFF 
 1714      00000080 
 1715 6708 FEFFFF03 			.word	0x03FFFFFE, 0x00000000, 0x0000003F, 0xFFFFFFFF, 0x00000000
 1715      00000000 
 1715      3F000000 
 1715      FFFFFFFF 
 1715      00000000 
 1716 671c FFFFFF01 			.word	0x01FFFFFF, 0x00000000, 0x0000007F, 0xFFFFFFFF, 0x00000000
 1716      00000000 
 1716      7F000000 
 1716      FFFFFFFF 
 1716      00000000 
 1717 6730 FFFFFF01 			.word	0x01FFFFFF, 0x80000000, 0x000001FF, 0xFFFFFFFE, 0x00000000
 1717      00000080 
 1717      FF010000 
 1717      FEFFFFFF 
 1717      00000000 
 1718 6744 FFFFFF00 			.word	0x00FFFFFF, 0xE0000000, 0x000003FF, 0xFFFFFFFC, 0x00000000
 1718      000000E0 
 1718      FF030000 
 1718      FCFFFFFF 
 1718      00000000 
 1719 6758 FFFF7F00 			.word	0x007FFFFF, 0xF0000000, 0x00000FFF, 0xFFFFFFF8, 0x00000000
 1719      000000F0 
 1719      FF0F0000 
 1719      F8FFFFFF 
 1719      00000000 
 1720 676c FFFF3F00 			.word	0x003FFFFF, 0xFC000000, 0x00001FFF, 0xFFFFFFF0, 0x00000000
 1720      000000FC 
 1720      FF1F0000 
 1720      F0FFFFFF 
 1720      00000000 
 1721 6780 FFFF3F00 			.word	0x003FFFFF, 0xFF800000, 0x00007FFF, 0xFFFFFFE0, 0x00000000
 1721      000080FF 
 1721      FF7F0000 
ARM GAS  font_century238.s 			page 119


 1721      E0FFFFFF 
 1721      00000000 
 1722 6794 FFFF1F00 			.word	0x001FFFFF, 0xFFE00000, 0x0003FFFF, 0xFFFFFFC0, 0x00000000
 1722      0000E0FF 
 1722      FFFF0300 
 1722      C0FFFFFF 
 1722      00000000 
 1723 67a8 FFFF0F00 			.word	0x000FFFFF, 0xFFFC0000, 0x001FFFFF, 0xFFFFFF80, 0x00000000
 1723      0000FCFF 
 1723      FFFF1F00 
 1723      80FFFFFF 
 1723      00000000 
 1724 67bc FFFF0700 			.word	0x0007FFFF, 0xFFFFC000, 0x01FFFFFF, 0xFFFFFF00, 0x00000000
 1724      00C0FFFF 
 1724      FFFFFF01 
 1724      00FFFFFF 
 1724      00000000 
 1725 67d0 FFFF0300 			.word	0x0003FFFF, 0xFFFFFF80, 0xFFFFFFFF, 0xFFFFFC00, 0x00000000
 1725      80FFFFFF 
 1725      FFFFFFFF 
 1725      00FCFFFF 
 1725      00000000 
 1726 67e4 FFFF0100 			.word	0x0001FFFF, 0xFFFFFFFF, 0xFFFFFFFF, 0xFFFFF800, 0x00000000
 1726      FFFFFFFF 
 1726      FFFFFFFF 
 1726      00F8FFFF 
 1726      00000000 
 1727 67f8 FFFF0000 			.word	0x0000FFFF, 0xFFFFFFFF, 0xFFFFFFFF, 0xFFFFF000, 0x00000000
 1727      FFFFFFFF 
 1727      FFFFFFFF 
 1727      00F0FFFF 
 1727      00000000 
 1728 680c FF7F0000 			.word	0x00007FFF, 0xFFFFFFFF, 0xFFFFFFFF, 0xFFFFE000, 0x00000000
 1728      FFFFFFFF 
 1728      FFFFFFFF 
 1728      00E0FFFF 
 1728      00000000 
 1729 6820 FF3F0000 			.word	0x00003FFF, 0xFFFFFFFF, 0xFFFFFFFF, 0xFFFF8000, 0x00000000
 1729      FFFFFFFF 
 1729      FFFFFFFF 
 1729      0080FFFF 
 1729      00000000 
 1730 6834 FF0F0000 			.word	0x00000FFF, 0xFFFFFFFF, 0xFFFFFFFF, 0xFFFF0000, 0x00000000
 1730      FFFFFFFF 
 1730      FFFFFFFF 
 1730      0000FFFF 
 1730      00000000 
 1731 6848 FF070000 			.word	0x000007FF, 0xFFFFFFFF, 0xFFFFFFFF, 0xFFFC0000, 0x00000000
 1731      FFFFFFFF 
 1731      FFFFFFFF 
 1731      0000FCFF 
 1731      00000000 
 1732 685c FF030000 			.word	0x000003FF, 0xFFFFFFFF, 0xFFFFFFFF, 0xFFF80000, 0x00000000
 1732      FFFFFFFF 
 1732      FFFFFFFF 
 1732      0000F8FF 
 1732      00000000 
ARM GAS  font_century238.s 			page 120


 1733 6870 FF000000 			.word	0x000000FF, 0xFFFFFFFF, 0xFFFFFFFF, 0xFFE00000, 0x00000000
 1733      FFFFFFFF 
 1733      FFFFFFFF 
 1733      0000E0FF 
 1733      00000000 
 1734 6884 7F000000 			.word	0x0000007F, 0xFFFFFFFF, 0xFFFFFFFF, 0xFF800000, 0x00000000
 1734      FFFFFFFF 
 1734      FFFFFFFF 
 1734      000080FF 
 1734      00000000 
 1735 6898 1F000000 			.word	0x0000001F, 0xFFFFFFFF, 0xFFFFFFFF, 0xFE000000, 0x00000000
 1735      FFFFFFFF 
 1735      FFFFFFFF 
 1735      000000FE 
 1735      00000000 
 1736 68ac 07000000 			.word	0x00000007, 0xFFFFFFFF, 0xFFFFFFFF, 0xF8000000, 0x00000000
 1736      FFFFFFFF 
 1736      FFFFFFFF 
 1736      000000F8 
 1736      00000000 
 1737 68c0 01000000 			.word	0x00000001, 0xFFFFFFFF, 0xFFFFFFFF, 0xC0000000, 0x00000000
 1737      FFFFFFFF 
 1737      FFFFFFFF 
 1737      000000C0 
 1737      00000000 
 1738 68d4 00000000 			.word	0x00000000, 0x3FFFFFFF, 0xFFFFFFFE, 0x00000000, 0x00000000
 1738      FFFFFF3F 
 1738      FEFFFFFF 
 1738      00000000 
 1738      00000000 
 1739 68e8 00000000 			.word	0x00000000, 0x0FFFFFFF, 0xFFFFFFF0, 0x00000000, 0x00000000
 1739      FFFFFF0F 
 1739      F0FFFFFF 
 1739      00000000 
 1739      00000000 
 1740 68fc 00000000 			.word	0x00000000, 0x01FFFFFF, 0xFFFFFF80, 0x00000000, 0x00000000
 1740      FFFFFF01 
 1740      80FFFFFF 
 1740      00000000 
 1740      00000000 
 1741 6910 00000000 			.word	0x00000000, 0x001FFFFF, 0xFFFFF000, 0x00000000, 0x00000000
 1741      FFFF1F00 
 1741      00F0FFFF 
 1741      00000000 
 1741      00000000 
 1742 6924 00000000 			.word	0x00000000, 0x00007FFF, 0xFFFC0000, 0x00000000, 0x00000000
 1742      FF7F0000 
 1742      0000FCFF 
 1742      00000000 
 1742      00000000 
 1743              	
 1744              	SIX:
 1745 6938 36000000 			.word	'6			// ASCII "6" character
 1746 693c B1000000 			.word	CELLWDTH		// cell pixel width
 1747 6940 7D010000 			.word	CELLHGHT		// cell pixel height
 1748 6944 98000000 			.word	152			// glyph pixel width
 1749 6948 E0000000 			.word	224			// glyph pixel height
ARM GAS  font_century238.s 			page 121


 1750 694c 0D000000 			.word	13			// blank horizontal pixels before glyph
 1751 6950 0C000000 			.word	12			// blank horizontal pixels after glyph
 1752 6954 5D000000 			.word	93			// blank horizontal lines before glyph
 1753 6958 40000000 			.word	64			// blank horizontal lines after glyph
 1754              							// bit mapped glyph
 1755 695c 00000000 			.word	0x00000000, 0x00000000, 0x0003FFFF, 0xFF000000, 0x00000000
 1755      00000000 
 1755      FFFF0300 
 1755      000000FF 
 1755      00000000 
 1756 6970 00000000 			.word	0x00000000, 0x00000000, 0x007FFFFF, 0xFFF80000, 0x00000000
 1756      00000000 
 1756      FFFF7F00 
 1756      0000F8FF 
 1756      00000000 
 1757 6984 00000000 			.word	0x00000000, 0x00000000, 0x07FFFFFF, 0xFFFF8000, 0x00000000
 1757      00000000 
 1757      FFFFFF07 
 1757      0080FFFF 
 1757      00000000 
 1758 6998 00000000 			.word	0x00000000, 0x00000000, 0x3FFFFFFF, 0xFFFFF000, 0x00000000
 1758      00000000 
 1758      FFFFFF3F 
 1758      00F0FFFF 
 1758      00000000 
 1759 69ac 00000000 			.word	0x00000000, 0x00000001, 0xFFFFFFFF, 0xFFFFFE00, 0x00000000
 1759      01000000 
 1759      FFFFFFFF 
 1759      00FEFFFF 
 1759      00000000 
 1760 69c0 00000000 			.word	0x00000000, 0x00000007, 0xFFFFFFFF, 0xFFFFFF80, 0x00000000
 1760      07000000 
 1760      FFFFFFFF 
 1760      80FFFFFF 
 1760      00000000 
 1761 69d4 00000000 			.word	0x00000000, 0x0000001F, 0xFFFFFFFF, 0xFFFFFFE0, 0x00000000
 1761      1F000000 
 1761      FFFFFFFF 
 1761      E0FFFFFF 
 1761      00000000 
 1762 69e8 00000000 			.word	0x00000000, 0x0000007F, 0xFFFFFFFF, 0xFFFFFFF8, 0x00000000
 1762      7F000000 
 1762      FFFFFFFF 
 1762      F8FFFFFF 
 1762      00000000 
 1763 69fc 00000000 			.word	0x00000000, 0x000001FF, 0xFFFFFFFF, 0xFFFFFFFC, 0x00000000
 1763      FF010000 
 1763      FFFFFFFF 
 1763      FCFFFFFF 
 1763      00000000 
 1764 6a10 00000000 			.word	0x00000000, 0x000007FF, 0xFFFFFFFF, 0xFFFFFFFF, 0x00000000
 1764      FF070000 
 1764      FFFFFFFF 
 1764      FFFFFFFF 
 1764      00000000 
 1765 6a24 00000000 			.word	0x00000000, 0x00001FFF, 0xFFFFFFFF, 0xFFFFFFFF, 0x80000000
 1765      FF1F0000 
ARM GAS  font_century238.s 			page 122


 1765      FFFFFFFF 
 1765      FFFFFFFF 
 1765      00000080 
 1766 6a38 00000000 			.word	0x00000000, 0x00007FFF, 0xFFFFFFFF, 0xFFFFFFFF, 0xE0000000
 1766      FF7F0000 
 1766      FFFFFFFF 
 1766      FFFFFFFF 
 1766      000000E0 
 1767 6a4c 00000000 			.word	0x00000000, 0x0000FFFF, 0xFFFFFFFF, 0xFFFFFFFF, 0xF0000000
 1767      FFFF0000 
 1767      FFFFFFFF 
 1767      FFFFFFFF 
 1767      000000F0 
 1768 6a60 00000000 			.word	0x00000000, 0x0003FFFF, 0xFFFFFFFF, 0xFFFFFFFF, 0xF8000000
 1768      FFFF0300 
 1768      FFFFFFFF 
 1768      FFFFFFFF 
 1768      000000F8 
 1769 6a74 00000000 			.word	0x00000000, 0x0007FFFF, 0xFFFFFFFF, 0xFFFFFFFF, 0xFE000000
 1769      FFFF0700 
 1769      FFFFFFFF 
 1769      FFFFFFFF 
 1769      000000FE 
 1770 6a88 00000000 			.word	0x00000000, 0x000FFFFF, 0xFFFFFFFF, 0xFFFFFFFF, 0xFF000000
 1770      FFFF0F00 
 1770      FFFFFFFF 
 1770      FFFFFFFF 
 1770      000000FF 
 1771 6a9c 00000000 			.word	0x00000000, 0x003FFFFF, 0xFFFFFFFF, 0xFFFFFFFF, 0xFF800000
 1771      FFFF3F00 
 1771      FFFFFFFF 
 1771      FFFFFFFF 
 1771      000080FF 
 1772 6ab0 00000000 			.word	0x00000000, 0x007FFFFF, 0xFFFFFF87, 0xFFFFFFFF, 0xFFC00000
 1772      FFFF7F00 
 1772      87FFFFFF 
 1772      FFFFFFFF 
 1772      0000C0FF 
 1773 6ac4 00000000 			.word	0x00000000, 0x00FFFFFF, 0xFFFFE000, 0x1FFFFFFF, 0xFFC00000
 1773      FFFFFF00 
 1773      00E0FFFF 
 1773      FFFFFF1F 
 1773      0000C0FF 
 1774 6ad8 00000000 			.word	0x00000000, 0x01FFFFFF, 0xFFFF0000, 0x07FFFFFF, 0xFFE00000
 1774      FFFFFF01 
 1774      0000FFFF 
 1774      FFFFFF07 
 1774      0000E0FF 
 1775 6aec 00000000 			.word	0x00000000, 0x03FFFFFF, 0xFFF80000, 0x01FFFFFF, 0xFFF00000
 1775      FFFFFF03 
 1775      0000F8FF 
 1775      FFFFFF01 
 1775      0000F0FF 
 1776 6b00 00000000 			.word	0x00000000, 0x0FFFFFFF, 0xFFE00000, 0x00FFFFFF, 0xFFF80000
 1776      FFFFFF0F 
 1776      0000E0FF 
 1776      FFFFFF00 
ARM GAS  font_century238.s 			page 123


 1776      0000F8FF 
 1777 6b14 00000000 			.word	0x00000000, 0x1FFFFFFF, 0xFF800000, 0x007FFFFF, 0xFFF80000
 1777      FFFFFF1F 
 1777      000080FF 
 1777      FFFF7F00 
 1777      0000F8FF 
 1778 6b28 00000000 			.word	0x00000000, 0x3FFFFFFF, 0xFE000000, 0x003FFFFF, 0xFFFC0000
 1778      FFFFFF3F 
 1778      000000FE 
 1778      FFFF3F00 
 1778      0000FCFF 
 1779 6b3c 00000000 			.word	0x00000000, 0x7FFFFFFF, 0xFC000000, 0x003FFFFF, 0xFFFC0000
 1779      FFFFFF7F 
 1779      000000FC 
 1779      FFFF3F00 
 1779      0000FCFF 
 1780 6b50 00000000 			.word	0x00000000, 0xFFFFFFFF, 0xF0000000, 0x003FFFFF, 0xFFFE0000
 1780      FFFFFFFF 
 1780      000000F0 
 1780      FFFF3F00 
 1780      0000FEFF 
 1781 6b64 00000000 			.word	0x00000000, 0xFFFFFFFF, 0xE0000000, 0x003FFFFF, 0xFFFE0000
 1781      FFFFFFFF 
 1781      000000E0 
 1781      FFFF3F00 
 1781      0000FEFF 
 1782 6b78 01000000 			.word	0x00000001, 0xFFFFFFFF, 0xC0000000, 0x007FFFFF, 0xFFFF0000
 1782      FFFFFFFF 
 1782      000000C0 
 1782      FFFF7F00 
 1782      0000FFFF 
 1783 6b8c 03000000 			.word	0x00000003, 0xFFFFFFFF, 0x80000000, 0x007FFFFF, 0xFFFF0000
 1783      FFFFFFFF 
 1783      00000080 
 1783      FFFF7F00 
 1783      0000FFFF 
 1784 6ba0 07000000 			.word	0x00000007, 0xFFFFFFFF, 0x00000000, 0x00FFFFFF, 0xFFFF0000
 1784      FFFFFFFF 
 1784      00000000 
 1784      FFFFFF00 
 1784      0000FFFF 
 1785 6bb4 0F000000 			.word	0x0000000F, 0xFFFFFFFE, 0x00000000, 0x01FFFFFF, 0xFFFF0000
 1785      FEFFFFFF 
 1785      00000000 
 1785      FFFFFF01 
 1785      0000FFFF 
 1786 6bc8 1F000000 			.word	0x0000001F, 0xFFFFFFFC, 0x00000000, 0x01FFFFFF, 0xFFFF8000
 1786      FCFFFFFF 
 1786      00000000 
 1786      FFFFFF01 
 1786      0080FFFF 
 1787 6bdc 1F000000 			.word	0x0000001F, 0xFFFFFFF8, 0x00000000, 0x03FFFFFF, 0xFFFF8000
 1787      F8FFFFFF 
 1787      00000000 
 1787      FFFFFF03 
 1787      0080FFFF 
 1788 6bf0 3F000000 			.word	0x0000003F, 0xFFFFFFF0, 0x00000000, 0x03FFFFFF, 0xFFFF8000
ARM GAS  font_century238.s 			page 124


 1788      F0FFFFFF 
 1788      00000000 
 1788      FFFFFF03 
 1788      0080FFFF 
 1789 6c04 7F000000 			.word	0x0000007F, 0xFFFFFFE0, 0x00000000, 0x07FFFFFF, 0xFFFF8000
 1789      E0FFFFFF 
 1789      00000000 
 1789      FFFFFF07 
 1789      0080FFFF 
 1790 6c18 FF000000 			.word	0x000000FF, 0xFFFFFFC0, 0x00000000, 0x07FFFFFF, 0xFFFF8000
 1790      C0FFFFFF 
 1790      00000000 
 1790      FFFFFF07 
 1790      0080FFFF 
 1791 6c2c FF000000 			.word	0x000000FF, 0xFFFFFFC0, 0x00000000, 0x07FFFFFF, 0xFFFF8000
 1791      C0FFFFFF 
 1791      00000000 
 1791      FFFFFF07 
 1791      0080FFFF 
 1792 6c40 FF010000 			.word	0x000001FF, 0xFFFFFF80, 0x00000000, 0x0FFFFFFF, 0xFFFF8000
 1792      80FFFFFF 
 1792      00000000 
 1792      FFFFFF0F 
 1792      0080FFFF 
 1793 6c54 FF030000 			.word	0x000003FF, 0xFFFFFF00, 0x00000000, 0x0FFFFFFF, 0xFFFF8000
 1793      00FFFFFF 
 1793      00000000 
 1793      FFFFFF0F 
 1793      0080FFFF 
 1794 6c68 FF030000 			.word	0x000003FF, 0xFFFFFF00, 0x00000000, 0x0FFFFFFF, 0xFFFF8000
 1794      00FFFFFF 
 1794      00000000 
 1794      FFFFFF0F 
 1794      0080FFFF 
 1795 6c7c FF070000 			.word	0x000007FF, 0xFFFFFE00, 0x00000000, 0x0FFFFFFF, 0xFFFF8000
 1795      00FEFFFF 
 1795      00000000 
 1795      FFFFFF0F 
 1795      0080FFFF 
 1796 6c90 FF0F0000 			.word	0x00000FFF, 0xFFFFFE00, 0x00000000, 0x0FFFFFFF, 0xFFFF8000
 1796      00FEFFFF 
 1796      00000000 
 1796      FFFFFF0F 
 1796      0080FFFF 
 1797 6ca4 FF0F0000 			.word	0x00000FFF, 0xFFFFFC00, 0x00000000, 0x0FFFFFFF, 0xFFFF8000
 1797      00FCFFFF 
 1797      00000000 
 1797      FFFFFF0F 
 1797      0080FFFF 
 1798 6cb8 FF1F0000 			.word	0x00001FFF, 0xFFFFF800, 0x00000000, 0x0FFFFFFF, 0xFFFF8000
 1798      00F8FFFF 
 1798      00000000 
 1798      FFFFFF0F 
 1798      0080FFFF 
 1799 6ccc FF1F0000 			.word	0x00001FFF, 0xFFFFF800, 0x00000000, 0x0FFFFFFF, 0xFFFF8000
 1799      00F8FFFF 
 1799      00000000 
ARM GAS  font_century238.s 			page 125


 1799      FFFFFF0F 
 1799      0080FFFF 
 1800 6ce0 FF3F0000 			.word	0x00003FFF, 0xFFFFF000, 0x00000000, 0x0FFFFFFF, 0xFFFF8000
 1800      00F0FFFF 
 1800      00000000 
 1800      FFFFFF0F 
 1800      0080FFFF 
 1801 6cf4 FF7F0000 			.word	0x00007FFF, 0xFFFFF000, 0x00000000, 0x0FFFFFFF, 0xFFFF8000
 1801      00F0FFFF 
 1801      00000000 
 1801      FFFFFF0F 
 1801      0080FFFF 
 1802 6d08 FF7F0000 			.word	0x00007FFF, 0xFFFFE000, 0x00000000, 0x0FFFFFFF, 0xFFFF0000
 1802      00E0FFFF 
 1802      00000000 
 1802      FFFFFF0F 
 1802      0000FFFF 
 1803 6d1c FFFF0000 			.word	0x0000FFFF, 0xFFFFE000, 0x00000000, 0x0FFFFFFF, 0xFFFF0000
 1803      00E0FFFF 
 1803      00000000 
 1803      FFFFFF0F 
 1803      0000FFFF 
 1804 6d30 FFFF0000 			.word	0x0000FFFF, 0xFFFFC000, 0x00000000, 0x0FFFFFFF, 0xFFFF0000
 1804      00C0FFFF 
 1804      00000000 
 1804      FFFFFF0F 
 1804      0000FFFF 
 1805 6d44 FFFF0100 			.word	0x0001FFFF, 0xFFFFC000, 0x00000000, 0x07FFFFFF, 0xFFFE0000
 1805      00C0FFFF 
 1805      00000000 
 1805      FFFFFF07 
 1805      0000FEFF 
 1806 6d58 FFFF0100 			.word	0x0001FFFF, 0xFFFFC000, 0x00000000, 0x07FFFFFF, 0xFFFE0000
 1806      00C0FFFF 
 1806      00000000 
 1806      FFFFFF07 
 1806      0000FEFF 
 1807 6d6c FFFF0300 			.word	0x0003FFFF, 0xFFFF8000, 0x00000000, 0x03FFFFFF, 0xFFFC0000
 1807      0080FFFF 
 1807      00000000 
 1807      FFFFFF03 
 1807      0000FCFF 
 1808 6d80 FFFF0300 			.word	0x0003FFFF, 0xFFFF8000, 0x00000000, 0x03FFFFFF, 0xFFFC0000
 1808      0080FFFF 
 1808      00000000 
 1808      FFFFFF03 
 1808      0000FCFF 
 1809 6d94 FFFF0700 			.word	0x0007FFFF, 0xFFFF0000, 0x00000000, 0x01FFFFFF, 0xFFF80000
 1809      0000FFFF 
 1809      00000000 
 1809      FFFFFF01 
 1809      0000F8FF 
 1810 6da8 FFFF0700 			.word	0x0007FFFF, 0xFFFF0000, 0x00000000, 0x01FFFFFF, 0xFFF00000
 1810      0000FFFF 
 1810      00000000 
 1810      FFFFFF01 
 1810      0000F0FF 
ARM GAS  font_century238.s 			page 126


 1811 6dbc FFFF0F00 			.word	0x000FFFFF, 0xFFFE0000, 0x00000000, 0x00FFFFFF, 0xFFF00000
 1811      0000FEFF 
 1811      00000000 
 1811      FFFFFF00 
 1811      0000F0FF 
 1812 6dd0 FFFF0F00 			.word	0x000FFFFF, 0xFFFE0000, 0x00000000, 0x007FFFFF, 0xFFE00000
 1812      0000FEFF 
 1812      00000000 
 1812      FFFF7F00 
 1812      0000E0FF 
 1813 6de4 FFFF0F00 			.word	0x000FFFFF, 0xFFFE0000, 0x00000000, 0x003FFFFF, 0xFFC00000
 1813      0000FEFF 
 1813      00000000 
 1813      FFFF3F00 
 1813      0000C0FF 
 1814 6df8 FFFF1F00 			.word	0x001FFFFF, 0xFFFC0000, 0x00000000, 0x000FFFFF, 0xFF000000
 1814      0000FCFF 
 1814      00000000 
 1814      FFFF0F00 
 1814      000000FF 
 1815 6e0c FFFF1F00 			.word	0x001FFFFF, 0xFFFC0000, 0x00000000, 0x0007FFFF, 0xFE000000
 1815      0000FCFF 
 1815      00000000 
 1815      FFFF0700 
 1815      000000FE 
 1816 6e20 FFFF3F00 			.word	0x003FFFFF, 0xFFFC0000, 0x00000000, 0x0001FFFF, 0xF8000000
 1816      0000FCFF 
 1816      00000000 
 1816      FFFF0100 
 1816      000000F8 
 1817 6e34 FFFF3F00 			.word	0x003FFFFF, 0xFFF80000, 0x00000000, 0x00003FFF, 0xC0000000
 1817      0000F8FF 
 1817      00000000 
 1817      FF3F0000 
 1817      000000C0 
 1818 6e48 FFFF7F00 			.word	0x007FFFFF, 0xFFF80000, 0x00000000, 0x00000000, 0x00000000
 1818      0000F8FF 
 1818      00000000 
 1818      00000000 
 1818      00000000 
 1819 6e5c FFFF7F00 			.word	0x007FFFFF, 0xFFF80000, 0x00000000, 0x00000000, 0x00000000
 1819      0000F8FF 
 1819      00000000 
 1819      00000000 
 1819      00000000 
 1820 6e70 FFFF7F00 			.word	0x007FFFFF, 0xFFF00000, 0x00000000, 0x00000000, 0x00000000
 1820      0000F0FF 
 1820      00000000 
 1820      00000000 
 1820      00000000 
 1821 6e84 FFFFFF00 			.word	0x00FFFFFF, 0xFFF00000, 0x00000000, 0x00000000, 0x00000000
 1821      0000F0FF 
 1821      00000000 
 1821      00000000 
 1821      00000000 
 1822 6e98 FFFFFF00 			.word	0x00FFFFFF, 0xFFF00000, 0x00000000, 0x00000000, 0x00000000
 1822      0000F0FF 
ARM GAS  font_century238.s 			page 127


 1822      00000000 
 1822      00000000 
 1822      00000000 
 1823 6eac FFFFFF00 			.word	0x00FFFFFF, 0xFFF00000, 0x00000000, 0x00000000, 0x00000000
 1823      0000F0FF 
 1823      00000000 
 1823      00000000 
 1823      00000000 
 1824 6ec0 FFFFFF01 			.word	0x01FFFFFF, 0xFFE00000, 0x00000000, 0x00000000, 0x00000000
 1824      0000E0FF 
 1824      00000000 
 1824      00000000 
 1824      00000000 
 1825 6ed4 FFFFFF01 			.word	0x01FFFFFF, 0xFFE00000, 0x00000000, 0x00000000, 0x00000000
 1825      0000E0FF 
 1825      00000000 
 1825      00000000 
 1825      00000000 
 1826 6ee8 FFFFFF01 			.word	0x01FFFFFF, 0xFFE00000, 0x00000000, 0x00000000, 0x00000000
 1826      0000E0FF 
 1826      00000000 
 1826      00000000 
 1826      00000000 
 1827 6efc FFFFFF03 			.word	0x03FFFFFF, 0xFFE00000, 0x00000000, 0x00000000, 0x00000000
 1827      0000E0FF 
 1827      00000000 
 1827      00000000 
 1827      00000000 
 1828 6f10 FFFFFF03 			.word	0x03FFFFFF, 0xFFC00000, 0x00000000, 0x00000000, 0x00000000
 1828      0000C0FF 
 1828      00000000 
 1828      00000000 
 1828      00000000 
 1829 6f24 FFFFFF03 			.word	0x03FFFFFF, 0xFFC00000, 0x00000000, 0x00000000, 0x00000000
 1829      0000C0FF 
 1829      00000000 
 1829      00000000 
 1829      00000000 
 1830 6f38 FFFFFF07 			.word	0x07FFFFFF, 0xFFC00000, 0x00000000, 0x00000000, 0x00000000
 1830      0000C0FF 
 1830      00000000 
 1830      00000000 
 1830      00000000 
 1831 6f4c FFFFFF07 			.word	0x07FFFFFF, 0xFFC00000, 0x00000000, 0x00000000, 0x00000000
 1831      0000C0FF 
 1831      00000000 
 1831      00000000 
 1831      00000000 
 1832 6f60 FFFFFF07 			.word	0x07FFFFFF, 0xFF800000, 0x00000000, 0x00000000, 0x00000000
 1832      000080FF 
 1832      00000000 
 1832      00000000 
 1832      00000000 
 1833 6f74 FFFFFF07 			.word	0x07FFFFFF, 0xFF800000, 0x00000000, 0x00000000, 0x00000000
 1833      000080FF 
 1833      00000000 
 1833      00000000 
ARM GAS  font_century238.s 			page 128


 1833      00000000 
 1834 6f88 FFFFFF0F 			.word	0x0FFFFFFF, 0xFF800000, 0x00000000, 0x00000000, 0x00000000
 1834      000080FF 
 1834      00000000 
 1834      00000000 
 1834      00000000 
 1835 6f9c FFFFFF0F 			.word	0x0FFFFFFF, 0xFF800000, 0x00000000, 0x00000000, 0x00000000
 1835      000080FF 
 1835      00000000 
 1835      00000000 
 1835      00000000 
 1836 6fb0 FFFFFF0F 			.word	0x0FFFFFFF, 0xFF800000, 0x00000000, 0x00000000, 0x00000000
 1836      000080FF 
 1836      00000000 
 1836      00000000 
 1836      00000000 
 1837 6fc4 FFFFFF0F 			.word	0x0FFFFFFF, 0xFF800000, 0x00000000, 0x00000000, 0x00000000
 1837      000080FF 
 1837      00000000 
 1837      00000000 
 1837      00000000 
 1838 6fd8 FFFFFF1F 			.word	0x1FFFFFFF, 0xFF000000, 0x00000000, 0x00000000, 0x00000000
 1838      000000FF 
 1838      00000000 
 1838      00000000 
 1838      00000000 
 1839 6fec FFFFFF1F 			.word	0x1FFFFFFF, 0xFF000000, 0x00000000, 0x00000000, 0x00000000
 1839      000000FF 
 1839      00000000 
 1839      00000000 
 1839      00000000 
 1840 7000 FFFFFF1F 			.word	0x1FFFFFFF, 0xFF000000, 0x0007FFFF, 0xFC000000, 0x00000000
 1840      000000FF 
 1840      FFFF0700 
 1840      000000FC 
 1840      00000000 
 1841 7014 FFFFFF1F 			.word	0x1FFFFFFF, 0xFF000000, 0x00FFFFFF, 0xFFE00000, 0x00000000
 1841      000000FF 
 1841      FFFFFF00 
 1841      0000E0FF 
 1841      00000000 
 1842 7028 FFFFFF1F 			.word	0x1FFFFFFF, 0xFF000000, 0x0FFFFFFF, 0xFFFE0000, 0x00000000
 1842      000000FF 
 1842      FFFFFF0F 
 1842      0000FEFF 
 1842      00000000 
 1843 703c FFFFFF3F 			.word	0x3FFFFFFF, 0xFF000000, 0x7FFFFFFF, 0xFFFFC000, 0x00000000
 1843      000000FF 
 1843      FFFFFF7F 
 1843      00C0FFFF 
 1843      00000000 
 1844 7050 FFFFFF3F 			.word	0x3FFFFFFF, 0xFF000003, 0xFFFFFFFF, 0xFFFFF000, 0x00000000
 1844      030000FF 
 1844      FFFFFFFF 
 1844      00F0FFFF 
 1844      00000000 
 1845 7064 FFFFFF3F 			.word	0x3FFFFFFF, 0xFF00000F, 0xFFFFFFFF, 0xFFFFFC00, 0x00000000
ARM GAS  font_century238.s 			page 129


 1845      0F0000FF 
 1845      FFFFFFFF 
 1845      00FCFFFF 
 1845      00000000 
 1846 7078 FFFFFF3F 			.word	0x3FFFFFFF, 0xFF00003F, 0xFFFFFFFF, 0xFFFFFF00, 0x00000000
 1846      3F0000FF 
 1846      FFFFFFFF 
 1846      00FFFFFF 
 1846      00000000 
 1847 708c FFFFFF3F 			.word	0x3FFFFFFF, 0xFE0000FF, 0xFFFFFFFF, 0xFFFFFFC0, 0x00000000
 1847      FF0000FE 
 1847      FFFFFFFF 
 1847      C0FFFFFF 
 1847      00000000 
 1848 70a0 FFFFFF3F 			.word	0x3FFFFFFF, 0xFE0003FF, 0xFFFFFFFF, 0xFFFFFFF0, 0x00000000
 1848      FF0300FE 
 1848      FFFFFFFF 
 1848      F0FFFFFF 
 1848      00000000 
 1849 70b4 FFFFFF7F 			.word	0x7FFFFFFF, 0xFE0007FF, 0xFFFFFFFF, 0xFFFFFFF8, 0x00000000
 1849      FF0700FE 
 1849      FFFFFFFF 
 1849      F8FFFFFF 
 1849      00000000 
 1850 70c8 FFFFFF7F 			.word	0x7FFFFFFF, 0xFE001FFF, 0xFFFFFFFF, 0xFFFFFFFE, 0x00000000
 1850      FF1F00FE 
 1850      FFFFFFFF 
 1850      FEFFFFFF 
 1850      00000000 
 1851 70dc FFFFFF7F 			.word	0x7FFFFFFF, 0xFE003FFF, 0xFFFFFFFF, 0xFFFFFFFF, 0x00000000
 1851      FF3F00FE 
 1851      FFFFFFFF 
 1851      FFFFFFFF 
 1851      00000000 
 1852 70f0 FFFFFF7F 			.word	0x7FFFFFFF, 0xFE00FFFF, 0xFFFFFFFF, 0xFFFFFFFF, 0xC0000000
 1852      FFFF00FE 
 1852      FFFFFFFF 
 1852      FFFFFFFF 
 1852      000000C0 
 1853 7104 FFFFFF7F 			.word	0x7FFFFFFF, 0xFE01FFFF, 0xFFFFFFFF, 0xFFFFFFFF, 0xE0000000
 1853      FFFF01FE 
 1853      FFFFFFFF 
 1853      FFFFFFFF 
 1853      000000E0 
 1854 7118 FFFFFF7F 			.word	0x7FFFFFFF, 0xFE03FFFF, 0xFFFFFFFF, 0xFFFFFFFF, 0xF0000000
 1854      FFFF03FE 
 1854      FFFFFFFF 
 1854      FFFFFFFF 
 1854      000000F0 
 1855 712c FFFFFF7F 			.word	0x7FFFFFFF, 0xFE07FFFF, 0xFFFFFFFF, 0xFFFFFFFF, 0xF8000000
 1855      FFFF07FE 
 1855      FFFFFFFF 
 1855      FFFFFFFF 
 1855      000000F8 
 1856 7140 FFFFFF7F 			.word	0x7FFFFFFF, 0xFE0FFFFF, 0xFFFFFFFF, 0xFFFFFFFF, 0xFC000000
 1856      FFFF0FFE 
 1856      FFFFFFFF 
ARM GAS  font_century238.s 			page 130


 1856      FFFFFFFF 
 1856      000000FC 
 1857 7154 FFFFFFFF 			.word	0xFFFFFFFF, 0xFE1FFFFF, 0xFFFFFFFF, 0xFFFFFFFF, 0xFE000000
 1857      FFFF1FFE 
 1857      FFFFFFFF 
 1857      FFFFFFFF 
 1857      000000FE 
 1858 7168 FFFFFFFF 			.word	0xFFFFFFFF, 0xFE3FFFFF, 0xFFFFFFFF, 0xFFFFFFFF, 0xFF000000
 1858      FFFF3FFE 
 1858      FFFFFFFF 
 1858      FFFFFFFF 
 1858      000000FF 
 1859 717c FFFFFFFF 			.word	0xFFFFFFFF, 0xFE7FFFFF, 0xFFFFFFFF, 0xFFFFFFFF, 0xFF800000
 1859      FFFF7FFE 
 1859      FFFFFFFF 
 1859      FFFFFFFF 
 1859      000080FF 
 1860 7190 FFFFFFFF 			.word	0xFFFFFFFF, 0xFEFFFFFF, 0xFFFFFFFF, 0xFFFFFFFF, 0xFFC00000
 1860      FFFFFFFE 
 1860      FFFFFFFF 
 1860      FFFFFFFF 
 1860      0000C0FF 
 1861 71a4 FFFFFFFF 			.word	0xFFFFFFFF, 0xFFFFFFFF, 0xFFFC1FFF, 0xFFFFFFFF, 0xFFE00000
 1861      FFFFFFFF 
 1861      FF1FFCFF 
 1861      FFFFFFFF 
 1861      0000E0FF 
 1862 71b8 FFFFFFFF 			.word	0xFFFFFFFF, 0xFFFFFFFF, 0xFF0000FF, 0xFFFFFFFF, 0xFFF00000
 1862      FFFFFFFF 
 1862      FF0000FF 
 1862      FFFFFFFF 
 1862      0000F0FF 
 1863 71cc FFFFFFFF 			.word	0xFFFFFFFF, 0xFFFFFFFF, 0xF800000F, 0xFFFFFFFF, 0xFFF00000
 1863      FFFFFFFF 
 1863      0F0000F8 
 1863      FFFFFFFF 
 1863      0000F0FF 
 1864 71e0 FFFFFFFF 			.word	0xFFFFFFFF, 0xFFFFFFFF, 0xC0000003, 0xFFFFFFFF, 0xFFF80000
 1864      FFFFFFFF 
 1864      030000C0 
 1864      FFFFFFFF 
 1864      0000F8FF 
 1865 71f4 FFFFFFFF 			.word	0xFFFFFFFF, 0xFFFFFFFF, 0x00000000, 0xFFFFFFFF, 0xFFFC0000
 1865      FFFFFFFF 
 1865      00000000 
 1865      FFFFFFFF 
 1865      0000FCFF 
 1866 7208 FFFFFFFF 			.word	0xFFFFFFFF, 0xFFFFFFFC, 0x00000000, 0x7FFFFFFF, 0xFFFC0000
 1866      FCFFFFFF 
 1866      00000000 
 1866      FFFFFF7F 
 1866      0000FCFF 
 1867 721c FFFFFFFF 			.word	0xFFFFFFFF, 0xFFFFFFF8, 0x00000000, 0x1FFFFFFF, 0xFFFE0000
 1867      F8FFFFFF 
 1867      00000000 
 1867      FFFFFF1F 
 1867      0000FEFF 
ARM GAS  font_century238.s 			page 131


 1868 7230 FFFFFFFF 			.word	0xFFFFFFFF, 0xFFFFFFE0, 0x00000000, 0x0FFFFFFF, 0xFFFF0000
 1868      E0FFFFFF 
 1868      00000000 
 1868      FFFFFF0F 
 1868      0000FFFF 
 1869 7244 FFFFFFFF 			.word	0xFFFFFFFF, 0xFFFFFFC0, 0x00000000, 0x07FFFFFF, 0xFFFF0000
 1869      C0FFFFFF 
 1869      00000000 
 1869      FFFFFF07 
 1869      0000FFFF 
 1870 7258 FFFFFFFF 			.word	0xFFFFFFFF, 0xFFFFFF80, 0x00000000, 0x03FFFFFF, 0xFFFF8000
 1870      80FFFFFF 
 1870      00000000 
 1870      FFFFFF03 
 1870      0080FFFF 
 1871 726c FFFFFFFF 			.word	0xFFFFFFFF, 0xFFFFFF00, 0x00000000, 0x01FFFFFF, 0xFFFF8000
 1871      00FFFFFF 
 1871      00000000 
 1871      FFFFFF01 
 1871      0080FFFF 
 1872 7280 FFFFFFFF 			.word	0xFFFFFFFF, 0xFFFFFE00, 0x00000000, 0x00FFFFFF, 0xFFFFC000
 1872      00FEFFFF 
 1872      00000000 
 1872      FFFFFF00 
 1872      00C0FFFF 
 1873 7294 FFFFFFFF 			.word	0xFFFFFFFF, 0xFFFFFC00, 0x00000000, 0x007FFFFF, 0xFFFFC000
 1873      00FCFFFF 
 1873      00000000 
 1873      FFFF7F00 
 1873      00C0FFFF 
 1874 72a8 FFFFFFFF 			.word	0xFFFFFFFF, 0xFFFFF800, 0x00000000, 0x003FFFFF, 0xFFFFE000
 1874      00F8FFFF 
 1874      00000000 
 1874      FFFF3F00 
 1874      00E0FFFF 
 1875 72bc FFFFFFFF 			.word	0xFFFFFFFF, 0xFFFFF000, 0x00000000, 0x003FFFFF, 0xFFFFE000
 1875      00F0FFFF 
 1875      00000000 
 1875      FFFF3F00 
 1875      00E0FFFF 
 1876 72d0 FFFFFFFF 			.word	0xFFFFFFFF, 0xFFFFE000, 0x00000000, 0x001FFFFF, 0xFFFFF000
 1876      00E0FFFF 
 1876      00000000 
 1876      FFFF1F00 
 1876      00F0FFFF 
 1877 72e4 FFFFFFFF 			.word	0xFFFFFFFF, 0xFFFFC000, 0x00000000, 0x000FFFFF, 0xFFFFF000
 1877      00C0FFFF 
 1877      00000000 
 1877      FFFF0F00 
 1877      00F0FFFF 
 1878 72f8 FFFFFFFF 			.word	0xFFFFFFFF, 0xFFFFC000, 0x00000000, 0x000FFFFF, 0xFFFFF000
 1878      00C0FFFF 
 1878      00000000 
 1878      FFFF0F00 
 1878      00F0FFFF 
 1879 730c FFFFFFFF 			.word	0xFFFFFFFF, 0xFFFF8000, 0x00000000, 0x0007FFFF, 0xFFFFF800
 1879      0080FFFF 
ARM GAS  font_century238.s 			page 132


 1879      00000000 
 1879      FFFF0700 
 1879      00F8FFFF 
 1880 7320 FFFFFFFF 			.word	0xFFFFFFFF, 0xFFFF8000, 0x00000000, 0x0007FFFF, 0xFFFFF800
 1880      0080FFFF 
 1880      00000000 
 1880      FFFF0700 
 1880      00F8FFFF 
 1881 7334 FFFFFFFF 			.word	0xFFFFFFFF, 0xFFFF0000, 0x00000000, 0x0003FFFF, 0xFFFFF800
 1881      0000FFFF 
 1881      00000000 
 1881      FFFF0300 
 1881      00F8FFFF 
 1882 7348 FFFFFFFF 			.word	0xFFFFFFFF, 0xFFFE0000, 0x00000000, 0x0003FFFF, 0xFFFFFC00
 1882      0000FEFF 
 1882      00000000 
 1882      FFFF0300 
 1882      00FCFFFF 
 1883 735c FFFFFFFF 			.word	0xFFFFFFFF, 0xFFFE0000, 0x00000000, 0x0003FFFF, 0xFFFFFC00
 1883      0000FEFF 
 1883      00000000 
 1883      FFFF0300 
 1883      00FCFFFF 
 1884 7370 FFFFFFFF 			.word	0xFFFFFFFF, 0xFFFC0000, 0x00000000, 0x0001FFFF, 0xFFFFFC00
 1884      0000FCFF 
 1884      00000000 
 1884      FFFF0100 
 1884      00FCFFFF 
 1885 7384 FFFFFFFF 			.word	0xFFFFFFFF, 0xFFFC0000, 0x00000000, 0x0001FFFF, 0xFFFFFE00
 1885      0000FCFF 
 1885      00000000 
 1885      FFFF0100 
 1885      00FEFFFF 
 1886 7398 FFFFFFFF 			.word	0xFFFFFFFF, 0xFFFC0000, 0x00000000, 0x0001FFFF, 0xFFFFFE00
 1886      0000FCFF 
 1886      00000000 
 1886      FFFF0100 
 1886      00FEFFFF 
 1887 73ac FFFFFFFF 			.word	0xFFFFFFFF, 0xFFF80000, 0x00000000, 0x0000FFFF, 0xFFFFFE00
 1887      0000F8FF 
 1887      00000000 
 1887      FFFF0000 
 1887      00FEFFFF 
 1888 73c0 FFFFFFFF 			.word	0xFFFFFFFF, 0xFFF80000, 0x00000000, 0x0000FFFF, 0xFFFFFE00
 1888      0000F8FF 
 1888      00000000 
 1888      FFFF0000 
 1888      00FEFFFF 
 1889 73d4 FFFFFFFF 			.word	0xFFFFFFFF, 0xFFF00000, 0x00000000, 0x0000FFFF, 0xFFFFFE00
 1889      0000F0FF 
 1889      00000000 
 1889      FFFF0000 
 1889      00FEFFFF 
 1890 73e8 FFFFFFFF 			.word	0xFFFFFFFF, 0xFFF00000, 0x00000000, 0x00007FFF, 0xFFFFFE00
 1890      0000F0FF 
 1890      00000000 
 1890      FF7F0000 
ARM GAS  font_century238.s 			page 133


 1890      00FEFFFF 
 1891 73fc FFFFFFFF 			.word	0xFFFFFFFF, 0xFFF00000, 0x00000000, 0x00007FFF, 0xFFFFFF00
 1891      0000F0FF 
 1891      00000000 
 1891      FF7F0000 
 1891      00FFFFFF 
 1892 7410 FFFFFFFF 			.word	0xFFFFFFFF, 0xFFF00000, 0x00000000, 0x00007FFF, 0xFFFFFF00
 1892      0000F0FF 
 1892      00000000 
 1892      FF7F0000 
 1892      00FFFFFF 
 1893 7424 FFFFFF7F 			.word	0x7FFFFFFF, 0xFFE00000, 0x00000000, 0x00007FFF, 0xFFFFFF00
 1893      0000E0FF 
 1893      00000000 
 1893      FF7F0000 
 1893      00FFFFFF 
 1894 7438 FFFFFF7F 			.word	0x7FFFFFFF, 0xFFE00000, 0x00000000, 0x00007FFF, 0xFFFFFF00
 1894      0000E0FF 
 1894      00000000 
 1894      FF7F0000 
 1894      00FFFFFF 
 1895 744c FFFFFF7F 			.word	0x7FFFFFFF, 0xFFE00000, 0x00000000, 0x00007FFF, 0xFFFFFF00
 1895      0000E0FF 
 1895      00000000 
 1895      FF7F0000 
 1895      00FFFFFF 
 1896 7460 FFFFFF7F 			.word	0x7FFFFFFF, 0xFFE00000, 0x00000000, 0x00003FFF, 0xFFFFFF00
 1896      0000E0FF 
 1896      00000000 
 1896      FF3F0000 
 1896      00FFFFFF 
 1897 7474 FFFFFF7F 			.word	0x7FFFFFFF, 0xFFC00000, 0x00000000, 0x00003FFF, 0xFFFFFF00
 1897      0000C0FF 
 1897      00000000 
 1897      FF3F0000 
 1897      00FFFFFF 
 1898 7488 FFFFFF7F 			.word	0x7FFFFFFF, 0xFFC00000, 0x00000000, 0x00003FFF, 0xFFFFFF00
 1898      0000C0FF 
 1898      00000000 
 1898      FF3F0000 
 1898      00FFFFFF 
 1899 749c FFFFFF7F 			.word	0x7FFFFFFF, 0xFFC00000, 0x00000000, 0x00003FFF, 0xFFFFFF00
 1899      0000C0FF 
 1899      00000000 
 1899      FF3F0000 
 1899      00FFFFFF 
 1900 74b0 FFFFFF7F 			.word	0x7FFFFFFF, 0xFFC00000, 0x00000000, 0x00003FFF, 0xFFFFFF00
 1900      0000C0FF 
 1900      00000000 
 1900      FF3F0000 
 1900      00FFFFFF 
 1901 74c4 FFFFFF7F 			.word	0x7FFFFFFF, 0xFFC00000, 0x00000000, 0x00003FFF, 0xFFFFFF00
 1901      0000C0FF 
 1901      00000000 
 1901      FF3F0000 
 1901      00FFFFFF 
 1902 74d8 FFFFFF3F 			.word	0x3FFFFFFF, 0xFFC00000, 0x00000000, 0x00003FFF, 0xFFFFFF00
ARM GAS  font_century238.s 			page 134


 1902      0000C0FF 
 1902      00000000 
 1902      FF3F0000 
 1902      00FFFFFF 
 1903 74ec FFFFFF3F 			.word	0x3FFFFFFF, 0xFFC00000, 0x00000000, 0x00003FFF, 0xFFFFFF00
 1903      0000C0FF 
 1903      00000000 
 1903      FF3F0000 
 1903      00FFFFFF 
 1904 7500 FFFFFF3F 			.word	0x3FFFFFFF, 0xFFC00000, 0x00000000, 0x00003FFF, 0xFFFFFF00
 1904      0000C0FF 
 1904      00000000 
 1904      FF3F0000 
 1904      00FFFFFF 
 1905 7514 FFFFFF3F 			.word	0x3FFFFFFF, 0xFF800000, 0x00000000, 0x00003FFF, 0xFFFFFF00
 1905      000080FF 
 1905      00000000 
 1905      FF3F0000 
 1905      00FFFFFF 
 1906 7528 FFFFFF3F 			.word	0x3FFFFFFF, 0xFF800000, 0x00000000, 0x00001FFF, 0xFFFFFF00
 1906      000080FF 
 1906      00000000 
 1906      FF1F0000 
 1906      00FFFFFF 
 1907 753c FFFFFF1F 			.word	0x1FFFFFFF, 0xFF800000, 0x00000000, 0x00001FFF, 0xFFFFFF00
 1907      000080FF 
 1907      00000000 
 1907      FF1F0000 
 1907      00FFFFFF 
 1908 7550 FFFFFF1F 			.word	0x1FFFFFFF, 0xFF800000, 0x00000000, 0x00001FFF, 0xFFFFFF00
 1908      000080FF 
 1908      00000000 
 1908      FF1F0000 
 1908      00FFFFFF 
 1909 7564 FFFFFF1F 			.word	0x1FFFFFFF, 0xFF800000, 0x00000000, 0x00001FFF, 0xFFFFFF00
 1909      000080FF 
 1909      00000000 
 1909      FF1F0000 
 1909      00FFFFFF 
 1910 7578 FFFFFF1F 			.word	0x1FFFFFFF, 0xFF800000, 0x00000000, 0x00001FFF, 0xFFFFFF00
 1910      000080FF 
 1910      00000000 
 1910      FF1F0000 
 1910      00FFFFFF 
 1911 758c FFFFFF1F 			.word	0x1FFFFFFF, 0xFF800000, 0x00000000, 0x00001FFF, 0xFFFFFF00
 1911      000080FF 
 1911      00000000 
 1911      FF1F0000 
 1911      00FFFFFF 
 1912 75a0 FFFFFF0F 			.word	0x0FFFFFFF, 0xFF800000, 0x00000000, 0x00001FFF, 0xFFFFFF00
 1912      000080FF 
 1912      00000000 
 1912      FF1F0000 
 1912      00FFFFFF 
 1913 75b4 FFFFFF0F 			.word	0x0FFFFFFF, 0xFF800000, 0x00000000, 0x00001FFF, 0xFFFFFF00
 1913      000080FF 
 1913      00000000 
ARM GAS  font_century238.s 			page 135


 1913      FF1F0000 
 1913      00FFFFFF 
 1914 75c8 FFFFFF0F 			.word	0x0FFFFFFF, 0xFF800000, 0x00000000, 0x00001FFF, 0xFFFFFF00
 1914      000080FF 
 1914      00000000 
 1914      FF1F0000 
 1914      00FFFFFF 
 1915 75dc FFFFFF0F 			.word	0x0FFFFFFF, 0xFFC00000, 0x00000000, 0x00001FFF, 0xFFFFFF00
 1915      0000C0FF 
 1915      00000000 
 1915      FF1F0000 
 1915      00FFFFFF 
 1916 75f0 FFFFFF07 			.word	0x07FFFFFF, 0xFFC00000, 0x00000000, 0x00001FFF, 0xFFFFFF00
 1916      0000C0FF 
 1916      00000000 
 1916      FF1F0000 
 1916      00FFFFFF 
 1917 7604 FFFFFF07 			.word	0x07FFFFFF, 0xFFC00000, 0x00000000, 0x00003FFF, 0xFFFFFE00
 1917      0000C0FF 
 1917      00000000 
 1917      FF3F0000 
 1917      00FEFFFF 
 1918 7618 FFFFFF07 			.word	0x07FFFFFF, 0xFFC00000, 0x00000000, 0x00003FFF, 0xFFFFFE00
 1918      0000C0FF 
 1918      00000000 
 1918      FF3F0000 
 1918      00FEFFFF 
 1919 762c FFFFFF07 			.word	0x07FFFFFF, 0xFFC00000, 0x00000000, 0x00003FFF, 0xFFFFFE00
 1919      0000C0FF 
 1919      00000000 
 1919      FF3F0000 
 1919      00FEFFFF 
 1920 7640 FFFFFF03 			.word	0x03FFFFFF, 0xFFC00000, 0x00000000, 0x00003FFF, 0xFFFFFE00
 1920      0000C0FF 
 1920      00000000 
 1920      FF3F0000 
 1920      00FEFFFF 
 1921 7654 FFFFFF03 			.word	0x03FFFFFF, 0xFFC00000, 0x00000000, 0x00003FFF, 0xFFFFFE00
 1921      0000C0FF 
 1921      00000000 
 1921      FF3F0000 
 1921      00FEFFFF 
 1922 7668 FFFFFF03 			.word	0x03FFFFFF, 0xFFC00000, 0x00000000, 0x00003FFF, 0xFFFFFE00
 1922      0000C0FF 
 1922      00000000 
 1922      FF3F0000 
 1922      00FEFFFF 
 1923 767c FFFFFF01 			.word	0x01FFFFFF, 0xFFC00000, 0x00000000, 0x00003FFF, 0xFFFFFC00
 1923      0000C0FF 
 1923      00000000 
 1923      FF3F0000 
 1923      00FCFFFF 
 1924 7690 FFFFFF01 			.word	0x01FFFFFF, 0xFFE00000, 0x00000000, 0x00003FFF, 0xFFFFFC00
 1924      0000E0FF 
 1924      00000000 
 1924      FF3F0000 
 1924      00FCFFFF 
ARM GAS  font_century238.s 			page 136


 1925 76a4 FFFFFF01 			.word	0x01FFFFFF, 0xFFE00000, 0x00000000, 0x00003FFF, 0xFFFFFC00
 1925      0000E0FF 
 1925      00000000 
 1925      FF3F0000 
 1925      00FCFFFF 
 1926 76b8 FFFFFF00 			.word	0x00FFFFFF, 0xFFE00000, 0x00000000, 0x00007FFF, 0xFFFFFC00
 1926      0000E0FF 
 1926      00000000 
 1926      FF7F0000 
 1926      00FCFFFF 
 1927 76cc FFFFFF00 			.word	0x00FFFFFF, 0xFFE00000, 0x00000000, 0x00007FFF, 0xFFFFF800
 1927      0000E0FF 
 1927      00000000 
 1927      FF7F0000 
 1927      00F8FFFF 
 1928 76e0 FFFF7F00 			.word	0x007FFFFF, 0xFFE00000, 0x00000000, 0x00007FFF, 0xFFFFF800
 1928      0000E0FF 
 1928      00000000 
 1928      FF7F0000 
 1928      00F8FFFF 
 1929 76f4 FFFF7F00 			.word	0x007FFFFF, 0xFFF00000, 0x00000000, 0x00007FFF, 0xFFFFF800
 1929      0000F0FF 
 1929      00000000 
 1929      FF7F0000 
 1929      00F8FFFF 
 1930 7708 FFFF7F00 			.word	0x007FFFFF, 0xFFF00000, 0x00000000, 0x00007FFF, 0xFFFFF000
 1930      0000F0FF 
 1930      00000000 
 1930      FF7F0000 
 1930      00F0FFFF 
 1931 771c FFFF3F00 			.word	0x003FFFFF, 0xFFF00000, 0x00000000, 0x0000FFFF, 0xFFFFF000
 1931      0000F0FF 
 1931      00000000 
 1931      FFFF0000 
 1931      00F0FFFF 
 1932 7730 FFFF3F00 			.word	0x003FFFFF, 0xFFF00000, 0x00000000, 0x0000FFFF, 0xFFFFF000
 1932      0000F0FF 
 1932      00000000 
 1932      FFFF0000 
 1932      00F0FFFF 
 1933 7744 FFFF1F00 			.word	0x001FFFFF, 0xFFF80000, 0x00000000, 0x0000FFFF, 0xFFFFE000
 1933      0000F8FF 
 1933      00000000 
 1933      FFFF0000 
 1933      00E0FFFF 
 1934 7758 FFFF1F00 			.word	0x001FFFFF, 0xFFF80000, 0x00000000, 0x0000FFFF, 0xFFFFE000
 1934      0000F8FF 
 1934      00000000 
 1934      FFFF0000 
 1934      00E0FFFF 
 1935 776c FFFF0F00 			.word	0x000FFFFF, 0xFFF80000, 0x00000000, 0x0001FFFF, 0xFFFFE000
 1935      0000F8FF 
 1935      00000000 
 1935      FFFF0100 
 1935      00E0FFFF 
 1936 7780 FFFF0F00 			.word	0x000FFFFF, 0xFFFC0000, 0x00000000, 0x0001FFFF, 0xFFFFC000
 1936      0000FCFF 
ARM GAS  font_century238.s 			page 137


 1936      00000000 
 1936      FFFF0100 
 1936      00C0FFFF 
 1937 7794 FFFF0700 			.word	0x0007FFFF, 0xFFFC0000, 0x00000000, 0x0001FFFF, 0xFFFFC000
 1937      0000FCFF 
 1937      00000000 
 1937      FFFF0100 
 1937      00C0FFFF 
 1938 77a8 FFFF0700 			.word	0x0007FFFF, 0xFFFE0000, 0x00000000, 0x0003FFFF, 0xFFFF8000
 1938      0000FEFF 
 1938      00000000 
 1938      FFFF0300 
 1938      0080FFFF 
 1939 77bc FFFF0300 			.word	0x0003FFFF, 0xFFFE0000, 0x00000000, 0x0003FFFF, 0xFFFF8000
 1939      0000FEFF 
 1939      00000000 
 1939      FFFF0300 
 1939      0080FFFF 
 1940 77d0 FFFF0300 			.word	0x0003FFFF, 0xFFFF0000, 0x00000000, 0x0007FFFF, 0xFFFF0000
 1940      0000FFFF 
 1940      00000000 
 1940      FFFF0700 
 1940      0000FFFF 
 1941 77e4 FFFF0100 			.word	0x0001FFFF, 0xFFFF0000, 0x00000000, 0x0007FFFF, 0xFFFF0000
 1941      0000FFFF 
 1941      00000000 
 1941      FFFF0700 
 1941      0000FFFF 
 1942 77f8 FFFF0100 			.word	0x0001FFFF, 0xFFFF8000, 0x00000000, 0x000FFFFF, 0xFFFE0000
 1942      0080FFFF 
 1942      00000000 
 1942      FFFF0F00 
 1942      0000FEFF 
 1943 780c FFFF0000 			.word	0x0000FFFF, 0xFFFF8000, 0x00000000, 0x000FFFFF, 0xFFFE0000
 1943      0080FFFF 
 1943      00000000 
 1943      FFFF0F00 
 1943      0000FEFF 
 1944 7820 FFFF0000 			.word	0x0000FFFF, 0xFFFFC000, 0x00000000, 0x001FFFFF, 0xFFFC0000
 1944      00C0FFFF 
 1944      00000000 
 1944      FFFF1F00 
 1944      0000FCFF 
 1945 7834 FF7F0000 			.word	0x00007FFF, 0xFFFFE000, 0x00000000, 0x001FFFFF, 0xFFFC0000
 1945      00E0FFFF 
 1945      00000000 
 1945      FFFF1F00 
 1945      0000FCFF 
 1946 7848 FF3F0000 			.word	0x00003FFF, 0xFFFFE000, 0x00000000, 0x003FFFFF, 0xFFF80000
 1946      00E0FFFF 
 1946      00000000 
 1946      FFFF3F00 
 1946      0000F8FF 
 1947 785c FF3F0000 			.word	0x00003FFF, 0xFFFFF000, 0x00000000, 0x007FFFFF, 0xFFF00000
 1947      00F0FFFF 
 1947      00000000 
 1947      FFFF7F00 
ARM GAS  font_century238.s 			page 138


 1947      0000F0FF 
 1948 7870 FF1F0000 			.word	0x00001FFF, 0xFFFFF800, 0x00000000, 0x00FFFFFF, 0xFFF00000
 1948      00F8FFFF 
 1948      00000000 
 1948      FFFFFF00 
 1948      0000F0FF 
 1949 7884 FF0F0000 			.word	0x00000FFF, 0xFFFFFC00, 0x00000000, 0x00FFFFFF, 0xFFE00000
 1949      00FCFFFF 
 1949      00000000 
 1949      FFFFFF00 
 1949      0000E0FF 
 1950 7898 FF0F0000 			.word	0x00000FFF, 0xFFFFFE00, 0x00000000, 0x01FFFFFF, 0xFFC00000
 1950      00FEFFFF 
 1950      00000000 
 1950      FFFFFF01 
 1950      0000C0FF 
 1951 78ac FF070000 			.word	0x000007FF, 0xFFFFFF00, 0x00000000, 0x03FFFFFF, 0xFF800000
 1951      00FFFFFF 
 1951      00000000 
 1951      FFFFFF03 
 1951      000080FF 
 1952 78c0 FF030000 			.word	0x000003FF, 0xFFFFFF80, 0x00000000, 0x07FFFFFF, 0xFF800000
 1952      80FFFFFF 
 1952      00000000 
 1952      FFFFFF07 
 1952      000080FF 
 1953 78d4 FF030000 			.word	0x000003FF, 0xFFFFFFC0, 0x00000000, 0x0FFFFFFF, 0xFF000000
 1953      C0FFFFFF 
 1953      00000000 
 1953      FFFFFF0F 
 1953      000000FF 
 1954 78e8 FF010000 			.word	0x000001FF, 0xFFFFFFE0, 0x00000000, 0x3FFFFFFF, 0xFE000000
 1954      E0FFFFFF 
 1954      00000000 
 1954      FFFFFF3F 
 1954      000000FE 
 1955 78fc FF000000 			.word	0x000000FF, 0xFFFFFFF8, 0x00000000, 0x7FFFFFFF, 0xFC000000
 1955      F8FFFFFF 
 1955      00000000 
 1955      FFFFFF7F 
 1955      000000FC 
 1956 7910 7F000000 			.word	0x0000007F, 0xFFFFFFFC, 0x00000000, 0xFFFFFFFF, 0xF8000000
 1956      FCFFFFFF 
 1956      00000000 
 1956      FFFFFFFF 
 1956      000000F8 
 1957 7924 3F000000 			.word	0x0000003F, 0xFFFFFFFF, 0x00000003, 0xFFFFFFFF, 0xF0000000
 1957      FFFFFFFF 
 1957      03000000 
 1957      FFFFFFFF 
 1957      000000F0 
 1958 7938 1F000000 			.word	0x0000001F, 0xFFFFFFFF, 0xC000000F, 0xFFFFFFFF, 0xE0000000
 1958      FFFFFFFF 
 1958      0F0000C0 
 1958      FFFFFFFF 
 1958      000000E0 
 1959 794c 0F000000 			.word	0x0000000F, 0xFFFFFFFF, 0xF000003F, 0xFFFFFFFF, 0xC0000000
ARM GAS  font_century238.s 			page 139


 1959      FFFFFFFF 
 1959      3F0000F0 
 1959      FFFFFFFF 
 1959      000000C0 
 1960 7960 07000000 			.word	0x00000007, 0xFFFFFFFF, 0xFE0001FF, 0xFFFFFFFF, 0x80000000
 1960      FFFFFFFF 
 1960      FF0100FE 
 1960      FFFFFFFF 
 1960      00000080 
 1961 7974 03000000 			.word	0x00000003, 0xFFFFFFFF, 0xFFF87FFF, 0xFFFFFFFF, 0x00000000
 1961      FFFFFFFF 
 1961      FF7FF8FF 
 1961      FFFFFFFF 
 1961      00000000 
 1962 7988 01000000 			.word	0x00000001, 0xFFFFFFFF, 0xFFFFFFFF, 0xFFFFFFFE, 0x00000000
 1962      FFFFFFFF 
 1962      FFFFFFFF 
 1962      FEFFFFFF 
 1962      00000000 
 1963 799c 00000000 			.word	0x00000000, 0xFFFFFFFF, 0xFFFFFFFF, 0xFFFFFFFC, 0x00000000
 1963      FFFFFFFF 
 1963      FFFFFFFF 
 1963      FCFFFFFF 
 1963      00000000 
 1964 79b0 00000000 			.word	0x00000000, 0x7FFFFFFF, 0xFFFFFFFF, 0xFFFFFFF8, 0x00000000
 1964      FFFFFF7F 
 1964      FFFFFFFF 
 1964      F8FFFFFF 
 1964      00000000 
 1965 79c4 00000000 			.word	0x00000000, 0x3FFFFFFF, 0xFFFFFFFF, 0xFFFFFFE0, 0x00000000
 1965      FFFFFF3F 
 1965      FFFFFFFF 
 1965      E0FFFFFF 
 1965      00000000 
 1966 79d8 00000000 			.word	0x00000000, 0x0FFFFFFF, 0xFFFFFFFF, 0xFFFFFFC0, 0x00000000
 1966      FFFFFF0F 
 1966      FFFFFFFF 
 1966      C0FFFFFF 
 1966      00000000 
 1967 79ec 00000000 			.word	0x00000000, 0x07FFFFFF, 0xFFFFFFFF, 0xFFFFFF00, 0x00000000
 1967      FFFFFF07 
 1967      FFFFFFFF 
 1967      00FFFFFF 
 1967      00000000 
 1968 7a00 00000000 			.word	0x00000000, 0x01FFFFFF, 0xFFFFFFFF, 0xFFFFFE00, 0x00000000
 1968      FFFFFF01 
 1968      FFFFFFFF 
 1968      00FEFFFF 
 1968      00000000 
 1969 7a14 00000000 			.word	0x00000000, 0x00FFFFFF, 0xFFFFFFFF, 0xFFFFF800, 0x00000000
 1969      FFFFFF00 
 1969      FFFFFFFF 
 1969      00F8FFFF 
 1969      00000000 
 1970 7a28 00000000 			.word	0x00000000, 0x003FFFFF, 0xFFFFFFFF, 0xFFFFF000, 0x00000000
 1970      FFFF3F00 
 1970      FFFFFFFF 
ARM GAS  font_century238.s 			page 140


 1970      00F0FFFF 
 1970      00000000 
 1971 7a3c 00000000 			.word	0x00000000, 0x000FFFFF, 0xFFFFFFFF, 0xFFFFC000, 0x00000000
 1971      FFFF0F00 
 1971      FFFFFFFF 
 1971      00C0FFFF 
 1971      00000000 
 1972 7a50 00000000 			.word	0x00000000, 0x0003FFFF, 0xFFFFFFFF, 0xFFFF0000, 0x00000000
 1972      FFFF0300 
 1972      FFFFFFFF 
 1972      0000FFFF 
 1972      00000000 
 1973 7a64 00000000 			.word	0x00000000, 0x0000FFFF, 0xFFFFFFFF, 0xFFFC0000, 0x00000000
 1973      FFFF0000 
 1973      FFFFFFFF 
 1973      0000FCFF 
 1973      00000000 
 1974 7a78 00000000 			.word	0x00000000, 0x00003FFF, 0xFFFFFFFF, 0xFFE00000, 0x00000000
 1974      FF3F0000 
 1974      FFFFFFFF 
 1974      0000E0FF 
 1974      00000000 
 1975 7a8c 00000000 			.word	0x00000000, 0x000007FF, 0xFFFFFFFF, 0xFF000000, 0x00000000
 1975      FF070000 
 1975      FFFFFFFF 
 1975      000000FF 
 1975      00000000 
 1976 7aa0 00000000 			.word	0x00000000, 0x000000FF, 0xFFFFFFFF, 0xF8000000, 0x00000000
 1976      FF000000 
 1976      FFFFFFFF 
 1976      000000F8 
 1976      00000000 
 1977 7ab4 00000000 			.word	0x00000000, 0x0000000F, 0xFFFFFFFF, 0x80000000, 0x00000000
 1977      0F000000 
 1977      FFFFFFFF 
 1977      00000080 
 1977      00000000 
 1978 7ac8 00000000 			.word	0x00000000, 0x00000000, 0x7FFFFFF0, 0x00000000, 0x00000000
 1978      00000000 
 1978      F0FFFF7F 
 1978      00000000 
 1978      00000000 
 1979              	
 1980              	SEVEN:
 1981 7adc 37000000 			.word	'7			// ASCII "7" character
 1982 7ae0 B1000000 			.word	CELLWDTH		// cell pixel width
 1983 7ae4 7D010000 			.word	CELLHGHT		// cell pixel height
 1984 7ae8 91000000 			.word	145			// glyph pixel width
 1985 7aec E1000000 			.word	225			// glyph pixel height
 1986 7af0 13000000 			.word	19			// blank horizontal pixels before glyph
 1987 7af4 0D000000 			.word	13			// blank horizontal pixels after glyph
 1988 7af8 5C000000 			.word	92			// blank horizontal lines before glyph
 1989 7afc 40000000 			.word	64			// blank horizontal lines after glyph
 1990              							// bit mapped glyph
 1991 7b00 00E03F00 			.word	0x003FE000, 0x00000000, 0x00000000, 0x00000000, 0x00000000
 1991      00000000 
 1991      00000000 
ARM GAS  font_century238.s 			page 141


 1991      00000000 
 1991      00000000 
 1992 7b14 00FF3F00 			.word	0x003FFF00, 0x00000000, 0x00000000, 0x00000000, 0x00000000
 1992      00000000 
 1992      00000000 
 1992      00000000 
 1992      00000000 
 1993 7b28 FCFF3F00 			.word	0x003FFFFC, 0x00000000, 0x00000000, 0x00000000, 0x00000000
 1993      00000000 
 1993      00000000 
 1993      00000000 
 1993      00000000 
 1994 7b3c FFFF7F00 			.word	0x007FFFFF, 0xFF800000, 0x00000000, 0x00000000, 0x00000000
 1994      000080FF 
 1994      00000000 
 1994      00000000 
 1994      00000000 
 1995 7b50 FFFF7F00 			.word	0x007FFFFF, 0xFFFFFFFF, 0xFFFFFFFF, 0xFFFFFFFF, 0xFFFF8000
 1995      FFFFFFFF 
 1995      FFFFFFFF 
 1995      FFFFFFFF 
 1995      0080FFFF 
 1996 7b64 FFFF7F00 			.word	0x007FFFFF, 0xFFFFFFFF, 0xFFFFFFFF, 0xFFFFFFFF, 0xFFFF8000
 1996      FFFFFFFF 
 1996      FFFFFFFF 
 1996      FFFFFFFF 
 1996      0080FFFF 
 1997 7b78 FFFF7F00 			.word	0x007FFFFF, 0xFFFFFFFF, 0xFFFFFFFF, 0xFFFFFFFF, 0xFFFF8000
 1997      FFFFFFFF 
 1997      FFFFFFFF 
 1997      FFFFFFFF 
 1997      0080FFFF 
 1998 7b8c FFFF7F00 			.word	0x007FFFFF, 0xFFFFFFFF, 0xFFFFFFFF, 0xFFFFFFFF, 0xFFFF8000
 1998      FFFFFFFF 
 1998      FFFFFFFF 
 1998      FFFFFFFF 
 1998      0080FFFF 
 1999 7ba0 FFFF7F00 			.word	0x007FFFFF, 0xFFFFFFFF, 0xFFFFFFFF, 0xFFFFFFFF, 0xFFFF8000
 1999      FFFFFFFF 
 1999      FFFFFFFF 
 1999      FFFFFFFF 
 1999      0080FFFF 
 2000 7bb4 FFFF7F00 			.word	0x007FFFFF, 0xFFFFFFFF, 0xFFFFFFFF, 0xFFFFFFFF, 0xFFFF8000
 2000      FFFFFFFF 
 2000      FFFFFFFF 
 2000      FFFFFFFF 
 2000      0080FFFF 
 2001 7bc8 FFFFFF00 			.word	0x00FFFFFF, 0xFFFFFFFF, 0xFFFFFFFF, 0xFFFFFFFF, 0xFFFF8000
 2001      FFFFFFFF 
 2001      FFFFFFFF 
 2001      FFFFFFFF 
 2001      0080FFFF 
 2002 7bdc FFFFFF00 			.word	0x00FFFFFF, 0xFFFFFFFF, 0xFFFFFFFF, 0xFFFFFFFF, 0xFFFF8000
 2002      FFFFFFFF 
 2002      FFFFFFFF 
 2002      FFFFFFFF 
 2002      0080FFFF 
ARM GAS  font_century238.s 			page 142


 2003 7bf0 FFFFFF00 			.word	0x00FFFFFF, 0xFFFFFFFF, 0xFFFFFFFF, 0xFFFFFFFF, 0xFFFF8000
 2003      FFFFFFFF 
 2003      FFFFFFFF 
 2003      FFFFFFFF 
 2003      0080FFFF 
 2004 7c04 FFFFFF00 			.word	0x00FFFFFF, 0xFFFFFFFF, 0xFFFFFFFF, 0xFFFFFFFF, 0xFFFF8000
 2004      FFFFFFFF 
 2004      FFFFFFFF 
 2004      FFFFFFFF 
 2004      0080FFFF 
 2005 7c18 FFFFFF00 			.word	0x00FFFFFF, 0xFFFFFFFF, 0xFFFFFFFF, 0xFFFFFFFF, 0xFFFF8000
 2005      FFFFFFFF 
 2005      FFFFFFFF 
 2005      FFFFFFFF 
 2005      0080FFFF 
 2006 7c2c FFFFFF00 			.word	0x00FFFFFF, 0xFFFFFFFF, 0xFFFFFFFF, 0xFFFFFFFF, 0xFFFF8000
 2006      FFFFFFFF 
 2006      FFFFFFFF 
 2006      FFFFFFFF 
 2006      0080FFFF 
 2007 7c40 FFFFFF00 			.word	0x00FFFFFF, 0xFFFFFFFF, 0xFFFFFFFF, 0xFFFFFFFF, 0xFFFF8000
 2007      FFFFFFFF 
 2007      FFFFFFFF 
 2007      FFFFFFFF 
 2007      0080FFFF 
 2008 7c54 FFFFFF01 			.word	0x01FFFFFF, 0xFFFFFFFF, 0xFFFFFFFF, 0xFFFFFFFF, 0xFFFF8000
 2008      FFFFFFFF 
 2008      FFFFFFFF 
 2008      FFFFFFFF 
 2008      0080FFFF 
 2009 7c68 FFFFFF01 			.word	0x01FFFFFF, 0xFFFFFFFF, 0xFFFFFFFF, 0xFFFFFFFF, 0xFFFF0000
 2009      FFFFFFFF 
 2009      FFFFFFFF 
 2009      FFFFFFFF 
 2009      0000FFFF 
 2010 7c7c FFFFFF01 			.word	0x01FFFFFF, 0xFFFFFFFF, 0xFFFFFFFF, 0xFFFFFFFF, 0xFFFE0000
 2010      FFFFFFFF 
 2010      FFFFFFFF 
 2010      FFFFFFFF 
 2010      0000FEFF 
 2011 7c90 FFFFFF01 			.word	0x01FFFFFF, 0xFFFFFFFF, 0xFFFFFFFF, 0xFFFFFFFF, 0xFFFE0000
 2011      FFFFFFFF 
 2011      FFFFFFFF 
 2011      FFFFFFFF 
 2011      0000FEFF 
 2012 7ca4 FFFFFF01 			.word	0x01FFFFFF, 0xFFFFFFFF, 0xFFFFFFFF, 0xFFFFFFFF, 0xFFFC0000
 2012      FFFFFFFF 
 2012      FFFFFFFF 
 2012      FFFFFFFF 
 2012      0000FCFF 
 2013 7cb8 FFFFFF01 			.word	0x01FFFFFF, 0xFFFFFFFF, 0xFFFFFFFF, 0xFFFFFFFF, 0xFFFC0000
 2013      FFFFFFFF 
 2013      FFFFFFFF 
 2013      FFFFFFFF 
 2013      0000FCFF 
 2014 7ccc FFFFFF01 			.word	0x01FFFFFF, 0xFFFFFFFF, 0xFFFFFFFF, 0xFFFFFFFF, 0xFFF80000
 2014      FFFFFFFF 
ARM GAS  font_century238.s 			page 143


 2014      FFFFFFFF 
 2014      FFFFFFFF 
 2014      0000F8FF 
 2015 7ce0 FFFFFF03 			.word	0x03FFFFFF, 0xFFFFFFFF, 0xFFFFFFFF, 0xFFFFFFFF, 0xFFF80000
 2015      FFFFFFFF 
 2015      FFFFFFFF 
 2015      FFFFFFFF 
 2015      0000F8FF 
 2016 7cf4 FFFFFF03 			.word	0x03FFFFFF, 0xFFFFFFFF, 0xFFFFFFFF, 0xFFFFFFFF, 0xFFF00000
 2016      FFFFFFFF 
 2016      FFFFFFFF 
 2016      FFFFFFFF 
 2016      0000F0FF 
 2017 7d08 FFFFFF03 			.word	0x03FFFFFF, 0xFFFFFFFF, 0xFFFFFFFF, 0xFFFFFFFF, 0xFFE00000
 2017      FFFFFFFF 
 2017      FFFFFFFF 
 2017      FFFFFFFF 
 2017      0000E0FF 
 2018 7d1c FFFFFF03 			.word	0x03FFFFFF, 0xFFFFFFFF, 0xFFFFFFFF, 0xFFFFFFFF, 0xFFE00000
 2018      FFFFFFFF 
 2018      FFFFFFFF 
 2018      FFFFFFFF 
 2018      0000E0FF 
 2019 7d30 FFFFFF03 			.word	0x03FFFFFF, 0xFFFFFFFF, 0xFFFFFFFF, 0xFFFFFFFF, 0xFFC00000
 2019      FFFFFFFF 
 2019      FFFFFFFF 
 2019      FFFFFFFF 
 2019      0000C0FF 
 2020 7d44 FFFFFF03 			.word	0x03FFFFFF, 0xFFFFFFFF, 0xFFFFFFFF, 0xFFFFFFFF, 0xFFC00000
 2020      FFFFFFFF 
 2020      FFFFFFFF 
 2020      FFFFFFFF 
 2020      0000C0FF 
 2021 7d58 FFFFFF03 			.word	0x03FFFFFF, 0xFFFFFFFF, 0xFFFFFFFF, 0xFFFFFFFF, 0xFF800000
 2021      FFFFFFFF 
 2021      FFFFFFFF 
 2021      FFFFFFFF 
 2021      000080FF 
 2022 7d6c FFFFFF07 			.word	0x07FFFFFF, 0xFFFFFFFF, 0xFFFFFFFF, 0xFFFFFFFF, 0xFF800000
 2022      FFFFFFFF 
 2022      FFFFFFFF 
 2022      FFFFFFFF 
 2022      000080FF 
 2023 7d80 FFFFFF07 			.word	0x07FFFFFF, 0xFFFFFFFF, 0xFFFFFFFF, 0xFFFFFFFF, 0xFF000000
 2023      FFFFFFFF 
 2023      FFFFFFFF 
 2023      FFFFFFFF 
 2023      000000FF 
 2024 7d94 FFFFFF07 			.word	0x07FFFFFF, 0xFFFFFFFF, 0xFFFFFFFF, 0xFFFFFFFF, 0xFF000000
 2024      FFFFFFFF 
 2024      FFFFFFFF 
 2024      FFFFFFFF 
 2024      000000FF 
 2025 7da8 FFFFFF07 			.word	0x07FFFFFF, 0xF8000000, 0x00000000, 0x00003FFF, 0xFE000000
 2025      000000F8 
 2025      00000000 
 2025      FF3F0000 
ARM GAS  font_century238.s 			page 144


 2025      000000FE 
 2026 7dbc FFFFFF07 			.word	0x07FFFFFF, 0x80000000, 0x00000000, 0x00003FFF, 0xFE000000
 2026      00000080 
 2026      00000000 
 2026      FF3F0000 
 2026      000000FE 
 2027 7dd0 FEFFFF07 			.word	0x07FFFFFE, 0x00000000, 0x00000000, 0x00007FFF, 0xFC000000
 2027      00000000 
 2027      00000000 
 2027      FF7F0000 
 2027      000000FC 
 2028 7de4 FCFFFF07 			.word	0x07FFFFFC, 0x00000000, 0x00000000, 0x00007FFF, 0xF8000000
 2028      00000000 
 2028      00000000 
 2028      FF7F0000 
 2028      000000F8 
 2029 7df8 F8FFFF0F 			.word	0x0FFFFFF8, 0x00000000, 0x00000000, 0x0000FFFF, 0xF8000000
 2029      00000000 
 2029      00000000 
 2029      FFFF0000 
 2029      000000F8 
 2030 7e0c F0FFFF0F 			.word	0x0FFFFFF0, 0x00000000, 0x00000000, 0x0000FFFF, 0xF0000000
 2030      00000000 
 2030      00000000 
 2030      FFFF0000 
 2030      000000F0 
 2031 7e20 E0FFFF0F 			.word	0x0FFFFFE0, 0x00000000, 0x00000000, 0x0001FFFF, 0xF0000000
 2031      00000000 
 2031      00000000 
 2031      FFFF0100 
 2031      000000F0 
 2032 7e34 E0FFFF0F 			.word	0x0FFFFFE0, 0x00000000, 0x00000000, 0x0001FFFF, 0xE0000000
 2032      00000000 
 2032      00000000 
 2032      FFFF0100 
 2032      000000E0 
 2033 7e48 C0FFFF0F 			.word	0x0FFFFFC0, 0x00000000, 0x00000000, 0x0003FFFF, 0xE0000000
 2033      00000000 
 2033      00000000 
 2033      FFFF0300 
 2033      000000E0 
 2034 7e5c C0FFFF0F 			.word	0x0FFFFFC0, 0x00000000, 0x00000000, 0x0003FFFF, 0xC0000000
 2034      00000000 
 2034      00000000 
 2034      FFFF0300 
 2034      000000C0 
 2035 7e70 80FFFF0F 			.word	0x0FFFFF80, 0x00000000, 0x00000000, 0x0007FFFF, 0xC0000000
 2035      00000000 
 2035      00000000 
 2035      FFFF0700 
 2035      000000C0 
 2036 7e84 80FFFF1F 			.word	0x1FFFFF80, 0x00000000, 0x00000000, 0x000FFFFF, 0x80000000
 2036      00000000 
 2036      00000000 
 2036      FFFF0F00 
 2036      00000080 
 2037 7e98 80FFFF1F 			.word	0x1FFFFF80, 0x00000000, 0x00000000, 0x000FFFFF, 0x80000000
ARM GAS  font_century238.s 			page 145


 2037      00000000 
 2037      00000000 
 2037      FFFF0F00 
 2037      00000080 
 2038 7eac 00FFFF1F 			.word	0x1FFFFF00, 0x00000000, 0x00000000, 0x001FFFFF, 0x00000000
 2038      00000000 
 2038      00000000 
 2038      FFFF1F00 
 2038      00000000 
 2039 7ec0 00FFFF1F 			.word	0x1FFFFF00, 0x00000000, 0x00000000, 0x001FFFFF, 0x00000000
 2039      00000000 
 2039      00000000 
 2039      FFFF1F00 
 2039      00000000 
 2040 7ed4 00FFFF1F 			.word	0x1FFFFF00, 0x00000000, 0x00000000, 0x003FFFFE, 0x00000000
 2040      00000000 
 2040      00000000 
 2040      FEFF3F00 
 2040      00000000 
 2041 7ee8 00FEFF1F 			.word	0x1FFFFE00, 0x00000000, 0x00000000, 0x003FFFFE, 0x00000000
 2041      00000000 
 2041      00000000 
 2041      FEFF3F00 
 2041      00000000 
 2042 7efc 00FEFF1F 			.word	0x1FFFFE00, 0x00000000, 0x00000000, 0x007FFFFC, 0x00000000
 2042      00000000 
 2042      00000000 
 2042      FCFF7F00 
 2042      00000000 
 2043 7f10 00FEFF3F 			.word	0x3FFFFE00, 0x00000000, 0x00000000, 0x007FFFFC, 0x00000000
 2043      00000000 
 2043      00000000 
 2043      FCFF7F00 
 2043      00000000 
 2044 7f24 00FEFF3F 			.word	0x3FFFFE00, 0x00000000, 0x00000000, 0x00FFFFF8, 0x00000000
 2044      00000000 
 2044      00000000 
 2044      F8FFFF00 
 2044      00000000 
 2045 7f38 00FCFF3F 			.word	0x3FFFFC00, 0x00000000, 0x00000000, 0x01FFFFF8, 0x00000000
 2045      00000000 
 2045      00000000 
 2045      F8FFFF01 
 2045      00000000 
 2046 7f4c 00FCFF3F 			.word	0x3FFFFC00, 0x00000000, 0x00000000, 0x01FFFFF0, 0x00000000
 2046      00000000 
 2046      00000000 
 2046      F0FFFF01 
 2046      00000000 
 2047 7f60 00FCFF3F 			.word	0x3FFFFC00, 0x00000000, 0x00000000, 0x03FFFFF0, 0x00000000
 2047      00000000 
 2047      00000000 
 2047      F0FFFF03 
 2047      00000000 
 2048 7f74 00F8FF3F 			.word	0x3FFFF800, 0x00000000, 0x00000000, 0x03FFFFE0, 0x00000000
 2048      00000000 
 2048      00000000 
ARM GAS  font_century238.s 			page 146


 2048      E0FFFF03 
 2048      00000000 
 2049 7f88 00F8FF3F 			.word	0x3FFFF800, 0x00000000, 0x00000000, 0x07FFFFE0, 0x00000000
 2049      00000000 
 2049      00000000 
 2049      E0FFFF07 
 2049      00000000 
 2050 7f9c 00F8FF3F 			.word	0x3FFFF800, 0x00000000, 0x00000000, 0x07FFFFC0, 0x00000000
 2050      00000000 
 2050      00000000 
 2050      C0FFFF07 
 2050      00000000 
 2051 7fb0 00F8FF7F 			.word	0x7FFFF800, 0x00000000, 0x00000000, 0x0FFFFFC0, 0x00000000
 2051      00000000 
 2051      00000000 
 2051      C0FFFF0F 
 2051      00000000 
 2052 7fc4 00F0FF7F 			.word	0x7FFFF000, 0x00000000, 0x00000000, 0x0FFFFF80, 0x00000000
 2052      00000000 
 2052      00000000 
 2052      80FFFF0F 
 2052      00000000 
 2053 7fd8 00F0FF7F 			.word	0x7FFFF000, 0x00000000, 0x00000000, 0x1FFFFF80, 0x00000000
 2053      00000000 
 2053      00000000 
 2053      80FFFF1F 
 2053      00000000 
 2054 7fec 00F0FF7F 			.word	0x7FFFF000, 0x00000000, 0x00000000, 0x1FFFFF00, 0x00000000
 2054      00000000 
 2054      00000000 
 2054      00FFFF1F 
 2054      00000000 
 2055 8000 00F0FF7F 			.word	0x7FFFF000, 0x00000000, 0x00000000, 0x3FFFFF00, 0x00000000
 2055      00000000 
 2055      00000000 
 2055      00FFFF3F 
 2055      00000000 
 2056 8014 00E0FF7F 			.word	0x7FFFE000, 0x00000000, 0x00000000, 0x7FFFFE00, 0x00000000
 2056      00000000 
 2056      00000000 
 2056      00FEFF7F 
 2056      00000000 
 2057 8028 00E0FF7F 			.word	0x7FFFE000, 0x00000000, 0x00000000, 0x7FFFFE00, 0x00000000
 2057      00000000 
 2057      00000000 
 2057      00FEFF7F 
 2057      00000000 
 2058 803c 00E0FFFF 			.word	0xFFFFE000, 0x00000000, 0x00000000, 0xFFFFFE00, 0x00000000
 2058      00000000 
 2058      00000000 
 2058      00FEFFFF 
 2058      00000000 
 2059 8050 00E0FFFF 			.word	0xFFFFE000, 0x00000000, 0x00000000, 0xFFFFFC00, 0x00000000
 2059      00000000 
 2059      00000000 
 2059      00FCFFFF 
 2059      00000000 
ARM GAS  font_century238.s 			page 147


 2060 8064 00E0FFFF 			.word	0xFFFFE000, 0x00000000, 0x00000001, 0xFFFFFC00, 0x00000000
 2060      00000000 
 2060      01000000 
 2060      00FCFFFF 
 2060      00000000 
 2061 8078 00C0FFFF 			.word	0xFFFFC000, 0x00000000, 0x00000001, 0xFFFFF800, 0x00000000
 2061      00000000 
 2061      01000000 
 2061      00F8FFFF 
 2061      00000000 
 2062 808c 00C0FFFF 			.word	0xFFFFC000, 0x00000000, 0x00000003, 0xFFFFF800, 0x00000000
 2062      00000000 
 2062      03000000 
 2062      00F8FFFF 
 2062      00000000 
 2063 80a0 00C0FFFF 			.word	0xFFFFC000, 0x00000000, 0x00000003, 0xFFFFF000, 0x00000000
 2063      00000000 
 2063      03000000 
 2063      00F0FFFF 
 2063      00000000 
 2064 80b4 00C0FFFF 			.word	0xFFFFC000, 0x00000000, 0x00000007, 0xFFFFF000, 0x00000000
 2064      00000000 
 2064      07000000 
 2064      00F0FFFF 
 2064      00000000 
 2065 80c8 00C0FFFF 			.word	0xFFFFC000, 0x00000000, 0x00000007, 0xFFFFE000, 0x00000000
 2065      00000000 
 2065      07000000 
 2065      00E0FFFF 
 2065      00000000 
 2066 80dc 0080FFFF 			.word	0xFFFF8000, 0x00000000, 0x0000000F, 0xFFFFE000, 0x00000000
 2066      00000000 
 2066      0F000000 
 2066      00E0FFFF 
 2066      00000000 
 2067 80f0 0080FFFF 			.word	0xFFFF8000, 0x00000000, 0x0000000F, 0xFFFFE000, 0x00000000
 2067      00000000 
 2067      0F000000 
 2067      00E0FFFF 
 2067      00000000 
 2068 8104 00000000 			.word	0x00000000, 0x00000000, 0x0000001F, 0xFFFFC000, 0x00000000
 2068      00000000 
 2068      1F000000 
 2068      00C0FFFF 
 2068      00000000 
 2069 8118 00000000 			.word	0x00000000, 0x00000000, 0x0000001F, 0xFFFFC000, 0x00000000
 2069      00000000 
 2069      1F000000 
 2069      00C0FFFF 
 2069      00000000 
 2070 812c 00000000 			.word	0x00000000, 0x00000000, 0x0000003F, 0xFFFF8000, 0x00000000
 2070      00000000 
 2070      3F000000 
 2070      0080FFFF 
 2070      00000000 
 2071 8140 00000000 			.word	0x00000000, 0x00000000, 0x0000003F, 0xFFFF8000, 0x00000000
 2071      00000000 
ARM GAS  font_century238.s 			page 148


 2071      3F000000 
 2071      0080FFFF 
 2071      00000000 
 2072 8154 00000000 			.word	0x00000000, 0x00000000, 0x0000007F, 0xFFFF8000, 0x00000000
 2072      00000000 
 2072      7F000000 
 2072      0080FFFF 
 2072      00000000 
 2073 8168 00000000 			.word	0x00000000, 0x00000000, 0x0000007F, 0xFFFF0000, 0x00000000
 2073      00000000 
 2073      7F000000 
 2073      0000FFFF 
 2073      00000000 
 2074 817c 00000000 			.word	0x00000000, 0x00000000, 0x000000FF, 0xFFFF0000, 0x00000000
 2074      00000000 
 2074      FF000000 
 2074      0000FFFF 
 2074      00000000 
 2075 8190 00000000 			.word	0x00000000, 0x00000000, 0x000000FF, 0xFFFE0000, 0x00000000
 2075      00000000 
 2075      FF000000 
 2075      0000FEFF 
 2075      00000000 
 2076 81a4 00000000 			.word	0x00000000, 0x00000000, 0x000001FF, 0xFFFE0000, 0x00000000
 2076      00000000 
 2076      FF010000 
 2076      0000FEFF 
 2076      00000000 
 2077 81b8 00000000 			.word	0x00000000, 0x00000000, 0x000001FF, 0xFFFE0000, 0x00000000
 2077      00000000 
 2077      FF010000 
 2077      0000FEFF 
 2077      00000000 
 2078 81cc 00000000 			.word	0x00000000, 0x00000000, 0x000003FF, 0xFFFC0000, 0x00000000
 2078      00000000 
 2078      FF030000 
 2078      0000FCFF 
 2078      00000000 
 2079 81e0 00000000 			.word	0x00000000, 0x00000000, 0x000003FF, 0xFFFC0000, 0x00000000
 2079      00000000 
 2079      FF030000 
 2079      0000FCFF 
 2079      00000000 
 2080 81f4 00000000 			.word	0x00000000, 0x00000000, 0x000007FF, 0xFFF80000, 0x00000000
 2080      00000000 
 2080      FF070000 
 2080      0000F8FF 
 2080      00000000 
 2081 8208 00000000 			.word	0x00000000, 0x00000000, 0x000007FF, 0xFFF80000, 0x00000000
 2081      00000000 
 2081      FF070000 
 2081      0000F8FF 
 2081      00000000 
 2082 821c 00000000 			.word	0x00000000, 0x00000000, 0x00000FFF, 0xFFF80000, 0x00000000
 2082      00000000 
 2082      FF0F0000 
 2082      0000F8FF 
ARM GAS  font_century238.s 			page 149


 2082      00000000 
 2083 8230 00000000 			.word	0x00000000, 0x00000000, 0x00000FFF, 0xFFF00000, 0x00000000
 2083      00000000 
 2083      FF0F0000 
 2083      0000F0FF 
 2083      00000000 
 2084 8244 00000000 			.word	0x00000000, 0x00000000, 0x00001FFF, 0xFFF00000, 0x00000000
 2084      00000000 
 2084      FF1F0000 
 2084      0000F0FF 
 2084      00000000 
 2085 8258 00000000 			.word	0x00000000, 0x00000000, 0x00001FFF, 0xFFF00000, 0x00000000
 2085      00000000 
 2085      FF1F0000 
 2085      0000F0FF 
 2085      00000000 
 2086 826c 00000000 			.word	0x00000000, 0x00000000, 0x00003FFF, 0xFFE00000, 0x00000000
 2086      00000000 
 2086      FF3F0000 
 2086      0000E0FF 
 2086      00000000 
 2087 8280 00000000 			.word	0x00000000, 0x00000000, 0x00003FFF, 0xFFE00000, 0x00000000
 2087      00000000 
 2087      FF3F0000 
 2087      0000E0FF 
 2087      00000000 
 2088 8294 00000000 			.word	0x00000000, 0x00000000, 0x00003FFF, 0xFFE00000, 0x00000000
 2088      00000000 
 2088      FF3F0000 
 2088      0000E0FF 
 2088      00000000 
 2089 82a8 00000000 			.word	0x00000000, 0x00000000, 0x00007FFF, 0xFFC00000, 0x00000000
 2089      00000000 
 2089      FF7F0000 
 2089      0000C0FF 
 2089      00000000 
 2090 82bc 00000000 			.word	0x00000000, 0x00000000, 0x00007FFF, 0xFFC00000, 0x00000000
 2090      00000000 
 2090      FF7F0000 
 2090      0000C0FF 
 2090      00000000 
 2091 82d0 00000000 			.word	0x00000000, 0x00000000, 0x0000FFFF, 0xFFC00000, 0x00000000
 2091      00000000 
 2091      FFFF0000 
 2091      0000C0FF 
 2091      00000000 
 2092 82e4 00000000 			.word	0x00000000, 0x00000000, 0x0000FFFF, 0xFF800000, 0x00000000
 2092      00000000 
 2092      FFFF0000 
 2092      000080FF 
 2092      00000000 
 2093 82f8 00000000 			.word	0x00000000, 0x00000000, 0x0001FFFF, 0xFF800000, 0x00000000
 2093      00000000 
 2093      FFFF0100 
 2093      000080FF 
 2093      00000000 
 2094 830c 00000000 			.word	0x00000000, 0x00000000, 0x0001FFFF, 0xFF800000, 0x00000000
ARM GAS  font_century238.s 			page 150


 2094      00000000 
 2094      FFFF0100 
 2094      000080FF 
 2094      00000000 
 2095 8320 00000000 			.word	0x00000000, 0x00000000, 0x0003FFFF, 0xFF000000, 0x00000000
 2095      00000000 
 2095      FFFF0300 
 2095      000000FF 
 2095      00000000 
 2096 8334 00000000 			.word	0x00000000, 0x00000000, 0x0003FFFF, 0xFF000000, 0x00000000
 2096      00000000 
 2096      FFFF0300 
 2096      000000FF 
 2096      00000000 
 2097 8348 00000000 			.word	0x00000000, 0x00000000, 0x0007FFFF, 0xFF000000, 0x00000000
 2097      00000000 
 2097      FFFF0700 
 2097      000000FF 
 2097      00000000 
 2098 835c 00000000 			.word	0x00000000, 0x00000000, 0x0007FFFF, 0xFE000000, 0x00000000
 2098      00000000 
 2098      FFFF0700 
 2098      000000FE 
 2098      00000000 
 2099 8370 00000000 			.word	0x00000000, 0x00000000, 0x0007FFFF, 0xFE000000, 0x00000000
 2099      00000000 
 2099      FFFF0700 
 2099      000000FE 
 2099      00000000 
 2100 8384 00000000 			.word	0x00000000, 0x00000000, 0x000FFFFF, 0xFE000000, 0x00000000
 2100      00000000 
 2100      FFFF0F00 
 2100      000000FE 
 2100      00000000 
 2101 8398 00000000 			.word	0x00000000, 0x00000000, 0x000FFFFF, 0xFC000000, 0x00000000
 2101      00000000 
 2101      FFFF0F00 
 2101      000000FC 
 2101      00000000 
 2102 83ac 00000000 			.word	0x00000000, 0x00000000, 0x001FFFFF, 0xFC000000, 0x00000000
 2102      00000000 
 2102      FFFF1F00 
 2102      000000FC 
 2102      00000000 
 2103 83c0 00000000 			.word	0x00000000, 0x00000000, 0x001FFFFF, 0xFC000000, 0x00000000
 2103      00000000 
 2103      FFFF1F00 
 2103      000000FC 
 2103      00000000 
 2104 83d4 00000000 			.word	0x00000000, 0x00000000, 0x003FFFFF, 0xFC000000, 0x00000000
 2104      00000000 
 2104      FFFF3F00 
 2104      000000FC 
 2104      00000000 
 2105 83e8 00000000 			.word	0x00000000, 0x00000000, 0x003FFFFF, 0xF8000000, 0x00000000
 2105      00000000 
 2105      FFFF3F00 
ARM GAS  font_century238.s 			page 151


 2105      000000F8 
 2105      00000000 
 2106 83fc 00000000 			.word	0x00000000, 0x00000000, 0x007FFFFF, 0xF8000000, 0x00000000
 2106      00000000 
 2106      FFFF7F00 
 2106      000000F8 
 2106      00000000 
 2107 8410 00000000 			.word	0x00000000, 0x00000000, 0x007FFFFF, 0xF8000000, 0x00000000
 2107      00000000 
 2107      FFFF7F00 
 2107      000000F8 
 2107      00000000 
 2108 8424 00000000 			.word	0x00000000, 0x00000000, 0x007FFFFF, 0xF0000000, 0x00000000
 2108      00000000 
 2108      FFFF7F00 
 2108      000000F0 
 2108      00000000 
 2109 8438 00000000 			.word	0x00000000, 0x00000000, 0x00FFFFFF, 0xF0000000, 0x00000000
 2109      00000000 
 2109      FFFFFF00 
 2109      000000F0 
 2109      00000000 
 2110 844c 00000000 			.word	0x00000000, 0x00000000, 0x00FFFFFF, 0xF0000000, 0x00000000
 2110      00000000 
 2110      FFFFFF00 
 2110      000000F0 
 2110      00000000 
 2111 8460 00000000 			.word	0x00000000, 0x00000000, 0x01FFFFFF, 0xF0000000, 0x00000000
 2111      00000000 
 2111      FFFFFF01 
 2111      000000F0 
 2111      00000000 
 2112 8474 00000000 			.word	0x00000000, 0x00000000, 0x01FFFFFF, 0xE0000000, 0x00000000
 2112      00000000 
 2112      FFFFFF01 
 2112      000000E0 
 2112      00000000 
 2113 8488 00000000 			.word	0x00000000, 0x00000000, 0x03FFFFFF, 0xE0000000, 0x00000000
 2113      00000000 
 2113      FFFFFF03 
 2113      000000E0 
 2113      00000000 
 2114 849c 00000000 			.word	0x00000000, 0x00000000, 0x03FFFFFF, 0xE0000000, 0x00000000
 2114      00000000 
 2114      FFFFFF03 
 2114      000000E0 
 2114      00000000 
 2115 84b0 00000000 			.word	0x00000000, 0x00000000, 0x03FFFFFF, 0xE0000000, 0x00000000
 2115      00000000 
 2115      FFFFFF03 
 2115      000000E0 
 2115      00000000 
 2116 84c4 00000000 			.word	0x00000000, 0x00000000, 0x07FFFFFF, 0xC0000000, 0x00000000
 2116      00000000 
 2116      FFFFFF07 
 2116      000000C0 
 2116      00000000 
ARM GAS  font_century238.s 			page 152


 2117 84d8 00000000 			.word	0x00000000, 0x00000000, 0x07FFFFFF, 0xC0000000, 0x00000000
 2117      00000000 
 2117      FFFFFF07 
 2117      000000C0 
 2117      00000000 
 2118 84ec 00000000 			.word	0x00000000, 0x00000000, 0x0FFFFFFF, 0xC0000000, 0x00000000
 2118      00000000 
 2118      FFFFFF0F 
 2118      000000C0 
 2118      00000000 
 2119 8500 00000000 			.word	0x00000000, 0x00000000, 0x0FFFFFFF, 0xC0000000, 0x00000000
 2119      00000000 
 2119      FFFFFF0F 
 2119      000000C0 
 2119      00000000 
 2120 8514 00000000 			.word	0x00000000, 0x00000000, 0x1FFFFFFF, 0xC0000000, 0x00000000
 2120      00000000 
 2120      FFFFFF1F 
 2120      000000C0 
 2120      00000000 
 2121 8528 00000000 			.word	0x00000000, 0x00000000, 0x1FFFFFFF, 0x80000000, 0x00000000
 2121      00000000 
 2121      FFFFFF1F 
 2121      00000080 
 2121      00000000 
 2122 853c 00000000 			.word	0x00000000, 0x00000000, 0x1FFFFFFF, 0x80000000, 0x00000000
 2122      00000000 
 2122      FFFFFF1F 
 2122      00000080 
 2122      00000000 
 2123 8550 00000000 			.word	0x00000000, 0x00000000, 0x3FFFFFFF, 0x80000000, 0x00000000
 2123      00000000 
 2123      FFFFFF3F 
 2123      00000080 
 2123      00000000 
 2124 8564 00000000 			.word	0x00000000, 0x00000000, 0x3FFFFFFF, 0x80000000, 0x00000000
 2124      00000000 
 2124      FFFFFF3F 
 2124      00000080 
 2124      00000000 
 2125 8578 00000000 			.word	0x00000000, 0x00000000, 0x7FFFFFFF, 0x80000000, 0x00000000
 2125      00000000 
 2125      FFFFFF7F 
 2125      00000080 
 2125      00000000 
 2126 858c 00000000 			.word	0x00000000, 0x00000000, 0x7FFFFFFF, 0x00000000, 0x00000000
 2126      00000000 
 2126      FFFFFF7F 
 2126      00000000 
 2126      00000000 
 2127 85a0 00000000 			.word	0x00000000, 0x00000000, 0xFFFFFFFF, 0x00000000, 0x00000000
 2127      00000000 
 2127      FFFFFFFF 
 2127      00000000 
 2127      00000000 
 2128 85b4 00000000 			.word	0x00000000, 0x00000000, 0xFFFFFFFF, 0x00000000, 0x00000000
 2128      00000000 
ARM GAS  font_century238.s 			page 153


 2128      FFFFFFFF 
 2128      00000000 
 2128      00000000 
 2129 85c8 00000000 			.word	0x00000000, 0x00000000, 0xFFFFFFFF, 0x00000000, 0x00000000
 2129      00000000 
 2129      FFFFFFFF 
 2129      00000000 
 2129      00000000 
 2130 85dc 00000000 			.word	0x00000000, 0x00000001, 0xFFFFFFFF, 0x00000000, 0x00000000
 2130      01000000 
 2130      FFFFFFFF 
 2130      00000000 
 2130      00000000 
 2131 85f0 00000000 			.word	0x00000000, 0x00000001, 0xFFFFFFFE, 0x00000000, 0x00000000
 2131      01000000 
 2131      FEFFFFFF 
 2131      00000000 
 2131      00000000 
 2132 8604 00000000 			.word	0x00000000, 0x00000003, 0xFFFFFFFE, 0x00000000, 0x00000000
 2132      03000000 
 2132      FEFFFFFF 
 2132      00000000 
 2132      00000000 
 2133 8618 00000000 			.word	0x00000000, 0x00000003, 0xFFFFFFFE, 0x00000000, 0x00000000
 2133      03000000 
 2133      FEFFFFFF 
 2133      00000000 
 2133      00000000 
 2134 862c 00000000 			.word	0x00000000, 0x00000003, 0xFFFFFFFE, 0x00000000, 0x00000000
 2134      03000000 
 2134      FEFFFFFF 
 2134      00000000 
 2134      00000000 
 2135 8640 00000000 			.word	0x00000000, 0x00000007, 0xFFFFFFFE, 0x00000000, 0x00000000
 2135      07000000 
 2135      FEFFFFFF 
 2135      00000000 
 2135      00000000 
 2136 8654 00000000 			.word	0x00000000, 0x00000007, 0xFFFFFFFE, 0x00000000, 0x00000000
 2136      07000000 
 2136      FEFFFFFF 
 2136      00000000 
 2136      00000000 
 2137 8668 00000000 			.word	0x00000000, 0x0000000F, 0xFFFFFFFC, 0x00000000, 0x00000000
 2137      0F000000 
 2137      FCFFFFFF 
 2137      00000000 
 2137      00000000 
 2138 867c 00000000 			.word	0x00000000, 0x0000000F, 0xFFFFFFFC, 0x00000000, 0x00000000
 2138      0F000000 
 2138      FCFFFFFF 
 2138      00000000 
 2138      00000000 
 2139 8690 00000000 			.word	0x00000000, 0x0000000F, 0xFFFFFFFC, 0x00000000, 0x00000000
 2139      0F000000 
 2139      FCFFFFFF 
 2139      00000000 
ARM GAS  font_century238.s 			page 154


 2139      00000000 
 2140 86a4 00000000 			.word	0x00000000, 0x0000001F, 0xFFFFFFFC, 0x00000000, 0x00000000
 2140      1F000000 
 2140      FCFFFFFF 
 2140      00000000 
 2140      00000000 
 2141 86b8 00000000 			.word	0x00000000, 0x0000001F, 0xFFFFFFFC, 0x00000000, 0x00000000
 2141      1F000000 
 2141      FCFFFFFF 
 2141      00000000 
 2141      00000000 
 2142 86cc 00000000 			.word	0x00000000, 0x0000003F, 0xFFFFFFFC, 0x00000000, 0x00000000
 2142      3F000000 
 2142      FCFFFFFF 
 2142      00000000 
 2142      00000000 
 2143 86e0 00000000 			.word	0x00000000, 0x0000003F, 0xFFFFFFFC, 0x00000000, 0x00000000
 2143      3F000000 
 2143      FCFFFFFF 
 2143      00000000 
 2143      00000000 
 2144 86f4 00000000 			.word	0x00000000, 0x0000003F, 0xFFFFFFFC, 0x00000000, 0x00000000
 2144      3F000000 
 2144      FCFFFFFF 
 2144      00000000 
 2144      00000000 
 2145 8708 00000000 			.word	0x00000000, 0x0000007F, 0xFFFFFFF8, 0x00000000, 0x00000000
 2145      7F000000 
 2145      F8FFFFFF 
 2145      00000000 
 2145      00000000 
 2146 871c 00000000 			.word	0x00000000, 0x0000007F, 0xFFFFFFF8, 0x00000000, 0x00000000
 2146      7F000000 
 2146      F8FFFFFF 
 2146      00000000 
 2146      00000000 
 2147 8730 00000000 			.word	0x00000000, 0x0000007F, 0xFFFFFFF8, 0x00000000, 0x00000000
 2147      7F000000 
 2147      F8FFFFFF 
 2147      00000000 
 2147      00000000 
 2148 8744 00000000 			.word	0x00000000, 0x000000FF, 0xFFFFFFF8, 0x00000000, 0x00000000
 2148      FF000000 
 2148      F8FFFFFF 
 2148      00000000 
 2148      00000000 
 2149 8758 00000000 			.word	0x00000000, 0x000000FF, 0xFFFFFFF8, 0x00000000, 0x00000000
 2149      FF000000 
 2149      F8FFFFFF 
 2149      00000000 
 2149      00000000 
 2150 876c 00000000 			.word	0x00000000, 0x000000FF, 0xFFFFFFF8, 0x00000000, 0x00000000
 2150      FF000000 
 2150      F8FFFFFF 
 2150      00000000 
 2150      00000000 
 2151 8780 00000000 			.word	0x00000000, 0x000001FF, 0xFFFFFFF8, 0x00000000, 0x00000000
ARM GAS  font_century238.s 			page 155


 2151      FF010000 
 2151      F8FFFFFF 
 2151      00000000 
 2151      00000000 
 2152 8794 00000000 			.word	0x00000000, 0x000001FF, 0xFFFFFFF8, 0x00000000, 0x00000000
 2152      FF010000 
 2152      F8FFFFFF 
 2152      00000000 
 2152      00000000 
 2153 87a8 00000000 			.word	0x00000000, 0x000001FF, 0xFFFFFFF8, 0x00000000, 0x00000000
 2153      FF010000 
 2153      F8FFFFFF 
 2153      00000000 
 2153      00000000 
 2154 87bc 00000000 			.word	0x00000000, 0x000003FF, 0xFFFFFFF0, 0x00000000, 0x00000000
 2154      FF030000 
 2154      F0FFFFFF 
 2154      00000000 
 2154      00000000 
 2155 87d0 00000000 			.word	0x00000000, 0x000003FF, 0xFFFFFFF0, 0x00000000, 0x00000000
 2155      FF030000 
 2155      F0FFFFFF 
 2155      00000000 
 2155      00000000 
 2156 87e4 00000000 			.word	0x00000000, 0x000003FF, 0xFFFFFFF0, 0x00000000, 0x00000000
 2156      FF030000 
 2156      F0FFFFFF 
 2156      00000000 
 2156      00000000 
 2157 87f8 00000000 			.word	0x00000000, 0x000007FF, 0xFFFFFFF0, 0x00000000, 0x00000000
 2157      FF070000 
 2157      F0FFFFFF 
 2157      00000000 
 2157      00000000 
 2158 880c 00000000 			.word	0x00000000, 0x000007FF, 0xFFFFFFF0, 0x00000000, 0x00000000
 2158      FF070000 
 2158      F0FFFFFF 
 2158      00000000 
 2158      00000000 
 2159 8820 00000000 			.word	0x00000000, 0x000007FF, 0xFFFFFFF0, 0x00000000, 0x00000000
 2159      FF070000 
 2159      F0FFFFFF 
 2159      00000000 
 2159      00000000 
 2160 8834 00000000 			.word	0x00000000, 0x00000FFF, 0xFFFFFFF0, 0x00000000, 0x00000000
 2160      FF0F0000 
 2160      F0FFFFFF 
 2160      00000000 
 2160      00000000 
 2161 8848 00000000 			.word	0x00000000, 0x00000FFF, 0xFFFFFFF0, 0x00000000, 0x00000000
 2161      FF0F0000 
 2161      F0FFFFFF 
 2161      00000000 
 2161      00000000 
 2162 885c 00000000 			.word	0x00000000, 0x00000FFF, 0xFFFFFFF0, 0x00000000, 0x00000000
 2162      FF0F0000 
 2162      F0FFFFFF 
ARM GAS  font_century238.s 			page 156


 2162      00000000 
 2162      00000000 
 2163 8870 00000000 			.word	0x00000000, 0x00000FFF, 0xFFFFFFF0, 0x00000000, 0x00000000
 2163      FF0F0000 
 2163      F0FFFFFF 
 2163      00000000 
 2163      00000000 
 2164 8884 00000000 			.word	0x00000000, 0x00001FFF, 0xFFFFFFF0, 0x00000000, 0x00000000
 2164      FF1F0000 
 2164      F0FFFFFF 
 2164      00000000 
 2164      00000000 
 2165 8898 00000000 			.word	0x00000000, 0x00001FFF, 0xFFFFFFF0, 0x00000000, 0x00000000
 2165      FF1F0000 
 2165      F0FFFFFF 
 2165      00000000 
 2165      00000000 
 2166 88ac 00000000 			.word	0x00000000, 0x00001FFF, 0xFFFFFFF0, 0x00000000, 0x00000000
 2166      FF1F0000 
 2166      F0FFFFFF 
 2166      00000000 
 2166      00000000 
 2167 88c0 00000000 			.word	0x00000000, 0x00001FFF, 0xFFFFFFE0, 0x00000000, 0x00000000
 2167      FF1F0000 
 2167      E0FFFFFF 
 2167      00000000 
 2167      00000000 
 2168 88d4 00000000 			.word	0x00000000, 0x00003FFF, 0xFFFFFFE0, 0x00000000, 0x00000000
 2168      FF3F0000 
 2168      E0FFFFFF 
 2168      00000000 
 2168      00000000 
 2169 88e8 00000000 			.word	0x00000000, 0x00003FFF, 0xFFFFFFE0, 0x00000000, 0x00000000
 2169      FF3F0000 
 2169      E0FFFFFF 
 2169      00000000 
 2169      00000000 
 2170 88fc 00000000 			.word	0x00000000, 0x00003FFF, 0xFFFFFFE0, 0x00000000, 0x00000000
 2170      FF3F0000 
 2170      E0FFFFFF 
 2170      00000000 
 2170      00000000 
 2171 8910 00000000 			.word	0x00000000, 0x00003FFF, 0xFFFFFFE0, 0x00000000, 0x00000000
 2171      FF3F0000 
 2171      E0FFFFFF 
 2171      00000000 
 2171      00000000 
 2172 8924 00000000 			.word	0x00000000, 0x00003FFF, 0xFFFFFFE0, 0x00000000, 0x00000000
 2172      FF3F0000 
 2172      E0FFFFFF 
 2172      00000000 
 2172      00000000 
 2173 8938 00000000 			.word	0x00000000, 0x00007FFF, 0xFFFFFFE0, 0x00000000, 0x00000000
 2173      FF7F0000 
 2173      E0FFFFFF 
 2173      00000000 
 2173      00000000 
ARM GAS  font_century238.s 			page 157


 2174 894c 00000000 			.word	0x00000000, 0x00007FFF, 0xFFFFFFE0, 0x00000000, 0x00000000
 2174      FF7F0000 
 2174      E0FFFFFF 
 2174      00000000 
 2174      00000000 
 2175 8960 00000000 			.word	0x00000000, 0x00007FFF, 0xFFFFFFE0, 0x00000000, 0x00000000
 2175      FF7F0000 
 2175      E0FFFFFF 
 2175      00000000 
 2175      00000000 
 2176 8974 00000000 			.word	0x00000000, 0x00007FFF, 0xFFFFFFE0, 0x00000000, 0x00000000
 2176      FF7F0000 
 2176      E0FFFFFF 
 2176      00000000 
 2176      00000000 
 2177 8988 00000000 			.word	0x00000000, 0x00007FFF, 0xFFFFFFE0, 0x00000000, 0x00000000
 2177      FF7F0000 
 2177      E0FFFFFF 
 2177      00000000 
 2177      00000000 
 2178 899c 00000000 			.word	0x00000000, 0x00007FFF, 0xFFFFFFE0, 0x00000000, 0x00000000
 2178      FF7F0000 
 2178      E0FFFFFF 
 2178      00000000 
 2178      00000000 
 2179 89b0 00000000 			.word	0x00000000, 0x00007FFF, 0xFFFFFFE0, 0x00000000, 0x00000000
 2179      FF7F0000 
 2179      E0FFFFFF 
 2179      00000000 
 2179      00000000 
 2180 89c4 00000000 			.word	0x00000000, 0x0000FFFF, 0xFFFFFFE0, 0x00000000, 0x00000000
 2180      FFFF0000 
 2180      E0FFFFFF 
 2180      00000000 
 2180      00000000 
 2181 89d8 00000000 			.word	0x00000000, 0x0000FFFF, 0xFFFFFFE0, 0x00000000, 0x00000000
 2181      FFFF0000 
 2181      E0FFFFFF 
 2181      00000000 
 2181      00000000 
 2182 89ec 00000000 			.word	0x00000000, 0x0000FFFF, 0xFFFFFFC0, 0x00000000, 0x00000000
 2182      FFFF0000 
 2182      C0FFFFFF 
 2182      00000000 
 2182      00000000 
 2183 8a00 00000000 			.word	0x00000000, 0x0000FFFF, 0xFFFFFFC0, 0x00000000, 0x00000000
 2183      FFFF0000 
 2183      C0FFFFFF 
 2183      00000000 
 2183      00000000 
 2184 8a14 00000000 			.word	0x00000000, 0x0000FFFF, 0xFFFFFFC0, 0x00000000, 0x00000000
 2184      FFFF0000 
 2184      C0FFFFFF 
 2184      00000000 
 2184      00000000 
 2185 8a28 00000000 			.word	0x00000000, 0x0000FFFF, 0xFFFFFFC0, 0x00000000, 0x00000000
 2185      FFFF0000 
ARM GAS  font_century238.s 			page 158


 2185      C0FFFFFF 
 2185      00000000 
 2185      00000000 
 2186 8a3c 00000000 			.word	0x00000000, 0x0000FFFF, 0xFFFFFFC0, 0x00000000, 0x00000000
 2186      FFFF0000 
 2186      C0FFFFFF 
 2186      00000000 
 2186      00000000 
 2187 8a50 00000000 			.word	0x00000000, 0x0000FFFF, 0xFFFFFFC0, 0x00000000, 0x00000000
 2187      FFFF0000 
 2187      C0FFFFFF 
 2187      00000000 
 2187      00000000 
 2188 8a64 00000000 			.word	0x00000000, 0x0000FFFF, 0xFFFFFFC0, 0x00000000, 0x00000000
 2188      FFFF0000 
 2188      C0FFFFFF 
 2188      00000000 
 2188      00000000 
 2189 8a78 00000000 			.word	0x00000000, 0x0000FFFF, 0xFFFFFFC0, 0x00000000, 0x00000000
 2189      FFFF0000 
 2189      C0FFFFFF 
 2189      00000000 
 2189      00000000 
 2190 8a8c 00000000 			.word	0x00000000, 0x0000FFFF, 0xFFFFFFC0, 0x00000000, 0x00000000
 2190      FFFF0000 
 2190      C0FFFFFF 
 2190      00000000 
 2190      00000000 
 2191 8aa0 00000000 			.word	0x00000000, 0x0000FFFF, 0xFFFFFFC0, 0x00000000, 0x00000000
 2191      FFFF0000 
 2191      C0FFFFFF 
 2191      00000000 
 2191      00000000 
 2192 8ab4 00000000 			.word	0x00000000, 0x0000FFFF, 0xFFFFFFC0, 0x00000000, 0x00000000
 2192      FFFF0000 
 2192      C0FFFFFF 
 2192      00000000 
 2192      00000000 
 2193 8ac8 00000000 			.word	0x00000000, 0x0000FFFF, 0xFFFFFFC0, 0x00000000, 0x00000000
 2193      FFFF0000 
 2193      C0FFFFFF 
 2193      00000000 
 2193      00000000 
 2194 8adc 00000000 			.word	0x00000000, 0x0000FFFF, 0xFFFFFF80, 0x00000000, 0x00000000
 2194      FFFF0000 
 2194      80FFFFFF 
 2194      00000000 
 2194      00000000 
 2195 8af0 00000000 			.word	0x00000000, 0x0000FFFF, 0xFFFFFF80, 0x00000000, 0x00000000
 2195      FFFF0000 
 2195      80FFFFFF 
 2195      00000000 
 2195      00000000 
 2196 8b04 00000000 			.word	0x00000000, 0x0000FFFF, 0xFFFFFF80, 0x00000000, 0x00000000
 2196      FFFF0000 
 2196      80FFFFFF 
 2196      00000000 
ARM GAS  font_century238.s 			page 159


 2196      00000000 
 2197 8b18 00000000 			.word	0x00000000, 0x0000FFFF, 0xFFFFFF80, 0x00000000, 0x00000000
 2197      FFFF0000 
 2197      80FFFFFF 
 2197      00000000 
 2197      00000000 
 2198 8b2c 00000000 			.word	0x00000000, 0x0000FFFF, 0xFFFFFF80, 0x00000000, 0x00000000
 2198      FFFF0000 
 2198      80FFFFFF 
 2198      00000000 
 2198      00000000 
 2199 8b40 00000000 			.word	0x00000000, 0x0000FFFF, 0xFFFFFF80, 0x00000000, 0x00000000
 2199      FFFF0000 
 2199      80FFFFFF 
 2199      00000000 
 2199      00000000 
 2200 8b54 00000000 			.word	0x00000000, 0x0000FFFF, 0xFFFFFF80, 0x00000000, 0x00000000
 2200      FFFF0000 
 2200      80FFFFFF 
 2200      00000000 
 2200      00000000 
 2201 8b68 00000000 			.word	0x00000000, 0x0000FFFF, 0xFFFFFF80, 0x00000000, 0x00000000
 2201      FFFF0000 
 2201      80FFFFFF 
 2201      00000000 
 2201      00000000 
 2202 8b7c 00000000 			.word	0x00000000, 0x00007FFF, 0xFFFFFF00, 0x00000000, 0x00000000
 2202      FF7F0000 
 2202      00FFFFFF 
 2202      00000000 
 2202      00000000 
 2203 8b90 00000000 			.word	0x00000000, 0x00007FFF, 0xFFFFFF00, 0x00000000, 0x00000000
 2203      FF7F0000 
 2203      00FFFFFF 
 2203      00000000 
 2203      00000000 
 2204 8ba4 00000000 			.word	0x00000000, 0x00007FFF, 0xFFFFFF00, 0x00000000, 0x00000000
 2204      FF7F0000 
 2204      00FFFFFF 
 2204      00000000 
 2204      00000000 
 2205 8bb8 00000000 			.word	0x00000000, 0x00003FFF, 0xFFFFFE00, 0x00000000, 0x00000000
 2205      FF3F0000 
 2205      00FEFFFF 
 2205      00000000 
 2205      00000000 
 2206 8bcc 00000000 			.word	0x00000000, 0x00003FFF, 0xFFFFFE00, 0x00000000, 0x00000000
 2206      FF3F0000 
 2206      00FEFFFF 
 2206      00000000 
 2206      00000000 
 2207 8be0 00000000 			.word	0x00000000, 0x00003FFF, 0xFFFFFC00, 0x00000000, 0x00000000
 2207      FF3F0000 
 2207      00FCFFFF 
 2207      00000000 
 2207      00000000 
 2208 8bf4 00000000 			.word	0x00000000, 0x00001FFF, 0xFFFFFC00, 0x00000000, 0x00000000
ARM GAS  font_century238.s 			page 160


 2208      FF1F0000 
 2208      00FCFFFF 
 2208      00000000 
 2208      00000000 
 2209 8c08 00000000 			.word	0x00000000, 0x00000FFF, 0xFFFFF800, 0x00000000, 0x00000000
 2209      FF0F0000 
 2209      00F8FFFF 
 2209      00000000 
 2209      00000000 
 2210 8c1c 00000000 			.word	0x00000000, 0x00000FFF, 0xFFFFF800, 0x00000000, 0x00000000
 2210      FF0F0000 
 2210      00F8FFFF 
 2210      00000000 
 2210      00000000 
 2211 8c30 00000000 			.word	0x00000000, 0x000007FF, 0xFFFFF000, 0x00000000, 0x00000000
 2211      FF070000 
 2211      00F0FFFF 
 2211      00000000 
 2211      00000000 
 2212 8c44 00000000 			.word	0x00000000, 0x000003FF, 0xFFFFC000, 0x00000000, 0x00000000
 2212      FF030000 
 2212      00C0FFFF 
 2212      00000000 
 2212      00000000 
 2213 8c58 00000000 			.word	0x00000000, 0x000000FF, 0xFFFF8000, 0x00000000, 0x00000000
 2213      FF000000 
 2213      0080FFFF 
 2213      00000000 
 2213      00000000 
 2214 8c6c 00000000 			.word	0x00000000, 0x0000007F, 0xFFFE0000, 0x00000000, 0x00000000
 2214      7F000000 
 2214      0000FEFF 
 2214      00000000 
 2214      00000000 
 2215 8c80 00000000 			.word	0x00000000, 0x0000000F, 0xFFF00000, 0x00000000, 0x00000000
 2215      0F000000 
 2215      0000F0FF 
 2215      00000000 
 2215      00000000 
 2216              	
 2217              	EIGHT:
 2218 8c94 38000000 			.word	'8			// ASCII "8" character
 2219 8c98 B1000000 			.word	CELLWDTH		// cell pixel width
 2220 8c9c 7D010000 			.word	CELLHGHT		// cell pixel height
 2221 8ca0 98000000 			.word	152			// glyph pixel width
 2222 8ca4 E0000000 			.word	224			// glyph pixel height
 2223 8ca8 0E000000 			.word	14			// blank horizontal pixels before glyph
 2224 8cac 0B000000 			.word	11			// blank horizontal pixels after glyph
 2225 8cb0 5D000000 			.word	93			// blank horizontal lines before glyph
 2226 8cb4 40000000 			.word	64			// blank horizontal lines after glyph
 2227              							// bit mapped glyph
 2228 8cb8 00000000 			.word	0x00000000, 0x00000001, 0xFFFFFFF0, 0x00000000, 0x00000000
 2228      01000000 
 2228      F0FFFFFF 
 2228      00000000 
 2228      00000000 
 2229 8ccc 00000000 			.word	0x00000000, 0x0000003F, 0xFFFFFFFF, 0xC0000000, 0x00000000
ARM GAS  font_century238.s 			page 161


 2229      3F000000 
 2229      FFFFFFFF 
 2229      000000C0 
 2229      00000000 
 2230 8ce0 00000000 			.word	0x00000000, 0x000003FF, 0xFFFFFFFF, 0xFC000000, 0x00000000
 2230      FF030000 
 2230      FFFFFFFF 
 2230      000000FC 
 2230      00000000 
 2231 8cf4 00000000 			.word	0x00000000, 0x00003FFF, 0xFFFFFFFF, 0xFF800000, 0x00000000
 2231      FF3F0000 
 2231      FFFFFFFF 
 2231      000080FF 
 2231      00000000 
 2232 8d08 00000000 			.word	0x00000000, 0x0000FFFF, 0xFFFFFFFF, 0xFFF00000, 0x00000000
 2232      FFFF0000 
 2232      FFFFFFFF 
 2232      0000F0FF 
 2232      00000000 
 2233 8d1c 00000000 			.word	0x00000000, 0x0007FFFF, 0xFFFFFFFF, 0xFFFE0000, 0x00000000
 2233      FFFF0700 
 2233      FFFFFFFF 
 2233      0000FEFF 
 2233      00000000 
 2234 8d30 00000000 			.word	0x00000000, 0x001FFFFF, 0xFFFFFFFF, 0xFFFF8000, 0x00000000
 2234      FFFF1F00 
 2234      FFFFFFFF 
 2234      0080FFFF 
 2234      00000000 
 2235 8d44 00000000 			.word	0x00000000, 0x007FFFFF, 0xFFFFFFFF, 0xFFFFE000, 0x00000000
 2235      FFFF7F00 
 2235      FFFFFFFF 
 2235      00E0FFFF 
 2235      00000000 
 2236 8d58 00000000 			.word	0x00000000, 0x01FFFFFF, 0xFFFFFFFF, 0xFFFFF800, 0x00000000
 2236      FFFFFF01 
 2236      FFFFFFFF 
 2236      00F8FFFF 
 2236      00000000 
 2237 8d6c 00000000 			.word	0x00000000, 0x03FFFFFF, 0xFFFFFFFF, 0xFFFFFE00, 0x00000000
 2237      FFFFFF03 
 2237      FFFFFFFF 
 2237      00FEFFFF 
 2237      00000000 
 2238 8d80 00000000 			.word	0x00000000, 0x0FFFFFFF, 0xFFFFFFFF, 0xFFFFFF00, 0x00000000
 2238      FFFFFF0F 
 2238      FFFFFFFF 
 2238      00FFFFFF 
 2238      00000000 
 2239 8d94 00000000 			.word	0x00000000, 0x1FFFFFFF, 0xFFFFFFFF, 0xFFFFFFC0, 0x00000000
 2239      FFFFFF1F 
 2239      FFFFFFFF 
 2239      C0FFFFFF 
 2239      00000000 
 2240 8da8 00000000 			.word	0x00000000, 0x7FFFFFFF, 0xFFFFFFFF, 0xFFFFFFE0, 0x00000000
 2240      FFFFFF7F 
 2240      FFFFFFFF 
ARM GAS  font_century238.s 			page 162


 2240      E0FFFFFF 
 2240      00000000 
 2241 8dbc 00000000 			.word	0x00000000, 0xFFFFFFFF, 0xFFFFFFFF, 0xFFFFFFF8, 0x00000000
 2241      FFFFFFFF 
 2241      FFFFFFFF 
 2241      F8FFFFFF 
 2241      00000000 
 2242 8dd0 01000000 			.word	0x00000001, 0xFFFFFFFF, 0xFFFFFFFF, 0xFFFFFFFC, 0x00000000
 2242      FFFFFFFF 
 2242      FFFFFFFF 
 2242      FCFFFFFF 
 2242      00000000 
 2243 8de4 03000000 			.word	0x00000003, 0xFFFFFFFF, 0xFFFFFFFF, 0xFFFFFFFE, 0x00000000
 2243      FFFFFFFF 
 2243      FFFFFFFF 
 2243      FEFFFFFF 
 2243      00000000 
 2244 8df8 0F000000 			.word	0x0000000F, 0xFFFFFFFF, 0xFFFFFFFF, 0xFFFFFFFF, 0x00000000
 2244      FFFFFFFF 
 2244      FFFFFFFF 
 2244      FFFFFFFF 
 2244      00000000 
 2245 8e0c 1F000000 			.word	0x0000001F, 0xFFFFFFFF, 0xFF01FFFF, 0xFFFFFFFF, 0x80000000
 2245      FFFFFFFF 
 2245      FFFF01FF 
 2245      FFFFFFFF 
 2245      00000080 
 2246 8e20 3F000000 			.word	0x0000003F, 0xFFFFFFFF, 0x800003FF, 0xFFFFFFFF, 0xC0000000
 2246      FFFFFFFF 
 2246      FF030080 
 2246      FFFFFFFF 
 2246      000000C0 
 2247 8e34 7F000000 			.word	0x0000007F, 0xFFFFFFF8, 0x0000003F, 0xFFFFFFFF, 0xE0000000
 2247      F8FFFFFF 
 2247      3F000000 
 2247      FFFFFFFF 
 2247      000000E0 
 2248 8e48 FF000000 			.word	0x000000FF, 0xFFFFFFE0, 0x00000007, 0xFFFFFFFF, 0xF0000000
 2248      E0FFFFFF 
 2248      07000000 
 2248      FFFFFFFF 
 2248      000000F0 
 2249 8e5c FF000000 			.word	0x000000FF, 0xFFFFFF00, 0x00000001, 0xFFFFFFFF, 0xF8000000
 2249      00FFFFFF 
 2249      01000000 
 2249      FFFFFFFF 
 2249      000000F8 
 2250 8e70 FF010000 			.word	0x000001FF, 0xFFFFFC00, 0x00000000, 0x7FFFFFFF, 0xF8000000
 2250      00FCFFFF 
 2250      00000000 
 2250      FFFFFF7F 
 2250      000000F8 
 2251 8e84 FF030000 			.word	0x000003FF, 0xFFFFF800, 0x00000000, 0x1FFFFFFF, 0xFC000000
 2251      00F8FFFF 
 2251      00000000 
 2251      FFFFFF1F 
 2251      000000FC 
ARM GAS  font_century238.s 			page 163


 2252 8e98 FF070000 			.word	0x000007FF, 0xFFFFE000, 0x00000000, 0x0FFFFFFF, 0xFE000000
 2252      00E0FFFF 
 2252      00000000 
 2252      FFFFFF0F 
 2252      000000FE 
 2253 8eac FF0F0000 			.word	0x00000FFF, 0xFFFFC000, 0x00000000, 0x03FFFFFF, 0xFE000000
 2253      00C0FFFF 
 2253      00000000 
 2253      FFFFFF03 
 2253      000000FE 
 2254 8ec0 FF0F0000 			.word	0x00000FFF, 0xFFFF8000, 0x00000000, 0x01FFFFFF, 0xFF000000
 2254      0080FFFF 
 2254      00000000 
 2254      FFFFFF01 
 2254      000000FF 
 2255 8ed4 FF1F0000 			.word	0x00001FFF, 0xFFFF0000, 0x00000000, 0x00FFFFFF, 0xFF800000
 2255      0000FFFF 
 2255      00000000 
 2255      FFFFFF00 
 2255      000080FF 
 2256 8ee8 FF3F0000 			.word	0x00003FFF, 0xFFFE0000, 0x00000000, 0x007FFFFF, 0xFF800000
 2256      0000FEFF 
 2256      00000000 
 2256      FFFF7F00 
 2256      000080FF 
 2257 8efc FF3F0000 			.word	0x00003FFF, 0xFFFC0000, 0x00000000, 0x003FFFFF, 0xFFC00000
 2257      0000FCFF 
 2257      00000000 
 2257      FFFF3F00 
 2257      0000C0FF 
 2258 8f10 FF7F0000 			.word	0x00007FFF, 0xFFF80000, 0x00000000, 0x001FFFFF, 0xFFC00000
 2258      0000F8FF 
 2258      00000000 
 2258      FFFF1F00 
 2258      0000C0FF 
 2259 8f24 FFFF0000 			.word	0x0000FFFF, 0xFFF00000, 0x00000000, 0x001FFFFF, 0xFFE00000
 2259      0000F0FF 
 2259      00000000 
 2259      FFFF1F00 
 2259      0000E0FF 
 2260 8f38 FFFF0000 			.word	0x0000FFFF, 0xFFE00000, 0x00000000, 0x000FFFFF, 0xFFE00000
 2260      0000E0FF 
 2260      00000000 
 2260      FFFF0F00 
 2260      0000E0FF 
 2261 8f4c FFFF0100 			.word	0x0001FFFF, 0xFFE00000, 0x00000000, 0x0007FFFF, 0xFFE00000
 2261      0000E0FF 
 2261      00000000 
 2261      FFFF0700 
 2261      0000E0FF 
 2262 8f60 FFFF0100 			.word	0x0001FFFF, 0xFFC00000, 0x00000000, 0x0007FFFF, 0xFFF00000
 2262      0000C0FF 
 2262      00000000 
 2262      FFFF0700 
 2262      0000F0FF 
 2263 8f74 FFFF0300 			.word	0x0003FFFF, 0xFF800000, 0x00000000, 0x0003FFFF, 0xFFF00000
 2263      000080FF 
ARM GAS  font_century238.s 			page 164


 2263      00000000 
 2263      FFFF0300 
 2263      0000F0FF 
 2264 8f88 FFFF0300 			.word	0x0003FFFF, 0xFF800000, 0x00000000, 0x0003FFFF, 0xFFF00000
 2264      000080FF 
 2264      00000000 
 2264      FFFF0300 
 2264      0000F0FF 
 2265 8f9c FFFF0300 			.word	0x0003FFFF, 0xFF800000, 0x00000000, 0x0001FFFF, 0xFFF80000
 2265      000080FF 
 2265      00000000 
 2265      FFFF0100 
 2265      0000F8FF 
 2266 8fb0 FFFF0700 			.word	0x0007FFFF, 0xFF000000, 0x00000000, 0x0001FFFF, 0xFFF80000
 2266      000000FF 
 2266      00000000 
 2266      FFFF0100 
 2266      0000F8FF 
 2267 8fc4 FFFF0700 			.word	0x0007FFFF, 0xFF000000, 0x00000000, 0x0001FFFF, 0xFFF80000
 2267      000000FF 
 2267      00000000 
 2267      FFFF0100 
 2267      0000F8FF 
 2268 8fd8 FFFF0F00 			.word	0x000FFFFF, 0xFF000000, 0x00000000, 0x0000FFFF, 0xFFF80000
 2268      000000FF 
 2268      00000000 
 2268      FFFF0000 
 2268      0000F8FF 
 2269 8fec FFFF0F00 			.word	0x000FFFFF, 0xFE000000, 0x00000000, 0x0000FFFF, 0xFFFC0000
 2269      000000FE 
 2269      00000000 
 2269      FFFF0000 
 2269      0000FCFF 
 2270 9000 FFFF0F00 			.word	0x000FFFFF, 0xFE000000, 0x00000000, 0x0000FFFF, 0xFFFC0000
 2270      000000FE 
 2270      00000000 
 2270      FFFF0000 
 2270      0000FCFF 
 2271 9014 FFFF0F00 			.word	0x000FFFFF, 0xFE000000, 0x00000000, 0x00007FFF, 0xFFFC0000
 2271      000000FE 
 2271      00000000 
 2271      FF7F0000 
 2271      0000FCFF 
 2272 9028 FFFF1F00 			.word	0x001FFFFF, 0xFE000000, 0x00000000, 0x00007FFF, 0xFFFC0000
 2272      000000FE 
 2272      00000000 
 2272      FF7F0000 
 2272      0000FCFF 
 2273 903c FFFF1F00 			.word	0x001FFFFF, 0xFE000000, 0x00000000, 0x00007FFF, 0xFFFC0000
 2273      000000FE 
 2273      00000000 
 2273      FF7F0000 
 2273      0000FCFF 
 2274 9050 FFFF1F00 			.word	0x001FFFFF, 0xFC000000, 0x00000000, 0x00007FFF, 0xFFFC0000
 2274      000000FC 
 2274      00000000 
 2274      FF7F0000 
ARM GAS  font_century238.s 			page 165


 2274      0000FCFF 
 2275 9064 FFFF1F00 			.word	0x001FFFFF, 0xFC000000, 0x00000000, 0x00007FFF, 0xFFFC0000
 2275      000000FC 
 2275      00000000 
 2275      FF7F0000 
 2275      0000FCFF 
 2276 9078 FFFF1F00 			.word	0x001FFFFF, 0xFC000000, 0x00000000, 0x00007FFF, 0xFFFC0000
 2276      000000FC 
 2276      00000000 
 2276      FF7F0000 
 2276      0000FCFF 
 2277 908c FFFF3F00 			.word	0x003FFFFF, 0xFC000000, 0x00000000, 0x00007FFF, 0xFFFC0000
 2277      000000FC 
 2277      00000000 
 2277      FF7F0000 
 2277      0000FCFF 
 2278 90a0 FFFF3F00 			.word	0x003FFFFF, 0xFC000000, 0x00000000, 0x00003FFF, 0xFFFC0000
 2278      000000FC 
 2278      00000000 
 2278      FF3F0000 
 2278      0000FCFF 
 2279 90b4 FFFF3F00 			.word	0x003FFFFF, 0xFE000000, 0x00000000, 0x00003FFF, 0xFFFC0000
 2279      000000FE 
 2279      00000000 
 2279      FF3F0000 
 2279      0000FCFF 
 2280 90c8 FFFF3F00 			.word	0x003FFFFF, 0xFE000000, 0x00000000, 0x00003FFF, 0xFFFC0000
 2280      000000FE 
 2280      00000000 
 2280      FF3F0000 
 2280      0000FCFF 
 2281 90dc FFFF3F00 			.word	0x003FFFFF, 0xFE000000, 0x00000000, 0x00003FFF, 0xFFFC0000
 2281      000000FE 
 2281      00000000 
 2281      FF3F0000 
 2281      0000FCFF 
 2282 90f0 FFFF3F00 			.word	0x003FFFFF, 0xFE000000, 0x00000000, 0x00003FFF, 0xFFFC0000
 2282      000000FE 
 2282      00000000 
 2282      FF3F0000 
 2282      0000FCFF 
 2283 9104 FFFF3F00 			.word	0x003FFFFF, 0xFE000000, 0x00000000, 0x00003FFF, 0xFFFC0000
 2283      000000FE 
 2283      00000000 
 2283      FF3F0000 
 2283      0000FCFF 
 2284 9118 FFFF3F00 			.word	0x003FFFFF, 0xFF000000, 0x00000000, 0x00003FFF, 0xFFFC0000
 2284      000000FF 
 2284      00000000 
 2284      FF3F0000 
 2284      0000FCFF 
 2285 912c FFFF3F00 			.word	0x003FFFFF, 0xFF000000, 0x00000000, 0x00007FFF, 0xFFFC0000
 2285      000000FF 
 2285      00000000 
 2285      FF7F0000 
 2285      0000FCFF 
 2286 9140 FFFF3F00 			.word	0x003FFFFF, 0xFF000000, 0x00000000, 0x00007FFF, 0xFFFC0000
ARM GAS  font_century238.s 			page 166


 2286      000000FF 
 2286      00000000 
 2286      FF7F0000 
 2286      0000FCFF 
 2287 9154 FFFF3F00 			.word	0x003FFFFF, 0xFF800000, 0x00000000, 0x00007FFF, 0xFFFC0000
 2287      000080FF 
 2287      00000000 
 2287      FF7F0000 
 2287      0000FCFF 
 2288 9168 FFFF3F00 			.word	0x003FFFFF, 0xFF800000, 0x00000000, 0x00007FFF, 0xFFF80000
 2288      000080FF 
 2288      00000000 
 2288      FF7F0000 
 2288      0000F8FF 
 2289 917c FFFF3F00 			.word	0x003FFFFF, 0xFF800000, 0x00000000, 0x00007FFF, 0xFFF80000
 2289      000080FF 
 2289      00000000 
 2289      FF7F0000 
 2289      0000F8FF 
 2290 9190 FFFF3F00 			.word	0x003FFFFF, 0xFFC00000, 0x00000000, 0x00007FFF, 0xFFF80000
 2290      0000C0FF 
 2290      00000000 
 2290      FF7F0000 
 2290      0000F8FF 
 2291 91a4 FFFF3F00 			.word	0x003FFFFF, 0xFFE00000, 0x00000000, 0x0000FFFF, 0xFFF80000
 2291      0000E0FF 
 2291      00000000 
 2291      FFFF0000 
 2291      0000F8FF 
 2292 91b8 FFFF3F00 			.word	0x003FFFFF, 0xFFE00000, 0x00000000, 0x0000FFFF, 0xFFF80000
 2292      0000E0FF 
 2292      00000000 
 2292      FFFF0000 
 2292      0000F8FF 
 2293 91cc FFFF3F00 			.word	0x003FFFFF, 0xFFF00000, 0x00000000, 0x0000FFFF, 0xFFF00000
 2293      0000F0FF 
 2293      00000000 
 2293      FFFF0000 
 2293      0000F0FF 
 2294 91e0 FFFF3F00 			.word	0x003FFFFF, 0xFFF80000, 0x00000000, 0x0000FFFF, 0xFFF00000
 2294      0000F8FF 
 2294      00000000 
 2294      FFFF0000 
 2294      0000F0FF 
 2295 91f4 FFFF3F00 			.word	0x003FFFFF, 0xFFFC0000, 0x00000000, 0x0001FFFF, 0xFFF00000
 2295      0000FCFF 
 2295      00000000 
 2295      FFFF0100 
 2295      0000F0FF 
 2296 9208 FFFF3F00 			.word	0x003FFFFF, 0xFFFE0000, 0x00000000, 0x0001FFFF, 0xFFE00000
 2296      0000FEFF 
 2296      00000000 
 2296      FFFF0100 
 2296      0000E0FF 
 2297 921c FFFF3F00 			.word	0x003FFFFF, 0xFFFF0000, 0x00000000, 0x0001FFFF, 0xFFE00000
 2297      0000FFFF 
 2297      00000000 
ARM GAS  font_century238.s 			page 167


 2297      FFFF0100 
 2297      0000E0FF 
 2298 9230 FFFF3F00 			.word	0x003FFFFF, 0xFFFF8000, 0x00000000, 0x0003FFFF, 0xFFC00000
 2298      0080FFFF 
 2298      00000000 
 2298      FFFF0300 
 2298      0000C0FF 
 2299 9244 FFFF1F00 			.word	0x001FFFFF, 0xFFFFC000, 0x00000000, 0x0003FFFF, 0xFFC00000
 2299      00C0FFFF 
 2299      00000000 
 2299      FFFF0300 
 2299      0000C0FF 
 2300 9258 FFFF1F00 			.word	0x001FFFFF, 0xFFFFF000, 0x00000000, 0x0007FFFF, 0xFF800000
 2300      00F0FFFF 
 2300      00000000 
 2300      FFFF0700 
 2300      000080FF 
 2301 926c FFFF1F00 			.word	0x001FFFFF, 0xFFFFF800, 0x00000000, 0x000FFFFF, 0xFF800000
 2301      00F8FFFF 
 2301      00000000 
 2301      FFFF0F00 
 2301      000080FF 
 2302 9280 FFFF1F00 			.word	0x001FFFFF, 0xFFFFFE00, 0x00000000, 0x000FFFFF, 0xFF000000
 2302      00FEFFFF 
 2302      00000000 
 2302      FFFF0F00 
 2302      000000FF 
 2303 9294 FFFF1F00 			.word	0x001FFFFF, 0xFFFFFF80, 0x00000000, 0x001FFFFF, 0xFF000000
 2303      80FFFFFF 
 2303      00000000 
 2303      FFFF1F00 
 2303      000000FF 
 2304 92a8 FFFF0F00 			.word	0x000FFFFF, 0xFFFFFFC0, 0x00000000, 0x003FFFFF, 0xFE000000
 2304      C0FFFFFF 
 2304      00000000 
 2304      FFFF3F00 
 2304      000000FE 
 2305 92bc FFFF0F00 			.word	0x000FFFFF, 0xFFFFFFF0, 0x00000000, 0x007FFFFF, 0xFC000000
 2305      F0FFFFFF 
 2305      00000000 
 2305      FFFF7F00 
 2305      000000FC 
 2306 92d0 FFFF0F00 			.word	0x000FFFFF, 0xFFFFFFFE, 0x00000000, 0x00FFFFFF, 0xFC000000
 2306      FEFFFFFF 
 2306      00000000 
 2306      FFFFFF00 
 2306      000000FC 
 2307 92e4 FFFF0700 			.word	0x0007FFFF, 0xFFFFFFFF, 0x80000000, 0x01FFFFFF, 0xF8000000
 2307      FFFFFFFF 
 2307      00000080 
 2307      FFFFFF01 
 2307      000000F8 
 2308 92f8 FFFF0700 			.word	0x0007FFFF, 0xFFFFFFFF, 0xE0000000, 0x03FFFFFF, 0xF0000000
 2308      FFFFFFFF 
 2308      000000E0 
 2308      FFFFFF03 
 2308      000000F0 
ARM GAS  font_century238.s 			page 168


 2309 930c FFFF0700 			.word	0x0007FFFF, 0xFFFFFFFF, 0xF8000000, 0x07FFFFFF, 0xE0000000
 2309      FFFFFFFF 
 2309      000000F8 
 2309      FFFFFF07 
 2309      000000E0 
 2310 9320 FFFF0300 			.word	0x0003FFFF, 0xFFFFFFFF, 0xFF000000, 0x0FFFFFFF, 0xC0000000
 2310      FFFFFFFF 
 2310      000000FF 
 2310      FFFFFF0F 
 2310      000000C0 
 2311 9334 FFFF0300 			.word	0x0003FFFF, 0xFFFFFFFF, 0xFFC00000, 0x1FFFFFFF, 0x80000000
 2311      FFFFFFFF 
 2311      0000C0FF 
 2311      FFFFFF1F 
 2311      00000080 
 2312 9348 FFFF0100 			.word	0x0001FFFF, 0xFFFFFFFF, 0xFFF80000, 0x7FFFFFFF, 0x00000000
 2312      FFFFFFFF 
 2312      0000F8FF 
 2312      FFFFFF7F 
 2312      00000000 
 2313 935c FFFF0100 			.word	0x0001FFFF, 0xFFFFFFFF, 0xFFFF0000, 0xFFFFFFFE, 0x00000000
 2313      FFFFFFFF 
 2313      0000FFFF 
 2313      FEFFFFFF 
 2313      00000000 
 2314 9370 FFFF0000 			.word	0x0000FFFF, 0xFFFFFFFF, 0xFFFFC001, 0xFFFFFFFC, 0x00000000
 2314      FFFFFFFF 
 2314      01C0FFFF 
 2314      FCFFFFFF 
 2314      00000000 
 2315 9384 FFFF0000 			.word	0x0000FFFF, 0xFFFFFFFF, 0xFFFFF807, 0xFFFFFFF8, 0x00000000
 2315      FFFFFFFF 
 2315      07F8FFFF 
 2315      F8FFFFFF 
 2315      00000000 
 2316 9398 FF7F0000 			.word	0x00007FFF, 0xFFFFFFFF, 0xFFFFFF1F, 0xFFFFFFF0, 0x00000000
 2316      FFFFFFFF 
 2316      1FFFFFFF 
 2316      F0FFFFFF 
 2316      00000000 
 2317 93ac FF7F0000 			.word	0x00007FFF, 0xFFFFFFFF, 0xFFFFFFFF, 0xFFFFFFE0, 0x00000000
 2317      FFFFFFFF 
 2317      FFFFFFFF 
 2317      E0FFFFFF 
 2317      00000000 
 2318 93c0 FF3F0000 			.word	0x00003FFF, 0xFFFFFFFF, 0xFFFFFFFF, 0xFFFFFFC0, 0x00000000
 2318      FFFFFFFF 
 2318      FFFFFFFF 
 2318      C0FFFFFF 
 2318      00000000 
 2319 93d4 FF1F0000 			.word	0x00001FFF, 0xFFFFFFFF, 0xFFFFFFFF, 0xFFFFFF00, 0x00000000
 2319      FFFFFFFF 
 2319      FFFFFFFF 
 2319      00FFFFFF 
 2319      00000000 
 2320 93e8 FF1F0000 			.word	0x00001FFF, 0xFFFFFFFF, 0xFFFFFFFF, 0xFFFFFE00, 0x00000000
 2320      FFFFFFFF 
ARM GAS  font_century238.s 			page 169


 2320      FFFFFFFF 
 2320      00FEFFFF 
 2320      00000000 
 2321 93fc FF0F0000 			.word	0x00000FFF, 0xFFFFFFFF, 0xFFFFFFFF, 0xFFFFFC00, 0x00000000
 2321      FFFFFFFF 
 2321      FFFFFFFF 
 2321      00FCFFFF 
 2321      00000000 
 2322 9410 FF070000 			.word	0x000007FF, 0xFFFFFFFF, 0xFFFFFFFF, 0xFFFFF000, 0x00000000
 2322      FFFFFFFF 
 2322      FFFFFFFF 
 2322      00F0FFFF 
 2322      00000000 
 2323 9424 FF030000 			.word	0x000003FF, 0xFFFFFFFF, 0xFFFFFFFF, 0xFFFFE000, 0x00000000
 2323      FFFFFFFF 
 2323      FFFFFFFF 
 2323      00E0FFFF 
 2323      00000000 
 2324 9438 FF010000 			.word	0x000001FF, 0xFFFFFFFF, 0xFFFFFFFF, 0xFFFF8000, 0x00000000
 2324      FFFFFFFF 
 2324      FFFFFFFF 
 2324      0080FFFF 
 2324      00000000 
 2325 944c FF010000 			.word	0x000001FF, 0xFFFFFFFF, 0xFFFFFFFF, 0xFFFF8000, 0x00000000
 2325      FFFFFFFF 
 2325      FFFFFFFF 
 2325      0080FFFF 
 2325      00000000 
 2326 9460 FF000000 			.word	0x000000FF, 0xFFFFFFFF, 0xFFFFFFFF, 0xFFFFE000, 0x00000000
 2326      FFFFFFFF 
 2326      FFFFFFFF 
 2326      00E0FFFF 
 2326      00000000 
 2327 9474 7F000000 			.word	0x0000007F, 0xFFFFFFFF, 0xFFFFFFFF, 0xFFFFF800, 0x00000000
 2327      FFFFFFFF 
 2327      FFFFFFFF 
 2327      00F8FFFF 
 2327      00000000 
 2328 9488 3F000000 			.word	0x0000003F, 0xFFFFFFFF, 0xFFFFFFFF, 0xFFFFFE00, 0x00000000
 2328      FFFFFFFF 
 2328      FFFFFFFF 
 2328      00FEFFFF 
 2328      00000000 
 2329 949c 0F000000 			.word	0x0000000F, 0xFFFFFFFF, 0xFFFFFFFF, 0xFFFFFF80, 0x00000000
 2329      FFFFFFFF 
 2329      FFFFFFFF 
 2329      80FFFFFF 
 2329      00000000 
 2330 94b0 07000000 			.word	0x00000007, 0xFFFFFFFF, 0xFFFFFFFF, 0xFFFFFFE0, 0x00000000
 2330      FFFFFFFF 
 2330      FFFFFFFF 
 2330      E0FFFFFF 
 2330      00000000 
 2331 94c4 03000000 			.word	0x00000003, 0xFFFFFFFF, 0xFFFFFFFF, 0xFFFFFFF0, 0x00000000
 2331      FFFFFFFF 
 2331      FFFFFFFF 
 2331      F0FFFFFF 
ARM GAS  font_century238.s 			page 170


 2331      00000000 
 2332 94d8 01000000 			.word	0x00000001, 0xFFFFFFFF, 0xFFFFFFFF, 0xFFFFFFFC, 0x00000000
 2332      FFFFFFFF 
 2332      FFFFFFFF 
 2332      FCFFFFFF 
 2332      00000000 
 2333 94ec 00000000 			.word	0x00000000, 0x7FFFFFFF, 0xFFFFFFFF, 0xFFFFFFFF, 0x00000000
 2333      FFFFFF7F 
 2333      FFFFFFFF 
 2333      FFFFFFFF 
 2333      00000000 
 2334 9500 00000000 			.word	0x00000000, 0x3FFFFFFF, 0xFFFFFFFF, 0xFFFFFFFF, 0x80000000
 2334      FFFFFF3F 
 2334      FFFFFFFF 
 2334      FFFFFFFF 
 2334      00000080 
 2335 9514 00000000 			.word	0x00000000, 0x0FFFFFFF, 0xFFFFFFFF, 0xFFFFFFFF, 0xC0000000
 2335      FFFFFF0F 
 2335      FFFFFFFF 
 2335      FFFFFFFF 
 2335      000000C0 
 2336 9528 00000000 			.word	0x00000000, 0x07FFFFFF, 0xFFFFFFFF, 0xFFFFFFFF, 0xF0000000
 2336      FFFFFF07 
 2336      FFFFFFFF 
 2336      FFFFFFFF 
 2336      000000F0 
 2337 953c 00000000 			.word	0x00000000, 0x01FFFFFF, 0xFFFFFFFF, 0xFFFFFFFF, 0xF8000000
 2337      FFFFFF01 
 2337      FFFFFFFF 
 2337      FFFFFFFF 
 2337      000000F8 
 2338 9550 00000000 			.word	0x00000000, 0x00FFFFFF, 0xFFFFFFFF, 0xFFFFFFFF, 0xFC000000
 2338      FFFFFF00 
 2338      FFFFFFFF 
 2338      FFFFFFFF 
 2338      000000FC 
 2339 9564 00000000 			.word	0x00000000, 0x003FFFFF, 0xFFFFFFFF, 0xFFFFFFFF, 0xFE000000
 2339      FFFF3F00 
 2339      FFFFFFFF 
 2339      FFFFFFFF 
 2339      000000FE 
 2340 9578 00000000 			.word	0x00000000, 0x007FFFFF, 0xFFFFFFFF, 0xFFFFFFFF, 0xFF000000
 2340      FFFF7F00 
 2340      FFFFFFFF 
 2340      FFFFFFFF 
 2340      000000FF 
 2341 958c 00000000 			.word	0x00000000, 0x01FFFFFF, 0xFFFFFFFF, 0xFFFFFFFF, 0xFF800000
 2341      FFFFFF01 
 2341      FFFFFFFF 
 2341      FFFFFFFF 
 2341      000080FF 
 2342 95a0 00000000 			.word	0x00000000, 0x0FFFFFFF, 0xFFFFFFFF, 0xFFFFFFFF, 0xFFC00000
 2342      FFFFFF0F 
 2342      FFFFFFFF 
 2342      FFFFFFFF 
 2342      0000C0FF 
 2343 95b4 00000000 			.word	0x00000000, 0x3FFFFFFF, 0xFFFFFFFF, 0xFFFFFFFF, 0xFFE00000
ARM GAS  font_century238.s 			page 171


 2343      FFFFFF3F 
 2343      FFFFFFFF 
 2343      FFFFFFFF 
 2343      0000E0FF 
 2344 95c8 00000000 			.word	0x00000000, 0xFFFFFFFF, 0xFFFFFFFF, 0xFFFFFFFF, 0xFFF00000
 2344      FFFFFFFF 
 2344      FFFFFFFF 
 2344      FFFFFFFF 
 2344      0000F0FF 
 2345 95dc 03000000 			.word	0x00000003, 0xFFFFFFFF, 0xFFFFFFFF, 0xFFFFFFFF, 0xFFF80000
 2345      FFFFFFFF 
 2345      FFFFFFFF 
 2345      FFFFFFFF 
 2345      0000F8FF 
 2346 95f0 0F000000 			.word	0x0000000F, 0xFFFFFFFF, 0xFFFFFFFF, 0xFFFFFFFF, 0xFFF80000
 2346      FFFFFFFF 
 2346      FFFFFFFF 
 2346      FFFFFFFF 
 2346      0000F8FF 
 2347 9604 1F000000 			.word	0x0000001F, 0xFFFFFFFF, 0xFFFFFFFF, 0xFFFFFFFF, 0xFFFC0000
 2347      FFFFFFFF 
 2347      FFFFFFFF 
 2347      FFFFFFFF 
 2347      0000FCFF 
 2348 9618 7F000000 			.word	0x0000007F, 0xFFFFFFFF, 0xFFFFFFFF, 0xFFFFFFFF, 0xFFFE0000
 2348      FFFFFFFF 
 2348      FFFFFFFF 
 2348      FFFFFFFF 
 2348      0000FEFF 
 2349 962c FF010000 			.word	0x000001FF, 0xFFFFFFFE, 0x1FFFFFFF, 0xFFFFFFFF, 0xFFFF0000
 2349      FEFFFFFF 
 2349      FFFFFF1F 
 2349      FFFFFFFF 
 2349      0000FFFF 
 2350 9640 FF030000 			.word	0x000003FF, 0xFFFFFFF8, 0x03FFFFFF, 0xFFFFFFFF, 0xFFFF0000
 2350      F8FFFFFF 
 2350      FFFFFF03 
 2350      FFFFFFFF 
 2350      0000FFFF 
 2351 9654 FF0F0000 			.word	0x00000FFF, 0xFFFFFFE0, 0x00FFFFFF, 0xFFFFFFFF, 0xFFFF8000
 2351      E0FFFFFF 
 2351      FFFFFF00 
 2351      FFFFFFFF 
 2351      0080FFFF 
 2352 9668 FF1F0000 			.word	0x00001FFF, 0xFFFFFF80, 0x001FFFFF, 0xFFFFFFFF, 0xFFFF8000
 2352      80FFFFFF 
 2352      FFFF1F00 
 2352      FFFFFFFF 
 2352      0080FFFF 
 2353 967c FF3F0000 			.word	0x00003FFF, 0xFFFFFE00, 0x0007FFFF, 0xFFFFFFFF, 0xFFFFC000
 2353      00FEFFFF 
 2353      FFFF0700 
 2353      FFFFFFFF 
 2353      00C0FFFF 
 2354 9690 FF7F0000 			.word	0x00007FFF, 0xFFFFF800, 0x0000FFFF, 0xFFFFFFFF, 0xFFFFC000
 2354      00F8FFFF 
 2354      FFFF0000 
ARM GAS  font_century238.s 			page 172


 2354      FFFFFFFF 
 2354      00C0FFFF 
 2355 96a4 FFFF0100 			.word	0x0001FFFF, 0xFFFFF000, 0x00003FFF, 0xFFFFFFFF, 0xFFFFE000
 2355      00F0FFFF 
 2355      FF3F0000 
 2355      FFFFFFFF 
 2355      00E0FFFF 
 2356 96b8 FFFF0300 			.word	0x0003FFFF, 0xFFFFC000, 0x000007FF, 0xFFFFFFFF, 0xFFFFE000
 2356      00C0FFFF 
 2356      FF070000 
 2356      FFFFFFFF 
 2356      00E0FFFF 
 2357 96cc FFFF0700 			.word	0x0007FFFF, 0xFFFF8000, 0x000001FF, 0xFFFFFFFF, 0xFFFFF000
 2357      0080FFFF 
 2357      FF010000 
 2357      FFFFFFFF 
 2357      00F0FFFF 
 2358 96e0 FFFF0F00 			.word	0x000FFFFF, 0xFFFE0000, 0x0000007F, 0xFFFFFFFF, 0xFFFFF000
 2358      0000FEFF 
 2358      7F000000 
 2358      FFFFFFFF 
 2358      00F0FFFF 
 2359 96f4 FFFF0F00 			.word	0x000FFFFF, 0xFFFC0000, 0x0000000F, 0xFFFFFFFF, 0xFFFFF800
 2359      0000FCFF 
 2359      0F000000 
 2359      FFFFFFFF 
 2359      00F8FFFF 
 2360 9708 FFFF1F00 			.word	0x001FFFFF, 0xFFF80000, 0x00000003, 0xFFFFFFFF, 0xFFFFF800
 2360      0000F8FF 
 2360      03000000 
 2360      FFFFFFFF 
 2360      00F8FFFF 
 2361 971c FFFF3F00 			.word	0x003FFFFF, 0xFFE00000, 0x00000000, 0xFFFFFFFF, 0xFFFFF800
 2361      0000E0FF 
 2361      00000000 
 2361      FFFFFFFF 
 2361      00F8FFFF 
 2362 9730 FFFF7F00 			.word	0x007FFFFF, 0xFFC00000, 0x00000000, 0x3FFFFFFF, 0xFFFFFC00
 2362      0000C0FF 
 2362      00000000 
 2362      FFFFFF3F 
 2362      00FCFFFF 
 2363 9744 FFFFFF00 			.word	0x00FFFFFF, 0xFF800000, 0x00000000, 0x0FFFFFFF, 0xFFFFFC00
 2363      000080FF 
 2363      00000000 
 2363      FFFFFF0F 
 2363      00FCFFFF 
 2364 9758 FFFFFF00 			.word	0x00FFFFFF, 0xFF000000, 0x00000000, 0x03FFFFFF, 0xFFFFFC00
 2364      000000FF 
 2364      00000000 
 2364      FFFFFF03 
 2364      00FCFFFF 
 2365 976c FFFFFF01 			.word	0x01FFFFFF, 0xFE000000, 0x00000000, 0x00FFFFFF, 0xFFFFFC00
 2365      000000FE 
 2365      00000000 
 2365      FFFFFF00 
 2365      00FCFFFF 
ARM GAS  font_century238.s 			page 173


 2366 9780 FFFFFF01 			.word	0x01FFFFFF, 0xFC000000, 0x00000000, 0x003FFFFF, 0xFFFFFE00
 2366      000000FC 
 2366      00000000 
 2366      FFFF3F00 
 2366      00FEFFFF 
 2367 9794 FFFFFF03 			.word	0x03FFFFFF, 0xFC000000, 0x00000000, 0x000FFFFF, 0xFFFFFE00
 2367      000000FC 
 2367      00000000 
 2367      FFFF0F00 
 2367      00FEFFFF 
 2368 97a8 FFFFFF07 			.word	0x07FFFFFF, 0xF8000000, 0x00000000, 0x0007FFFF, 0xFFFFFE00
 2368      000000F8 
 2368      00000000 
 2368      FFFF0700 
 2368      00FEFFFF 
 2369 97bc FFFFFF07 			.word	0x07FFFFFF, 0xF0000000, 0x00000000, 0x0001FFFF, 0xFFFFFE00
 2369      000000F0 
 2369      00000000 
 2369      FFFF0100 
 2369      00FEFFFF 
 2370 97d0 FFFFFF0F 			.word	0x0FFFFFFF, 0xF0000000, 0x00000000, 0x00007FFF, 0xFFFFFE00
 2370      000000F0 
 2370      00000000 
 2370      FF7F0000 
 2370      00FEFFFF 
 2371 97e4 FFFFFF0F 			.word	0x0FFFFFFF, 0xE0000000, 0x00000000, 0x00003FFF, 0xFFFFFF00
 2371      000000E0 
 2371      00000000 
 2371      FF3F0000 
 2371      00FFFFFF 
 2372 97f8 FFFFFF1F 			.word	0x1FFFFFFF, 0xC0000000, 0x00000000, 0x00001FFF, 0xFFFFFF00
 2372      000000C0 
 2372      00000000 
 2372      FF1F0000 
 2372      00FFFFFF 
 2373 980c FFFFFF1F 			.word	0x1FFFFFFF, 0xC0000000, 0x00000000, 0x00000FFF, 0xFFFFFF00
 2373      000000C0 
 2373      00000000 
 2373      FF0F0000 
 2373      00FFFFFF 
 2374 9820 FFFFFF1F 			.word	0x1FFFFFFF, 0x80000000, 0x00000000, 0x000007FF, 0xFFFFFF00
 2374      00000080 
 2374      00000000 
 2374      FF070000 
 2374      00FFFFFF 
 2375 9834 FFFFFF3F 			.word	0x3FFFFFFF, 0x80000000, 0x00000000, 0x000003FF, 0xFFFFFF00
 2375      00000080 
 2375      00000000 
 2375      FF030000 
 2375      00FFFFFF 
 2376 9848 FFFFFF3F 			.word	0x3FFFFFFF, 0x80000000, 0x00000000, 0x000001FF, 0xFFFFFF00
 2376      00000080 
 2376      00000000 
 2376      FF010000 
 2376      00FFFFFF 
 2377 985c FFFFFF3F 			.word	0x3FFFFFFF, 0x00000000, 0x00000000, 0x000000FF, 0xFFFFFF00
 2377      00000000 
ARM GAS  font_century238.s 			page 174


 2377      00000000 
 2377      FF000000 
 2377      00FFFFFF 
 2378 9870 FFFFFF7F 			.word	0x7FFFFFFF, 0x00000000, 0x00000000, 0x000000FF, 0xFFFFFF00
 2378      00000000 
 2378      00000000 
 2378      FF000000 
 2378      00FFFFFF 
 2379 9884 FEFFFF7F 			.word	0x7FFFFFFE, 0x00000000, 0x00000000, 0x0000007F, 0xFFFFFF00
 2379      00000000 
 2379      00000000 
 2379      7F000000 
 2379      00FFFFFF 
 2380 9898 FEFFFF7F 			.word	0x7FFFFFFE, 0x00000000, 0x00000000, 0x0000007F, 0xFFFFFF00
 2380      00000000 
 2380      00000000 
 2380      7F000000 
 2380      00FFFFFF 
 2381 98ac FEFFFF7F 			.word	0x7FFFFFFE, 0x00000000, 0x00000000, 0x0000003F, 0xFFFFFF00
 2381      00000000 
 2381      00000000 
 2381      3F000000 
 2381      00FFFFFF 
 2382 98c0 FEFFFF7F 			.word	0x7FFFFFFE, 0x00000000, 0x00000000, 0x0000003F, 0xFFFFFF00
 2382      00000000 
 2382      00000000 
 2382      3F000000 
 2382      00FFFFFF 
 2383 98d4 FCFFFFFF 			.word	0xFFFFFFFC, 0x00000000, 0x00000000, 0x0000001F, 0xFFFFFF00
 2383      00000000 
 2383      00000000 
 2383      1F000000 
 2383      00FFFFFF 
 2384 98e8 FCFFFFFF 			.word	0xFFFFFFFC, 0x00000000, 0x00000000, 0x0000001F, 0xFFFFFF00
 2384      00000000 
 2384      00000000 
 2384      1F000000 
 2384      00FFFFFF 
 2385 98fc FCFFFFFF 			.word	0xFFFFFFFC, 0x00000000, 0x00000000, 0x0000001F, 0xFFFFFF00
 2385      00000000 
 2385      00000000 
 2385      1F000000 
 2385      00FFFFFF 
 2386 9910 FCFFFFFF 			.word	0xFFFFFFFC, 0x00000000, 0x00000000, 0x0000000F, 0xFFFFFF00
 2386      00000000 
 2386      00000000 
 2386      0F000000 
 2386      00FFFFFF 
 2387 9924 FCFFFFFF 			.word	0xFFFFFFFC, 0x00000000, 0x00000000, 0x0000000F, 0xFFFFFF00
 2387      00000000 
 2387      00000000 
 2387      0F000000 
 2387      00FFFFFF 
 2388 9938 FCFFFFFF 			.word	0xFFFFFFFC, 0x00000000, 0x00000000, 0x0000000F, 0xFFFFFF00
 2388      00000000 
 2388      00000000 
 2388      0F000000 
ARM GAS  font_century238.s 			page 175


 2388      00FFFFFF 
 2389 994c F8FFFFFF 			.word	0xFFFFFFF8, 0x00000000, 0x00000000, 0x0000000F, 0xFFFFFF00
 2389      00000000 
 2389      00000000 
 2389      0F000000 
 2389      00FFFFFF 
 2390 9960 F8FFFFFF 			.word	0xFFFFFFF8, 0x00000000, 0x00000000, 0x0000000F, 0xFFFFFF00
 2390      00000000 
 2390      00000000 
 2390      0F000000 
 2390      00FFFFFF 
 2391 9974 F8FFFFFF 			.word	0xFFFFFFF8, 0x00000000, 0x00000000, 0x0000000F, 0xFFFFFF00
 2391      00000000 
 2391      00000000 
 2391      0F000000 
 2391      00FFFFFF 
 2392 9988 F8FFFFFF 			.word	0xFFFFFFF8, 0x00000000, 0x00000000, 0x00000007, 0xFFFFFF00
 2392      00000000 
 2392      00000000 
 2392      07000000 
 2392      00FFFFFF 
 2393 999c F8FFFFFF 			.word	0xFFFFFFF8, 0x00000000, 0x00000000, 0x00000007, 0xFFFFFF00
 2393      00000000 
 2393      00000000 
 2393      07000000 
 2393      00FFFFFF 
 2394 99b0 F8FFFFFF 			.word	0xFFFFFFF8, 0x00000000, 0x00000000, 0x00000007, 0xFFFFFF00
 2394      00000000 
 2394      00000000 
 2394      07000000 
 2394      00FFFFFF 
 2395 99c4 F8FFFFFF 			.word	0xFFFFFFF8, 0x00000000, 0x00000000, 0x00000007, 0xFFFFFE00
 2395      00000000 
 2395      00000000 
 2395      07000000 
 2395      00FEFFFF 
 2396 99d8 FCFFFFFF 			.word	0xFFFFFFFC, 0x00000000, 0x00000000, 0x00000007, 0xFFFFFE00
 2396      00000000 
 2396      00000000 
 2396      07000000 
 2396      00FEFFFF 
 2397 99ec FCFFFFFF 			.word	0xFFFFFFFC, 0x00000000, 0x00000000, 0x00000007, 0xFFFFFE00
 2397      00000000 
 2397      00000000 
 2397      07000000 
 2397      00FEFFFF 
 2398 9a00 FCFFFFFF 			.word	0xFFFFFFFC, 0x00000000, 0x00000000, 0x0000000F, 0xFFFFFE00
 2398      00000000 
 2398      00000000 
 2398      0F000000 
 2398      00FEFFFF 
 2399 9a14 FCFFFFFF 			.word	0xFFFFFFFC, 0x00000000, 0x00000000, 0x0000000F, 0xFFFFFE00
 2399      00000000 
 2399      00000000 
 2399      0F000000 
 2399      00FEFFFF 
 2400 9a28 FCFFFFFF 			.word	0xFFFFFFFC, 0x00000000, 0x00000000, 0x0000000F, 0xFFFFFC00
ARM GAS  font_century238.s 			page 176


 2400      00000000 
 2400      00000000 
 2400      0F000000 
 2400      00FCFFFF 
 2401 9a3c FCFFFFFF 			.word	0xFFFFFFFC, 0x00000000, 0x00000000, 0x0000000F, 0xFFFFFC00
 2401      00000000 
 2401      00000000 
 2401      0F000000 
 2401      00FCFFFF 
 2402 9a50 FCFFFFFF 			.word	0xFFFFFFFC, 0x00000000, 0x00000000, 0x0000000F, 0xFFFFFC00
 2402      00000000 
 2402      00000000 
 2402      0F000000 
 2402      00FCFFFF 
 2403 9a64 FEFFFFFF 			.word	0xFFFFFFFE, 0x00000000, 0x00000000, 0x0000000F, 0xFFFFFC00
 2403      00000000 
 2403      00000000 
 2403      0F000000 
 2403      00FCFFFF 
 2404 9a78 FEFFFFFF 			.word	0xFFFFFFFE, 0x00000000, 0x00000000, 0x0000001F, 0xFFFFF800
 2404      00000000 
 2404      00000000 
 2404      1F000000 
 2404      00F8FFFF 
 2405 9a8c FEFFFF7F 			.word	0x7FFFFFFE, 0x00000000, 0x00000000, 0x0000001F, 0xFFFFF800
 2405      00000000 
 2405      00000000 
 2405      1F000000 
 2405      00F8FFFF 
 2406 9aa0 FEFFFF7F 			.word	0x7FFFFFFE, 0x00000000, 0x00000000, 0x0000001F, 0xFFFFF800
 2406      00000000 
 2406      00000000 
 2406      1F000000 
 2406      00F8FFFF 
 2407 9ab4 FFFFFF7F 			.word	0x7FFFFFFF, 0x00000000, 0x00000000, 0x0000003F, 0xFFFFF000
 2407      00000000 
 2407      00000000 
 2407      3F000000 
 2407      00F0FFFF 
 2408 9ac8 FFFFFF7F 			.word	0x7FFFFFFF, 0x00000000, 0x00000000, 0x0000003F, 0xFFFFF000
 2408      00000000 
 2408      00000000 
 2408      3F000000 
 2408      00F0FFFF 
 2409 9adc FFFFFF3F 			.word	0x3FFFFFFF, 0x00000000, 0x00000000, 0x0000003F, 0xFFFFF000
 2409      00000000 
 2409      00000000 
 2409      3F000000 
 2409      00F0FFFF 
 2410 9af0 FFFFFF3F 			.word	0x3FFFFFFF, 0x80000000, 0x00000000, 0x0000007F, 0xFFFFE000
 2410      00000080 
 2410      00000000 
 2410      7F000000 
 2410      00E0FFFF 
 2411 9b04 FFFFFF3F 			.word	0x3FFFFFFF, 0x80000000, 0x00000000, 0x0000007F, 0xFFFFE000
 2411      00000080 
 2411      00000000 
ARM GAS  font_century238.s 			page 177


 2411      7F000000 
 2411      00E0FFFF 
 2412 9b18 FFFFFF1F 			.word	0x1FFFFFFF, 0xC0000000, 0x00000000, 0x000000FF, 0xFFFFC000
 2412      000000C0 
 2412      00000000 
 2412      FF000000 
 2412      00C0FFFF 
 2413 9b2c FFFFFF1F 			.word	0x1FFFFFFF, 0xC0000000, 0x00000000, 0x000001FF, 0xFFFFC000
 2413      000000C0 
 2413      00000000 
 2413      FF010000 
 2413      00C0FFFF 
 2414 9b40 FFFFFF1F 			.word	0x1FFFFFFF, 0xE0000000, 0x00000000, 0x000001FF, 0xFFFF8000
 2414      000000E0 
 2414      00000000 
 2414      FF010000 
 2414      0080FFFF 
 2415 9b54 FFFFFF0F 			.word	0x0FFFFFFF, 0xE0000000, 0x00000000, 0x000003FF, 0xFFFF8000
 2415      000000E0 
 2415      00000000 
 2415      FF030000 
 2415      0080FFFF 
 2416 9b68 FFFFFF0F 			.word	0x0FFFFFFF, 0xF0000000, 0x00000000, 0x000007FF, 0xFFFF0000
 2416      000000F0 
 2416      00000000 
 2416      FF070000 
 2416      0000FFFF 
 2417 9b7c FFFFFF07 			.word	0x07FFFFFF, 0xF8000000, 0x00000000, 0x000007FF, 0xFFFF0000
 2417      000000F8 
 2417      00000000 
 2417      FF070000 
 2417      0000FFFF 
 2418 9b90 FFFFFF07 			.word	0x07FFFFFF, 0xF8000000, 0x00000000, 0x00000FFF, 0xFFFE0000
 2418      000000F8 
 2418      00000000 
 2418      FF0F0000 
 2418      0000FEFF 
 2419 9ba4 FFFFFF03 			.word	0x03FFFFFF, 0xFC000000, 0x00000000, 0x00001FFF, 0xFFFE0000
 2419      000000FC 
 2419      00000000 
 2419      FF1F0000 
 2419      0000FEFF 
 2420 9bb8 FFFFFF03 			.word	0x03FFFFFF, 0xFE000000, 0x00000000, 0x00003FFF, 0xFFFC0000
 2420      000000FE 
 2420      00000000 
 2420      FF3F0000 
 2420      0000FCFF 
 2421 9bcc FFFFFF01 			.word	0x01FFFFFF, 0xFF000000, 0x00000000, 0x00007FFF, 0xFFF80000
 2421      000000FF 
 2421      00000000 
 2421      FF7F0000 
 2421      0000F8FF 
 2422 9be0 FFFFFF01 			.word	0x01FFFFFF, 0xFF800000, 0x00000000, 0x0000FFFF, 0xFFF80000
 2422      000080FF 
 2422      00000000 
 2422      FFFF0000 
 2422      0000F8FF 
ARM GAS  font_century238.s 			page 178


 2423 9bf4 FFFFFF00 			.word	0x00FFFFFF, 0xFFC00000, 0x00000000, 0x0001FFFF, 0xFFF00000
 2423      0000C0FF 
 2423      00000000 
 2423      FFFF0100 
 2423      0000F0FF 
 2424 9c08 FFFF7F00 			.word	0x007FFFFF, 0xFFE00000, 0x00000000, 0x0003FFFF, 0xFFE00000
 2424      0000E0FF 
 2424      00000000 
 2424      FFFF0300 
 2424      0000E0FF 
 2425 9c1c FFFF7F00 			.word	0x007FFFFF, 0xFFF00000, 0x00000000, 0x000FFFFF, 0xFFE00000
 2425      0000F0FF 
 2425      00000000 
 2425      FFFF0F00 
 2425      0000E0FF 
 2426 9c30 FFFF3F00 			.word	0x003FFFFF, 0xFFFC0000, 0x00000000, 0x001FFFFF, 0xFFC00000
 2426      0000FCFF 
 2426      00000000 
 2426      FFFF1F00 
 2426      0000C0FF 
 2427 9c44 FFFF1F00 			.word	0x001FFFFF, 0xFFFE0000, 0x00000000, 0x007FFFFF, 0xFF800000
 2427      0000FEFF 
 2427      00000000 
 2427      FFFF7F00 
 2427      000080FF 
 2428 9c58 FFFF0F00 			.word	0x000FFFFF, 0xFFFF8000, 0x00000000, 0x01FFFFFF, 0xFF000000
 2428      0080FFFF 
 2428      00000000 
 2428      FFFFFF01 
 2428      000000FF 
 2429 9c6c FFFF0700 			.word	0x0007FFFF, 0xFFFFE000, 0x00000000, 0x07FFFFFF, 0xFE000000
 2429      00E0FFFF 
 2429      00000000 
 2429      FFFFFF07 
 2429      000000FE 
 2430 9c80 FFFF0700 			.word	0x0007FFFF, 0xFFFFF800, 0x00000000, 0x1FFFFFFF, 0xFC000000
 2430      00F8FFFF 
 2430      00000000 
 2430      FFFFFF1F 
 2430      000000FC 
 2431 9c94 FFFF0300 			.word	0x0003FFFF, 0xFFFFFF00, 0x00000000, 0xFFFFFFFF, 0xF8000000
 2431      00FFFFFF 
 2431      00000000 
 2431      FFFFFFFF 
 2431      000000F8 
 2432 9ca8 FFFF0100 			.word	0x0001FFFF, 0xFFFFFFE0, 0x00000007, 0xFFFFFFFF, 0xF0000000
 2432      E0FFFFFF 
 2432      07000000 
 2432      FFFFFFFF 
 2432      000000F0 
 2433 9cbc FFFF0000 			.word	0x0000FFFF, 0xFFFFFFFE, 0x000000FF, 0xFFFFFFFF, 0xE0000000
 2433      FEFFFFFF 
 2433      FF000000 
 2433      FFFFFFFF 
 2433      000000E0 
 2434 9cd0 FF3F0000 			.word	0x00003FFF, 0xFFFFFFFF, 0xFE01FFFF, 0xFFFFFFFF, 0xC0000000
 2434      FFFFFFFF 
ARM GAS  font_century238.s 			page 179


 2434      FFFF01FE 
 2434      FFFFFFFF 
 2434      000000C0 
 2435 9ce4 FF1F0000 			.word	0x00001FFF, 0xFFFFFFFF, 0xFFFFFFFF, 0xFFFFFFFF, 0x80000000
 2435      FFFFFFFF 
 2435      FFFFFFFF 
 2435      FFFFFFFF 
 2435      00000080 
 2436 9cf8 FF0F0000 			.word	0x00000FFF, 0xFFFFFFFF, 0xFFFFFFFF, 0xFFFFFFFF, 0x00000000
 2436      FFFFFFFF 
 2436      FFFFFFFF 
 2436      FFFFFFFF 
 2436      00000000 
 2437 9d0c FF070000 			.word	0x000007FF, 0xFFFFFFFF, 0xFFFFFFFF, 0xFFFFFFFE, 0x00000000
 2437      FFFFFFFF 
 2437      FFFFFFFF 
 2437      FEFFFFFF 
 2437      00000000 
 2438 9d20 FF010000 			.word	0x000001FF, 0xFFFFFFFF, 0xFFFFFFFF, 0xFFFFFFF8, 0x00000000
 2438      FFFFFFFF 
 2438      FFFFFFFF 
 2438      F8FFFFFF 
 2438      00000000 
 2439 9d34 FF000000 			.word	0x000000FF, 0xFFFFFFFF, 0xFFFFFFFF, 0xFFFFFFF0, 0x00000000
 2439      FFFFFFFF 
 2439      FFFFFFFF 
 2439      F0FFFFFF 
 2439      00000000 
 2440 9d48 7F000000 			.word	0x0000007F, 0xFFFFFFFF, 0xFFFFFFFF, 0xFFFFFFC0, 0x00000000
 2440      FFFFFFFF 
 2440      FFFFFFFF 
 2440      C0FFFFFF 
 2440      00000000 
 2441 9d5c 1F000000 			.word	0x0000001F, 0xFFFFFFFF, 0xFFFFFFFF, 0xFFFFFF80, 0x00000000
 2441      FFFFFFFF 
 2441      FFFFFFFF 
 2441      80FFFFFF 
 2441      00000000 
 2442 9d70 07000000 			.word	0x00000007, 0xFFFFFFFF, 0xFFFFFFFF, 0xFFFFFE00, 0x00000000
 2442      FFFFFFFF 
 2442      FFFFFFFF 
 2442      00FEFFFF 
 2442      00000000 
 2443 9d84 01000000 			.word	0x00000001, 0xFFFFFFFF, 0xFFFFFFFF, 0xFFFFF800, 0x00000000
 2443      FFFFFFFF 
 2443      FFFFFFFF 
 2443      00F8FFFF 
 2443      00000000 
 2444 9d98 00000000 			.word	0x00000000, 0x7FFFFFFF, 0xFFFFFFFF, 0xFFFFE000, 0x00000000
 2444      FFFFFF7F 
 2444      FFFFFFFF 
 2444      00E0FFFF 
 2444      00000000 
 2445 9dac 00000000 			.word	0x00000000, 0x1FFFFFFF, 0xFFFFFFFF, 0xFFFF8000, 0x00000000
 2445      FFFFFF1F 
 2445      FFFFFFFF 
 2445      0080FFFF 
ARM GAS  font_century238.s 			page 180


 2445      00000000 
 2446 9dc0 00000000 			.word	0x00000000, 0x03FFFFFF, 0xFFFFFFFF, 0xFFFE0000, 0x00000000
 2446      FFFFFF03 
 2446      FFFFFFFF 
 2446      0000FEFF 
 2446      00000000 
 2447 9dd4 00000000 			.word	0x00000000, 0x00FFFFFF, 0xFFFFFFFF, 0xFFF00000, 0x00000000
 2447      FFFFFF00 
 2447      FFFFFFFF 
 2447      0000F0FF 
 2447      00000000 
 2448 9de8 00000000 			.word	0x00000000, 0x000FFFFF, 0xFFFFFFFF, 0xFF800000, 0x00000000
 2448      FFFF0F00 
 2448      FFFFFFFF 
 2448      000080FF 
 2448      00000000 
 2449 9dfc 00000000 			.word	0x00000000, 0x0001FFFF, 0xFFFFFFFF, 0xF8000000, 0x00000000
 2449      FFFF0100 
 2449      FFFFFFFF 
 2449      000000F8 
 2449      00000000 
 2450 9e10 00000000 			.word	0x00000000, 0x00000FFF, 0xFFFFFFFF, 0x80000000, 0x00000000
 2450      FF0F0000 
 2450      FFFFFFFF 
 2450      00000080 
 2450      00000000 
 2451 9e24 00000000 			.word	0x00000000, 0x0000001F, 0xFFFFFFC0, 0x00000000, 0x00000000
 2451      1F000000 
 2451      C0FFFFFF 
 2451      00000000 
 2451      00000000 
 2452              	
 2453              	NINE:
 2454 9e38 39000000 			.word	'9			// ASCII "9" character
 2455 9e3c B1000000 			.word	CELLWDTH		// cell pixel width
 2456 9e40 7D010000 			.word	CELLHGHT		// cell pixel height
 2457 9e44 96000000 			.word	150			// glyph pixel width
 2458 9e48 E0000000 			.word	224			// glyph pixel height
 2459 9e4c 0D000000 			.word	13			// blank horizontal pixels before glyph
 2460 9e50 0E000000 			.word	14			// blank horizontal pixels after glyph
 2461 9e54 5D000000 			.word	93			// blank horizontal lines before glyph
 2462 9e58 40000000 			.word	64			// blank horizontal lines after glyph
 2463              							// bit mapped glyph
 2464 9e5c 00000000 			.word	0x00000000, 0x0000000F, 0xFFFFFC00, 0x00000000, 0x00000000
 2464      0F000000 
 2464      00FCFFFF 
 2464      00000000 
 2464      00000000 
 2465 9e70 00000000 			.word	0x00000000, 0x000001FF, 0xFFFFFFE0, 0x00000000, 0x00000000
 2465      FF010000 
 2465      E0FFFFFF 
 2465      00000000 
 2465      00000000 
 2466 9e84 00000000 			.word	0x00000000, 0x00001FFF, 0xFFFFFFFE, 0x00000000, 0x00000000
 2466      FF1F0000 
 2466      FEFFFFFF 
 2466      00000000 
ARM GAS  font_century238.s 			page 181


 2466      00000000 
 2467 9e98 00000000 			.word	0x00000000, 0x0000FFFF, 0xFFFFFFFF, 0xC0000000, 0x00000000
 2467      FFFF0000 
 2467      FFFFFFFF 
 2467      000000C0 
 2467      00000000 
 2468 9eac 00000000 			.word	0x00000000, 0x0007FFFF, 0xFFFFFFFF, 0xF8000000, 0x00000000
 2468      FFFF0700 
 2468      FFFFFFFF 
 2468      000000F8 
 2468      00000000 
 2469 9ec0 00000000 			.word	0x00000000, 0x001FFFFF, 0xFFFFFFFF, 0xFE000000, 0x00000000
 2469      FFFF1F00 
 2469      FFFFFFFF 
 2469      000000FE 
 2469      00000000 
 2470 9ed4 00000000 			.word	0x00000000, 0x007FFFFF, 0xFFFFFFFF, 0xFF800000, 0x00000000
 2470      FFFF7F00 
 2470      FFFFFFFF 
 2470      000080FF 
 2470      00000000 
 2471 9ee8 00000000 			.word	0x00000000, 0x01FFFFFF, 0xFFFFFFFF, 0xFFE00000, 0x00000000
 2471      FFFFFF01 
 2471      FFFFFFFF 
 2471      0000E0FF 
 2471      00000000 
 2472 9efc 00000000 			.word	0x00000000, 0x07FFFFFF, 0xFFFFFFFF, 0xFFF80000, 0x00000000
 2472      FFFFFF07 
 2472      FFFFFFFF 
 2472      0000F8FF 
 2472      00000000 
 2473 9f10 00000000 			.word	0x00000000, 0x1FFFFFFF, 0xFFFFFFFF, 0xFFFE0000, 0x00000000
 2473      FFFFFF1F 
 2473      FFFFFFFF 
 2473      0000FEFF 
 2473      00000000 
 2474 9f24 00000000 			.word	0x00000000, 0x3FFFFFFF, 0xFFFFFFFF, 0xFFFF0000, 0x00000000
 2474      FFFFFF3F 
 2474      FFFFFFFF 
 2474      0000FFFF 
 2474      00000000 
 2475 9f38 00000000 			.word	0x00000000, 0xFFFFFFFF, 0xFFFFFFFF, 0xFFFFC000, 0x00000000
 2475      FFFFFFFF 
 2475      FFFFFFFF 
 2475      00C0FFFF 
 2475      00000000 
 2476 9f4c 01000000 			.word	0x00000001, 0xFFFFFFFF, 0xFFFFFFFF, 0xFFFFE000, 0x00000000
 2476      FFFFFFFF 
 2476      FFFFFFFF 
 2476      00E0FFFF 
 2476      00000000 
 2477 9f60 07000000 			.word	0x00000007, 0xFFFFFFFF, 0xFFFFFFFF, 0xFFFFF000, 0x00000000
 2477      FFFFFFFF 
 2477      FFFFFFFF 
 2477      00F0FFFF 
 2477      00000000 
 2478 9f74 0F000000 			.word	0x0000000F, 0xFFFFFFFF, 0xFFFFFFFF, 0xFFFFF800, 0x00000000
ARM GAS  font_century238.s 			page 182


 2478      FFFFFFFF 
 2478      FFFFFFFF 
 2478      00F8FFFF 
 2478      00000000 
 2479 9f88 1F000000 			.word	0x0000001F, 0xFFFFFFFF, 0xFFFFFFFF, 0xFFFFFE00, 0x00000000
 2479      FFFFFFFF 
 2479      FFFFFFFF 
 2479      00FEFFFF 
 2479      00000000 
 2480 9f9c 3F000000 			.word	0x0000003F, 0xFFFFFFFF, 0xFFFFFFFF, 0xFFFFFF00, 0x00000000
 2480      FFFFFFFF 
 2480      FFFFFFFF 
 2480      00FFFFFF 
 2480      00000000 
 2481 9fb0 7F000000 			.word	0x0000007F, 0xFFFFFFFF, 0xFF1FFFFF, 0xFFFFFF80, 0x00000000
 2481      FFFFFFFF 
 2481      FFFF1FFF 
 2481      80FFFFFF 
 2481      00000000 
 2482 9fc4 FF010000 			.word	0x000001FF, 0xFFFFFFFF, 0xC000FFFF, 0xFFFFFFC0, 0x00000000
 2482      FFFFFFFF 
 2482      FFFF00C0 
 2482      C0FFFFFF 
 2482      00000000 
 2483 9fd8 FF030000 			.word	0x000003FF, 0xFFFFFFFF, 0x00001FFF, 0xFFFFFFE0, 0x00000000
 2483      FFFFFFFF 
 2483      FF1F0000 
 2483      E0FFFFFF 
 2483      00000000 
 2484 9fec FF070000 			.word	0x000007FF, 0xFFFFFFF8, 0x000003FF, 0xFFFFFFF0, 0x00000000
 2484      F8FFFFFF 
 2484      FF030000 
 2484      F0FFFFFF 
 2484      00000000 
 2485 a000 FF0F0000 			.word	0x00000FFF, 0xFFFFFFE0, 0x000000FF, 0xFFFFFFF8, 0x00000000
 2485      E0FFFFFF 
 2485      FF000000 
 2485      F8FFFFFF 
 2485      00000000 
 2486 a014 FF1F0000 			.word	0x00001FFF, 0xFFFFFFC0, 0x0000007F, 0xFFFFFFFC, 0x00000000
 2486      C0FFFFFF 
 2486      7F000000 
 2486      FCFFFFFF 
 2486      00000000 
 2487 a028 FF1F0000 			.word	0x00001FFF, 0xFFFFFF00, 0x0000001F, 0xFFFFFFFE, 0x00000000
 2487      00FFFFFF 
 2487      1F000000 
 2487      FEFFFFFF 
 2487      00000000 
 2488 a03c FF3F0000 			.word	0x00003FFF, 0xFFFFFE00, 0x0000000F, 0xFFFFFFFF, 0x00000000
 2488      00FEFFFF 
 2488      0F000000 
 2488      FFFFFFFF 
 2488      00000000 
 2489 a050 FF7F0000 			.word	0x00007FFF, 0xFFFFFC00, 0x00000007, 0xFFFFFFFF, 0x00000000
 2489      00FCFFFF 
 2489      07000000 
ARM GAS  font_century238.s 			page 183


 2489      FFFFFFFF 
 2489      00000000 
 2490 a064 FFFF0000 			.word	0x0000FFFF, 0xFFFFF800, 0x00000001, 0xFFFFFFFF, 0x80000000
 2490      00F8FFFF 
 2490      01000000 
 2490      FFFFFFFF 
 2490      00000080 
 2491 a078 FFFF0100 			.word	0x0001FFFF, 0xFFFFF000, 0x00000000, 0xFFFFFFFF, 0xC0000000
 2491      00F0FFFF 
 2491      00000000 
 2491      FFFFFFFF 
 2491      000000C0 
 2492 a08c FFFF0300 			.word	0x0003FFFF, 0xFFFFE000, 0x00000000, 0x7FFFFFFF, 0xE0000000
 2492      00E0FFFF 
 2492      00000000 
 2492      FFFFFF7F 
 2492      000000E0 
 2493 a0a0 FFFF0300 			.word	0x0003FFFF, 0xFFFFC000, 0x00000000, 0x3FFFFFFF, 0xE0000000
 2493      00C0FFFF 
 2493      00000000 
 2493      FFFFFF3F 
 2493      000000E0 
 2494 a0b4 FFFF0700 			.word	0x0007FFFF, 0xFFFF8000, 0x00000000, 0x3FFFFFFF, 0xF0000000
 2494      0080FFFF 
 2494      00000000 
 2494      FFFFFF3F 
 2494      000000F0 
 2495 a0c8 FFFF0F00 			.word	0x000FFFFF, 0xFFFF0000, 0x00000000, 0x1FFFFFFF, 0xF8000000
 2495      0000FFFF 
 2495      00000000 
 2495      FFFFFF1F 
 2495      000000F8 
 2496 a0dc FFFF0F00 			.word	0x000FFFFF, 0xFFFF0000, 0x00000000, 0x0FFFFFFF, 0xFC000000
 2496      0000FFFF 
 2496      00000000 
 2496      FFFFFF0F 
 2496      000000FC 
 2497 a0f0 FFFF1F00 			.word	0x001FFFFF, 0xFFFE0000, 0x00000000, 0x07FFFFFF, 0xFC000000
 2497      0000FEFF 
 2497      00000000 
 2497      FFFFFF07 
 2497      000000FC 
 2498 a104 FFFF3F00 			.word	0x003FFFFF, 0xFFFC0000, 0x00000000, 0x03FFFFFF, 0xFE000000
 2498      0000FCFF 
 2498      00000000 
 2498      FFFFFF03 
 2498      000000FE 
 2499 a118 FFFF3F00 			.word	0x003FFFFF, 0xFFFC0000, 0x00000000, 0x03FFFFFF, 0xFE000000
 2499      0000FCFF 
 2499      00000000 
 2499      FFFFFF03 
 2499      000000FE 
 2500 a12c FFFF7F00 			.word	0x007FFFFF, 0xFFF80000, 0x00000000, 0x01FFFFFF, 0xFF000000
 2500      0000F8FF 
 2500      00000000 
 2500      FFFFFF01 
 2500      000000FF 
ARM GAS  font_century238.s 			page 184


 2501 a140 FFFF7F00 			.word	0x007FFFFF, 0xFFF80000, 0x00000000, 0x00FFFFFF, 0xFF800000
 2501      0000F8FF 
 2501      00000000 
 2501      FFFFFF00 
 2501      000080FF 
 2502 a154 FFFFFF00 			.word	0x00FFFFFF, 0xFFF00000, 0x00000000, 0x00FFFFFF, 0xFF800000
 2502      0000F0FF 
 2502      00000000 
 2502      FFFFFF00 
 2502      000080FF 
 2503 a168 FFFFFF00 			.word	0x00FFFFFF, 0xFFF00000, 0x00000000, 0x007FFFFF, 0xFFC00000
 2503      0000F0FF 
 2503      00000000 
 2503      FFFF7F00 
 2503      0000C0FF 
 2504 a17c FFFFFF01 			.word	0x01FFFFFF, 0xFFE00000, 0x00000000, 0x007FFFFF, 0xFFC00000
 2504      0000E0FF 
 2504      00000000 
 2504      FFFF7F00 
 2504      0000C0FF 
 2505 a190 FFFFFF01 			.word	0x01FFFFFF, 0xFFE00000, 0x00000000, 0x003FFFFF, 0xFFE00000
 2505      0000E0FF 
 2505      00000000 
 2505      FFFF3F00 
 2505      0000E0FF 
 2506 a1a4 FFFFFF03 			.word	0x03FFFFFF, 0xFFE00000, 0x00000000, 0x003FFFFF, 0xFFE00000
 2506      0000E0FF 
 2506      00000000 
 2506      FFFF3F00 
 2506      0000E0FF 
 2507 a1b8 FFFFFF03 			.word	0x03FFFFFF, 0xFFC00000, 0x00000000, 0x001FFFFF, 0xFFF00000
 2507      0000C0FF 
 2507      00000000 
 2507      FFFF1F00 
 2507      0000F0FF 
 2508 a1cc FFFFFF07 			.word	0x07FFFFFF, 0xFFC00000, 0x00000000, 0x001FFFFF, 0xFFF00000
 2508      0000C0FF 
 2508      00000000 
 2508      FFFF1F00 
 2508      0000F0FF 
 2509 a1e0 FFFFFF07 			.word	0x07FFFFFF, 0xFFC00000, 0x00000000, 0x001FFFFF, 0xFFF00000
 2509      0000C0FF 
 2509      00000000 
 2509      FFFF1F00 
 2509      0000F0FF 
 2510 a1f4 FFFFFF0F 			.word	0x0FFFFFFF, 0xFF800000, 0x00000000, 0x000FFFFF, 0xFFF80000
 2510      000080FF 
 2510      00000000 
 2510      FFFF0F00 
 2510      0000F8FF 
 2511 a208 FFFFFF0F 			.word	0x0FFFFFFF, 0xFF800000, 0x00000000, 0x000FFFFF, 0xFFF80000
 2511      000080FF 
 2511      00000000 
 2511      FFFF0F00 
 2511      0000F8FF 
 2512 a21c FFFFFF0F 			.word	0x0FFFFFFF, 0xFF800000, 0x00000000, 0x0007FFFF, 0xFFFC0000
 2512      000080FF 
ARM GAS  font_century238.s 			page 185


 2512      00000000 
 2512      FFFF0700 
 2512      0000FCFF 
 2513 a230 FFFFFF1F 			.word	0x1FFFFFFF, 0xFF800000, 0x00000000, 0x0007FFFF, 0xFFFC0000
 2513      000080FF 
 2513      00000000 
 2513      FFFF0700 
 2513      0000FCFF 
 2514 a244 FFFFFF1F 			.word	0x1FFFFFFF, 0xFF000000, 0x00000000, 0x0007FFFF, 0xFFFC0000
 2514      000000FF 
 2514      00000000 
 2514      FFFF0700 
 2514      0000FCFF 
 2515 a258 FFFFFF1F 			.word	0x1FFFFFFF, 0xFF000000, 0x00000000, 0x0007FFFF, 0xFFFE0000
 2515      000000FF 
 2515      00000000 
 2515      FFFF0700 
 2515      0000FEFF 
 2516 a26c FFFFFF1F 			.word	0x1FFFFFFF, 0xFF000000, 0x00000000, 0x0003FFFF, 0xFFFE0000
 2516      000000FF 
 2516      00000000 
 2516      FFFF0300 
 2516      0000FEFF 
 2517 a280 FFFFFF3F 			.word	0x3FFFFFFF, 0xFF000000, 0x00000000, 0x0003FFFF, 0xFFFF0000
 2517      000000FF 
 2517      00000000 
 2517      FFFF0300 
 2517      0000FFFF 
 2518 a294 FFFFFF3F 			.word	0x3FFFFFFF, 0xFF000000, 0x00000000, 0x0003FFFF, 0xFFFF0000
 2518      000000FF 
 2518      00000000 
 2518      FFFF0300 
 2518      0000FFFF 
 2519 a2a8 FFFFFF3F 			.word	0x3FFFFFFF, 0xFE000000, 0x00000000, 0x0003FFFF, 0xFFFF0000
 2519      000000FE 
 2519      00000000 
 2519      FFFF0300 
 2519      0000FFFF 
 2520 a2bc FFFFFF3F 			.word	0x3FFFFFFF, 0xFE000000, 0x00000000, 0x0003FFFF, 0xFFFF0000
 2520      000000FE 
 2520      00000000 
 2520      FFFF0300 
 2520      0000FFFF 
 2521 a2d0 FFFFFF7F 			.word	0x7FFFFFFF, 0xFE000000, 0x00000000, 0x0001FFFF, 0xFFFF8000
 2521      000000FE 
 2521      00000000 
 2521      FFFF0100 
 2521      0080FFFF 
 2522 a2e4 FFFFFF7F 			.word	0x7FFFFFFF, 0xFE000000, 0x00000000, 0x0001FFFF, 0xFFFF8000
 2522      000000FE 
 2522      00000000 
 2522      FFFF0100 
 2522      0080FFFF 
 2523 a2f8 FFFFFF7F 			.word	0x7FFFFFFF, 0xFE000000, 0x00000000, 0x0001FFFF, 0xFFFF8000
 2523      000000FE 
 2523      00000000 
 2523      FFFF0100 
ARM GAS  font_century238.s 			page 186


 2523      0080FFFF 
 2524 a30c FFFFFF7F 			.word	0x7FFFFFFF, 0xFE000000, 0x00000000, 0x0001FFFF, 0xFFFFC000
 2524      000000FE 
 2524      00000000 
 2524      FFFF0100 
 2524      00C0FFFF 
 2525 a320 FFFFFF7F 			.word	0x7FFFFFFF, 0xFE000000, 0x00000000, 0x0001FFFF, 0xFFFFC000
 2525      000000FE 
 2525      00000000 
 2525      FFFF0100 
 2525      00C0FFFF 
 2526 a334 FFFFFFFF 			.word	0xFFFFFFFF, 0xFE000000, 0x00000000, 0x0001FFFF, 0xFFFFC000
 2526      000000FE 
 2526      00000000 
 2526      FFFF0100 
 2526      00C0FFFF 
 2527 a348 FFFFFFFF 			.word	0xFFFFFFFF, 0xFE000000, 0x00000000, 0x0001FFFF, 0xFFFFC000
 2527      000000FE 
 2527      00000000 
 2527      FFFF0100 
 2527      00C0FFFF 
 2528 a35c FFFFFFFF 			.word	0xFFFFFFFF, 0xFE000000, 0x00000000, 0x0001FFFF, 0xFFFFE000
 2528      000000FE 
 2528      00000000 
 2528      FFFF0100 
 2528      00E0FFFF 
 2529 a370 FFFFFFFF 			.word	0xFFFFFFFF, 0xFC000000, 0x00000000, 0x0000FFFF, 0xFFFFE000
 2529      000000FC 
 2529      00000000 
 2529      FFFF0000 
 2529      00E0FFFF 
 2530 a384 FFFFFFFF 			.word	0xFFFFFFFF, 0xFC000000, 0x00000000, 0x0000FFFF, 0xFFFFE000
 2530      000000FC 
 2530      00000000 
 2530      FFFF0000 
 2530      00E0FFFF 
 2531 a398 FFFFFFFF 			.word	0xFFFFFFFF, 0xFC000000, 0x00000000, 0x0000FFFF, 0xFFFFE000
 2531      000000FC 
 2531      00000000 
 2531      FFFF0000 
 2531      00E0FFFF 
 2532 a3ac FFFFFFFF 			.word	0xFFFFFFFF, 0xFC000000, 0x00000000, 0x0000FFFF, 0xFFFFE000
 2532      000000FC 
 2532      00000000 
 2532      FFFF0000 
 2532      00E0FFFF 
 2533 a3c0 FFFFFFFF 			.word	0xFFFFFFFF, 0xFC000000, 0x00000000, 0x0000FFFF, 0xFFFFF000
 2533      000000FC 
 2533      00000000 
 2533      FFFF0000 
 2533      00F0FFFF 
 2534 a3d4 FFFFFFFF 			.word	0xFFFFFFFF, 0xFC000000, 0x00000000, 0x0000FFFF, 0xFFFFF000
 2534      000000FC 
 2534      00000000 
 2534      FFFF0000 
 2534      00F0FFFF 
 2535 a3e8 FFFFFFFF 			.word	0xFFFFFFFF, 0xFC000000, 0x00000000, 0x0000FFFF, 0xFFFFF000
ARM GAS  font_century238.s 			page 187


 2535      000000FC 
 2535      00000000 
 2535      FFFF0000 
 2535      00F0FFFF 
 2536 a3fc FFFFFFFF 			.word	0xFFFFFFFF, 0xFC000000, 0x00000000, 0x0000FFFF, 0xFFFFF000
 2536      000000FC 
 2536      00000000 
 2536      FFFF0000 
 2536      00F0FFFF 
 2537 a410 FFFFFFFF 			.word	0xFFFFFFFF, 0xFC000000, 0x00000000, 0x0000FFFF, 0xFFFFF000
 2537      000000FC 
 2537      00000000 
 2537      FFFF0000 
 2537      00F0FFFF 
 2538 a424 FFFFFFFF 			.word	0xFFFFFFFF, 0xFC000000, 0x00000000, 0x0001FFFF, 0xFFFFF000
 2538      000000FC 
 2538      00000000 
 2538      FFFF0100 
 2538      00F0FFFF 
 2539 a438 FFFFFFFF 			.word	0xFFFFFFFF, 0xFC000000, 0x00000000, 0x0001FFFF, 0xFFFFF800
 2539      000000FC 
 2539      00000000 
 2539      FFFF0100 
 2539      00F8FFFF 
 2540 a44c FFFFFFFF 			.word	0xFFFFFFFF, 0xFE000000, 0x00000000, 0x0001FFFF, 0xFFFFF800
 2540      000000FE 
 2540      00000000 
 2540      FFFF0100 
 2540      00F8FFFF 
 2541 a460 FFFFFFFF 			.word	0xFFFFFFFF, 0xFE000000, 0x00000000, 0x0001FFFF, 0xFFFFF800
 2541      000000FE 
 2541      00000000 
 2541      FFFF0100 
 2541      00F8FFFF 
 2542 a474 FFFFFFFF 			.word	0xFFFFFFFF, 0xFE000000, 0x00000000, 0x0001FFFF, 0xFFFFF800
 2542      000000FE 
 2542      00000000 
 2542      FFFF0100 
 2542      00F8FFFF 
 2543 a488 FFFFFFFF 			.word	0xFFFFFFFF, 0xFE000000, 0x00000000, 0x0001FFFF, 0xFFFFF800
 2543      000000FE 
 2543      00000000 
 2543      FFFF0100 
 2543      00F8FFFF 
 2544 a49c FFFFFFFF 			.word	0xFFFFFFFF, 0xFE000000, 0x00000000, 0x0001FFFF, 0xFFFFF800
 2544      000000FE 
 2544      00000000 
 2544      FFFF0100 
 2544      00F8FFFF 
 2545 a4b0 FFFFFFFF 			.word	0xFFFFFFFF, 0xFE000000, 0x00000000, 0x0001FFFF, 0xFFFFF800
 2545      000000FE 
 2545      00000000 
 2545      FFFF0100 
 2545      00F8FFFF 
 2546 a4c4 FFFFFFFF 			.word	0xFFFFFFFF, 0xFE000000, 0x00000000, 0x0001FFFF, 0xFFFFF800
 2546      000000FE 
 2546      00000000 
ARM GAS  font_century238.s 			page 188


 2546      FFFF0100 
 2546      00F8FFFF 
 2547 a4d8 FFFFFFFF 			.word	0xFFFFFFFF, 0xFE000000, 0x00000000, 0x0003FFFF, 0xFFFFFC00
 2547      000000FE 
 2547      00000000 
 2547      FFFF0300 
 2547      00FCFFFF 
 2548 a4ec FFFFFFFF 			.word	0xFFFFFFFF, 0xFE000000, 0x00000000, 0x0003FFFF, 0xFFFFFC00
 2548      000000FE 
 2548      00000000 
 2548      FFFF0300 
 2548      00FCFFFF 
 2549 a500 FFFFFFFF 			.word	0xFFFFFFFF, 0xFF000000, 0x00000000, 0x0003FFFF, 0xFFFFFC00
 2549      000000FF 
 2549      00000000 
 2549      FFFF0300 
 2549      00FCFFFF 
 2550 a514 FFFFFFFF 			.word	0xFFFFFFFF, 0xFF000000, 0x00000000, 0x0003FFFF, 0xFFFFFC00
 2550      000000FF 
 2550      00000000 
 2550      FFFF0300 
 2550      00FCFFFF 
 2551 a528 FFFFFFFF 			.word	0xFFFFFFFF, 0xFF000000, 0x00000000, 0x0007FFFF, 0xFFFFFC00
 2551      000000FF 
 2551      00000000 
 2551      FFFF0700 
 2551      00FCFFFF 
 2552 a53c FFFFFFFF 			.word	0xFFFFFFFF, 0xFF000000, 0x00000000, 0x0007FFFF, 0xFFFFFC00
 2552      000000FF 
 2552      00000000 
 2552      FFFF0700 
 2552      00FCFFFF 
 2553 a550 FFFFFF7F 			.word	0x7FFFFFFF, 0xFF800000, 0x00000000, 0x0007FFFF, 0xFFFFFC00
 2553      000080FF 
 2553      00000000 
 2553      FFFF0700 
 2553      00FCFFFF 
 2554 a564 FFFFFF7F 			.word	0x7FFFFFFF, 0xFF800000, 0x00000000, 0x0007FFFF, 0xFFFFFC00
 2554      000080FF 
 2554      00000000 
 2554      FFFF0700 
 2554      00FCFFFF 
 2555 a578 FFFFFF7F 			.word	0x7FFFFFFF, 0xFF800000, 0x00000000, 0x000FFFFF, 0xFFFFFC00
 2555      000080FF 
 2555      00000000 
 2555      FFFF0F00 
 2555      00FCFFFF 
 2556 a58c FFFFFF7F 			.word	0x7FFFFFFF, 0xFF800000, 0x00000000, 0x000FFFFF, 0xFFFFFC00
 2556      000080FF 
 2556      00000000 
 2556      FFFF0F00 
 2556      00FCFFFF 
 2557 a5a0 FFFFFF7F 			.word	0x7FFFFFFF, 0xFFC00000, 0x00000000, 0x001FFFFF, 0xFFFFFC00
 2557      0000C0FF 
 2557      00000000 
 2557      FFFF1F00 
 2557      00FCFFFF 
ARM GAS  font_century238.s 			page 189


 2558 a5b4 FFFFFF7F 			.word	0x7FFFFFFF, 0xFFC00000, 0x00000000, 0x001FFFFF, 0xFFFFFC00
 2558      0000C0FF 
 2558      00000000 
 2558      FFFF1F00 
 2558      00FCFFFF 
 2559 a5c8 FFFFFF3F 			.word	0x3FFFFFFF, 0xFFC00000, 0x00000000, 0x001FFFFF, 0xFFFFFC00
 2559      0000C0FF 
 2559      00000000 
 2559      FFFF1F00 
 2559      00FCFFFF 
 2560 a5dc FFFFFF3F 			.word	0x3FFFFFFF, 0xFFE00000, 0x00000000, 0x003FFFFF, 0xFFFFFC00
 2560      0000E0FF 
 2560      00000000 
 2560      FFFF3F00 
 2560      00FCFFFF 
 2561 a5f0 FFFFFF3F 			.word	0x3FFFFFFF, 0xFFE00000, 0x00000000, 0x003FFFFF, 0xFFFFFC00
 2561      0000E0FF 
 2561      00000000 
 2561      FFFF3F00 
 2561      00FCFFFF 
 2562 a604 FFFFFF3F 			.word	0x3FFFFFFF, 0xFFF00000, 0x00000000, 0x007FFFFF, 0xFFFFFC00
 2562      0000F0FF 
 2562      00000000 
 2562      FFFF7F00 
 2562      00FCFFFF 
 2563 a618 FFFFFF1F 			.word	0x1FFFFFFF, 0xFFF00000, 0x00000000, 0x00FFFFFF, 0xFFFFFC00
 2563      0000F0FF 
 2563      00000000 
 2563      FFFFFF00 
 2563      00FCFFFF 
 2564 a62c FFFFFF1F 			.word	0x1FFFFFFF, 0xFFF80000, 0x00000000, 0x00FFFFFF, 0xFFFFFC00
 2564      0000F8FF 
 2564      00000000 
 2564      FFFFFF00 
 2564      00FCFFFF 
 2565 a640 FFFFFF1F 			.word	0x1FFFFFFF, 0xFFF80000, 0x00000000, 0x01FFFFFF, 0xFFFFFC00
 2565      0000F8FF 
 2565      00000000 
 2565      FFFFFF01 
 2565      00FCFFFF 
 2566 a654 FFFFFF0F 			.word	0x0FFFFFFF, 0xFFFC0000, 0x00000000, 0x03FFFFFF, 0xFFFFFC00
 2566      0000FCFF 
 2566      00000000 
 2566      FFFFFF03 
 2566      00FCFFFF 
 2567 a668 FFFFFF0F 			.word	0x0FFFFFFF, 0xFFFE0000, 0x00000000, 0x03FFFFFF, 0xFFFFFC00
 2567      0000FEFF 
 2567      00000000 
 2567      FFFFFF03 
 2567      00FCFFFF 
 2568 a67c FFFFFF0F 			.word	0x0FFFFFFF, 0xFFFE0000, 0x00000000, 0x07FFFFFF, 0xFFFFFC00
 2568      0000FEFF 
 2568      00000000 
 2568      FFFFFF07 
 2568      00FCFFFF 
 2569 a690 FFFFFF07 			.word	0x07FFFFFF, 0xFFFF0000, 0x00000000, 0x0FFFFFFF, 0xFFFFFC00
 2569      0000FFFF 
ARM GAS  font_century238.s 			page 190


 2569      00000000 
 2569      FFFFFF0F 
 2569      00FCFFFF 
 2570 a6a4 FFFFFF07 			.word	0x07FFFFFF, 0xFFFF8000, 0x00000000, 0x1FFFFFFF, 0xFFFFFC00
 2570      0080FFFF 
 2570      00000000 
 2570      FFFFFF1F 
 2570      00FCFFFF 
 2571 a6b8 FFFFFF03 			.word	0x03FFFFFF, 0xFFFFC000, 0x00000000, 0x3FFFFFFF, 0xFFFFFC00
 2571      00C0FFFF 
 2571      00000000 
 2571      FFFFFF3F 
 2571      00FCFFFF 
 2572 a6cc FFFFFF03 			.word	0x03FFFFFF, 0xFFFFE000, 0x00000000, 0x7FFFFFFF, 0xFFFFFC00
 2572      00E0FFFF 
 2572      00000000 
 2572      FFFFFF7F 
 2572      00FCFFFF 
 2573 a6e0 FFFFFF01 			.word	0x01FFFFFF, 0xFFFFF000, 0x00000000, 0xFFFFFFFF, 0xFFFFFC00
 2573      00F0FFFF 
 2573      00000000 
 2573      FFFFFFFF 
 2573      00FCFFFF 
 2574 a6f4 FFFFFF01 			.word	0x01FFFFFF, 0xFFFFF800, 0x00000001, 0xFFFFFFFF, 0xFFFFFC00
 2574      00F8FFFF 
 2574      01000000 
 2574      FFFFFFFF 
 2574      00FCFFFF 
 2575 a708 FFFFFF00 			.word	0x00FFFFFF, 0xFFFFFC00, 0x00000003, 0xFFFFFFFF, 0xFFFFFC00
 2575      00FCFFFF 
 2575      03000000 
 2575      FFFFFFFF 
 2575      00FCFFFF 
 2576 a71c FFFFFF00 			.word	0x00FFFFFF, 0xFFFFFE00, 0x0000000F, 0xFFFFFFFF, 0xFFFFFC00
 2576      00FEFFFF 
 2576      0F000000 
 2576      FFFFFFFF 
 2576      00FCFFFF 
 2577 a730 FFFF7F00 			.word	0x007FFFFF, 0xFFFFFF80, 0x0000001F, 0xFFFFFFFF, 0xFFFFFC00
 2577      80FFFFFF 
 2577      1F000000 
 2577      FFFFFFFF 
 2577      00FCFFFF 
 2578 a744 FFFF7F00 			.word	0x007FFFFF, 0xFFFFFFE0, 0x0000007F, 0xFFFFFFFF, 0xFFFFFC00
 2578      E0FFFFFF 
 2578      7F000000 
 2578      FFFFFFFF 
 2578      00FCFFFF 
 2579 a758 FFFF3F00 			.word	0x003FFFFF, 0xFFFFFFF8, 0x000001FF, 0xFFFFFFFF, 0xFFFFFC00
 2579      F8FFFFFF 
 2579      FF010000 
 2579      FFFFFFFF 
 2579      00FCFFFF 
 2580 a76c FFFF1F00 			.word	0x001FFFFF, 0xFFFFFFFE, 0x000007FF, 0xFFFFFFFF, 0xFFFFFC00
 2580      FEFFFFFF 
 2580      FF070000 
 2580      FFFFFFFF 
ARM GAS  font_century238.s 			page 191


 2580      00FCFFFF 
 2581 a780 FFFF0F00 			.word	0x000FFFFF, 0xFFFFFFFF, 0xC0003FFF, 0xFFFFFFFF, 0xFFFFFC00
 2581      FFFFFFFF 
 2581      FF3F00C0 
 2581      FFFFFFFF 
 2581      00FCFFFF 
 2582 a794 FFFF0F00 			.word	0x000FFFFF, 0xFFFFFFFF, 0xFF0FFFFF, 0xFFFFFFFF, 0xFFFFFC00
 2582      FFFFFFFF 
 2582      FFFF0FFF 
 2582      FFFFFFFF 
 2582      00FCFFFF 
 2583 a7a8 FFFF0700 			.word	0x0007FFFF, 0xFFFFFFFF, 0xFFFFFFFF, 0xFFFFFFFF, 0xFFFFFC00
 2583      FFFFFFFF 
 2583      FFFFFFFF 
 2583      FFFFFFFF 
 2583      00FCFFFF 
 2584 a7bc FFFF0300 			.word	0x0003FFFF, 0xFFFFFFFF, 0xFFFFFFFF, 0xFFFFFFFF, 0xFFFFFC00
 2584      FFFFFFFF 
 2584      FFFFFFFF 
 2584      FFFFFFFF 
 2584      00FCFFFF 
 2585 a7d0 FFFF0100 			.word	0x0001FFFF, 0xFFFFFFFF, 0xFFFFFFFF, 0xFFFE7FFF, 0xFFFFFC00
 2585      FFFFFFFF 
 2585      FFFFFFFF 
 2585      FF7FFEFF 
 2585      00FCFFFF 
 2586 a7e4 FFFF0000 			.word	0x0000FFFF, 0xFFFFFFFF, 0xFFFFFFFF, 0xFFFC7FFF, 0xFFFFFC00
 2586      FFFFFFFF 
 2586      FFFFFFFF 
 2586      FF7FFCFF 
 2586      00FCFFFF 
 2587 a7f8 FF7F0000 			.word	0x00007FFF, 0xFFFFFFFF, 0xFFFFFFFF, 0xFFF87FFF, 0xFFFFF800
 2587      FFFFFFFF 
 2587      FFFFFFFF 
 2587      FF7FF8FF 
 2587      00F8FFFF 
 2588 a80c FF3F0000 			.word	0x00003FFF, 0xFFFFFFFF, 0xFFFFFFFF, 0xFFF07FFF, 0xFFFFF800
 2588      FFFFFFFF 
 2588      FFFFFFFF 
 2588      FF7FF0FF 
 2588      00F8FFFF 
 2589 a820 FF1F0000 			.word	0x00001FFF, 0xFFFFFFFF, 0xFFFFFFFF, 0xFFE07FFF, 0xFFFFF800
 2589      FFFFFFFF 
 2589      FFFFFFFF 
 2589      FF7FE0FF 
 2589      00F8FFFF 
 2590 a834 FF070000 			.word	0x000007FF, 0xFFFFFFFF, 0xFFFFFFFF, 0xFFC0FFFF, 0xFFFFF800
 2590      FFFFFFFF 
 2590      FFFFFFFF 
 2590      FFFFC0FF 
 2590      00F8FFFF 
 2591 a848 FF030000 			.word	0x000003FF, 0xFFFFFFFF, 0xFFFFFFFF, 0xFF80FFFF, 0xFFFFF800
 2591      FFFFFFFF 
 2591      FFFFFFFF 
 2591      FFFF80FF 
 2591      00F8FFFF 
 2592 a85c FF010000 			.word	0x000001FF, 0xFFFFFFFF, 0xFFFFFFFF, 0xFF00FFFF, 0xFFFFF800
ARM GAS  font_century238.s 			page 192


 2592      FFFFFFFF 
 2592      FFFFFFFF 
 2592      FFFF00FF 
 2592      00F8FFFF 
 2593 a870 7F000000 			.word	0x0000007F, 0xFFFFFFFF, 0xFFFFFFFF, 0xFC00FFFF, 0xFFFFF800
 2593      FFFFFFFF 
 2593      FFFFFFFF 
 2593      FFFF00FC 
 2593      00F8FFFF 
 2594 a884 3F000000 			.word	0x0000003F, 0xFFFFFFFF, 0xFFFFFFFF, 0xF800FFFF, 0xFFFFF800
 2594      FFFFFFFF 
 2594      FFFFFFFF 
 2594      FFFF00F8 
 2594      00F8FFFF 
 2595 a898 0F000000 			.word	0x0000000F, 0xFFFFFFFF, 0xFFFFFFFF, 0xE000FFFF, 0xFFFFF800
 2595      FFFFFFFF 
 2595      FFFFFFFF 
 2595      FFFF00E0 
 2595      00F8FFFF 
 2596 a8ac 07000000 			.word	0x00000007, 0xFFFFFFFF, 0xFFFFFFFF, 0xC000FFFF, 0xFFFFF000
 2596      FFFFFFFF 
 2596      FFFFFFFF 
 2596      FFFF00C0 
 2596      00F0FFFF 
 2597 a8c0 01000000 			.word	0x00000001, 0xFFFFFFFF, 0xFFFFFFFF, 0x0000FFFF, 0xFFFFF000
 2597      FFFFFFFF 
 2597      FFFFFFFF 
 2597      FFFF0000 
 2597      00F0FFFF 
 2598 a8d4 00000000 			.word	0x00000000, 0x7FFFFFFF, 0xFFFFFFFC, 0x0000FFFF, 0xFFFFF000
 2598      FFFFFF7F 
 2598      FCFFFFFF 
 2598      FFFF0000 
 2598      00F0FFFF 
 2599 a8e8 00000000 			.word	0x00000000, 0x1FFFFFFF, 0xFFFFFFF0, 0x0000FFFF, 0xFFFFF000
 2599      FFFFFF1F 
 2599      F0FFFFFF 
 2599      FFFF0000 
 2599      00F0FFFF 
 2600 a8fc 00000000 			.word	0x00000000, 0x07FFFFFF, 0xFFFFFFC0, 0x0000FFFF, 0xFFFFF000
 2600      FFFFFF07 
 2600      C0FFFFFF 
 2600      FFFF0000 
 2600      00F0FFFF 
 2601 a910 00000000 			.word	0x00000000, 0x00FFFFFF, 0xFFFFFF00, 0x0000FFFF, 0xFFFFF000
 2601      FFFFFF00 
 2601      00FFFFFF 
 2601      FFFF0000 
 2601      00F0FFFF 
 2602 a924 00000000 			.word	0x00000000, 0x001FFFFF, 0xFFFFF800, 0x0000FFFF, 0xFFFFF000
 2602      FFFF1F00 
 2602      00F8FFFF 
 2602      FFFF0000 
 2602      00F0FFFF 
 2603 a938 00000000 			.word	0x00000000, 0x0003FFFF, 0xFFFF8000, 0x0000FFFF, 0xFFFFE000
 2603      FFFF0300 
 2603      0080FFFF 
ARM GAS  font_century238.s 			page 193


 2603      FFFF0000 
 2603      00E0FFFF 
 2604 a94c 00000000 			.word	0x00000000, 0x00001FFF, 0xFFF00000, 0x0000FFFF, 0xFFFFE000
 2604      FF1F0000 
 2604      0000F0FF 
 2604      FFFF0000 
 2604      00E0FFFF 
 2605 a960 00000000 			.word	0x00000000, 0x00000000, 0x00000000, 0x0000FFFF, 0xFFFFE000
 2605      00000000 
 2605      00000000 
 2605      FFFF0000 
 2605      00E0FFFF 
 2606 a974 00000000 			.word	0x00000000, 0x00000000, 0x00000000, 0x0001FFFF, 0xFFFFE000
 2606      00000000 
 2606      00000000 
 2606      FFFF0100 
 2606      00E0FFFF 
 2607 a988 00000000 			.word	0x00000000, 0x00000000, 0x00000000, 0x0001FFFF, 0xFFFFE000
 2607      00000000 
 2607      00000000 
 2607      FFFF0100 
 2607      00E0FFFF 
 2608 a99c 00000000 			.word	0x00000000, 0x00000000, 0x00000000, 0x0001FFFF, 0xFFFFC000
 2608      00000000 
 2608      00000000 
 2608      FFFF0100 
 2608      00C0FFFF 
 2609 a9b0 00000000 			.word	0x00000000, 0x00000000, 0x00000000, 0x0001FFFF, 0xFFFFC000
 2609      00000000 
 2609      00000000 
 2609      FFFF0100 
 2609      00C0FFFF 
 2610 a9c4 00000000 			.word	0x00000000, 0x00000000, 0x00000000, 0x0001FFFF, 0xFFFFC000
 2610      00000000 
 2610      00000000 
 2610      FFFF0100 
 2610      00C0FFFF 
 2611 a9d8 00000000 			.word	0x00000000, 0x00000000, 0x00000000, 0x0001FFFF, 0xFFFFC000
 2611      00000000 
 2611      00000000 
 2611      FFFF0100 
 2611      00C0FFFF 
 2612 a9ec 00000000 			.word	0x00000000, 0x00000000, 0x00000000, 0x0001FFFF, 0xFFFFC000
 2612      00000000 
 2612      00000000 
 2612      FFFF0100 
 2612      00C0FFFF 
 2613 aa00 00000000 			.word	0x00000000, 0x00000000, 0x00000000, 0x0001FFFF, 0xFFFF8000
 2613      00000000 
 2613      00000000 
 2613      FFFF0100 
 2613      0080FFFF 
 2614 aa14 00000000 			.word	0x00000000, 0x00000000, 0x00000000, 0x0003FFFF, 0xFFFF8000
 2614      00000000 
 2614      00000000 
 2614      FFFF0300 
 2614      0080FFFF 
ARM GAS  font_century238.s 			page 194


 2615 aa28 00000000 			.word	0x00000000, 0x00000000, 0x00000000, 0x0003FFFF, 0xFFFF8000
 2615      00000000 
 2615      00000000 
 2615      FFFF0300 
 2615      0080FFFF 
 2616 aa3c 00000000 			.word	0x00000000, 0x00000000, 0x00000000, 0x0003FFFF, 0xFFFF8000
 2616      00000000 
 2616      00000000 
 2616      FFFF0300 
 2616      0080FFFF 
 2617 aa50 00000000 			.word	0x00000000, 0x00000000, 0x00000000, 0x0003FFFF, 0xFFFF0000
 2617      00000000 
 2617      00000000 
 2617      FFFF0300 
 2617      0000FFFF 
 2618 aa64 00000000 			.word	0x00000000, 0x00000000, 0x00000000, 0x0003FFFF, 0xFFFF0000
 2618      00000000 
 2618      00000000 
 2618      FFFF0300 
 2618      0000FFFF 
 2619 aa78 00000000 			.word	0x00000000, 0x00000000, 0x00000000, 0x0007FFFF, 0xFFFF0000
 2619      00000000 
 2619      00000000 
 2619      FFFF0700 
 2619      0000FFFF 
 2620 aa8c 00000000 			.word	0x00000000, 0x00000000, 0x00000000, 0x0007FFFF, 0xFFFE0000
 2620      00000000 
 2620      00000000 
 2620      FFFF0700 
 2620      0000FEFF 
 2621 aaa0 00000000 			.word	0x00000000, 0x00000000, 0x00000000, 0x0007FFFF, 0xFFFE0000
 2621      00000000 
 2621      00000000 
 2621      FFFF0700 
 2621      0000FEFF 
 2622 aab4 00000000 			.word	0x00000000, 0x00000000, 0x00000000, 0x0007FFFF, 0xFFFE0000
 2622      00000000 
 2622      00000000 
 2622      FFFF0700 
 2622      0000FEFF 
 2623 aac8 00000000 			.word	0x00000000, 0x00000000, 0x00000000, 0x0007FFFF, 0xFFFE0000
 2623      00000000 
 2623      00000000 
 2623      FFFF0700 
 2623      0000FEFF 
 2624 aadc 00000000 			.word	0x00000000, 0x00000000, 0x00000000, 0x000FFFFF, 0xFFFC0000
 2624      00000000 
 2624      00000000 
 2624      FFFF0F00 
 2624      0000FCFF 
 2625 aaf0 00000000 			.word	0x00000000, 0x00000000, 0x00000000, 0x000FFFFF, 0xFFFC0000
 2625      00000000 
 2625      00000000 
 2625      FFFF0F00 
 2625      0000FCFF 
 2626 ab04 00000000 			.word	0x00000000, 0x00000000, 0x00000000, 0x000FFFFF, 0xFFFC0000
 2626      00000000 
ARM GAS  font_century238.s 			page 195


 2626      00000000 
 2626      FFFF0F00 
 2626      0000FCFF 
 2627 ab18 FF070000 			.word	0x000007FF, 0xF8000000, 0x00000000, 0x000FFFFF, 0xFFF80000
 2627      000000F8 
 2627      00000000 
 2627      FFFF0F00 
 2627      0000F8FF 
 2628 ab2c FF3F0000 			.word	0x00003FFF, 0xFF000000, 0x00000000, 0x001FFFFF, 0xFFF80000
 2628      000000FF 
 2628      00000000 
 2628      FFFF1F00 
 2628      0000F8FF 
 2629 ab40 FFFF0000 			.word	0x0000FFFF, 0xFFC00000, 0x00000000, 0x001FFFFF, 0xFFF00000
 2629      0000C0FF 
 2629      00000000 
 2629      FFFF1F00 
 2629      0000F0FF 
 2630 ab54 FFFF0100 			.word	0x0001FFFF, 0xFFE00000, 0x00000000, 0x001FFFFF, 0xFFF00000
 2630      0000E0FF 
 2630      00000000 
 2630      FFFF1F00 
 2630      0000F0FF 
 2631 ab68 FFFF0300 			.word	0x0003FFFF, 0xFFF00000, 0x00000000, 0x003FFFFF, 0xFFF00000
 2631      0000F0FF 
 2631      00000000 
 2631      FFFF3F00 
 2631      0000F0FF 
 2632 ab7c FFFF0700 			.word	0x0007FFFF, 0xFFF80000, 0x00000000, 0x003FFFFF, 0xFFE00000
 2632      0000F8FF 
 2632      00000000 
 2632      FFFF3F00 
 2632      0000E0FF 
 2633 ab90 FFFF0F00 			.word	0x000FFFFF, 0xFFFC0000, 0x00000000, 0x003FFFFF, 0xFFE00000
 2633      0000FCFF 
 2633      00000000 
 2633      FFFF3F00 
 2633      0000E0FF 
 2634 aba4 FFFF1F00 			.word	0x001FFFFF, 0xFFFE0000, 0x00000000, 0x007FFFFF, 0xFFC00000
 2634      0000FEFF 
 2634      00000000 
 2634      FFFF7F00 
 2634      0000C0FF 
 2635 abb8 FFFF3F00 			.word	0x003FFFFF, 0xFFFF0000, 0x00000000, 0x007FFFFF, 0xFFC00000
 2635      0000FFFF 
 2635      00000000 
 2635      FFFF7F00 
 2635      0000C0FF 
 2636 abcc FFFF3F00 			.word	0x003FFFFF, 0xFFFF0000, 0x00000000, 0x00FFFFFF, 0xFF800000
 2636      0000FFFF 
 2636      00000000 
 2636      FFFFFF00 
 2636      000080FF 
 2637 abe0 FFFF7F00 			.word	0x007FFFFF, 0xFFFF8000, 0x00000000, 0x00FFFFFF, 0xFF800000
 2637      0080FFFF 
 2637      00000000 
 2637      FFFFFF00 
ARM GAS  font_century238.s 			page 196


 2637      000080FF 
 2638 abf4 FFFF7F00 			.word	0x007FFFFF, 0xFFFF8000, 0x00000000, 0x00FFFFFF, 0xFF800000
 2638      0080FFFF 
 2638      00000000 
 2638      FFFFFF00 
 2638      000080FF 
 2639 ac08 FFFFFF00 			.word	0x00FFFFFF, 0xFFFF8000, 0x00000000, 0x01FFFFFF, 0xFF000000
 2639      0080FFFF 
 2639      00000000 
 2639      FFFFFF01 
 2639      000000FF 
 2640 ac1c FFFFFF00 			.word	0x00FFFFFF, 0xFFFFC000, 0x00000000, 0x01FFFFFF, 0xFF000000
 2640      00C0FFFF 
 2640      00000000 
 2640      FFFFFF01 
 2640      000000FF 
 2641 ac30 FFFFFF00 			.word	0x00FFFFFF, 0xFFFFC000, 0x00000000, 0x03FFFFFF, 0xFE000000
 2641      00C0FFFF 
 2641      00000000 
 2641      FFFFFF03 
 2641      000000FE 
 2642 ac44 FFFFFF01 			.word	0x01FFFFFF, 0xFFFFC000, 0x00000000, 0x03FFFFFF, 0xFE000000
 2642      00C0FFFF 
 2642      00000000 
 2642      FFFFFF03 
 2642      000000FE 
 2643 ac58 FFFFFF01 			.word	0x01FFFFFF, 0xFFFFC000, 0x00000000, 0x07FFFFFF, 0xFC000000
 2643      00C0FFFF 
 2643      00000000 
 2643      FFFFFF07 
 2643      000000FC 
 2644 ac6c FFFFFF01 			.word	0x01FFFFFF, 0xFFFFC000, 0x00000000, 0x07FFFFFF, 0xF8000000
 2644      00C0FFFF 
 2644      00000000 
 2644      FFFFFF07 
 2644      000000F8 
 2645 ac80 FFFFFF01 			.word	0x01FFFFFF, 0xFFFFC000, 0x00000000, 0x0FFFFFFF, 0xF8000000
 2645      00C0FFFF 
 2645      00000000 
 2645      FFFFFF0F 
 2645      000000F8 
 2646 ac94 FFFFFF01 			.word	0x01FFFFFF, 0xFFFFC000, 0x00000000, 0x0FFFFFFF, 0xF0000000
 2646      00C0FFFF 
 2646      00000000 
 2646      FFFFFF0F 
 2646      000000F0 
 2647 aca8 FFFFFF01 			.word	0x01FFFFFF, 0xFFFFC000, 0x00000000, 0x1FFFFFFF, 0xF0000000
 2647      00C0FFFF 
 2647      00000000 
 2647      FFFFFF1F 
 2647      000000F0 
 2648 acbc FFFFFF01 			.word	0x01FFFFFF, 0xFFFFC000, 0x00000000, 0x3FFFFFFF, 0xE0000000
 2648      00C0FFFF 
 2648      00000000 
 2648      FFFFFF3F 
 2648      000000E0 
 2649 acd0 FFFFFF01 			.word	0x01FFFFFF, 0xFFFFC000, 0x00000000, 0x3FFFFFFF, 0xE0000000
ARM GAS  font_century238.s 			page 197


 2649      00C0FFFF 
 2649      00000000 
 2649      FFFFFF3F 
 2649      000000E0 
 2650 ace4 FFFFFF01 			.word	0x01FFFFFF, 0xFFFFC000, 0x00000000, 0x7FFFFFFF, 0xC0000000
 2650      00C0FFFF 
 2650      00000000 
 2650      FFFFFF7F 
 2650      000000C0 
 2651 acf8 FFFFFF01 			.word	0x01FFFFFF, 0xFFFFC000, 0x00000000, 0xFFFFFFFF, 0x80000000
 2651      00C0FFFF 
 2651      00000000 
 2651      FFFFFFFF 
 2651      00000080 
 2652 ad0c FFFFFF01 			.word	0x01FFFFFF, 0xFFFFC000, 0x00000000, 0xFFFFFFFF, 0x80000000
 2652      00C0FFFF 
 2652      00000000 
 2652      FFFFFFFF 
 2652      00000080 
 2653 ad20 FFFFFF01 			.word	0x01FFFFFF, 0xFFFF8000, 0x00000001, 0xFFFFFFFF, 0x00000000
 2653      0080FFFF 
 2653      01000000 
 2653      FFFFFFFF 
 2653      00000000 
 2654 ad34 FFFFFF01 			.word	0x01FFFFFF, 0xFFFF8000, 0x00000003, 0xFFFFFFFE, 0x00000000
 2654      0080FFFF 
 2654      03000000 
 2654      FEFFFFFF 
 2654      00000000 
 2655 ad48 FFFFFF01 			.word	0x01FFFFFF, 0xFFFF0000, 0x00000007, 0xFFFFFFFE, 0x00000000
 2655      0000FFFF 
 2655      07000000 
 2655      FEFFFFFF 
 2655      00000000 
 2656 ad5c FFFFFF01 			.word	0x01FFFFFF, 0xFFFF0000, 0x0000000F, 0xFFFFFFFC, 0x00000000
 2656      0000FFFF 
 2656      0F000000 
 2656      FCFFFFFF 
 2656      00000000 
 2657 ad70 FFFFFF01 			.word	0x01FFFFFF, 0xFFFE0000, 0x0000001F, 0xFFFFFFF8, 0x00000000
 2657      0000FEFF 
 2657      1F000000 
 2657      F8FFFFFF 
 2657      00000000 
 2658 ad84 FFFFFF01 			.word	0x01FFFFFF, 0xFFFE0000, 0x0000003F, 0xFFFFFFF0, 0x00000000
 2658      0000FEFF 
 2658      3F000000 
 2658      F0FFFFFF 
 2658      00000000 
 2659 ad98 FFFFFF00 			.word	0x00FFFFFF, 0xFFFC0000, 0x0000007F, 0xFFFFFFF0, 0x00000000
 2659      0000FCFF 
 2659      7F000000 
 2659      F0FFFFFF 
 2659      00000000 
 2660 adac FFFFFF00 			.word	0x00FFFFFF, 0xFFF80000, 0x000000FF, 0xFFFFFFE0, 0x00000000
 2660      0000F8FF 
 2660      FF000000 
ARM GAS  font_century238.s 			page 198


 2660      E0FFFFFF 
 2660      00000000 
 2661 adc0 FFFFFF00 			.word	0x00FFFFFF, 0xFFF80000, 0x000001FF, 0xFFFFFFC0, 0x00000000
 2661      0000F8FF 
 2661      FF010000 
 2661      C0FFFFFF 
 2661      00000000 
 2662 add4 FFFF7F00 			.word	0x007FFFFF, 0xFFF00000, 0x000003FF, 0xFFFFFF80, 0x00000000
 2662      0000F0FF 
 2662      FF030000 
 2662      80FFFFFF 
 2662      00000000 
 2663 ade8 FFFF7F00 			.word	0x007FFFFF, 0xFFF00000, 0x00000FFF, 0xFFFFFF00, 0x00000000
 2663      0000F0FF 
 2663      FF0F0000 
 2663      00FFFFFF 
 2663      00000000 
 2664 adfc FFFF7F00 			.word	0x007FFFFF, 0xFFF00000, 0x00001FFF, 0xFFFFFE00, 0x00000000
 2664      0000F0FF 
 2664      FF1F0000 
 2664      00FEFFFF 
 2664      00000000 
 2665 ae10 FFFF3F00 			.word	0x003FFFFF, 0xFFF80000, 0x00007FFF, 0xFFFFFC00, 0x00000000
 2665      0000F8FF 
 2665      FF7F0000 
 2665      00FCFFFF 
 2665      00000000 
 2666 ae24 FFFF3F00 			.word	0x003FFFFF, 0xFFFC0000, 0x0001FFFF, 0xFFFFF800, 0x00000000
 2666      0000FCFF 
 2666      FFFF0100 
 2666      00F8FFFF 
 2666      00000000 
 2667 ae38 FFFF1F00 			.word	0x001FFFFF, 0xFFFE0000, 0x000FFFFF, 0xFFFFF000, 0x00000000
 2667      0000FEFF 
 2667      FFFF0F00 
 2667      00F0FFFF 
 2667      00000000 
 2668 ae4c FFFF0F00 			.word	0x000FFFFF, 0xFFFF8000, 0x003FFFFF, 0xFFFFE000, 0x00000000
 2668      0080FFFF 
 2668      FFFF3F00 
 2668      00E0FFFF 
 2668      00000000 
 2669 ae60 FFFF0F00 			.word	0x000FFFFF, 0xFFFFF000, 0x03FFFFFF, 0xFFFFC000, 0x00000000
 2669      00F0FFFF 
 2669      FFFFFF03 
 2669      00C0FFFF 
 2669      00000000 
 2670 ae74 FFFF0700 			.word	0x0007FFFF, 0xFFFFFFC0, 0xFFFFFFFF, 0xFFFF8000, 0x00000000
 2670      C0FFFFFF 
 2670      FFFFFFFF 
 2670      0080FFFF 
 2670      00000000 
 2671 ae88 FFFF0300 			.word	0x0003FFFF, 0xFFFFFFFF, 0xFFFFFFFF, 0xFFFF0000, 0x00000000
 2671      FFFFFFFF 
 2671      FFFFFFFF 
 2671      0000FFFF 
 2671      00000000 
ARM GAS  font_century238.s 			page 199


 2672 ae9c FFFF0100 			.word	0x0001FFFF, 0xFFFFFFFF, 0xFFFFFFFF, 0xFFFC0000, 0x00000000
 2672      FFFFFFFF 
 2672      FFFFFFFF 
 2672      0000FCFF 
 2672      00000000 
 2673 aeb0 FFFF0000 			.word	0x0000FFFF, 0xFFFFFFFF, 0xFFFFFFFF, 0xFFF80000, 0x00000000
 2673      FFFFFFFF 
 2673      FFFFFFFF 
 2673      0000F8FF 
 2673      00000000 
 2674 aec4 FF7F0000 			.word	0x00007FFF, 0xFFFFFFFF, 0xFFFFFFFF, 0xFFF00000, 0x00000000
 2674      FFFFFFFF 
 2674      FFFFFFFF 
 2674      0000F0FF 
 2674      00000000 
 2675 aed8 FF3F0000 			.word	0x00003FFF, 0xFFFFFFFF, 0xFFFFFFFF, 0xFFC00000, 0x00000000
 2675      FFFFFFFF 
 2675      FFFFFFFF 
 2675      0000C0FF 
 2675      00000000 
 2676 aeec FF1F0000 			.word	0x00001FFF, 0xFFFFFFFF, 0xFFFFFFFF, 0xFF800000, 0x00000000
 2676      FFFFFFFF 
 2676      FFFFFFFF 
 2676      000080FF 
 2676      00000000 
 2677 af00 FF0F0000 			.word	0x00000FFF, 0xFFFFFFFF, 0xFFFFFFFF, 0xFE000000, 0x00000000
 2677      FFFFFFFF 
 2677      FFFFFFFF 
 2677      000000FE 
 2677      00000000 
 2678 af14 FF070000 			.word	0x000007FF, 0xFFFFFFFF, 0xFFFFFFFF, 0xF8000000, 0x00000000
 2678      FFFFFFFF 
 2678      FFFFFFFF 
 2678      000000F8 
 2678      00000000 
 2679 af28 FF010000 			.word	0x000001FF, 0xFFFFFFFF, 0xFFFFFFFF, 0xE0000000, 0x00000000
 2679      FFFFFFFF 
 2679      FFFFFFFF 
 2679      000000E0 
 2679      00000000 
 2680 af3c FF000000 			.word	0x000000FF, 0xFFFFFFFF, 0xFFFFFFFF, 0x80000000, 0x00000000
 2680      FFFFFFFF 
 2680      FFFFFFFF 
 2680      00000080 
 2680      00000000 
 2681 af50 3F000000 			.word	0x0000003F, 0xFFFFFFFF, 0xFFFFFFFE, 0x00000000, 0x00000000
 2681      FFFFFFFF 
 2681      FEFFFFFF 
 2681      00000000 
 2681      00000000 
 2682 af64 0F000000 			.word	0x0000000F, 0xFFFFFFFF, 0xFFFFFFF8, 0x00000000, 0x00000000
 2682      FFFFFFFF 
 2682      F8FFFFFF 
 2682      00000000 
 2682      00000000 
 2683 af78 03000000 			.word	0x00000003, 0xFFFFFFFF, 0xFFFFFFC0, 0x00000000, 0x00000000
 2683      FFFFFFFF 
ARM GAS  font_century238.s 			page 200


 2683      C0FFFFFF 
 2683      00000000 
 2683      00000000 
 2684 af8c 00000000 			.word	0x00000000, 0x7FFFFFFF, 0xFFFFFE00, 0x00000000, 0x00000000
 2684      FFFFFF7F 
 2684      00FEFFFF 
 2684      00000000 
 2684      00000000 
 2685 afa0 00000000 			.word	0x00000000, 0x0FFFFFFF, 0xFFFFF000, 0x00000000, 0x00000000
 2685      FFFFFF0F 
 2685      00F0FFFF 
 2685      00000000 
 2685      00000000 
 2686 afb4 00000000 			.word	0x00000000, 0x00FFFFFF, 0xFFFF0000, 0x00000000, 0x00000000
 2686      FFFFFF00 
 2686      0000FFFF 
 2686      00000000 
 2686      00000000 
 2687 afc8 00000000 			.word	0x00000000, 0x0003FFFF, 0xFFC00000, 0x00000000, 0x00000000
 2687      FFFF0300 
 2687      0000C0FF 
 2687      00000000 
 2687      00000000 
 2688              	
 2689              	COLON:
 2690 afdc 3A000000 			.word	':			// ASCII ":" character
 2691 afe0 59000000 			.word	89			// cell pixel width (Note: proportional width)
 2692 afe4 7D010000 			.word	CELLHGHT		// cell pixel height
 2693 afe8 2D000000 			.word	45			// glyph pixel width
 2694 afec 9D000000 			.word	157			// glyph pixel height
 2695 aff0 14000000 			.word	20			// blank horizontal pixels before glyph
 2696 aff4 18000000 			.word	24			// blank horizontal pixels after glyph
 2697 aff8 7E000000 			.word	126			// blank horizontal lines before glyph
 2698 affc 62000000 			.word	98			// blank horizontal lines after glyph
 2699              							// bit mapped glyph
 2700 b000 FCFF0300 			.word	0x0003FFFC, 0x00000000
 2700      00000000 
 2701 b008 FFFF1F00 			.word	0x001FFFFF, 0x80000000
 2701      00000080 
 2702 b010 FFFF7F00 			.word	0x007FFFFF, 0xE0000000
 2702      000000E0 
 2703 b018 FFFFFF00 			.word	0x00FFFFFF, 0xF0000000
 2703      000000F0 
 2704 b020 FFFFFF01 			.word	0x01FFFFFF, 0xF8000000
 2704      000000F8 
 2705 b028 FFFFFF03 			.word	0x03FFFFFF, 0xFE000000
 2705      000000FE 
 2706 b030 FFFFFF07 			.word	0x07FFFFFF, 0xFE000000
 2706      000000FE 
 2707 b038 FFFFFF0F 			.word	0x0FFFFFFF, 0xFF000000
 2707      000000FF 
 2708 b040 FFFFFF1F 			.word	0x1FFFFFFF, 0xFF800000
 2708      000080FF 
 2709 b048 FFFFFF1F 			.word	0x1FFFFFFF, 0xFFC00000
 2709      0000C0FF 
 2710 b050 FFFFFF3F 			.word	0x3FFFFFFF, 0xFFC00000
 2710      0000C0FF 
ARM GAS  font_century238.s 			page 201


 2711 b058 FFFFFF3F 			.word	0x3FFFFFFF, 0xFFE00000
 2711      0000E0FF 
 2712 b060 FFFFFF7F 			.word	0x7FFFFFFF, 0xFFE00000
 2712      0000E0FF 
 2713 b068 FFFFFF7F 			.word	0x7FFFFFFF, 0xFFE00000
 2713      0000E0FF 
 2714 b070 FFFFFFFF 			.word	0xFFFFFFFF, 0xFFF00000
 2714      0000F0FF 
 2715 b078 FFFFFFFF 			.word	0xFFFFFFFF, 0xFFF00000
 2715      0000F0FF 
 2716 b080 FFFFFFFF 			.word	0xFFFFFFFF, 0xFFF00000
 2716      0000F0FF 
 2717 b088 FFFFFFFF 			.word	0xFFFFFFFF, 0xFFF00000
 2717      0000F0FF 
 2718 b090 FFFFFFFF 			.word	0xFFFFFFFF, 0xFFF00000
 2718      0000F0FF 
 2719 b098 FFFFFFFF 			.word	0xFFFFFFFF, 0xFFF00000
 2719      0000F0FF 
 2720 b0a0 FFFFFFFF 			.word	0xFFFFFFFF, 0xFFF00000
 2720      0000F0FF 
 2721 b0a8 FFFFFFFF 			.word	0xFFFFFFFF, 0xFFF00000
 2721      0000F0FF 
 2722 b0b0 FFFFFFFF 			.word	0xFFFFFFFF, 0xFFF00000
 2722      0000F0FF 
 2723 b0b8 FFFFFFFF 			.word	0xFFFFFFFF, 0xFFF00000
 2723      0000F0FF 
 2724 b0c0 FFFFFFFF 			.word	0xFFFFFFFF, 0xFFF00000
 2724      0000F0FF 
 2725 b0c8 FFFFFFFF 			.word	0xFFFFFFFF, 0xFFF00000
 2725      0000F0FF 
 2726 b0d0 FFFFFFFF 			.word	0xFFFFFFFF, 0xFFF00000
 2726      0000F0FF 
 2727 b0d8 FFFFFFFF 			.word	0xFFFFFFFF, 0xFFF00000
 2727      0000F0FF 
 2728 b0e0 FFFFFFFF 			.word	0xFFFFFFFF, 0xFFF00000
 2728      0000F0FF 
 2729 b0e8 FFFFFF7F 			.word	0x7FFFFFFF, 0xFFE00000
 2729      0000E0FF 
 2730 b0f0 FFFFFF7F 			.word	0x7FFFFFFF, 0xFFE00000
 2730      0000E0FF 
 2731 b0f8 FFFFFF7F 			.word	0x7FFFFFFF, 0xFFE00000
 2731      0000E0FF 
 2732 b100 FFFFFF3F 			.word	0x3FFFFFFF, 0xFFC00000
 2732      0000C0FF 
 2733 b108 FFFFFF3F 			.word	0x3FFFFFFF, 0xFFC00000
 2733      0000C0FF 
 2734 b110 FFFFFF1F 			.word	0x1FFFFFFF, 0xFF800000
 2734      000080FF 
 2735 b118 FFFFFF0F 			.word	0x0FFFFFFF, 0xFF000000
 2735      000000FF 
 2736 b120 FFFFFF07 			.word	0x07FFFFFF, 0xFF000000
 2736      000000FF 
 2737 b128 FFFFFF03 			.word	0x03FFFFFF, 0xFE000000
 2737      000000FE 
 2738 b130 FFFFFF01 			.word	0x01FFFFFF, 0xFC000000
 2738      000000FC 
 2739 b138 FFFFFF00 			.word	0x00FFFFFF, 0xF0000000
ARM GAS  font_century238.s 			page 202


 2739      000000F0 
 2740 b140 FFFF7F00 			.word	0x007FFFFF, 0xE0000000
 2740      000000E0 
 2741 b148 FFFF1F00 			.word	0x001FFFFF, 0x80000000
 2741      00000080 
 2742 b150 FCFF0300 			.word	0x0003FFFC, 0x00000000
 2742      00000000 
 2743 b158 00000000 			.word	0x00000000, 0x00000000
 2743      00000000 
 2744 b160 00000000 			.word	0x00000000, 0x00000000
 2744      00000000 
 2745 b168 00000000 			.word	0x00000000, 0x00000000
 2745      00000000 
 2746 b170 00000000 			.word	0x00000000, 0x00000000
 2746      00000000 
 2747 b178 00000000 			.word	0x00000000, 0x00000000
 2747      00000000 
 2748 b180 00000000 			.word	0x00000000, 0x00000000
 2748      00000000 
 2749 b188 00000000 			.word	0x00000000, 0x00000000
 2749      00000000 
 2750 b190 00000000 			.word	0x00000000, 0x00000000
 2750      00000000 
 2751 b198 00000000 			.word	0x00000000, 0x00000000
 2751      00000000 
 2752 b1a0 00000000 			.word	0x00000000, 0x00000000
 2752      00000000 
 2753 b1a8 00000000 			.word	0x00000000, 0x00000000
 2753      00000000 
 2754 b1b0 00000000 			.word	0x00000000, 0x00000000
 2754      00000000 
 2755 b1b8 00000000 			.word	0x00000000, 0x00000000
 2755      00000000 
 2756 b1c0 00000000 			.word	0x00000000, 0x00000000
 2756      00000000 
 2757 b1c8 00000000 			.word	0x00000000, 0x00000000
 2757      00000000 
 2758 b1d0 00000000 			.word	0x00000000, 0x00000000
 2758      00000000 
 2759 b1d8 00000000 			.word	0x00000000, 0x00000000
 2759      00000000 
 2760 b1e0 00000000 			.word	0x00000000, 0x00000000
 2760      00000000 
 2761 b1e8 00000000 			.word	0x00000000, 0x00000000
 2761      00000000 
 2762 b1f0 00000000 			.word	0x00000000, 0x00000000
 2762      00000000 
 2763 b1f8 00000000 			.word	0x00000000, 0x00000000
 2763      00000000 
 2764 b200 00000000 			.word	0x00000000, 0x00000000
 2764      00000000 
 2765 b208 00000000 			.word	0x00000000, 0x00000000
 2765      00000000 
 2766 b210 00000000 			.word	0x00000000, 0x00000000
 2766      00000000 
 2767 b218 00000000 			.word	0x00000000, 0x00000000
 2767      00000000 
ARM GAS  font_century238.s 			page 203


 2768 b220 00000000 			.word	0x00000000, 0x00000000
 2768      00000000 
 2769 b228 00000000 			.word	0x00000000, 0x00000000
 2769      00000000 
 2770 b230 00000000 			.word	0x00000000, 0x00000000
 2770      00000000 
 2771 b238 00000000 			.word	0x00000000, 0x00000000
 2771      00000000 
 2772 b240 00000000 			.word	0x00000000, 0x00000000
 2772      00000000 
 2773 b248 00000000 			.word	0x00000000, 0x00000000
 2773      00000000 
 2774 b250 00000000 			.word	0x00000000, 0x00000000
 2774      00000000 
 2775 b258 00000000 			.word	0x00000000, 0x00000000
 2775      00000000 
 2776 b260 00000000 			.word	0x00000000, 0x00000000
 2776      00000000 
 2777 b268 00000000 			.word	0x00000000, 0x00000000
 2777      00000000 
 2778 b270 00000000 			.word	0x00000000, 0x00000000
 2778      00000000 
 2779 b278 00000000 			.word	0x00000000, 0x00000000
 2779      00000000 
 2780 b280 00000000 			.word	0x00000000, 0x00000000
 2780      00000000 
 2781 b288 00000000 			.word	0x00000000, 0x00000000
 2781      00000000 
 2782 b290 00000000 			.word	0x00000000, 0x00000000
 2782      00000000 
 2783 b298 00000000 			.word	0x00000000, 0x00000000
 2783      00000000 
 2784 b2a0 00000000 			.word	0x00000000, 0x00000000
 2784      00000000 
 2785 b2a8 00000000 			.word	0x00000000, 0x00000000
 2785      00000000 
 2786 b2b0 00000000 			.word	0x00000000, 0x00000000
 2786      00000000 
 2787 b2b8 00000000 			.word	0x00000000, 0x00000000
 2787      00000000 
 2788 b2c0 00000000 			.word	0x00000000, 0x00000000
 2788      00000000 
 2789 b2c8 00000000 			.word	0x00000000, 0x00000000
 2789      00000000 
 2790 b2d0 00000000 			.word	0x00000000, 0x00000000
 2790      00000000 
 2791 b2d8 00000000 			.word	0x00000000, 0x00000000
 2791      00000000 
 2792 b2e0 00000000 			.word	0x00000000, 0x00000000
 2792      00000000 
 2793 b2e8 00000000 			.word	0x00000000, 0x00000000
 2793      00000000 
 2794 b2f0 00000000 			.word	0x00000000, 0x00000000
 2794      00000000 
 2795 b2f8 00000000 			.word	0x00000000, 0x00000000
 2795      00000000 
 2796 b300 00000000 			.word	0x00000000, 0x00000000
ARM GAS  font_century238.s 			page 204


 2796      00000000 
 2797 b308 00000000 			.word	0x00000000, 0x00000000
 2797      00000000 
 2798 b310 00000000 			.word	0x00000000, 0x00000000
 2798      00000000 
 2799 b318 00000000 			.word	0x00000000, 0x00000000
 2799      00000000 
 2800 b320 00000000 			.word	0x00000000, 0x00000000
 2800      00000000 
 2801 b328 00000000 			.word	0x00000000, 0x00000000
 2801      00000000 
 2802 b330 00000000 			.word	0x00000000, 0x00000000
 2802      00000000 
 2803 b338 00000000 			.word	0x00000000, 0x00000000
 2803      00000000 
 2804 b340 00000000 			.word	0x00000000, 0x00000000
 2804      00000000 
 2805 b348 00000000 			.word	0x00000000, 0x00000000
 2805      00000000 
 2806 b350 00000000 			.word	0x00000000, 0x00000000
 2806      00000000 
 2807 b358 00000000 			.word	0x00000000, 0x00000000
 2807      00000000 
 2808 b360 00000000 			.word	0x00000000, 0x00000000
 2808      00000000 
 2809 b368 00000000 			.word	0x00000000, 0x00000000
 2809      00000000 
 2810 b370 00000000 			.word	0x00000000, 0x00000000
 2810      00000000 
 2811 b378 00000000 			.word	0x00000000, 0x00000000
 2811      00000000 
 2812 b380 00000000 			.word	0x00000000, 0x00000000
 2812      00000000 
 2813 b388 00000000 			.word	0x00000000, 0x00000000
 2813      00000000 
 2814 b390 FEFF0100 			.word	0x0001FFFE, 0x00000000
 2814      00000000 
 2815 b398 FFFF0F00 			.word	0x000FFFFF, 0x80000000
 2815      00000080 
 2816 b3a0 FFFF3F00 			.word	0x003FFFFF, 0xE0000000
 2816      000000E0 
 2817 b3a8 FFFFFF00 			.word	0x00FFFFFF, 0xF8000000
 2817      000000F8 
 2818 b3b0 FFFFFF01 			.word	0x01FFFFFF, 0xFC000000
 2818      000000FC 
 2819 b3b8 FFFFFF03 			.word	0x03FFFFFF, 0xFE000000
 2819      000000FE 
 2820 b3c0 FFFFFF07 			.word	0x07FFFFFF, 0xFF000000
 2820      000000FF 
 2821 b3c8 FFFFFF0F 			.word	0x0FFFFFFF, 0xFF800000
 2821      000080FF 
 2822 b3d0 FFFFFF1F 			.word	0x1FFFFFFF, 0xFFC00000
 2822      0000C0FF 
 2823 b3d8 FFFFFF1F 			.word	0x1FFFFFFF, 0xFFE00000
 2823      0000E0FF 
 2824 b3e0 FFFFFF3F 			.word	0x3FFFFFFF, 0xFFE00000
 2824      0000E0FF 
ARM GAS  font_century238.s 			page 205


 2825 b3e8 FFFFFF3F 			.word	0x3FFFFFFF, 0xFFF00000
 2825      0000F0FF 
 2826 b3f0 FFFFFF7F 			.word	0x7FFFFFFF, 0xFFF00000
 2826      0000F0FF 
 2827 b3f8 FFFFFF7F 			.word	0x7FFFFFFF, 0xFFF00000
 2827      0000F0FF 
 2828 b400 FFFFFFFF 			.word	0xFFFFFFFF, 0xFFF80000
 2828      0000F8FF 
 2829 b408 FFFFFFFF 			.word	0xFFFFFFFF, 0xFFF80000
 2829      0000F8FF 
 2830 b410 FFFFFFFF 			.word	0xFFFFFFFF, 0xFFF80000
 2830      0000F8FF 
 2831 b418 FFFFFFFF 			.word	0xFFFFFFFF, 0xFFF80000
 2831      0000F8FF 
 2832 b420 FFFFFFFF 			.word	0xFFFFFFFF, 0xFFF80000
 2832      0000F8FF 
 2833 b428 FFFFFFFF 			.word	0xFFFFFFFF, 0xFFF80000
 2833      0000F8FF 
 2834 b430 FFFFFFFF 			.word	0xFFFFFFFF, 0xFFF80000
 2834      0000F8FF 
 2835 b438 FFFFFFFF 			.word	0xFFFFFFFF, 0xFFF80000
 2835      0000F8FF 
 2836 b440 FFFFFFFF 			.word	0xFFFFFFFF, 0xFFF80000
 2836      0000F8FF 
 2837 b448 FFFFFFFF 			.word	0xFFFFFFFF, 0xFFF80000
 2837      0000F8FF 
 2838 b450 FFFFFFFF 			.word	0xFFFFFFFF, 0xFFF80000
 2838      0000F8FF 
 2839 b458 FFFFFFFF 			.word	0xFFFFFFFF, 0xFFF80000
 2839      0000F8FF 
 2840 b460 FFFFFFFF 			.word	0xFFFFFFFF, 0xFFF80000
 2840      0000F8FF 
 2841 b468 FFFFFFFF 			.word	0xFFFFFFFF, 0xFFF80000
 2841      0000F8FF 
 2842 b470 FFFFFFFF 			.word	0xFFFFFFFF, 0xFFF80000
 2842      0000F8FF 
 2843 b478 FFFFFF7F 			.word	0x7FFFFFFF, 0xFFF00000
 2843      0000F0FF 
 2844 b480 FFFFFF7F 			.word	0x7FFFFFFF, 0xFFF00000
 2844      0000F0FF 
 2845 b488 FFFFFF3F 			.word	0x3FFFFFFF, 0xFFF00000
 2845      0000F0FF 
 2846 b490 FFFFFF3F 			.word	0x3FFFFFFF, 0xFFE00000
 2846      0000E0FF 
 2847 b498 FFFFFF1F 			.word	0x1FFFFFFF, 0xFFC00000
 2847      0000C0FF 
 2848 b4a0 FFFFFF1F 			.word	0x1FFFFFFF, 0xFFC00000
 2848      0000C0FF 
 2849 b4a8 FFFFFF0F 			.word	0x0FFFFFFF, 0xFF800000
 2849      000080FF 
 2850 b4b0 FFFFFF07 			.word	0x07FFFFFF, 0xFF000000
 2850      000000FF 
 2851 b4b8 FFFFFF03 			.word	0x03FFFFFF, 0xFE000000
 2851      000000FE 
 2852 b4c0 FFFFFF01 			.word	0x01FFFFFF, 0xFC000000
 2852      000000FC 
 2853 b4c8 FFFFFF00 			.word	0x00FFFFFF, 0xF8000000
ARM GAS  font_century238.s 			page 206


 2853      000000F8 
 2854 b4d0 FFFF3F00 			.word	0x003FFFFF, 0xE0000000
 2854      000000E0 
 2855 b4d8 FFFF0F00 			.word	0x000FFFFF, 0x80000000
 2855      00000080 
 2856 b4e0 FEFF0100 			.word	0x0001FFFE, 0x00000000
 2856      00000000 
 2857              	
 2858              			.end
