ARM GAS  font_arial104.s 			page 1


   1              	/*******************************************************************************
   2              	*
   3              	* Arial font (104 points) file
   4              	*
   5              	* Copyright (c) 2022
   6              	*
   7              	*******************************************************************************/
   8              	
   9              	/*******************************************************************************
  10              	*
  11              	* Revision History
  12              	* ----------------------------------------------
  13              	* 10h	 4/13/22	PMW	Initial creation
  14              	*
  15              	*******************************************************************************/
  16              	
  17              	// External reference
  18              	
  19              			.global  FontArial104
  20              	
  21              	// Equates (i.e. defines)
  22              	
  23              			.equ	NULL, 0
  24              			.equ	CELLWDTH, 77
  25              			.equ	CELLHGHT, 130
  26              	
  27              	// Data Section
  28              	
  29              			.data
  30              	
  31              			.align	2
  32              	
  33              	/*******************************************************************************
  34              	*
  35              	* Font information, must be at beginning of font file
  36              	*
  37              	*******************************************************************************/
  38              	
  39              	FontArial104:
  40              	
  41 0000 10000000 			.word	STRING			// String font name offset
  42 0004 28000000 			.word	TABLE			// ASCII character table of offset addresses
  43 0008 4D000000 			.word	CELLWDTH		// cell pixel width
  44 000c 82000000 			.word	CELLHGHT		// cell pixel height
  45              	
  46              	/*******************************************************************************
  47              	*
  48              	* Font string name
  49              	*
  50              	*******************************************************************************/
  51              	
  52              	STRING:
  53              	
  54 0010 41726961 			.asciz	"Arial font (104 points)"
  54      6C20666F 
  54      6E742028 
  54      31303420 
ARM GAS  font_arial104.s 			page 2


  54      706F696E 
  55              	
  56              			.align	2
  57              	
  58              	/*******************************************************************************
  59              	*
  60              	* ASCII character table of offset addresses
  61              	*
  62              	* There is one entry for each of 128 ASCII characters
  63              	* A null entry means there is no gyph associated with that entry
  64              	*
  65              	*******************************************************************************/
  66              	
  67              	TABLE:
  68 0028 00000000 			.word	NULL			// 00h - null, can't be used as it's string terminator
  69 002c 00000000 			.word	NULL
  70 0030 00000000 			.word	NULL
  71 0034 00000000 			.word	NULL
  72 0038 00000000 			.word	NULL
  73 003c 00000000 			.word	NULL
  74 0040 00000000 			.word	NULL
  75 0044 00000000 			.word	NULL
  76 0048 00000000 			.word	NULL
  77 004c 00000000 			.word	NULL
  78 0050 00000000 			.word	NULL
  79 0054 00000000 			.word	NULL
  80 0058 00000000 			.word	NULL
  81 005c 00000000 			.word	NULL
  82 0060 00000000 			.word	NULL
  83 0064 00000000 			.word	NULL
  84 0068 00000000 			.word	NULL
  85 006c 00000000 			.word	NULL
  86 0070 00000000 			.word	NULL
  87 0074 00000000 			.word	NULL
  88 0078 00000000 			.word	NULL
  89 007c 00000000 			.word	NULL
  90 0080 00000000 			.word	NULL
  91 0084 00000000 			.word	NULL
  92 0088 00000000 			.word	NULL
  93 008c 00000000 			.word	NULL
  94 0090 00000000 			.word	NULL
  95 0094 00000000 			.word	NULL
  96 0098 00000000 			.word	NULL
  97 009c 00000000 			.word	NULL
  98 00a0 00000000 			.word	NULL
  99 00a4 00000000 			.word	NULL
 100 00a8 28040000 			.word	SPACE			// <space>
 101 00ac 4C040000 			.word	EXCLAMATION_MARK	// !
 102 00b0 00060000 			.word	QUOTE_MARK		// "
 103 00b4 44070000 			.word	NUMBER_SIGN		// #
 104 00b8 180C0000 			.word	DOLLAR_SIGN		// $
 105 00bc 740F0000 			.word	PERCENT_SIGN		// %
 106 00c0 28160000 			.word	AMPERSAND		// &
 107 00c4 141B0000 			.word	APOSTROPHE		// '
 108 00c8 C81B0000 			.word	LEFT_PAREN		// (
 109 00cc EC1D0000 			.word	RIGHT_PAREN		// )
 110 00d0 10200000 			.word	ASTERISK		// *
ARM GAS  font_arial104.s 			page 3


 111 00d4 7C210000 			.word	PLUS_SIGN		// +
 112 00d8 B8240000 			.word	COMMA			// ,
 113 00dc 60250000 			.word	MINUS_SIGN		// -
 114 00e0 E4250000 			.word	PERIOD			// .
 115 00e4 38260000 			.word	FORWARD_SLASH		// /
 116 00e8 7C290000 			.word	ZERO			// 0
 117 00ec 5C2E0000 			.word	ONE			// 1
 118 00f0 A0310000 			.word	TWO			// 2
 119 00f4 74360000 			.word	THREE			// 3
 120 00f8 543B0000 			.word	FOUR			// 4
 121 00fc 1C400000 			.word	FIVE			// 5
 122 0100 F0440000 			.word	SIX			// 6
 123 0104 D0490000 			.word	SEVEN			// 7
 124 0108 0C4D0000 			.word	EIGHT			// 8
 125 010c EC510000 			.word	NINE			// 9
 126 0110 CC560000 			.word	COLON			// :
 127 0114 14580000 			.word	SEMI_COLON		// ;
 128 0118 B0590000 			.word	LESS_THAN_SIGN		// <
 129 011c F85C0000 			.word	EQUAL_SIGN		// =
 130 0120 145F0000 			.word	GREATER_THAN_SIGN	// >
 131 0124 5C620000 			.word	QUESTION_MARK		// ?
 132 0128 A8650000 			.word	AT_SIGN			// @
 133 012c 346A0000 			.word	UPPERCASE_A		// A
 134 0130 086F0000 			.word	UPPERCASE_B		// B
 135 0134 DC730000 			.word	UPPERCASE_C		// C
 136 0138 B0780000 			.word	UPPERCASE_D		// D
 137 013c 847D0000 			.word	UPPERCASE_E		// E
 138 0140 58820000 			.word	UPPERCASE_F		// F
 139 0144 2C870000 			.word	UPPERCASE_G		// G
 140 0148 008C0000 			.word	UPPERCASE_H		// H
 141 014c D4900000 			.word	UPPERCASE_I		// I
 142 0150 88920000 			.word	UPPERCASE_J		// J
 143 0154 CC950000 			.word	UPPERCASE_K		// K
 144 0158 A09A0000 			.word	UPPERCASE_L		// L
 145 015c E49D0000 			.word	UPPERCASE_M		// M
 146 0160 B8A20000 			.word	UPPERCASE_N		// N
 147 0164 8CA70000 			.word	UPPERCASE_O		// O
 148 0168 60AC0000 			.word	UPPERCASE_P		// P
 149 016c 34B10000 			.word	UPPERCASE_Q		// Q
 150 0170 50B60000 			.word	UPPERCASE_R		// R
 151 0174 24BB0000 			.word	UPPERCASE_S		// S
 152 0178 F8BF0000 			.word	UPPERCASE_T		// T
 153 017c CCC40000 			.word	UPPERCASE_U		// U
 154 0180 A0C90000 			.word	UPPERCASE_V		// V
 155 0184 74CE0000 			.word	UPPERCASE_W		// W
 156 0188 D8D40000 			.word	UPPERCASE_X		// X
 157 018c ACD90000 			.word	UPPERCASE_Y		// Y
 158 0190 80DE0000 			.word	UPPERCASE_Z		// Z
 159 0194 54E30000 			.word	LEFT_SQUARE_BRACKET	// [
 160 0198 78E50000 			.word	BACK_SLASH		// \
 161 019c BCE80000 			.word	RIGHT_SQUARE_BRACKET	// ]
 162 01a0 E0EA0000 			.word	CARROT			// ^
 163 01a4 ACEC0000 			.word	UNDERSCORE		// _
 164 01a8 3CED0000 			.word	ACCENT_MARK		// `
 165 01ac ACED0000 			.word	LOWERCASE_A		// a
 166 01b0 54F10000 			.word	LOWERCASE_B		// b
 167 01b4 A0F40000 			.word	LOWERCASE_C		// c
ARM GAS  font_arial104.s 			page 4


 168 01b8 1CF70000 			.word	LOWERCASE_D		// d
 169 01bc 68FA0000 			.word	LOWERCASE_E		// e
 170 01c0 10FE0000 			.word	LOWERCASE_F		// f
 171 01c4 5C010100 			.word	LOWERCASE_G		// g
 172 01c8 B8040100 			.word	LOWERCASE_H		// h
 173 01cc FC070100 			.word	LOWERCASE_I		// i
 174 01d0 B0090100 			.word	LOWERCASE_J		// j
 175 01d4 D80B0100 			.word	LOWERCASE_K		// k
 176 01d8 1C0F0100 			.word	LOWERCASE_L		// l
 177 01dc D0100100 			.word	LOWERCASE_M		// m
 178 01e0 94150100 			.word	LOWERCASE_N		// n
 179 01e4 08180100 			.word	LOWERCASE_O		// o
 180 01e8 B01B0100 			.word	LOWERCASE_P		// p
 181 01ec 041F0100 			.word	LOWERCASE_Q		// q
 182 01f0 58220100 			.word	LOWERCASE_R		// r
 183 01f4 CC240100 			.word	LOWERCASE_S		// s
 184 01f8 48270100 			.word	LOWERCASE_T		// t
 185 01fc 842A0100 			.word	LOWERCASE_U		// u
 186 0200 F82C0100 			.word	LOWERCASE_V		// v
 187 0204 88300100 			.word	LOWERCASE_W		// w
 188 0208 3C350100 			.word	LOWERCASE_X		// x
 189 020c CC380100 			.word	LOWERCASE_Y		// y
 190 0210 203C0100 			.word	LOWERCASE_Z		// z
 191 0214 8C3E0100 			.word	LEFT_CURLY_BRACKET	// {
 192 0218 C0420100 			.word	VERTCIAL_LINE		// |
 193 021c EC440100 			.word	RIGHT_CURLY_BRACKET	// }
 194 0220 20490100 			.word	TILDE			// ~
 195 0224 00000000 			.word	NULL			// <delete>
 196 0228 00000000 			.word	NULL			// HEX_0X80
 197 022c 00000000 			.word	NULL			// HEX_0X81
 198 0230 00000000 			.word	NULL			// HEX_0X82
 199 0234 00000000 			.word	NULL			// HEX_0X83
 200 0238 00000000 			.word	NULL			// HEX_0X84
 201 023c 00000000 			.word	NULL			// HEX_0X85
 202 0240 00000000 			.word	NULL			// HEX_0X86
 203 0244 00000000 			.word	NULL			// HEX_0X87
 204 0248 00000000 			.word	NULL			// HEX_0X88
 205 024c 00000000 			.word	NULL			// HEX_0X89
 206 0250 00000000 			.word	NULL			// HEX_0X8A
 207 0254 00000000 			.word	NULL			// HEX_0X8B
 208 0258 00000000 			.word	NULL			// HEX_0X8C
 209 025c 00000000 			.word	NULL			// HEX_0X8D
 210 0260 00000000 			.word	NULL			// HEX_0X8E
 211 0264 00000000 			.word	NULL			// HEX_0X8F
 212 0268 00000000 			.word	NULL			// HEX_0X90
 213 026c 00000000 			.word	NULL			// HEX_0X91
 214 0270 00000000 			.word	NULL			// HEX_0X92
 215 0274 00000000 			.word	NULL			// HEX_0X93
 216 0278 00000000 			.word	NULL			// HEX_0X94
 217 027c 00000000 			.word	NULL			// HEX_0X95
 218 0280 00000000 			.word	NULL			// HEX_0X96
 219 0284 00000000 			.word	NULL			// HEX_0X97
 220 0288 00000000 			.word	NULL			// HEX_0X98
 221 028c 00000000 			.word	NULL			// HEX_0X99
 222 0290 00000000 			.word	NULL			// HEX_0X9A
 223 0294 00000000 			.word	NULL			// HEX_0X9B
 224 0298 00000000 			.word	NULL			// HEX_0X9C
ARM GAS  font_arial104.s 			page 5


 225 029c 00000000 			.word	NULL			// HEX_0X9D
 226 02a0 00000000 			.word	NULL			// HEX_0X9E
 227 02a4 00000000 			.word	NULL			// HEX_0X9F
 228 02a8 00000000 			.word	NULL			// HEX_0XA0
 229 02ac 00000000 			.word	NULL			// HEX_0XA1
 230 02b0 00000000 			.word	NULL			// HEX_0XA2
 231 02b4 00000000 			.word	NULL			// HEX_0XA3
 232 02b8 00000000 			.word	NULL			// HEX_0XA4
 233 02bc 00000000 			.word	NULL			// HEX_0XA5
 234 02c0 00000000 			.word	NULL			// HEX_0XA6
 235 02c4 00000000 			.word	NULL			// HEX_0XA7
 236 02c8 00000000 			.word	NULL			// HEX_0XA8
 237 02cc 00000000 			.word	NULL			// HEX_0XA9
 238 02d0 00000000 			.word	NULL			// HEX_0XAA
 239 02d4 00000000 			.word	NULL			// HEX_0XAB
 240 02d8 00000000 			.word	NULL			// HEX_0XAC
 241 02dc 00000000 			.word	NULL			// HEX_0XAD
 242 02e0 00000000 			.word	NULL			// HEX_0XAE
 243 02e4 00000000 			.word	NULL			// HEX_0XAF
 244 02e8 00000000 			.word	NULL			// HEX_0XB0
 245 02ec 00000000 			.word	NULL			// HEX_0XB1
 246 02f0 00000000 			.word	NULL			// HEX_0XB2
 247 02f4 00000000 			.word	NULL			// HEX_0XB3
 248 02f8 00000000 			.word	NULL			// HEX_0XB4
 249 02fc 00000000 			.word	NULL			// HEX_0XB5
 250 0300 00000000 			.word	NULL			// HEX_0XB6
 251 0304 00000000 			.word	NULL			// HEX_0XB7
 252 0308 00000000 			.word	NULL			// HEX_0XB8
 253 030c 00000000 			.word	NULL			// HEX_0XB9
 254 0310 00000000 			.word	NULL			// HEX_0XBA
 255 0314 00000000 			.word	NULL			// HEX_0XBB
 256 0318 00000000 			.word	NULL			// HEX_0XBC
 257 031c 00000000 			.word	NULL			// HEX_0XBD
 258 0320 00000000 			.word	NULL			// HEX_0XBE
 259 0324 00000000 			.word	NULL			// HEX_0XBF
 260 0328 00000000 			.word	NULL			// HEX_0XC0
 261 032c 00000000 			.word	NULL			// HEX_0XC1
 262 0330 00000000 			.word	NULL			// HEX_0XC2
 263 0334 00000000 			.word	NULL			// HEX_0XC3
 264 0338 00000000 			.word	NULL			// HEX_0XC4
 265 033c 00000000 			.word	NULL			// HEX_0XC5
 266 0340 00000000 			.word	NULL			// HEX_0XC6
 267 0344 00000000 			.word	NULL			// HEX_0XC7
 268 0348 00000000 			.word	NULL			// HEX_0XC8
 269 034c 00000000 			.word	NULL			// HEX_0XC9
 270 0350 00000000 			.word	NULL			// HEX_0XCA
 271 0354 00000000 			.word	NULL			// HEX_0XCB
 272 0358 00000000 			.word	NULL			// HEX_0XCC
 273 035c 00000000 			.word	NULL			// HEX_0XCD
 274 0360 00000000 			.word	NULL			// HEX_0XCE
 275 0364 00000000 			.word	NULL			// HEX_0XCF
 276 0368 00000000 			.word	NULL			// HEX_0XD0
 277 036c 00000000 			.word	NULL			// HEX_0XD1
 278 0370 00000000 			.word	NULL			// HEX_0XD2
 279 0374 00000000 			.word	NULL			// HEX_0XD3
 280 0378 00000000 			.word	NULL			// HEX_0XD4
 281 037c 00000000 			.word	NULL			// HEX_0XD5
ARM GAS  font_arial104.s 			page 6


 282 0380 00000000 			.word	NULL			// HEX_0XD6
 283 0384 00000000 			.word	NULL			// HEX_0XD7
 284 0388 00000000 			.word	NULL			// HEX_0XD8
 285 038c 00000000 			.word	NULL			// HEX_0XD9
 286 0390 00000000 			.word	NULL			// HEX_0XDA
 287 0394 00000000 			.word	NULL			// HEX_0XDB
 288 0398 00000000 			.word	NULL			// HEX_0XDC
 289 039c 00000000 			.word	NULL			// HEX_0XDD
 290 03a0 00000000 			.word	NULL			// HEX_0XDE
 291 03a4 00000000 			.word	NULL			// HEX_0XDF
 292 03a8 00000000 			.word	NULL			// HEX_0XE0
 293 03ac 00000000 			.word	NULL			// HEX_0XE1
 294 03b0 00000000 			.word	NULL			// HEX_0XE2
 295 03b4 00000000 			.word	NULL			// HEX_0XE3
 296 03b8 00000000 			.word	NULL			// HEX_0XE4
 297 03bc 00000000 			.word	NULL			// HEX_0XE5
 298 03c0 00000000 			.word	NULL			// HEX_0XE6
 299 03c4 00000000 			.word	NULL			// HEX_0XE7
 300 03c8 00000000 			.word	NULL			// HEX_0XE8
 301 03cc 00000000 			.word	NULL			// HEX_0XE9
 302 03d0 00000000 			.word	NULL			// HEX_0XEA
 303 03d4 00000000 			.word	NULL			// HEX_0XEB
 304 03d8 00000000 			.word	NULL			// HEX_0XEC
 305 03dc 00000000 			.word	NULL			// HEX_0XED
 306 03e0 00000000 			.word	NULL			// HEX_0XEE
 307 03e4 00000000 			.word	NULL			// HEX_0XEF
 308 03e8 00000000 			.word	NULL			// HEX_0XF0
 309 03ec 00000000 			.word	NULL			// HEX_0XF1
 310 03f0 00000000 			.word	NULL			// HEX_0XF2
 311 03f4 00000000 			.word	NULL			// HEX_0XF3
 312 03f8 00000000 			.word	NULL			// HEX_0XF4
 313 03fc 00000000 			.word	NULL			// HEX_0XF5
 314 0400 00000000 			.word	NULL			// HEX_0XF6
 315 0404 00000000 			.word	NULL			// HEX_0XF7
 316 0408 4C4A0100 			.word	HEX_0XF8
 317 040c 00000000 			.word	NULL			// HEX_0XF9
 318 0410 00000000 			.word	NULL			// HEX_0XFA
 319 0414 00000000 			.word	NULL			// HEX_0XFB
 320 0418 00000000 			.word	NULL			// HEX_0XFC
 321 041c A04B0100 			.word	HEX_0XFD
 322 0420 00000000 			.word	NULL			// HEX_0XFE
 323 0424 00000000 			.word	NULL			// HEX_0XFF
 324              	
 325              	/*******************************************************************************
 326              	*
 327              	* Bit mapped glyph data (address offsets)
 328              	* 0: ASCII character
 329              	* 4: cell pixel width (may be variable for proportional spacing)
 330              	* 8: cell pixel height (must be constant for all characters in a font)
 331              	* 12: glyph pixel width
 332              	* 16: glyph pixel height
 333              	* 20: blank horizontal pixels before glyph
 334              	* 24: blank horizontal pixels after glyph
 335              	* 28: blank horizontal lines before glyph
 336              	* 32: blank horizontal lines after glyph
 337              	* 36: bit mapped glyph
 338              	*
ARM GAS  font_arial104.s 			page 7


 339              	* cell pixel width = blank horizontal pixels before glyph + glyph pixel width + blank horizontal pi
 340              	*
 341              	* cell pixel height = blank horizontal lines before glyph + glyph pixel height + blank horizontal l
 342              	*
 343              	*******************************************************************************/
 344              	
 345              	SPACE:
 346 0428 20000000 			.word	' 			// ASCII " " character
 347 042c 27000000 			.word	39			// cell pixel width
 348 0430 82000000 			.word	CELLHGHT		// cell pixel height
 349 0434 00000000 			.word	0			// glyph pixel width
 350 0438 00000000 			.word	0			// glyph pixel height
 351 043c 00000000 			.word	0			// blank horizontal pixels before glyph
 352 0440 00000000 			.word	0			// blank horizontal pixels after glyph
 353 0444 82000000 			.word	CELLHGHT		// blank horizontal lines before glyph
 354 0448 00000000 			.word	0			// blank horizontal lines after glyph
 355              							// no bit mapped glyph for <space>
 356              	
 357              	EXCLAMATION_MARK:
 358 044c 21000000 			.word	'!			// ASCII "!" character
 359 0450 27000000 			.word	39			// cell pixel width
 360 0454 82000000 			.word	CELLHGHT		// cell pixel height
 361 0458 0F000000 			.word	15			// glyph pixel width
 362 045c 64000000 			.word	100			// glyph pixel height
 363 0460 0C000000 			.word	12			// blank horizontal pixels before glyph
 364 0464 0C000000 			.word	12			// blank horizontal pixels after glyph
 365 0468 00000000 			.word	0			// blank horizontal lines before glyph
 366 046c 1E000000 			.word	30			// blank horizontal lines after glyph
 367              							// bit mapped glyph
 368 0470 0000FEFF 			.word	0xFFFE0000
 369 0474 0000FEFF 			.word	0xFFFE0000
 370 0478 0000FEFF 			.word	0xFFFE0000
 371 047c 0000FEFF 			.word	0xFFFE0000
 372 0480 0000FEFF 			.word	0xFFFE0000
 373 0484 0000FEFF 			.word	0xFFFE0000
 374 0488 0000FEFF 			.word	0xFFFE0000
 375 048c 0000FEFF 			.word	0xFFFE0000
 376 0490 0000FEFF 			.word	0xFFFE0000
 377 0494 0000FEFF 			.word	0xFFFE0000
 378 0498 0000FEFF 			.word	0xFFFE0000
 379 049c 0000FEFF 			.word	0xFFFE0000
 380 04a0 0000FEFF 			.word	0xFFFE0000
 381 04a4 0000FEFF 			.word	0xFFFE0000
 382 04a8 0000FEFF 			.word	0xFFFE0000
 383 04ac 0000FEFF 			.word	0xFFFE0000
 384 04b0 0000FEFF 			.word	0xFFFE0000
 385 04b4 0000FEFF 			.word	0xFFFE0000
 386 04b8 0000FEFF 			.word	0xFFFE0000
 387 04bc 0000FEFF 			.word	0xFFFE0000
 388 04c0 0000FEFF 			.word	0xFFFE0000
 389 04c4 0000FEFF 			.word	0xFFFE0000
 390 04c8 0000FEFF 			.word	0xFFFE0000
 391 04cc 0000FEFF 			.word	0xFFFE0000
 392 04d0 0000FEFF 			.word	0xFFFE0000
 393 04d4 0000FEFF 			.word	0xFFFE0000
 394 04d8 0000FEFF 			.word	0xFFFE0000
 395 04dc 0000FE7F 			.word	0x7FFE0000
ARM GAS  font_arial104.s 			page 8


 396 04e0 0000FE7F 			.word	0x7FFE0000
 397 04e4 0000FE7F 			.word	0x7FFE0000
 398 04e8 0000FE7F 			.word	0x7FFE0000
 399 04ec 0000FE7F 			.word	0x7FFE0000
 400 04f0 0000FE7F 			.word	0x7FFE0000
 401 04f4 0000FC7F 			.word	0x7FFC0000
 402 04f8 0000FC7F 			.word	0x7FFC0000
 403 04fc 0000FC7F 			.word	0x7FFC0000
 404 0500 0000FC7F 			.word	0x7FFC0000
 405 0504 0000FC7F 			.word	0x7FFC0000
 406 0508 0000FC7F 			.word	0x7FFC0000
 407 050c 0000FC7F 			.word	0x7FFC0000
 408 0510 0000FC7F 			.word	0x7FFC0000
 409 0514 0000FC7F 			.word	0x7FFC0000
 410 0518 0000FC3F 			.word	0x3FFC0000
 411 051c 0000FC3F 			.word	0x3FFC0000
 412 0520 0000FC3F 			.word	0x3FFC0000
 413 0524 0000FC3F 			.word	0x3FFC0000
 414 0528 0000FC3F 			.word	0x3FFC0000
 415 052c 0000FC3F 			.word	0x3FFC0000
 416 0530 0000FC3F 			.word	0x3FFC0000
 417 0534 0000F83F 			.word	0x3FF80000
 418 0538 0000F83F 			.word	0x3FF80000
 419 053c 0000F83F 			.word	0x3FF80000
 420 0540 0000F83F 			.word	0x3FF80000
 421 0544 0000F83F 			.word	0x3FF80000
 422 0548 0000F83F 			.word	0x3FF80000
 423 054c 0000F83F 			.word	0x3FF80000
 424 0550 0000F83F 			.word	0x3FF80000
 425 0554 0000F81F 			.word	0x1FF80000
 426 0558 0000F81F 			.word	0x1FF80000
 427 055c 0000F81F 			.word	0x1FF80000
 428 0560 0000F81F 			.word	0x1FF80000
 429 0564 0000F81F 			.word	0x1FF80000
 430 0568 0000F81F 			.word	0x1FF80000
 431 056c 0000F81F 			.word	0x1FF80000
 432 0570 0000F81F 			.word	0x1FF80000
 433 0574 0000F01F 			.word	0x1FF00000
 434 0578 0000F01F 			.word	0x1FF00000
 435 057c 0000F01F 			.word	0x1FF00000
 436 0580 0000F01F 			.word	0x1FF00000
 437 0584 0000F01F 			.word	0x1FF00000
 438 0588 0000F01F 			.word	0x1FF00000
 439 058c 0000F00F 			.word	0x0FF00000
 440 0590 0000F00F 			.word	0x0FF00000
 441 0594 0000F00F 			.word	0x0FF00000
 442 0598 0000F00F 			.word	0x0FF00000
 443 059c 0000F00F 			.word	0x0FF00000
 444 05a0 0000F00F 			.word	0x0FF00000
 445 05a4 0000F00F 			.word	0x0FF00000
 446 05a8 00000000 			.word	0x00000000
 447 05ac 00000000 			.word	0x00000000
 448 05b0 00000000 			.word	0x00000000
 449 05b4 00000000 			.word	0x00000000
 450 05b8 00000000 			.word	0x00000000
 451 05bc 00000000 			.word	0x00000000
 452 05c0 00000000 			.word	0x00000000
ARM GAS  font_arial104.s 			page 9


 453 05c4 00000000 			.word	0x00000000
 454 05c8 00000000 			.word	0x00000000
 455 05cc 00000000 			.word	0x00000000
 456 05d0 0000FE7F 			.word	0x7FFE0000
 457 05d4 0000FE7F 			.word	0x7FFE0000
 458 05d8 0000FE7F 			.word	0x7FFE0000
 459 05dc 0000FE7F 			.word	0x7FFE0000
 460 05e0 0000FE7F 			.word	0x7FFE0000
 461 05e4 0000FE7F 			.word	0x7FFE0000
 462 05e8 0000FE7F 			.word	0x7FFE0000
 463 05ec 0000FE7F 			.word	0x7FFE0000
 464 05f0 0000FE7F 			.word	0x7FFE0000
 465 05f4 0000FE7F 			.word	0x7FFE0000
 466 05f8 0000FE7F 			.word	0x7FFE0000
 467 05fc 0000FE7F 			.word	0x7FFE0000
 468              	
 469              	QUOTE_MARK:
 470 0600 22000000 			.word	'"			// ASCII """ character
 471 0604 31000000 			.word	49			// cell pixel width
 472 0608 82000000 			.word	CELLHGHT		// cell pixel height
 473 060c 24000000 			.word	36			// glyph pixel width
 474 0610 24000000 			.word	36			// glyph pixel height
 475 0614 06000000 			.word	6			// blank horizontal pixels before glyph
 476 0618 07000000 			.word	7			// blank horizontal pixels after glyph
 477 061c 00000000 			.word	0			// blank horizontal lines before glyph
 478 0620 5E000000 			.word	94			// blank horizontal lines after glyph
 479              							// bit mapped glyph
 480 0624 FF01FCFF 			.word	0xFFFC01FF, 0xF0000000
 480      000000F0 
 481 062c FF01FCFF 			.word	0xFFFC01FF, 0xF0000000
 481      000000F0 
 482 0634 FF01FCFF 			.word	0xFFFC01FF, 0xF0000000
 482      000000F0 
 483 063c FF01FCFF 			.word	0xFFFC01FF, 0xF0000000
 483      000000F0 
 484 0644 FF01FCFF 			.word	0xFFFC01FF, 0xF0000000
 484      000000F0 
 485 064c FF01FCFF 			.word	0xFFFC01FF, 0xF0000000
 485      000000F0 
 486 0654 FF01FCFF 			.word	0xFFFC01FF, 0xF0000000
 486      000000F0 
 487 065c FF01FCFF 			.word	0xFFFC01FF, 0xF0000000
 487      000000F0 
 488 0664 FF01FCFF 			.word	0xFFFC01FF, 0xF0000000
 488      000000F0 
 489 066c FF01FCFF 			.word	0xFFFC01FF, 0xF0000000
 489      000000F0 
 490 0674 FF01FCFF 			.word	0xFFFC01FF, 0xF0000000
 490      000000F0 
 491 067c FF01FCFF 			.word	0xFFFC01FF, 0xF0000000
 491      000000F0 
 492 0684 FF01FCFF 			.word	0xFFFC01FF, 0xF0000000
 492      000000F0 
 493 068c FF01FCFF 			.word	0xFFFC01FF, 0xF0000000
 493      000000F0 
 494 0694 FF01FCFF 			.word	0xFFFC01FF, 0xF0000000
 494      000000F0 
ARM GAS  font_arial104.s 			page 10


 495 069c FF01FCFF 			.word	0xFFFC01FF, 0xF0000000
 495      000000F0 
 496 06a4 FF01FCFF 			.word	0xFFFC01FF, 0xF0000000
 496      000000F0 
 497 06ac FF01FC7F 			.word	0x7FFC01FF, 0xF0000000
 497      000000F0 
 498 06b4 FF01FC7F 			.word	0x7FFC01FF, 0xF0000000
 498      000000F0 
 499 06bc FF01FC7F 			.word	0x7FFC01FF, 0xF0000000
 499      000000F0 
 500 06c4 FF01FC7F 			.word	0x7FFC01FF, 0xF0000000
 500      000000F0 
 501 06cc FF00F87F 			.word	0x7FF800FF, 0xF0000000
 501      000000F0 
 502 06d4 FF00F87F 			.word	0x7FF800FF, 0xE0000000
 502      000000E0 
 503 06dc FF00F83F 			.word	0x3FF800FF, 0xE0000000
 503      000000E0 
 504 06e4 FF00F83F 			.word	0x3FF800FF, 0xE0000000
 504      000000E0 
 505 06ec FF00F83F 			.word	0x3FF800FF, 0xE0000000
 505      000000E0 
 506 06f4 FF00F83F 			.word	0x3FF800FF, 0xE0000000
 506      000000E0 
 507 06fc 7F00F03F 			.word	0x3FF0007F, 0xE0000000
 507      000000E0 
 508 0704 7F00F03F 			.word	0x3FF0007F, 0xC0000000
 508      000000C0 
 509 070c 7F00F01F 			.word	0x1FF0007F, 0xC0000000
 509      000000C0 
 510 0714 7F00F01F 			.word	0x1FF0007F, 0xC0000000
 510      000000C0 
 511 071c 7F00F01F 			.word	0x1FF0007F, 0xC0000000
 511      000000C0 
 512 0724 7F00F01F 			.word	0x1FF0007F, 0xC0000000
 512      000000C0 
 513 072c 3F00E01F 			.word	0x1FE0003F, 0xC0000000
 513      000000C0 
 514 0734 3F00E00F 			.word	0x0FE0003F, 0x80000000
 514      00000080 
 515 073c 3F00E00F 			.word	0x0FE0003F, 0x80000000
 515      00000080 
 516              	
 517              	NUMBER_SIGN:
 518 0744 23000000 			.word	'#			// ASCII "#" character
 519 0748 4D000000 			.word	77			// cell pixel width
 520 074c 82000000 			.word	CELLHGHT		// cell pixel height
 521 0750 4A000000 			.word	74			// glyph pixel width
 522 0754 64000000 			.word	100			// glyph pixel height
 523 0758 01000000 			.word	1			// blank horizontal pixels before glyph
 524 075c 02000000 			.word	2			// blank horizontal pixels after glyph
 525 0760 00000000 			.word	0			// blank horizontal lines before glyph
 526 0764 1E000000 			.word	30			// blank horizontal lines after glyph
 527              							// bit mapped glyph
 528 0768 1F000000 			.word	0x0000001F, 0xF800003F, 0xF0000000
 528      3F0000F8 
 528      000000F0 
ARM GAS  font_arial104.s 			page 11


 529 0774 1F000000 			.word	0x0000001F, 0xF800003F, 0xF0000000
 529      3F0000F8 
 529      000000F0 
 530 0780 1F000000 			.word	0x0000001F, 0xF800003F, 0xF0000000
 530      3F0000F8 
 530      000000F0 
 531 078c 3F000000 			.word	0x0000003F, 0xF000007F, 0xE0000000
 531      7F0000F0 
 531      000000E0 
 532 0798 3F000000 			.word	0x0000003F, 0xF000007F, 0xE0000000
 532      7F0000F0 
 532      000000E0 
 533 07a4 3F000000 			.word	0x0000003F, 0xF000007F, 0xE0000000
 533      7F0000F0 
 533      000000E0 
 534 07b0 3F000000 			.word	0x0000003F, 0xF000007F, 0xE0000000
 534      7F0000F0 
 534      000000E0 
 535 07bc 7F000000 			.word	0x0000007F, 0xE000007F, 0xE0000000
 535      7F0000E0 
 535      000000E0 
 536 07c8 7F000000 			.word	0x0000007F, 0xE00000FF, 0xC0000000
 536      FF0000E0 
 536      000000C0 
 537 07d4 7F000000 			.word	0x0000007F, 0xE00000FF, 0xC0000000
 537      FF0000E0 
 537      000000C0 
 538 07e0 7F000000 			.word	0x0000007F, 0xE00000FF, 0xC0000000
 538      FF0000E0 
 538      000000C0 
 539 07ec 7F000000 			.word	0x0000007F, 0xE00000FF, 0xC0000000
 539      FF0000E0 
 539      000000C0 
 540 07f8 FF000000 			.word	0x000000FF, 0xC00001FF, 0xC0000000
 540      FF0100C0 
 540      000000C0 
 541 0804 FF000000 			.word	0x000000FF, 0xC00001FF, 0x80000000
 541      FF0100C0 
 541      00000080 
 542 0810 FF000000 			.word	0x000000FF, 0xC00001FF, 0x80000000
 542      FF0100C0 
 542      00000080 
 543 081c FF000000 			.word	0x000000FF, 0xC00001FF, 0x80000000
 543      FF0100C0 
 543      00000080 
 544 0828 FF000000 			.word	0x000000FF, 0xC00001FF, 0x80000000
 544      FF0100C0 
 544      00000080 
 545 0834 FF010000 			.word	0x000001FF, 0x800003FF, 0x80000000
 545      FF030080 
 545      00000080 
 546 0840 FF010000 			.word	0x000001FF, 0x800003FF, 0x00000000
 546      FF030080 
 546      00000000 
 547 084c FF010000 			.word	0x000001FF, 0x800003FF, 0x00000000
 547      FF030080 
 547      00000000 
ARM GAS  font_arial104.s 			page 12


 548 0858 FF010000 			.word	0x000001FF, 0x800003FF, 0x00000000
 548      FF030080 
 548      00000000 
 549 0864 FF010000 			.word	0x000001FF, 0x800003FF, 0x00000000
 549      FF030080 
 549      00000000 
 550 0870 FF030000 			.word	0x000003FF, 0x000007FE, 0x00000000
 550      FE070000 
 550      00000000 
 551 087c FF030000 			.word	0x000003FF, 0x000007FE, 0x00000000
 551      FE070000 
 551      00000000 
 552 0888 FF030000 			.word	0x000003FF, 0x000007FE, 0x00000000
 552      FE070000 
 552      00000000 
 553 0894 FF030000 			.word	0x000003FF, 0x000007FE, 0x00000000
 553      FE070000 
 553      00000000 
 554 08a0 FF070000 			.word	0x000007FF, 0x000007FE, 0x00000000
 554      FE070000 
 554      00000000 
 555 08ac FFFFFFFF 			.word	0xFFFFFFFF, 0xFFFFFFFF, 0xFFC00000
 555      FFFFFFFF 
 555      0000C0FF 
 556 08b8 FFFFFFFF 			.word	0xFFFFFFFF, 0xFFFFFFFF, 0xFFC00000
 556      FFFFFFFF 
 556      0000C0FF 
 557 08c4 FFFFFFFF 			.word	0xFFFFFFFF, 0xFFFFFFFF, 0xFFC00000
 557      FFFFFFFF 
 557      0000C0FF 
 558 08d0 FFFFFFFF 			.word	0xFFFFFFFF, 0xFFFFFFFF, 0xFFC00000
 558      FFFFFFFF 
 558      0000C0FF 
 559 08dc FFFFFFFF 			.word	0xFFFFFFFF, 0xFFFFFFFF, 0xFFC00000
 559      FFFFFFFF 
 559      0000C0FF 
 560 08e8 FFFFFFFF 			.word	0xFFFFFFFF, 0xFFFFFFFF, 0xFFC00000
 560      FFFFFFFF 
 560      0000C0FF 
 561 08f4 FFFFFFFF 			.word	0xFFFFFFFF, 0xFFFFFFFF, 0xFFC00000
 561      FFFFFFFF 
 561      0000C0FF 
 562 0900 FFFFFFFF 			.word	0xFFFFFFFF, 0xFFFFFFFF, 0xFFC00000
 562      FFFFFFFF 
 562      0000C0FF 
 563 090c FFFFFFFF 			.word	0xFFFFFFFF, 0xFFFFFFFF, 0xFFC00000
 563      FFFFFFFF 
 563      0000C0FF 
 564 0918 FFFFFFFF 			.word	0xFFFFFFFF, 0xFFFFFFFF, 0xFFC00000
 564      FFFFFFFF 
 564      0000C0FF 
 565 0924 FFFFFFFF 			.word	0xFFFFFFFF, 0xFFFFFFFF, 0xFFC00000
 565      FFFFFFFF 
 565      0000C0FF 
 566 0930 FFFFFFFF 			.word	0xFFFFFFFF, 0xFFFFFFFF, 0xFFC00000
 566      FFFFFFFF 
 566      0000C0FF 
ARM GAS  font_arial104.s 			page 13


 567 093c F81F0000 			.word	0x00001FF8, 0x00003FF0, 0x00000000
 567      F03F0000 
 567      00000000 
 568 0948 F81F0000 			.word	0x00001FF8, 0x00003FF0, 0x00000000
 568      F03F0000 
 568      00000000 
 569 0954 F03F0000 			.word	0x00003FF0, 0x00007FF0, 0x00000000
 569      F07F0000 
 569      00000000 
 570 0960 F03F0000 			.word	0x00003FF0, 0x00007FE0, 0x00000000
 570      E07F0000 
 570      00000000 
 571 096c F03F0000 			.word	0x00003FF0, 0x00007FE0, 0x00000000
 571      E07F0000 
 571      00000000 
 572 0978 F03F0000 			.word	0x00003FF0, 0x00007FE0, 0x00000000
 572      E07F0000 
 572      00000000 
 573 0984 F07F0000 			.word	0x00007FF0, 0x00007FE0, 0x00000000
 573      E07F0000 
 573      00000000 
 574 0990 E07F0000 			.word	0x00007FE0, 0x0000FFC0, 0x00000000
 574      C0FF0000 
 574      00000000 
 575 099c E07F0000 			.word	0x00007FE0, 0x0000FFC0, 0x00000000
 575      C0FF0000 
 575      00000000 
 576 09a8 E07F0000 			.word	0x00007FE0, 0x0000FFC0, 0x00000000
 576      C0FF0000 
 576      00000000 
 577 09b4 E07F0000 			.word	0x00007FE0, 0x0000FFC0, 0x00000000
 577      C0FF0000 
 577      00000000 
 578 09c0 C0FF0000 			.word	0x0000FFC0, 0x0000FFC0, 0x00000000
 578      C0FF0000 
 578      00000000 
 579 09cc C0FF0000 			.word	0x0000FFC0, 0x0001FF80, 0x00000000
 579      80FF0100 
 579      00000000 
 580 09d8 C0FF0000 			.word	0x0000FFC0, 0x0001FF80, 0x00000000
 580      80FF0100 
 580      00000000 
 581 09e4 C0FF0000 			.word	0x0000FFC0, 0x0001FF80, 0x00000000
 581      80FF0100 
 581      00000000 
 582 09f0 C0FF0000 			.word	0x0000FFC0, 0x0001FF80, 0x00000000
 582      80FF0100 
 582      00000000 
 583 09fc 80FF0100 			.word	0x0001FF80, 0x0003FF80, 0x00000000
 583      80FF0300 
 583      00000000 
 584 0a08 80FF0100 			.word	0x0001FF80, 0x0003FF00, 0x00000000
 584      00FF0300 
 584      00000000 
 585 0a14 80FF0100 			.word	0x0001FF80, 0x0003FF00, 0x00000000
 585      00FF0300 
 585      00000000 
ARM GAS  font_arial104.s 			page 14


 586 0a20 80FF0100 			.word	0x0001FF80, 0x0003FF00, 0x00000000
 586      00FF0300 
 586      00000000 
 587 0a2c 80FF0100 			.word	0x0001FF80, 0x0003FF00, 0x00000000
 587      00FF0300 
 587      00000000 
 588 0a38 00FF0300 			.word	0x0003FF00, 0x0007FF00, 0x00000000
 588      00FF0700 
 588      00000000 
 589 0a44 FFFFFFFF 			.word	0xFFFFFFFF, 0xFFFFFFFF, 0xFFC00000
 589      FFFFFFFF 
 589      0000C0FF 
 590 0a50 FFFFFFFF 			.word	0xFFFFFFFF, 0xFFFFFFFF, 0xFFC00000
 590      FFFFFFFF 
 590      0000C0FF 
 591 0a5c FFFFFFFF 			.word	0xFFFFFFFF, 0xFFFFFFFF, 0xFFC00000
 591      FFFFFFFF 
 591      0000C0FF 
 592 0a68 FFFFFFFF 			.word	0xFFFFFFFF, 0xFFFFFFFF, 0xFFC00000
 592      FFFFFFFF 
 592      0000C0FF 
 593 0a74 FFFFFFFF 			.word	0xFFFFFFFF, 0xFFFFFFFF, 0xFFC00000
 593      FFFFFFFF 
 593      0000C0FF 
 594 0a80 FFFFFFFF 			.word	0xFFFFFFFF, 0xFFFFFFFF, 0xFFC00000
 594      FFFFFFFF 
 594      0000C0FF 
 595 0a8c FFFFFFFF 			.word	0xFFFFFFFF, 0xFFFFFFFF, 0xFFC00000
 595      FFFFFFFF 
 595      0000C0FF 
 596 0a98 FFFFFFFF 			.word	0xFFFFFFFF, 0xFFFFFFFF, 0xFFC00000
 596      FFFFFFFF 
 596      0000C0FF 
 597 0aa4 FFFFFFFF 			.word	0xFFFFFFFF, 0xFFFFFFFF, 0xFFC00000
 597      FFFFFFFF 
 597      0000C0FF 
 598 0ab0 FFFFFFFF 			.word	0xFFFFFFFF, 0xFFFFFFFF, 0xFFC00000
 598      FFFFFFFF 
 598      0000C0FF 
 599 0abc FFFFFFFF 			.word	0xFFFFFFFF, 0xFFFFFFFF, 0xFFC00000
 599      FFFFFFFF 
 599      0000C0FF 
 600 0ac8 FFFFFFFF 			.word	0xFFFFFFFF, 0xFFFFFFFF, 0xFFC00000
 600      FFFFFFFF 
 600      0000C0FF 
 601 0ad4 00FC0F00 			.word	0x000FFC00, 0x001FF800, 0x00000000
 601      00F81F00 
 601      00000000 
 602 0ae0 00F81F00 			.word	0x001FF800, 0x001FF800, 0x00000000
 602      00F81F00 
 602      00000000 
 603 0aec 00F81F00 			.word	0x001FF800, 0x003FF000, 0x00000000
 603      00F03F00 
 603      00000000 
 604 0af8 00F81F00 			.word	0x001FF800, 0x003FF000, 0x00000000
 604      00F03F00 
 604      00000000 
ARM GAS  font_arial104.s 			page 15


 605 0b04 00F81F00 			.word	0x001FF800, 0x003FF000, 0x00000000
 605      00F03F00 
 605      00000000 
 606 0b10 00F81F00 			.word	0x001FF800, 0x003FF000, 0x00000000
 606      00F03F00 
 606      00000000 
 607 0b1c 00F03F00 			.word	0x003FF000, 0x007FF000, 0x00000000
 607      00F07F00 
 607      00000000 
 608 0b28 00F03F00 			.word	0x003FF000, 0x007FE000, 0x00000000
 608      00E07F00 
 608      00000000 
 609 0b34 00F03F00 			.word	0x003FF000, 0x007FE000, 0x00000000
 609      00E07F00 
 609      00000000 
 610 0b40 00F03F00 			.word	0x003FF000, 0x007FE000, 0x00000000
 610      00E07F00 
 610      00000000 
 611 0b4c 00F03F00 			.word	0x003FF000, 0x007FE000, 0x00000000
 611      00E07F00 
 611      00000000 
 612 0b58 00E07F00 			.word	0x007FE000, 0x00FFC000, 0x00000000
 612      00C0FF00 
 612      00000000 
 613 0b64 00E07F00 			.word	0x007FE000, 0x00FFC000, 0x00000000
 613      00C0FF00 
 613      00000000 
 614 0b70 00E07F00 			.word	0x007FE000, 0x00FFC000, 0x00000000
 614      00C0FF00 
 614      00000000 
 615 0b7c 00E07F00 			.word	0x007FE000, 0x00FFC000, 0x00000000
 615      00C0FF00 
 615      00000000 
 616 0b88 00C0FF00 			.word	0x00FFC000, 0x00FFC000, 0x00000000
 616      00C0FF00 
 616      00000000 
 617 0b94 00C0FF00 			.word	0x00FFC000, 0x01FF8000, 0x00000000
 617      0080FF01 
 617      00000000 
 618 0ba0 00C0FF00 			.word	0x00FFC000, 0x01FF8000, 0x00000000
 618      0080FF01 
 618      00000000 
 619 0bac 00C0FF00 			.word	0x00FFC000, 0x01FF8000, 0x00000000
 619      0080FF01 
 619      00000000 
 620 0bb8 00C0FF00 			.word	0x00FFC000, 0x01FF8000, 0x00000000
 620      0080FF01 
 620      00000000 
 621 0bc4 0080FF01 			.word	0x01FF8000, 0x01FF8000, 0x00000000
 621      0080FF01 
 621      00000000 
 622 0bd0 0080FF01 			.word	0x01FF8000, 0x03FF0000, 0x00000000
 622      0000FF03 
 622      00000000 
 623 0bdc 0080FF01 			.word	0x01FF8000, 0x03FF0000, 0x00000000
 623      0000FF03 
 623      00000000 
ARM GAS  font_arial104.s 			page 16


 624 0be8 0080FF01 			.word	0x01FF8000, 0x03FF0000, 0x00000000
 624      0000FF03 
 624      00000000 
 625 0bf4 0080FF01 			.word	0x01FF8000, 0x03FF0000, 0x00000000
 625      0000FF03 
 625      00000000 
 626 0c00 0000FF03 			.word	0x03FF0000, 0x07FF0000, 0x00000000
 626      0000FF07 
 626      00000000 
 627 0c0c 0000FF03 			.word	0x03FF0000, 0x07FE0000, 0x00000000
 627      0000FE07 
 627      00000000 
 628              	
 629              	DOLLAR_SIGN:
 630 0c18 24000000 			.word	'$			// ASCII "$" character
 631 0c1c 42000000 			.word	66			// cell pixel width
 632 0c20 82000000 			.word	CELLHGHT		// cell pixel height
 633 0c24 38000000 			.word	56			// glyph pixel width
 634 0c28 67000000 			.word	103			// glyph pixel height
 635 0c2c 05000000 			.word	5			// blank horizontal pixels before glyph
 636 0c30 05000000 			.word	5			// blank horizontal pixels after glyph
 637 0c34 00000000 			.word	0			// blank horizontal lines before glyph
 638 0c38 1B000000 			.word	27			// blank horizontal lines after glyph
 639              							// bit mapped glyph
 640 0c3c 7E000000 			.word	0x0000007E, 0x00000000
 640      00000000 
 641 0c44 7E000000 			.word	0x0000007E, 0x00000000
 641      00000000 
 642 0c4c 7E000000 			.word	0x0000007E, 0x00000000
 642      00000000 
 643 0c54 7E000000 			.word	0x0000007E, 0x00000000
 643      00000000 
 644 0c5c FF070000 			.word	0x000007FF, 0xE0000000
 644      000000E0 
 645 0c64 FF7F0000 			.word	0x00007FFF, 0xFC000000
 645      000000FC 
 646 0c6c FFFF0100 			.word	0x0001FFFF, 0xFF800000
 646      000080FF 
 647 0c74 FFFF0700 			.word	0x0007FFFF, 0xFFE00000
 647      0000E0FF 
 648 0c7c FFFF1F00 			.word	0x001FFFFF, 0xFFF80000
 648      0000F8FF 
 649 0c84 FFFF3F00 			.word	0x003FFFFF, 0xFFFC0000
 649      0000FCFF 
 650 0c8c FFFF7F00 			.word	0x007FFFFF, 0xFFFE0000
 650      0000FEFF 
 651 0c94 FFFFFF00 			.word	0x00FFFFFF, 0xFFFF0000
 651      0000FFFF 
 652 0c9c FFFFFF01 			.word	0x01FFFFFF, 0xFFFF8000
 652      0080FFFF 
 653 0ca4 FFFFFF03 			.word	0x03FFFFFF, 0xFFFFC000
 653      00C0FFFF 
 654 0cac 7FFEFF07 			.word	0x07FFFE7F, 0xFFFFC000
 654      00C0FFFF 
 655 0cb4 7EF0FF07 			.word	0x07FFF07E, 0x7FFFE000
 655      00E0FF7F 
 656 0cbc 7EC0FF0F 			.word	0x0FFFC07E, 0x0FFFE000
ARM GAS  font_arial104.s 			page 17


 656      00E0FF0F 
 657 0cc4 7E80FF0F 			.word	0x0FFF807E, 0x03FFF000
 657      00F0FF03 
 658 0ccc 7E00FF1F 			.word	0x1FFF007E, 0x01FFF000
 658      00F0FF01 
 659 0cd4 7E00FE1F 			.word	0x1FFE007E, 0x00FFF800
 659      00F8FF00 
 660 0cdc 7E00FE1F 			.word	0x1FFE007E, 0x007FF800
 660      00F87F00 
 661 0ce4 7E00FC1F 			.word	0x1FFC007E, 0x007FF800
 661      00F87F00 
 662 0cec 7E00FC3F 			.word	0x3FFC007E, 0x003FFC00
 662      00FC3F00 
 663 0cf4 7E00F83F 			.word	0x3FF8007E, 0x003FFC00
 663      00FC3F00 
 664 0cfc 7E00F83F 			.word	0x3FF8007E, 0x001FFC00
 664      00FC1F00 
 665 0d04 7E00F83F 			.word	0x3FF8007E, 0x001F8000
 665      00801F00 
 666 0d0c 7E00F83F 			.word	0x3FF8007E, 0x00000000
 666      00000000 
 667 0d14 7E00F83F 			.word	0x3FF8007E, 0x00000000
 667      00000000 
 668 0d1c 7E00F83F 			.word	0x3FF8007E, 0x00000000
 668      00000000 
 669 0d24 7E00F83F 			.word	0x3FF8007E, 0x00000000
 669      00000000 
 670 0d2c 7E00FC3F 			.word	0x3FFC007E, 0x00000000
 670      00000000 
 671 0d34 7E00FC3F 			.word	0x3FFC007E, 0x00000000
 671      00000000 
 672 0d3c 7E00FC1F 			.word	0x1FFC007E, 0x00000000
 672      00000000 
 673 0d44 7E00FE1F 			.word	0x1FFE007E, 0x00000000
 673      00000000 
 674 0d4c 7E00FF1F 			.word	0x1FFF007E, 0x00000000
 674      00000000 
 675 0d54 7E80FF0F 			.word	0x0FFF807E, 0x00000000
 675      00000000 
 676 0d5c 7EC0FF0F 			.word	0x0FFFC07E, 0x00000000
 676      00000000 
 677 0d64 7EF0FF0F 			.word	0x0FFFF07E, 0x00000000
 677      00000000 
 678 0d6c 7EFCFF07 			.word	0x07FFFC7E, 0x00000000
 678      00000000 
 679 0d74 FEFFFF03 			.word	0x03FFFFFE, 0x00000000
 679      00000000 
 680 0d7c FEFFFF03 			.word	0x03FFFFFE, 0x00000000
 680      00000000 
 681 0d84 FFFFFF01 			.word	0x01FFFFFF, 0x00000000
 681      00000000 
 682 0d8c FFFFFF00 			.word	0x00FFFFFF, 0xE0000000
 682      000000E0 
 683 0d94 FFFF7F00 			.word	0x007FFFFF, 0xFE000000
 683      000000FE 
 684 0d9c FFFF1F00 			.word	0x001FFFFF, 0xFF800000
 684      000080FF 
ARM GAS  font_arial104.s 			page 18


 685 0da4 FFFF0F00 			.word	0x000FFFFF, 0xFFF00000
 685      0000F0FF 
 686 0dac FFFF0300 			.word	0x0003FFFF, 0xFFF80000
 686      0000F8FF 
 687 0db4 FFFF0000 			.word	0x0000FFFF, 0xFFFE0000
 687      0000FEFF 
 688 0dbc FF1F0000 			.word	0x00001FFF, 0xFFFF0000
 688      0000FFFF 
 689 0dc4 FF070000 			.word	0x000007FF, 0xFFFF8000
 689      0080FFFF 
 690 0dcc FF000000 			.word	0x000000FF, 0xFFFFC000
 690      00C0FFFF 
 691 0dd4 7F000000 			.word	0x0000007F, 0xFFFFE000
 691      00E0FFFF 
 692 0ddc 7F000000 			.word	0x0000007F, 0xFFFFF000
 692      00F0FFFF 
 693 0de4 7E000000 			.word	0x0000007E, 0x3FFFF800
 693      00F8FF3F 
 694 0dec 7E000000 			.word	0x0000007E, 0x07FFF800
 694      00F8FF07 
 695 0df4 7E000000 			.word	0x0000007E, 0x01FFFC00
 695      00FCFF01 
 696 0dfc 7E000000 			.word	0x0000007E, 0x00FFFC00
 696      00FCFF00 
 697 0e04 7E000000 			.word	0x0000007E, 0x007FFE00
 697      00FE7F00 
 698 0e0c 7E000000 			.word	0x0000007E, 0x003FFE00
 698      00FE3F00 
 699 0e14 7E000000 			.word	0x0000007E, 0x001FFE00
 699      00FE1F00 
 700 0e1c 7E000000 			.word	0x0000007E, 0x000FFE00
 700      00FE0F00 
 701 0e24 7E000000 			.word	0x0000007E, 0x000FFF00
 701      00FF0F00 
 702 0e2c 7E000000 			.word	0x0000007E, 0x000FFF00
 702      00FF0F00 
 703 0e34 7E000000 			.word	0x0000007E, 0x0007FF00
 703      00FF0700 
 704 0e3c 7E000000 			.word	0x0000007E, 0x0007FF00
 704      00FF0700 
 705 0e44 7E000000 			.word	0x0000007E, 0x0007FF00
 705      00FF0700 
 706 0e4c 7E000000 			.word	0x0000007E, 0x0007FF00
 706      00FF0700 
 707 0e54 7E00E007 			.word	0x07E0007E, 0x0007FF00
 707      00FF0700 
 708 0e5c 7E00E0FF 			.word	0xFFE0007E, 0x0007FF00
 708      00FF0700 
 709 0e64 7E00F0FF 			.word	0xFFF0007E, 0x0007FF00
 709      00FF0700 
 710 0e6c 7E00F0FF 			.word	0xFFF0007E, 0x0007FF00
 710      00FF0700 
 711 0e74 7E00F0FF 			.word	0xFFF0007E, 0x000FFF00
 711      00FF0F00 
 712 0e7c 7E00F07F 			.word	0x7FF0007E, 0x000FFE00
 712      00FE0F00 
 713 0e84 7E00F87F 			.word	0x7FF8007E, 0x000FFE00
ARM GAS  font_arial104.s 			page 19


 713      00FE0F00 
 714 0e8c 7E00F87F 			.word	0x7FF8007E, 0x001FFE00
 714      00FE1F00 
 715 0e94 7E00FC7F 			.word	0x7FFC007E, 0x003FFC00
 715      00FC3F00 
 716 0e9c 7E00FE3F 			.word	0x3FFE007E, 0x003FFC00
 716      00FC3F00 
 717 0ea4 7E00FF3F 			.word	0x3FFF007E, 0x007FFC00
 717      00FC7F00 
 718 0eac 7E80FF3F 			.word	0x3FFF807E, 0x00FFF800
 718      00F8FF00 
 719 0eb4 7EC0FF1F 			.word	0x1FFFC07E, 0x03FFF800
 719      00F8FF03 
 720 0ebc 7EF0FF1F 			.word	0x1FFFF07E, 0x0FFFF000
 720      00F0FF0F 
 721 0ec4 7EFCFF0F 			.word	0x0FFFFC7E, 0x3FFFE000
 721      00E0FF3F 
 722 0ecc FFFFFF07 			.word	0x07FFFFFF, 0xFFFFE000
 722      00E0FFFF 
 723 0ed4 FFFFFF07 			.word	0x07FFFFFF, 0xFFFFC000
 723      00C0FFFF 
 724 0edc FFFFFF03 			.word	0x03FFFFFF, 0xFFFF8000
 724      0080FFFF 
 725 0ee4 FFFFFF01 			.word	0x01FFFFFF, 0xFFFF0000
 725      0000FFFF 
 726 0eec FFFFFF00 			.word	0x00FFFFFF, 0xFFFE0000
 726      0000FEFF 
 727 0ef4 FFFF7F00 			.word	0x007FFFFF, 0xFFF80000
 727      0000F8FF 
 728 0efc FFFF1F00 			.word	0x001FFFFF, 0xFFF00000
 728      0000F0FF 
 729 0f04 FFFF0F00 			.word	0x000FFFFF, 0xFFC00000
 729      0000C0FF 
 730 0f0c FFFF0100 			.word	0x0001FFFF, 0xFE000000
 730      000000FE 
 731 0f14 FF7F0000 			.word	0x00007FFF, 0xE0000000
 731      000000E0 
 732 0f1c FE030000 			.word	0x000003FE, 0x00000000
 732      00000000 
 733 0f24 7E000000 			.word	0x0000007E, 0x00000000
 733      00000000 
 734 0f2c 7E000000 			.word	0x0000007E, 0x00000000
 734      00000000 
 735 0f34 7E000000 			.word	0x0000007E, 0x00000000
 735      00000000 
 736 0f3c 7E000000 			.word	0x0000007E, 0x00000000
 736      00000000 
 737 0f44 7E000000 			.word	0x0000007E, 0x00000000
 737      00000000 
 738 0f4c 7E000000 			.word	0x0000007E, 0x00000000
 738      00000000 
 739 0f54 7E000000 			.word	0x0000007E, 0x00000000
 739      00000000 
 740 0f5c 7E000000 			.word	0x0000007E, 0x00000000
 740      00000000 
 741 0f64 7E000000 			.word	0x0000007E, 0x00000000
 741      00000000 
ARM GAS  font_arial104.s 			page 20


 742 0f6c 7E000000 			.word	0x0000007E, 0x00000000
 742      00000000 
 743              	
 744              	PERCENT_SIGN:
 745 0f74 25000000 			.word	'%			// ASCII "%" character
 746 0f78 7C000000 			.word	124			// cell pixel width
 747 0f7c 82000000 			.word	CELLHGHT		// cell pixel height
 748 0f80 6B000000 			.word	107			// glyph pixel width
 749 0f84 69000000 			.word	105			// glyph pixel height
 750 0f88 08000000 			.word	8			// blank horizontal pixels before glyph
 751 0f8c 09000000 			.word	9			// blank horizontal pixels after glyph
 752 0f90 00000000 			.word	0			// blank horizontal lines before glyph
 753 0f94 19000000 			.word	25			// blank horizontal lines after glyph
 754              							// bit mapped glyph
 755 0f98 C0FF0000 			.word	0x0000FFC0, 0x00000000, 0x000FFC00, 0x00000000
 755      00000000 
 755      00FC0F00 
 755      00000000 
 756 0fa8 F8FF0700 			.word	0x0007FFF8, 0x00000000, 0x001FF800, 0x00000000
 756      00000000 
 756      00F81F00 
 756      00000000 
 757 0fb8 FEFF1F00 			.word	0x001FFFFE, 0x00000000, 0x001FF800, 0x00000000
 757      00000000 
 757      00F81F00 
 757      00000000 
 758 0fc8 FFFF3F00 			.word	0x003FFFFF, 0x80000000, 0x003FF000, 0x00000000
 758      00000080 
 758      00F03F00 
 758      00000000 
 759 0fd8 FFFFFF00 			.word	0x00FFFFFF, 0xC0000000, 0x003FF000, 0x00000000
 759      000000C0 
 759      00F03F00 
 759      00000000 
 760 0fe8 FFFFFF01 			.word	0x01FFFFFF, 0xE0000000, 0x007FE000, 0x00000000
 760      000000E0 
 760      00E07F00 
 760      00000000 
 761 0ff8 FFFFFF03 			.word	0x03FFFFFF, 0xF0000000, 0x007FE000, 0x00000000
 761      000000F0 
 761      00E07F00 
 761      00000000 
 762 1008 FFFFFF03 			.word	0x03FFFFFF, 0xF8000000, 0x00FFC000, 0x00000000
 762      000000F8 
 762      00C0FF00 
 762      00000000 
 763 1018 FFFFFF07 			.word	0x07FFFFFF, 0xFC000000, 0x00FFC000, 0x00000000
 763      000000FC 
 763      00C0FF00 
 763      00000000 
 764 1028 7FC0FF0F 			.word	0x0FFFC07F, 0xFE000000, 0x01FF8000, 0x00000000
 764      000000FE 
 764      0080FF01 
 764      00000000 
 765 1038 1F00FF0F 			.word	0x0FFF001F, 0xFE000000, 0x01FF0000, 0x00000000
 765      000000FE 
 765      0000FF01 
ARM GAS  font_arial104.s 			page 21


 765      00000000 
 766 1048 0F00FE1F 			.word	0x1FFE000F, 0xFF000000, 0x03FF0000, 0x00000000
 766      000000FF 
 766      0000FF03 
 766      00000000 
 767 1058 0700FC1F 			.word	0x1FFC0007, 0xFF000000, 0x03FE0000, 0x00000000
 767      000000FF 
 767      0000FE03 
 767      00000000 
 768 1068 0300F83F 			.word	0x3FF80003, 0xFF800000, 0x07FE0000, 0x00000000
 768      000080FF 
 768      0000FE07 
 768      00000000 
 769 1078 0300F83F 			.word	0x3FF80003, 0xFF800000, 0x07FC0000, 0x00000000
 769      000080FF 
 769      0000FC07 
 769      00000000 
 770 1088 0100F03F 			.word	0x3FF00001, 0xFF800000, 0x0FFC0000, 0x00000000
 770      000080FF 
 770      0000FC0F 
 770      00000000 
 771 1098 0100F07F 			.word	0x7FF00001, 0xFFC00000, 0x0FF80000, 0x00000000
 771      0000C0FF 
 771      0000F80F 
 771      00000000 
 772 10a8 0100F07F 			.word	0x7FF00001, 0xFFC00000, 0x1FF80000, 0x00000000
 772      0000C0FF 
 772      0000F81F 
 772      00000000 
 773 10b8 0000E07F 			.word	0x7FE00000, 0xFFC00000, 0x1FF00000, 0x00000000
 773      0000C0FF 
 773      0000F01F 
 773      00000000 
 774 10c8 0000E07F 			.word	0x7FE00000, 0xFFC00000, 0x3FF00000, 0x00000000
 774      0000C0FF 
 774      0000F03F 
 774      00000000 
 775 10d8 0000E07F 			.word	0x7FE00000, 0xFFC00000, 0x7FE00000, 0x00000000
 775      0000C0FF 
 775      0000E07F 
 775      00000000 
 776 10e8 0000E0FF 			.word	0xFFE00000, 0xFFC00000, 0x7FE00000, 0x00000000
 776      0000C0FF 
 776      0000E07F 
 776      00000000 
 777 10f8 0000E0FF 			.word	0xFFE00000, 0xFFE00000, 0xFFC00000, 0x00000000
 777      0000E0FF 
 777      0000C0FF 
 777      00000000 
 778 1108 0000E0FF 			.word	0xFFE00000, 0xFFE00000, 0xFFC00000, 0x00000000
 778      0000E0FF 
 778      0000C0FF 
 778      00000000 
 779 1118 0000E0FF 			.word	0xFFE00000, 0xFFE00001, 0xFF800000, 0x00000000
 779      0100E0FF 
 779      000080FF 
 779      00000000 
ARM GAS  font_arial104.s 			page 22


 780 1128 0000E0FF 			.word	0xFFE00000, 0xFFE00001, 0xFF800000, 0x00000000
 780      0100E0FF 
 780      000080FF 
 780      00000000 
 781 1138 0000E0FF 			.word	0xFFE00000, 0xFFE00003, 0xFF000000, 0x00000000
 781      0300E0FF 
 781      000000FF 
 781      00000000 
 782 1148 0000E0FF 			.word	0xFFE00000, 0xFFE00003, 0xFF000000, 0x00000000
 782      0300E0FF 
 782      000000FF 
 782      00000000 
 783 1158 0000E0FF 			.word	0xFFE00000, 0xFFE00007, 0xFE000000, 0x00000000
 783      0700E0FF 
 783      000000FE 
 783      00000000 
 784 1168 0000E0FF 			.word	0xFFE00000, 0xFFE00007, 0xFE000000, 0x00000000
 784      0700E0FF 
 784      000000FE 
 784      00000000 
 785 1178 0000E0FF 			.word	0xFFE00000, 0xFFE0000F, 0xFC000000, 0x00000000
 785      0F00E0FF 
 785      000000FC 
 785      00000000 
 786 1188 0000E0FF 			.word	0xFFE00000, 0xFFE0000F, 0xFC000000, 0x00000000
 786      0F00E0FF 
 786      000000FC 
 786      00000000 
 787 1198 0000E07F 			.word	0x7FE00000, 0xFFC0001F, 0xF8000000, 0x00000000
 787      1F00C0FF 
 787      000000F8 
 787      00000000 
 788 11a8 0000E07F 			.word	0x7FE00000, 0xFFC0001F, 0xF8000000, 0x00000000
 788      1F00C0FF 
 788      000000F8 
 788      00000000 
 789 11b8 0000E07F 			.word	0x7FE00000, 0xFFC0003F, 0xF0000000, 0x00000000
 789      3F00C0FF 
 789      000000F0 
 789      00000000 
 790 11c8 0100E07F 			.word	0x7FE00001, 0xFFC0003F, 0xF0000000, 0x00000000
 790      3F00C0FF 
 790      000000F0 
 790      00000000 
 791 11d8 0100F07F 			.word	0x7FF00001, 0xFFC0007F, 0xE0000000, 0x00000000
 791      7F00C0FF 
 791      000000E0 
 791      00000000 
 792 11e8 0100F07F 			.word	0x7FF00001, 0xFF80007F, 0xE0000000, 0x00000000
 792      7F0080FF 
 792      000000E0 
 792      00000000 
 793 11f8 0100F03F 			.word	0x3FF00001, 0xFF8000FF, 0xC0000000, 0x00000000
 793      FF0080FF 
 793      000000C0 
 793      00000000 
 794 1208 0300F83F 			.word	0x3FF80003, 0xFF8000FF, 0x80000000, 0x00000000
ARM GAS  font_arial104.s 			page 23


 794      FF0080FF 
 794      00000080 
 794      00000000 
 795 1218 0300F83F 			.word	0x3FF80003, 0xFF0001FF, 0x80000000, 0x00000000
 795      FF0100FF 
 795      00000080 
 795      00000000 
 796 1228 0700FC1F 			.word	0x1FFC0007, 0xFF0001FF, 0x00000000, 0x00000000
 796      FF0100FF 
 796      00000000 
 796      00000000 
 797 1238 0F00FE1F 			.word	0x1FFE000F, 0xFF0003FF, 0x00000000, 0x00000000
 797      FF0300FF 
 797      00000000 
 797      00000000 
 798 1248 1F00FF0F 			.word	0x0FFF001F, 0xFE0003FE, 0x00000000, 0x00000000
 798      FE0300FE 
 798      00000000 
 798      00000000 
 799 1258 7FC0FF0F 			.word	0x0FFFC07F, 0xFC0007FE, 0x00000000, 0x00000000
 799      FE0700FC 
 799      00000000 
 799      00000000 
 800 1268 FFFFFF07 			.word	0x07FFFFFF, 0xFC0007FC, 0x00000000, 0x00000000
 800      FC0700FC 
 800      00000000 
 800      00000000 
 801 1278 FFFFFF03 			.word	0x03FFFFFF, 0xF8000FFC, 0x00000000, 0x00000000
 801      FC0F00F8 
 801      00000000 
 801      00000000 
 802 1288 FFFFFF01 			.word	0x01FFFFFF, 0xF0001FF8, 0x00000000, 0x00000000
 802      F81F00F0 
 802      00000000 
 802      00000000 
 803 1298 FFFFFF00 			.word	0x00FFFFFF, 0xE0001FF8, 0x00000000, 0x00000000
 803      F81F00E0 
 803      00000000 
 803      00000000 
 804 12a8 FFFF7F00 			.word	0x007FFFFF, 0xC0003FF0, 0x00000000, 0x00000000
 804      F03F00C0 
 804      00000000 
 804      00000000 
 805 12b8 FFFF3F00 			.word	0x003FFFFF, 0x80003FF0, 0x00000000, 0x00000000
 805      F03F0080 
 805      00000000 
 805      00000000 
 806 12c8 FEFF0F00 			.word	0x000FFFFE, 0x00007FE0, 0x00007FC0, 0x00000000
 806      E07F0000 
 806      C07F0000 
 806      00000000 
 807 12d8 F8FF0300 			.word	0x0003FFF8, 0x00007FE0, 0x0003FFFC, 0x00000000
 807      E07F0000 
 807      FCFF0300 
 807      00000000 
 808 12e8 C07F0000 			.word	0x00007FC0, 0x0000FFC0, 0x000FFFFF, 0x00000000
 808      C0FF0000 
ARM GAS  font_arial104.s 			page 24


 808      FFFF0F00 
 808      00000000 
 809 12f8 00000000 			.word	0x00000000, 0x0000FFC0, 0x003FFFFF, 0x80000000
 809      C0FF0000 
 809      FFFF3F00 
 809      00000080 
 810 1308 00000000 			.word	0x00000000, 0x0001FF80, 0x007FFFFF, 0xE0000000
 810      80FF0100 
 810      FFFF7F00 
 810      000000E0 
 811 1318 00000000 			.word	0x00000000, 0x0001FF80, 0x00FFFFFF, 0xF0000000
 811      80FF0100 
 811      FFFFFF00 
 811      000000F0 
 812 1328 00000000 			.word	0x00000000, 0x0003FF00, 0x01FFFFFF, 0xF8000000
 812      00FF0300 
 812      FFFFFF01 
 812      000000F8 
 813 1338 00000000 			.word	0x00000000, 0x0003FF00, 0x03FFFFFF, 0xFC000000
 813      00FF0300 
 813      FFFFFF03 
 813      000000FC 
 814 1348 00000000 			.word	0x00000000, 0x0007FE00, 0x07FFFFFF, 0xFC000000
 814      00FE0700 
 814      FFFFFF07 
 814      000000FC 
 815 1358 00000000 			.word	0x00000000, 0x0007FE00, 0x07FFE07F, 0xFE000000
 815      00FE0700 
 815      7FE0FF07 
 815      000000FE 
 816 1368 00000000 			.word	0x00000000, 0x000FFC00, 0x0FFF801F, 0xFF000000
 816      00FC0F00 
 816      1F80FF0F 
 816      000000FF 
 817 1378 00000000 			.word	0x00000000, 0x000FFC00, 0x0FFF000F, 0xFF000000
 817      00FC0F00 
 817      0F00FF0F 
 817      000000FF 
 818 1388 00000000 			.word	0x00000000, 0x001FF800, 0x1FFE0007, 0xFF800000
 818      00F81F00 
 818      0700FE1F 
 818      000080FF 
 819 1398 00000000 			.word	0x00000000, 0x001FF800, 0x1FFC0003, 0xFF800000
 819      00F81F00 
 819      0300FC1F 
 819      000080FF 
 820 13a8 00000000 			.word	0x00000000, 0x003FF000, 0x1FF80001, 0xFF800000
 820      00F03F00 
 820      0100F81F 
 820      000080FF 
 821 13b8 00000000 			.word	0x00000000, 0x003FE000, 0x3FF80001, 0xFFC00000
 821      00E03F00 
 821      0100F83F 
 821      0000C0FF 
 822 13c8 00000000 			.word	0x00000000, 0x007FE000, 0x3FF80000, 0xFFC00000
 822      00E07F00 
 822      0000F83F 
ARM GAS  font_arial104.s 			page 25


 822      0000C0FF 
 823 13d8 00000000 			.word	0x00000000, 0x007FC000, 0x3FF00000, 0xFFC00000
 823      00C07F00 
 823      0000F03F 
 823      0000C0FF 
 824 13e8 00000000 			.word	0x00000000, 0x00FFC000, 0x7FF00000, 0xFFE00000
 824      00C0FF00 
 824      0000F07F 
 824      0000E0FF 
 825 13f8 00000000 			.word	0x00000000, 0x00FF8000, 0x7FF00000, 0xFFE00000
 825      0080FF00 
 825      0000F07F 
 825      0000E0FF 
 826 1408 00000000 			.word	0x00000000, 0x01FF8000, 0x7FF00000, 0xFFE00000
 826      0080FF01 
 826      0000F07F 
 826      0000E0FF 
 827 1418 00000000 			.word	0x00000000, 0x03FF0000, 0x7FF00000, 0x7FE00000
 827      0000FF03 
 827      0000F07F 
 827      0000E07F 
 828 1428 00000000 			.word	0x00000000, 0x03FF0000, 0x7FE00000, 0x7FE00000
 828      0000FF03 
 828      0000E07F 
 828      0000E07F 
 829 1438 00000000 			.word	0x00000000, 0x07FE0000, 0x7FE00000, 0x7FE00000
 829      0000FE07 
 829      0000E07F 
 829      0000E07F 
 830 1448 00000000 			.word	0x00000000, 0x07FE0000, 0x7FE00000, 0x7FE00000
 830      0000FE07 
 830      0000E07F 
 830      0000E07F 
 831 1458 00000000 			.word	0x00000000, 0x0FFC0000, 0x7FE00000, 0x7FE00000
 831      0000FC0F 
 831      0000E07F 
 831      0000E07F 
 832 1468 00000000 			.word	0x00000000, 0x0FFC0000, 0x7FE00000, 0x7FE00000
 832      0000FC0F 
 832      0000E07F 
 832      0000E07F 
 833 1478 00000000 			.word	0x00000000, 0x1FF80000, 0x7FE00000, 0x7FE00000
 833      0000F81F 
 833      0000E07F 
 833      0000E07F 
 834 1488 00000000 			.word	0x00000000, 0x1FF80000, 0x7FE00000, 0x7FE00000
 834      0000F81F 
 834      0000E07F 
 834      0000E07F 
 835 1498 00000000 			.word	0x00000000, 0x3FF00000, 0x7FE00000, 0x7FE00000
 835      0000F03F 
 835      0000E07F 
 835      0000E07F 
 836 14a8 00000000 			.word	0x00000000, 0x3FF00000, 0x7FE00000, 0x7FE00000
 836      0000F03F 
 836      0000E07F 
 836      0000E07F 
ARM GAS  font_arial104.s 			page 26


 837 14b8 00000000 			.word	0x00000000, 0x7FE00000, 0x7FE00000, 0x7FE00000
 837      0000E07F 
 837      0000E07F 
 837      0000E07F 
 838 14c8 00000000 			.word	0x00000000, 0x7FE00000, 0x7FE00000, 0xFFE00000
 838      0000E07F 
 838      0000E07F 
 838      0000E0FF 
 839 14d8 00000000 			.word	0x00000000, 0xFFC00000, 0x7FF00000, 0xFFE00000
 839      0000C0FF 
 839      0000F07F 
 839      0000E0FF 
 840 14e8 00000000 			.word	0x00000000, 0xFFC00000, 0x7FF00000, 0xFFE00000
 840      0000C0FF 
 840      0000F07F 
 840      0000E0FF 
 841 14f8 01000000 			.word	0x00000001, 0xFF800000, 0x3FF00000, 0xFFC00000
 841      000080FF 
 841      0000F03F 
 841      0000C0FF 
 842 1508 01000000 			.word	0x00000001, 0xFF800000, 0x3FF00000, 0xFFC00000
 842      000080FF 
 842      0000F03F 
 842      0000C0FF 
 843 1518 03000000 			.word	0x00000003, 0xFF000000, 0x3FF80001, 0xFFC00000
 843      000000FF 
 843      0100F83F 
 843      0000C0FF 
 844 1528 03000000 			.word	0x00000003, 0xFF000000, 0x3FF80001, 0xFFC00000
 844      000000FF 
 844      0100F83F 
 844      0000C0FF 
 845 1538 07000000 			.word	0x00000007, 0xFE000000, 0x1FF80001, 0xFF800000
 845      000000FE 
 845      0100F81F 
 845      000080FF 
 846 1548 07000000 			.word	0x00000007, 0xFE000000, 0x1FFC0003, 0xFF800000
 846      000000FE 
 846      0300FC1F 
 846      000080FF 
 847 1558 0F000000 			.word	0x0000000F, 0xFC000000, 0x1FFE0007, 0xFF800000
 847      000000FC 
 847      0700FE1F 
 847      000080FF 
 848 1568 0F000000 			.word	0x0000000F, 0xF8000000, 0x0FFF000F, 0xFF000000
 848      000000F8 
 848      0F00FF0F 
 848      000000FF 
 849 1578 1F000000 			.word	0x0000001F, 0xF8000000, 0x0FFF801F, 0xFF000000
 849      000000F8 
 849      1F80FF0F 
 849      000000FF 
 850 1588 1F000000 			.word	0x0000001F, 0xF0000000, 0x07FFE07F, 0xFE000000
 850      000000F0 
 850      7FE0FF07 
 850      000000FE 
 851 1598 3F000000 			.word	0x0000003F, 0xF0000000, 0x03FFFFFF, 0xFC000000
ARM GAS  font_arial104.s 			page 27


 851      000000F0 
 851      FFFFFF03 
 851      000000FC 
 852 15a8 7F000000 			.word	0x0000007F, 0xE0000000, 0x03FFFFFF, 0xF8000000
 852      000000E0 
 852      FFFFFF03 
 852      000000F8 
 853 15b8 7F000000 			.word	0x0000007F, 0xE0000000, 0x01FFFFFF, 0xF8000000
 853      000000E0 
 853      FFFFFF01 
 853      000000F8 
 854 15c8 FF000000 			.word	0x000000FF, 0xC0000000, 0x00FFFFFF, 0xF0000000
 854      000000C0 
 854      FFFFFF00 
 854      000000F0 
 855 15d8 FF000000 			.word	0x000000FF, 0xC0000000, 0x007FFFFF, 0xC0000000
 855      000000C0 
 855      FFFF7F00 
 855      000000C0 
 856 15e8 FF010000 			.word	0x000001FF, 0x80000000, 0x003FFFFF, 0x80000000
 856      00000080 
 856      FFFF3F00 
 856      00000080 
 857 15f8 FF010000 			.word	0x000001FF, 0x80000000, 0x000FFFFF, 0x00000000
 857      00000080 
 857      FFFF0F00 
 857      00000000 
 858 1608 FF030000 			.word	0x000003FF, 0x00000000, 0x0003FFFC, 0x00000000
 858      00000000 
 858      FCFF0300 
 858      00000000 
 859 1618 FF030000 			.word	0x000003FF, 0x00000000, 0x00007FC0, 0x00000000
 859      00000000 
 859      C07F0000 
 859      00000000 
 860              	
 861              	AMPERSAND:
 862 1628 26000000 			.word	'&			// ASCII "&" character
 863 162c 5D000000 			.word	93			// cell pixel width
 864 1630 82000000 			.word	CELLHGHT		// cell pixel height
 865 1634 53000000 			.word	83			// glyph pixel width
 866 1638 66000000 			.word	102			// glyph pixel height
 867 163c 06000000 			.word	6			// blank horizontal pixels before glyph
 868 1640 04000000 			.word	4			// blank horizontal pixels after glyph
 869 1644 00000000 			.word	0			// blank horizontal lines before glyph
 870 1648 1C000000 			.word	28			// blank horizontal lines after glyph
 871              							// bit mapped glyph
 872 164c 00000000 			.word	0x00000000, 0xFFE00000, 0x00000000
 872      0000E0FF 
 872      00000000 
 873 1658 0F000000 			.word	0x0000000F, 0xFFFC0000, 0x00000000
 873      0000FCFF 
 873      00000000 
 874 1664 3F000000 			.word	0x0000003F, 0xFFFF8000, 0x00000000
 874      0080FFFF 
 874      00000000 
 875 1670 FF000000 			.word	0x000000FF, 0xFFFFC000, 0x00000000
ARM GAS  font_arial104.s 			page 28


 875      00C0FFFF 
 875      00000000 
 876 167c FF030000 			.word	0x000003FF, 0xFFFFF000, 0x00000000
 876      00F0FFFF 
 876      00000000 
 877 1688 FF070000 			.word	0x000007FF, 0xFFFFF800, 0x00000000
 877      00F8FFFF 
 877      00000000 
 878 1694 FF0F0000 			.word	0x00000FFF, 0xFFFFFC00, 0x00000000
 878      00FCFFFF 
 878      00000000 
 879 16a0 FF1F0000 			.word	0x00001FFF, 0xFFFFFE00, 0x00000000
 879      00FEFFFF 
 879      00000000 
 880 16ac FF3F0000 			.word	0x00003FFF, 0xFFFFFF00, 0x00000000
 880      00FFFFFF 
 880      00000000 
 881 16b8 FF7F0000 			.word	0x00007FFF, 0xFFFFFF80, 0x00000000
 881      80FFFFFF 
 881      00000000 
 882 16c4 FFFF0000 			.word	0x0000FFFF, 0xFFFFFFC0, 0x00000000
 882      C0FFFFFF 
 882      00000000 
 883 16d0 FFFF0000 			.word	0x0000FFFF, 0xFFFFFFC0, 0x00000000
 883      C0FFFFFF 
 883      00000000 
 884 16dc FFFF0100 			.word	0x0001FFFF, 0x807FFFE0, 0x00000000
 884      E0FF7F80 
 884      00000000 
 885 16e8 FCFF0300 			.word	0x0003FFFC, 0x001FFFE0, 0x00000000
 885      E0FF1F00 
 885      00000000 
 886 16f4 F8FF0300 			.word	0x0003FFF8, 0x000FFFE0, 0x00000000
 886      E0FF0F00 
 886      00000000 
 887 1700 F0FF0300 			.word	0x0003FFF0, 0x0003FFF0, 0x00000000
 887      F0FF0300 
 887      00000000 
 888 170c E0FF0700 			.word	0x0007FFE0, 0x0003FFF0, 0x00000000
 888      F0FF0300 
 888      00000000 
 889 1718 C0FF0700 			.word	0x0007FFC0, 0x0001FFF0, 0x00000000
 889      F0FF0100 
 889      00000000 
 890 1724 C0FF0700 			.word	0x0007FFC0, 0x0000FFF0, 0x00000000
 890      F0FF0000 
 890      00000000 
 891 1730 80FF0700 			.word	0x0007FF80, 0x0000FFF0, 0x00000000
 891      F0FF0000 
 891      00000000 
 892 173c 80FF0700 			.word	0x0007FF80, 0x0000FFF0, 0x00000000
 892      F0FF0000 
 892      00000000 
 893 1748 80FF0700 			.word	0x0007FF80, 0x0000FFF0, 0x00000000
 893      F0FF0000 
 893      00000000 
 894 1754 80FF0700 			.word	0x0007FF80, 0x0000FFF0, 0x00000000
ARM GAS  font_arial104.s 			page 29


 894      F0FF0000 
 894      00000000 
 895 1760 80FF0700 			.word	0x0007FF80, 0x0000FFF0, 0x00000000
 895      F0FF0000 
 895      00000000 
 896 176c 80FF0700 			.word	0x0007FF80, 0x0000FFF0, 0x00000000
 896      F0FF0000 
 896      00000000 
 897 1778 C0FF0700 			.word	0x0007FFC0, 0x0000FFF0, 0x00000000
 897      F0FF0000 
 897      00000000 
 898 1784 C0FF0700 			.word	0x0007FFC0, 0x0000FFF0, 0x00000000
 898      F0FF0000 
 898      00000000 
 899 1790 E0FF0700 			.word	0x0007FFE0, 0x0001FFE0, 0x00000000
 899      E0FF0100 
 899      00000000 
 900 179c E0FF0300 			.word	0x0003FFE0, 0x0001FFE0, 0x00000000
 900      E0FF0100 
 900      00000000 
 901 17a8 F0FF0300 			.word	0x0003FFF0, 0x0003FFE0, 0x00000000
 901      E0FF0300 
 901      00000000 
 902 17b4 F8FF0300 			.word	0x0003FFF8, 0x0007FFC0, 0x00000000
 902      C0FF0700 
 902      00000000 
 903 17c0 FCFF0100 			.word	0x0001FFFC, 0x000FFFC0, 0x00000000
 903      C0FF0F00 
 903      00000000 
 904 17cc FEFF0100 			.word	0x0001FFFE, 0x001FFF80, 0x00000000
 904      80FF1F00 
 904      00000000 
 905 17d8 FFFF0000 			.word	0x0000FFFF, 0x003FFF00, 0x00000000
 905      00FF3F00 
 905      00000000 
 906 17e4 FF7F0000 			.word	0x00007FFF, 0x00FFFF00, 0x00000000
 906      00FFFF00 
 906      00000000 
 907 17f0 FF7F0000 			.word	0x00007FFF, 0x81FFFE00, 0x00000000
 907      00FEFF81 
 907      00000000 
 908 17fc FF3F0000 			.word	0x00003FFF, 0xC7FFFC00, 0x00000000
 908      00FCFFC7 
 908      00000000 
 909 1808 FF1F0000 			.word	0x00001FFF, 0xFFFFF800, 0x00000000
 909      00F8FFFF 
 909      00000000 
 910 1814 FF1F0000 			.word	0x00001FFF, 0xFFFFF000, 0x00000000
 910      00F0FFFF 
 910      00000000 
 911 1820 FF0F0000 			.word	0x00000FFF, 0xFFFFE000, 0x00000000
 911      00E0FFFF 
 911      00000000 
 912 182c FF070000 			.word	0x000007FF, 0xFFFF8000, 0x00000000
 912      0080FFFF 
 912      00000000 
 913 1838 FF030000 			.word	0x000003FF, 0xFFFF0000, 0x00000000
ARM GAS  font_arial104.s 			page 30


 913      0000FFFF 
 913      00000000 
 914 1844 FF010000 			.word	0x000001FF, 0xFFFC0000, 0x00000000
 914      0000FCFF 
 914      00000000 
 915 1850 FF010000 			.word	0x000001FF, 0xFFF80000, 0x00000000
 915      0000F8FF 
 915      00000000 
 916 185c FF030000 			.word	0x000003FF, 0xFFE00000, 0x00000000
 916      0000E0FF 
 916      00000000 
 917 1868 FF0F0000 			.word	0x00000FFF, 0xFFC00000, 0x00000000
 917      0000C0FF 
 917      00000000 
 918 1874 FF1F0000 			.word	0x00001FFF, 0xFFC00000, 0x00000000
 918      0000C0FF 
 918      00000000 
 919 1880 FF7F0000 			.word	0x00007FFF, 0xFFE00000, 0x00000000
 919      0000E0FF 
 919      00000000 
 920 188c FFFF0100 			.word	0x0001FFFF, 0xFFF00000, 0x00000000
 920      0000F0FF 
 920      00000000 
 921 1898 FFFF0300 			.word	0x0003FFFF, 0xFFF80000, 0x00000000
 921      0000F8FF 
 921      00000000 
 922 18a4 FFFF0700 			.word	0x0007FFFF, 0xFFFC0000, 0x00000000
 922      0000FCFF 
 922      00000000 
 923 18b0 FFFF1F00 			.word	0x001FFFFF, 0xFFFC0000, 0x00000000
 923      0000FCFF 
 923      00000000 
 924 18bc F9FF3F00 			.word	0x003FFFF9, 0xFFFE0000, 0x00000000
 924      0000FEFF 
 924      00000000 
 925 18c8 E0FF7F00 			.word	0x007FFFE0, 0xFFFF0000, 0x00000000
 925      0000FFFF 
 925      00000000 
 926 18d4 C0FFFF00 			.word	0x00FFFFC0, 0xFFFF8000, 0xC0000000
 926      0080FFFF 
 926      000000C0 
 927 18e0 00FFFF01 			.word	0x01FFFF00, 0x7FFFC000, 0xFE000000
 927      00C0FF7F 
 927      000000FE 
 928 18ec 00FEFF03 			.word	0x03FFFE00, 0x3FFFC000, 0xFFE00000
 928      00C0FF3F 
 928      0000E0FF 
 929 18f8 00F8FF07 			.word	0x07FFF800, 0x1FFFE000, 0xFFF80000
 929      00E0FF1F 
 929      0000F8FF 
 930 1904 00F0FF07 			.word	0x07FFF000, 0x0FFFF001, 0xFFF80000
 930      01F0FF0F 
 930      0000F8FF 
 931 1910 00E0FF0F 			.word	0x0FFFE000, 0x0FFFF801, 0xFFF00000
 931      01F8FF0F 
 931      0000F0FF 
 932 191c 00C0FF1F 			.word	0x1FFFC000, 0x07FFFC01, 0xFFF00000
ARM GAS  font_arial104.s 			page 31


 932      01FCFF07 
 932      0000F0FF 
 933 1928 0080FF1F 			.word	0x1FFF8000, 0x03FFFC03, 0xFFF00000
 933      03FCFF03 
 933      0000F0FF 
 934 1934 0000FF3F 			.word	0x3FFF0000, 0x01FFFE03, 0xFFE00000
 934      03FEFF01 
 934      0000E0FF 
 935 1940 0000FF3F 			.word	0x3FFF0000, 0x00FFFF03, 0xFFE00000
 935      03FFFF00 
 935      0000E0FF 
 936 194c 0000FE3F 			.word	0x3FFE0000, 0x00FFFF87, 0xFFE00000
 936      87FFFF00 
 936      0000E0FF 
 937 1958 0000FE7F 			.word	0x7FFE0000, 0x007FFFC7, 0xFFC00000
 937      C7FF7F00 
 937      0000C0FF 
 938 1964 0000FC7F 			.word	0x7FFC0000, 0x003FFFCF, 0xFFC00000
 938      CFFF3F00 
 938      0000C0FF 
 939 1970 0000FC7F 			.word	0x7FFC0000, 0x001FFFFF, 0xFFC00000
 939      FFFF1F00 
 939      0000C0FF 
 940 197c 0000FC7F 			.word	0x7FFC0000, 0x000FFFFF, 0xFF800000
 940      FFFF0F00 
 940      000080FF 
 941 1988 0000F8FF 			.word	0xFFF80000, 0x000FFFFF, 0xFF800000
 941      FFFF0F00 
 941      000080FF 
 942 1994 0000F8FF 			.word	0xFFF80000, 0x0007FFFF, 0xFF000000
 942      FFFF0700 
 942      000000FF 
 943 19a0 0000F8FF 			.word	0xFFF80000, 0x0003FFFF, 0xFF000000
 943      FFFF0300 
 943      000000FF 
 944 19ac 0000F8FF 			.word	0xFFF80000, 0x0001FFFF, 0xFE000000
 944      FFFF0100 
 944      000000FE 
 945 19b8 0000F8FF 			.word	0xFFF80000, 0x0000FFFF, 0xFE000000
 945      FFFF0000 
 945      000000FE 
 946 19c4 0000F8FF 			.word	0xFFF80000, 0x0000FFFF, 0xFC000000
 946      FFFF0000 
 946      000000FC 
 947 19d0 0000FCFF 			.word	0xFFFC0000, 0x00007FFF, 0xFC000000
 947      FF7F0000 
 947      000000FC 
 948 19dc 0000FCFF 			.word	0xFFFC0000, 0x00003FFF, 0xF8000000
 948      FF3F0000 
 948      000000F8 
 949 19e8 0000FCFF 			.word	0xFFFC0000, 0x00001FFF, 0xF8000000
 949      FF1F0000 
 949      000000F8 
 950 19f4 0000FE7F 			.word	0x7FFE0000, 0x00000FFF, 0xF0000000
 950      FF0F0000 
 950      000000F0 
 951 1a00 0000FE7F 			.word	0x7FFE0000, 0x00000FFF, 0xF8000000
ARM GAS  font_arial104.s 			page 32


 951      FF0F0000 
 951      000000F8 
 952 1a0c 0000FF7F 			.word	0x7FFF0000, 0x00000FFF, 0xFC000000
 952      FF0F0000 
 952      000000FC 
 953 1a18 0000FF7F 			.word	0x7FFF0000, 0x00001FFF, 0xFE000000
 953      FF1F0000 
 953      000000FE 
 954 1a24 0080FF3F 			.word	0x3FFF8000, 0x00003FFF, 0xFF000000
 954      FF3F0000 
 954      000000FF 
 955 1a30 00C0FF3F 			.word	0x3FFFC000, 0x00007FFF, 0xFF800000
 955      FF7F0000 
 955      000080FF 
 956 1a3c 00E0FF1F 			.word	0x1FFFE000, 0x0000FFFF, 0xFFC00000
 956      FFFF0000 
 956      0000C0FF 
 957 1a48 00E0FF1F 			.word	0x1FFFE000, 0x0003FFFF, 0xFFE00000
 957      FFFF0300 
 957      0000E0FF 
 958 1a54 00F8FF0F 			.word	0x0FFFF800, 0x000FFFFF, 0xFFF00000
 958      FFFF0F00 
 958      0000F0FF 
 959 1a60 00FCFF0F 			.word	0x0FFFFC00, 0x003FFFFF, 0xFFF80000
 959      FFFF3F00 
 959      0000F8FF 
 960 1a6c 00FFFF07 			.word	0x07FFFF00, 0x00FFFFFF, 0xFFFC0000
 960      FFFFFF00 
 960      0000FCFF 
 961 1a78 E0FFFF03 			.word	0x03FFFFE0, 0x0FFFFFF7, 0xFFFE0000
 961      F7FFFF0F 
 961      0000FEFF 
 962 1a84 FFFFFF03 			.word	0x03FFFFFF, 0xFFFFFFE3, 0xFFFF8000
 962      E3FFFFFF 
 962      0080FFFF 
 963 1a90 FFFFFF01 			.word	0x01FFFFFF, 0xFFFFFFC1, 0xFFFFC000
 963      C1FFFFFF 
 963      00C0FFFF 
 964 1a9c FFFFFF00 			.word	0x00FFFFFF, 0xFFFFFF80, 0xFFFFE000
 964      80FFFFFF 
 964      00E0FFFF 
 965 1aa8 FFFF7F00 			.word	0x007FFFFF, 0xFFFFFE00, 0x7FFFE000
 965      00FEFFFF 
 965      00E0FF7F 
 966 1ab4 FFFF3F00 			.word	0x003FFFFF, 0xFFFFFC00, 0x3FFFC000
 966      00FCFFFF 
 966      00C0FF3F 
 967 1ac0 FFFF1F00 			.word	0x001FFFFF, 0xFFFFF800, 0x1FFF8000
 967      00F8FFFF 
 967      0080FF1F 
 968 1acc FFFF0700 			.word	0x0007FFFF, 0xFFFFE000, 0x0FFF0000
 968      00E0FFFF 
 968      0000FF0F 
 969 1ad8 FFFF0300 			.word	0x0003FFFF, 0xFFFF8000, 0x07FF0000
 969      0080FFFF 
 969      0000FF07 
 970 1ae4 FFFF0000 			.word	0x0000FFFF, 0xFFFF0000, 0x01FE0000
ARM GAS  font_arial104.s 			page 33


 970      0000FFFF 
 970      0000FE01 
 971 1af0 FF3F0000 			.word	0x00003FFF, 0xFFF80000, 0x00FC0000
 971      0000F8FF 
 971      0000FC00 
 972 1afc FF070000 			.word	0x000007FF, 0xFFC00000, 0x00780000
 972      0000C0FF 
 972      00007800 
 973 1b08 7F000000 			.word	0x0000007F, 0xFC000000, 0x00100000
 973      000000FC 
 973      00001000 
 974              	
 975              	APOSTROPHE:
 976 1b14 27000000 			.word	''			// ASCII "'" character
 977 1b18 1B000000 			.word	27			// cell pixel width
 978 1b1c 82000000 			.word	CELLHGHT		// cell pixel height
 979 1b20 0D000000 			.word	13			// glyph pixel width
 980 1b24 24000000 			.word	36			// glyph pixel height
 981 1b28 07000000 			.word	7			// blank horizontal pixels before glyph
 982 1b2c 07000000 			.word	7			// blank horizontal pixels after glyph
 983 1b30 00000000 			.word	0			// blank horizontal lines before glyph
 984 1b34 5E000000 			.word	94			// blank horizontal lines after glyph
 985              							// bit mapped glyph
 986 1b38 0000F8FF 			.word	0xFFF80000
 987 1b3c 0000F8FF 			.word	0xFFF80000
 988 1b40 0000F8FF 			.word	0xFFF80000
 989 1b44 0000F8FF 			.word	0xFFF80000
 990 1b48 0000F8FF 			.word	0xFFF80000
 991 1b4c 0000F8FF 			.word	0xFFF80000
 992 1b50 0000F8FF 			.word	0xFFF80000
 993 1b54 0000F8FF 			.word	0xFFF80000
 994 1b58 0000F8FF 			.word	0xFFF80000
 995 1b5c 0000F8FF 			.word	0xFFF80000
 996 1b60 0000F8FF 			.word	0xFFF80000
 997 1b64 0000F8FF 			.word	0xFFF80000
 998 1b68 0000F8FF 			.word	0xFFF80000
 999 1b6c 0000F8FF 			.word	0xFFF80000
 1000 1b70 0000F8FF 			.word	0xFFF80000
 1001 1b74 0000F8FF 			.word	0xFFF80000
 1002 1b78 0000F8FF 			.word	0xFFF80000
 1003 1b7c 0000F8FF 			.word	0xFFF80000
 1004 1b80 0000F8FF 			.word	0xFFF80000
 1005 1b84 0000F8FF 			.word	0xFFF80000
 1006 1b88 0000F8FF 			.word	0xFFF80000
 1007 1b8c 0000F8FF 			.word	0xFFF80000
 1008 1b90 0000F0FF 			.word	0xFFF00000
 1009 1b94 0000F07F 			.word	0x7FF00000
 1010 1b98 0000F07F 			.word	0x7FF00000
 1011 1b9c 0000F07F 			.word	0x7FF00000
 1012 1ba0 0000F07F 			.word	0x7FF00000
 1013 1ba4 0000F07F 			.word	0x7FF00000
 1014 1ba8 0000E07F 			.word	0x7FE00000
 1015 1bac 0000E03F 			.word	0x3FE00000
 1016 1bb0 0000E03F 			.word	0x3FE00000
 1017 1bb4 0000E03F 			.word	0x3FE00000
 1018 1bb8 0000E03F 			.word	0x3FE00000
 1019 1bbc 0000E03F 			.word	0x3FE00000
ARM GAS  font_arial104.s 			page 34


 1020 1bc0 0000C03F 			.word	0x3FC00000
 1021 1bc4 0000C01F 			.word	0x1FC00000
 1022              	
 1023              	LEFT_PAREN:
 1024 1bc8 28000000 			.word	'(			// ASCII "(" character
 1025 1bcc 2E000000 			.word	46			// cell pixel width
 1026 1bd0 82000000 			.word	CELLHGHT		// cell pixel height
 1027 1bd4 20000000 			.word	32			// glyph pixel width
 1028 1bd8 80000000 			.word	128			// glyph pixel height
 1029 1bdc 07000000 			.word	7			// blank horizontal pixels before glyph
 1030 1be0 07000000 			.word	7			// blank horizontal pixels after glyph
 1031 1be4 00000000 			.word	0			// blank horizontal lines before glyph
 1032 1be8 02000000 			.word	2			// blank horizontal lines after glyph
 1033              							// bit mapped glyph
 1034 1bec FF000000 			.word	0x000000FF
 1035 1bf0 FF010000 			.word	0x000001FF
 1036 1bf4 FE030000 			.word	0x000003FE
 1037 1bf8 FE070000 			.word	0x000007FE
 1038 1bfc FC070000 			.word	0x000007FC
 1039 1c00 F80F0000 			.word	0x00000FF8
 1040 1c04 F81F0000 			.word	0x00001FF8
 1041 1c08 F01F0000 			.word	0x00001FF0
 1042 1c0c F03F0000 			.word	0x00003FF0
 1043 1c10 E07F0000 			.word	0x00007FE0
 1044 1c14 E07F0000 			.word	0x00007FE0
 1045 1c18 C0FF0000 			.word	0x0000FFC0
 1046 1c1c 80FF0100 			.word	0x0001FF80
 1047 1c20 80FF0100 			.word	0x0001FF80
 1048 1c24 00FF0300 			.word	0x0003FF00
 1049 1c28 00FF0300 			.word	0x0003FF00
 1050 1c2c 00FE0700 			.word	0x0007FE00
 1051 1c30 00FE0700 			.word	0x0007FE00
 1052 1c34 00FC0F00 			.word	0x000FFC00
 1053 1c38 00FC1F00 			.word	0x001FFC00
 1054 1c3c 00F81F00 			.word	0x001FF800
 1055 1c40 00F83F00 			.word	0x003FF800
 1056 1c44 00F83F00 			.word	0x003FF800
 1057 1c48 00F07F00 			.word	0x007FF000
 1058 1c4c 00F07F00 			.word	0x007FF000
 1059 1c50 00E0FF00 			.word	0x00FFE000
 1060 1c54 00E0FF00 			.word	0x00FFE000
 1061 1c58 00E0FF00 			.word	0x00FFE000
 1062 1c5c 00C0FF01 			.word	0x01FFC000
 1063 1c60 00C0FF01 			.word	0x01FFC000
 1064 1c64 00C0FF03 			.word	0x03FFC000
 1065 1c68 0080FF03 			.word	0x03FF8000
 1066 1c6c 0080FF03 			.word	0x03FF8000
 1067 1c70 0080FF07 			.word	0x07FF8000
 1068 1c74 0000FF07 			.word	0x07FF0000
 1069 1c78 0000FF07 			.word	0x07FF0000
 1070 1c7c 0000FF0F 			.word	0x0FFF0000
 1071 1c80 0000FF0F 			.word	0x0FFF0000
 1072 1c84 0000FE0F 			.word	0x0FFE0000
 1073 1c88 0000FE1F 			.word	0x1FFE0000
 1074 1c8c 0000FE1F 			.word	0x1FFE0000
 1075 1c90 0000FE1F 			.word	0x1FFE0000
 1076 1c94 0000FE1F 			.word	0x1FFE0000
ARM GAS  font_arial104.s 			page 35


 1077 1c98 0000FC3F 			.word	0x3FFC0000
 1078 1c9c 0000FC3F 			.word	0x3FFC0000
 1079 1ca0 0000FC3F 			.word	0x3FFC0000
 1080 1ca4 0000FC3F 			.word	0x3FFC0000
 1081 1ca8 0000FC7F 			.word	0x7FFC0000
 1082 1cac 0000FC7F 			.word	0x7FFC0000
 1083 1cb0 0000F87F 			.word	0x7FF80000
 1084 1cb4 0000F87F 			.word	0x7FF80000
 1085 1cb8 0000F87F 			.word	0x7FF80000
 1086 1cbc 0000F87F 			.word	0x7FF80000
 1087 1cc0 0000F87F 			.word	0x7FF80000
 1088 1cc4 0000F8FF 			.word	0xFFF80000
 1089 1cc8 0000F8FF 			.word	0xFFF80000
 1090 1ccc 0000F8FF 			.word	0xFFF80000
 1091 1cd0 0000F8FF 			.word	0xFFF80000
 1092 1cd4 0000F8FF 			.word	0xFFF80000
 1093 1cd8 0000F0FF 			.word	0xFFF00000
 1094 1cdc 0000F0FF 			.word	0xFFF00000
 1095 1ce0 0000F0FF 			.word	0xFFF00000
 1096 1ce4 0000F0FF 			.word	0xFFF00000
 1097 1ce8 0000F0FF 			.word	0xFFF00000
 1098 1cec 0000F0FF 			.word	0xFFF00000
 1099 1cf0 0000F0FF 			.word	0xFFF00000
 1100 1cf4 0000F0FF 			.word	0xFFF00000
 1101 1cf8 0000F0FF 			.word	0xFFF00000
 1102 1cfc 0000F0FF 			.word	0xFFF00000
 1103 1d00 0000F8FF 			.word	0xFFF80000
 1104 1d04 0000F8FF 			.word	0xFFF80000
 1105 1d08 0000F8FF 			.word	0xFFF80000
 1106 1d0c 0000F8FF 			.word	0xFFF80000
 1107 1d10 0000F8FF 			.word	0xFFF80000
 1108 1d14 0000F87F 			.word	0x7FF80000
 1109 1d18 0000F87F 			.word	0x7FF80000
 1110 1d1c 0000F87F 			.word	0x7FF80000
 1111 1d20 0000F87F 			.word	0x7FF80000
 1112 1d24 0000F87F 			.word	0x7FF80000
 1113 1d28 0000FC7F 			.word	0x7FFC0000
 1114 1d2c 0000FC3F 			.word	0x3FFC0000
 1115 1d30 0000FC3F 			.word	0x3FFC0000
 1116 1d34 0000FC3F 			.word	0x3FFC0000
 1117 1d38 0000FC3F 			.word	0x3FFC0000
 1118 1d3c 0000FC3F 			.word	0x3FFC0000
 1119 1d40 0000FE1F 			.word	0x1FFE0000
 1120 1d44 0000FE1F 			.word	0x1FFE0000
 1121 1d48 0000FE1F 			.word	0x1FFE0000
 1122 1d4c 0000FE1F 			.word	0x1FFE0000
 1123 1d50 0000FF0F 			.word	0x0FFF0000
 1124 1d54 0000FF0F 			.word	0x0FFF0000
 1125 1d58 0000FF0F 			.word	0x0FFF0000
 1126 1d5c 0000FF07 			.word	0x07FF0000
 1127 1d60 0080FF07 			.word	0x07FF8000
 1128 1d64 0080FF07 			.word	0x07FF8000
 1129 1d68 0080FF03 			.word	0x03FF8000
 1130 1d6c 00C0FF03 			.word	0x03FFC000
 1131 1d70 00C0FF03 			.word	0x03FFC000
 1132 1d74 00C0FF01 			.word	0x01FFC000
 1133 1d78 00E0FF01 			.word	0x01FFE000
ARM GAS  font_arial104.s 			page 36


 1134 1d7c 00E0FF00 			.word	0x00FFE000
 1135 1d80 00E0FF00 			.word	0x00FFE000
 1136 1d84 00F07F00 			.word	0x007FF000
 1137 1d88 00F07F00 			.word	0x007FF000
 1138 1d8c 00F03F00 			.word	0x003FF000
 1139 1d90 00F83F00 			.word	0x003FF800
 1140 1d94 00F81F00 			.word	0x001FF800
 1141 1d98 00FC1F00 			.word	0x001FFC00
 1142 1d9c 00FC0F00 			.word	0x000FFC00
 1143 1da0 00FE0F00 			.word	0x000FFE00
 1144 1da4 00FE0700 			.word	0x0007FE00
 1145 1da8 00FE0700 			.word	0x0007FE00
 1146 1dac 00FF0300 			.word	0x0003FF00
 1147 1db0 00FF0300 			.word	0x0003FF00
 1148 1db4 80FF0100 			.word	0x0001FF80
 1149 1db8 80FF0100 			.word	0x0001FF80
 1150 1dbc C0FF0000 			.word	0x0000FFC0
 1151 1dc0 C07F0000 			.word	0x00007FC0
 1152 1dc4 E07F0000 			.word	0x00007FE0
 1153 1dc8 F03F0000 			.word	0x00003FF0
 1154 1dcc F01F0000 			.word	0x00001FF0
 1155 1dd0 F81F0000 			.word	0x00001FF8
 1156 1dd4 F80F0000 			.word	0x00000FF8
 1157 1dd8 FC070000 			.word	0x000007FC
 1158 1ddc FC070000 			.word	0x000007FC
 1159 1de0 FE030000 			.word	0x000003FE
 1160 1de4 FF010000 			.word	0x000001FF
 1161 1de8 FF000000 			.word	0x000000FF
 1162              	
 1163              	RIGHT_PAREN:
 1164 1dec 29000000 			.word	')			// ASCII ")" character
 1165 1df0 2E000000 			.word	46			// cell pixel width
 1166 1df4 82000000 			.word	CELLHGHT		// cell pixel height
 1167 1df8 20000000 			.word	32			// glyph pixel width
 1168 1dfc 80000000 			.word	128			// glyph pixel height
 1169 1e00 07000000 			.word	7			// blank horizontal pixels before glyph
 1170 1e04 07000000 			.word	7			// blank horizontal pixels after glyph
 1171 1e08 00000000 			.word	0			// blank horizontal lines before glyph
 1172 1e0c 02000000 			.word	2			// blank horizontal lines after glyph
 1173              							// bit mapped glyph
 1174 1e10 000000FF 			.word	0xFF000000
 1175 1e14 000080FF 			.word	0xFF800000
 1176 1e18 0000C07F 			.word	0x7FC00000
 1177 1e1c 0000E07F 			.word	0x7FE00000
 1178 1e20 0000E03F 			.word	0x3FE00000
 1179 1e24 0000F01F 			.word	0x1FF00000
 1180 1e28 0000F81F 			.word	0x1FF80000
 1181 1e2c 0000F80F 			.word	0x0FF80000
 1182 1e30 0000FC0F 			.word	0x0FFC0000
 1183 1e34 0000FE07 			.word	0x07FE0000
 1184 1e38 0000FE07 			.word	0x07FE0000
 1185 1e3c 0000FF03 			.word	0x03FF0000
 1186 1e40 0080FF01 			.word	0x01FF8000
 1187 1e44 0080FF01 			.word	0x01FF8000
 1188 1e48 00C0FF00 			.word	0x00FFC000
 1189 1e4c 00C0FF00 			.word	0x00FFC000
 1190 1e50 00E07F00 			.word	0x007FE000
ARM GAS  font_arial104.s 			page 37


 1191 1e54 00E07F00 			.word	0x007FE000
 1192 1e58 00F03F00 			.word	0x003FF000
 1193 1e5c 00F83F00 			.word	0x003FF800
 1194 1e60 00F81F00 			.word	0x001FF800
 1195 1e64 00FC1F00 			.word	0x001FFC00
 1196 1e68 00FC1F00 			.word	0x001FFC00
 1197 1e6c 00FE0F00 			.word	0x000FFE00
 1198 1e70 00FE0F00 			.word	0x000FFE00
 1199 1e74 00FF0700 			.word	0x0007FF00
 1200 1e78 00FF0700 			.word	0x0007FF00
 1201 1e7c 00FF0700 			.word	0x0007FF00
 1202 1e80 80FF0300 			.word	0x0003FF80
 1203 1e84 80FF0300 			.word	0x0003FF80
 1204 1e88 C0FF0300 			.word	0x0003FFC0
 1205 1e8c C0FF0100 			.word	0x0001FFC0
 1206 1e90 C0FF0100 			.word	0x0001FFC0
 1207 1e94 E0FF0100 			.word	0x0001FFE0
 1208 1e98 E0FF0000 			.word	0x0000FFE0
 1209 1e9c E0FF0000 			.word	0x0000FFE0
 1210 1ea0 F0FF0000 			.word	0x0000FFF0
 1211 1ea4 F0FF0000 			.word	0x0000FFF0
 1212 1ea8 F07F0000 			.word	0x00007FF0
 1213 1eac F87F0000 			.word	0x00007FF8
 1214 1eb0 F87F0000 			.word	0x00007FF8
 1215 1eb4 F87F0000 			.word	0x00007FF8
 1216 1eb8 F87F0000 			.word	0x00007FF8
 1217 1ebc FC3F0000 			.word	0x00003FFC
 1218 1ec0 FC3F0000 			.word	0x00003FFC
 1219 1ec4 FC3F0000 			.word	0x00003FFC
 1220 1ec8 FC3F0000 			.word	0x00003FFC
 1221 1ecc FE3F0000 			.word	0x00003FFE
 1222 1ed0 FE3F0000 			.word	0x00003FFE
 1223 1ed4 FE1F0000 			.word	0x00001FFE
 1224 1ed8 FE1F0000 			.word	0x00001FFE
 1225 1edc FE1F0000 			.word	0x00001FFE
 1226 1ee0 FE1F0000 			.word	0x00001FFE
 1227 1ee4 FE1F0000 			.word	0x00001FFE
 1228 1ee8 FF1F0000 			.word	0x00001FFF
 1229 1eec FF1F0000 			.word	0x00001FFF
 1230 1ef0 FF1F0000 			.word	0x00001FFF
 1231 1ef4 FF1F0000 			.word	0x00001FFF
 1232 1ef8 FF1F0000 			.word	0x00001FFF
 1233 1efc FF0F0000 			.word	0x00000FFF
 1234 1f00 FF0F0000 			.word	0x00000FFF
 1235 1f04 FF0F0000 			.word	0x00000FFF
 1236 1f08 FF0F0000 			.word	0x00000FFF
 1237 1f0c FF0F0000 			.word	0x00000FFF
 1238 1f10 FF0F0000 			.word	0x00000FFF
 1239 1f14 FF0F0000 			.word	0x00000FFF
 1240 1f18 FF0F0000 			.word	0x00000FFF
 1241 1f1c FF0F0000 			.word	0x00000FFF
 1242 1f20 FF0F0000 			.word	0x00000FFF
 1243 1f24 FF1F0000 			.word	0x00001FFF
 1244 1f28 FF1F0000 			.word	0x00001FFF
 1245 1f2c FF1F0000 			.word	0x00001FFF
 1246 1f30 FF1F0000 			.word	0x00001FFF
 1247 1f34 FF1F0000 			.word	0x00001FFF
ARM GAS  font_arial104.s 			page 38


 1248 1f38 FE1F0000 			.word	0x00001FFE
 1249 1f3c FE1F0000 			.word	0x00001FFE
 1250 1f40 FE1F0000 			.word	0x00001FFE
 1251 1f44 FE1F0000 			.word	0x00001FFE
 1252 1f48 FE1F0000 			.word	0x00001FFE
 1253 1f4c FE3F0000 			.word	0x00003FFE
 1254 1f50 FC3F0000 			.word	0x00003FFC
 1255 1f54 FC3F0000 			.word	0x00003FFC
 1256 1f58 FC3F0000 			.word	0x00003FFC
 1257 1f5c FC3F0000 			.word	0x00003FFC
 1258 1f60 FC3F0000 			.word	0x00003FFC
 1259 1f64 F87F0000 			.word	0x00007FF8
 1260 1f68 F87F0000 			.word	0x00007FF8
 1261 1f6c F87F0000 			.word	0x00007FF8
 1262 1f70 F87F0000 			.word	0x00007FF8
 1263 1f74 F0FF0000 			.word	0x0000FFF0
 1264 1f78 F0FF0000 			.word	0x0000FFF0
 1265 1f7c F0FF0000 			.word	0x0000FFF0
 1266 1f80 E0FF0000 			.word	0x0000FFE0
 1267 1f84 E0FF0100 			.word	0x0001FFE0
 1268 1f88 E0FF0100 			.word	0x0001FFE0
 1269 1f8c C0FF0100 			.word	0x0001FFC0
 1270 1f90 C0FF0300 			.word	0x0003FFC0
 1271 1f94 C0FF0300 			.word	0x0003FFC0
 1272 1f98 80FF0300 			.word	0x0003FF80
 1273 1f9c 80FF0700 			.word	0x0007FF80
 1274 1fa0 00FF0700 			.word	0x0007FF00
 1275 1fa4 00FF0700 			.word	0x0007FF00
 1276 1fa8 00FE0F00 			.word	0x000FFE00
 1277 1fac 00FE0F00 			.word	0x000FFE00
 1278 1fb0 00FC0F00 			.word	0x000FFC00
 1279 1fb4 00FC1F00 			.word	0x001FFC00
 1280 1fb8 00F81F00 			.word	0x001FF800
 1281 1fbc 00F83F00 			.word	0x003FF800
 1282 1fc0 00F03F00 			.word	0x003FF000
 1283 1fc4 00F07F00 			.word	0x007FF000
 1284 1fc8 00E07F00 			.word	0x007FE000
 1285 1fcc 00E07F00 			.word	0x007FE000
 1286 1fd0 00C0FF00 			.word	0x00FFC000
 1287 1fd4 00C0FF00 			.word	0x00FFC000
 1288 1fd8 0080FF01 			.word	0x01FF8000
 1289 1fdc 0080FF01 			.word	0x01FF8000
 1290 1fe0 0000FF03 			.word	0x03FF0000
 1291 1fe4 0000FE03 			.word	0x03FE0000
 1292 1fe8 0000FE07 			.word	0x07FE0000
 1293 1fec 0000FC0F 			.word	0x0FFC0000
 1294 1ff0 0000F80F 			.word	0x0FF80000
 1295 1ff4 0000F81F 			.word	0x1FF80000
 1296 1ff8 0000F01F 			.word	0x1FF00000
 1297 1ffc 0000E03F 			.word	0x3FE00000
 1298 2000 0000E03F 			.word	0x3FE00000
 1299 2004 0000C07F 			.word	0x7FC00000
 1300 2008 000080FF 			.word	0xFF800000
 1301 200c 000000FF 			.word	0xFF000000
 1302              	
 1303              	ASTERISK:
 1304 2010 2A000000 			.word	'*			// ASCII "*" character
ARM GAS  font_arial104.s 			page 39


 1305 2014 36000000 			.word	54			// cell pixel width
 1306 2018 82000000 			.word	CELLHGHT		// cell pixel height
 1307 201c 2C000000 			.word	44			// glyph pixel width
 1308 2020 29000000 			.word	41			// glyph pixel height
 1309 2024 05000000 			.word	5			// blank horizontal pixels before glyph
 1310 2028 05000000 			.word	5			// blank horizontal pixels after glyph
 1311 202c 00000000 			.word	0			// blank horizontal lines before glyph
 1312 2030 59000000 			.word	89			// blank horizontal lines after glyph
 1313              							// bit mapped glyph
 1314 2034 E07F0000 			.word	0x00007FE0, 0x00000000
 1314      00000000 
 1315 203c C07F0000 			.word	0x00007FC0, 0x00000000
 1315      00000000 
 1316 2044 C07F0000 			.word	0x00007FC0, 0x00000000
 1316      00000000 
 1317 204c C07F0000 			.word	0x00007FC0, 0x00000000
 1317      00000000 
 1318 2054 C07F0000 			.word	0x00007FC0, 0x00000000
 1318      00000000 
 1319 205c C07F0000 			.word	0x00007FC0, 0x00000000
 1319      00000000 
 1320 2064 C07F0000 			.word	0x00007FC0, 0x00000000
 1320      00000000 
 1321 206c C07F0000 			.word	0x00007FC0, 0x00000000
 1321      00000000 
 1322 2074 C07F0000 			.word	0x00007FC0, 0x00000000
 1322      00000000 
 1323 207c C07F0000 			.word	0x00007FC0, 0x00000000
 1323      00000000 
 1324 2084 C03F0000 			.word	0x00003FC0, 0x00000000
 1324      00000000 
 1325 208c C03F003C 			.word	0x3C003FC0, 0x03800000
 1325      00008003 
 1326 2094 C03F003F 			.word	0x3F003FC0, 0x1FC00000
 1326      0000C01F 
 1327 209c 803FE03F 			.word	0x3FE03F80, 0x7FC00000
 1327      0000C07F 
 1328 20a4 833FF87F 			.word	0x7FF83F83, 0xFFC00000
 1328      0000C0FF 
 1329 20ac 8F3FFE7F 			.word	0x7FFE3F8F, 0xFFE00000
 1329      0000E0FF 
 1330 20b4 BFBFFF7F 			.word	0x7FFFBFBF, 0xFFE00000
 1330      0000E0FF 
 1331 20bc FFFFFFFF 			.word	0xFFFFFFFF, 0xFFE00000
 1331      0000E0FF 
 1332 20c4 FFFFFFFF 			.word	0xFFFFFFFF, 0xFFF00000
 1332      0000F0FF 
 1333 20cc FFFFFFFF 			.word	0xFFFFFFFF, 0xFFF00000
 1333      0000F0FF 
 1334 20d4 FFFFFF7F 			.word	0x7FFFFFFF, 0xFFE00000
 1334      0000E0FF 
 1335 20dc FFFFFF07 			.word	0x07FFFFFF, 0xFE000000
 1335      000000FE 
 1336 20e4 FFFF3F00 			.word	0x003FFFFF, 0xE0000000
 1336      000000E0 
 1337 20ec F8FF0100 			.word	0x0001FFF8, 0x00000000
 1337      00000000 
ARM GAS  font_arial104.s 			page 40


 1338 20f4 F0FF0100 			.word	0x0001FFF0, 0x00000000
 1338      00000000 
 1339 20fc F8FF0300 			.word	0x0003FFF8, 0x00000000
 1339      00000000 
 1340 2104 FCFF0700 			.word	0x0007FFFC, 0x00000000
 1340      00000000 
 1341 210c FEFF0F00 			.word	0x000FFFFE, 0x00000000
 1341      00000000 
 1342 2114 FFFB1F00 			.word	0x001FFBFF, 0x00000000
 1342      00000000 
 1343 211c FFF11F00 			.word	0x001FF1FF, 0x80000000
 1343      00000080 
 1344 2124 FFF13F00 			.word	0x003FF1FF, 0xC0000000
 1344      000000C0 
 1345 212c FFE07F00 			.word	0x007FE0FF, 0xE0000000
 1345      000000E0 
 1346 2134 7FE0FF00 			.word	0x00FFE07F, 0xF0000000
 1346      000000F0 
 1347 213c 7FC0FF01 			.word	0x01FFC07F, 0xF8000000
 1347      000000F8 
 1348 2144 3FC0FF03 			.word	0x03FFC03F, 0xF8000000
 1348      000000F8 
 1349 214c 3F80FF03 			.word	0x03FF803F, 0xFC000000
 1349      000000FC 
 1350 2154 1F00FF07 			.word	0x07FF001F, 0xFE000000
 1350      000000FE 
 1351 215c 0F00FF03 			.word	0x03FF000F, 0xF8000000
 1351      000000F8 
 1352 2164 0F00FE00 			.word	0x00FE000F, 0xF0000000
 1352      000000F0 
 1353 216c 07007C00 			.word	0x007C0007, 0xC0000000
 1353      000000C0 
 1354 2174 03001C00 			.word	0x001C0003, 0x80000000
 1354      00000080 
 1355              	
 1356              	PLUS_SIGN:
 1357 217c 2B000000 			.word	'+			// ASCII "+" character
 1358 2180 51000000 			.word	81			// cell pixel width
 1359 2184 82000000 			.word	CELLHGHT		// cell pixel height
 1360 2188 41000000 			.word	65			// glyph pixel width
 1361 218c 42000000 			.word	66			// glyph pixel height
 1362 2190 08000000 			.word	8			// blank horizontal pixels before glyph
 1363 2194 08000000 			.word	8			// blank horizontal pixels after glyph
 1364 2198 12000000 			.word	18			// blank horizontal lines before glyph
 1365 219c 2E000000 			.word	46			// blank horizontal lines after glyph
 1366              							// bit mapped glyph
 1367 21a0 1F000000 			.word	0x0000001F, 0xFC000000, 0x00000000
 1367      000000FC 
 1367      00000000 
 1368 21ac 1F000000 			.word	0x0000001F, 0xFC000000, 0x00000000
 1368      000000FC 
 1368      00000000 
 1369 21b8 1F000000 			.word	0x0000001F, 0xFC000000, 0x00000000
 1369      000000FC 
 1369      00000000 
 1370 21c4 1F000000 			.word	0x0000001F, 0xFC000000, 0x00000000
 1370      000000FC 
ARM GAS  font_arial104.s 			page 41


 1370      00000000 
 1371 21d0 1F000000 			.word	0x0000001F, 0xFC000000, 0x00000000
 1371      000000FC 
 1371      00000000 
 1372 21dc 1F000000 			.word	0x0000001F, 0xFC000000, 0x00000000
 1372      000000FC 
 1372      00000000 
 1373 21e8 1F000000 			.word	0x0000001F, 0xFC000000, 0x00000000
 1373      000000FC 
 1373      00000000 
 1374 21f4 1F000000 			.word	0x0000001F, 0xFC000000, 0x00000000
 1374      000000FC 
 1374      00000000 
 1375 2200 1F000000 			.word	0x0000001F, 0xFC000000, 0x00000000
 1375      000000FC 
 1375      00000000 
 1376 220c 1F000000 			.word	0x0000001F, 0xFC000000, 0x00000000
 1376      000000FC 
 1376      00000000 
 1377 2218 1F000000 			.word	0x0000001F, 0xFC000000, 0x00000000
 1377      000000FC 
 1377      00000000 
 1378 2224 1F000000 			.word	0x0000001F, 0xFC000000, 0x00000000
 1378      000000FC 
 1378      00000000 
 1379 2230 1F000000 			.word	0x0000001F, 0xFC000000, 0x00000000
 1379      000000FC 
 1379      00000000 
 1380 223c 1F000000 			.word	0x0000001F, 0xFC000000, 0x00000000
 1380      000000FC 
 1380      00000000 
 1381 2248 1F000000 			.word	0x0000001F, 0xFC000000, 0x00000000
 1381      000000FC 
 1381      00000000 
 1382 2254 1F000000 			.word	0x0000001F, 0xFC000000, 0x00000000
 1382      000000FC 
 1382      00000000 
 1383 2260 1F000000 			.word	0x0000001F, 0xFC000000, 0x00000000
 1383      000000FC 
 1383      00000000 
 1384 226c 1F000000 			.word	0x0000001F, 0xFC000000, 0x00000000
 1384      000000FC 
 1384      00000000 
 1385 2278 1F000000 			.word	0x0000001F, 0xFC000000, 0x00000000
 1385      000000FC 
 1385      00000000 
 1386 2284 1F000000 			.word	0x0000001F, 0xFC000000, 0x00000000
 1386      000000FC 
 1386      00000000 
 1387 2290 1F000000 			.word	0x0000001F, 0xFC000000, 0x00000000
 1387      000000FC 
 1387      00000000 
 1388 229c 1F000000 			.word	0x0000001F, 0xFC000000, 0x00000000
 1388      000000FC 
 1388      00000000 
 1389 22a8 1F000000 			.word	0x0000001F, 0xFC000000, 0x00000000
 1389      000000FC 
ARM GAS  font_arial104.s 			page 42


 1389      00000000 
 1390 22b4 1F000000 			.word	0x0000001F, 0xFC000000, 0x00000000
 1390      000000FC 
 1390      00000000 
 1391 22c0 1F000000 			.word	0x0000001F, 0xFC000000, 0x00000000
 1391      000000FC 
 1391      00000000 
 1392 22cc 1F000000 			.word	0x0000001F, 0xFC000000, 0x00000000
 1392      000000FC 
 1392      00000000 
 1393 22d8 1F000000 			.word	0x0000001F, 0xFC000000, 0x00000000
 1393      000000FC 
 1393      00000000 
 1394 22e4 FFFFFFFF 			.word	0xFFFFFFFF, 0xFFFFFFFF, 0x80000000
 1394      FFFFFFFF 
 1394      00000080 
 1395 22f0 FFFFFFFF 			.word	0xFFFFFFFF, 0xFFFFFFFF, 0x80000000
 1395      FFFFFFFF 
 1395      00000080 
 1396 22fc FFFFFFFF 			.word	0xFFFFFFFF, 0xFFFFFFFF, 0x80000000
 1396      FFFFFFFF 
 1396      00000080 
 1397 2308 FFFFFFFF 			.word	0xFFFFFFFF, 0xFFFFFFFF, 0x80000000
 1397      FFFFFFFF 
 1397      00000080 
 1398 2314 FFFFFFFF 			.word	0xFFFFFFFF, 0xFFFFFFFF, 0x80000000
 1398      FFFFFFFF 
 1398      00000080 
 1399 2320 FFFFFFFF 			.word	0xFFFFFFFF, 0xFFFFFFFF, 0x80000000
 1399      FFFFFFFF 
 1399      00000080 
 1400 232c FFFFFFFF 			.word	0xFFFFFFFF, 0xFFFFFFFF, 0x80000000
 1400      FFFFFFFF 
 1400      00000080 
 1401 2338 FFFFFFFF 			.word	0xFFFFFFFF, 0xFFFFFFFF, 0x80000000
 1401      FFFFFFFF 
 1401      00000080 
 1402 2344 FFFFFFFF 			.word	0xFFFFFFFF, 0xFFFFFFFF, 0x80000000
 1402      FFFFFFFF 
 1402      00000080 
 1403 2350 FFFFFFFF 			.word	0xFFFFFFFF, 0xFFFFFFFF, 0x80000000
 1403      FFFFFFFF 
 1403      00000080 
 1404 235c FFFFFFFF 			.word	0xFFFFFFFF, 0xFFFFFFFF, 0x80000000
 1404      FFFFFFFF 
 1404      00000080 
 1405 2368 FFFFFFFF 			.word	0xFFFFFFFF, 0xFFFFFFFF, 0x80000000
 1405      FFFFFFFF 
 1405      00000080 
 1406 2374 1F000000 			.word	0x0000001F, 0xFC000000, 0x00000000
 1406      000000FC 
 1406      00000000 
 1407 2380 1F000000 			.word	0x0000001F, 0xFC000000, 0x00000000
 1407      000000FC 
 1407      00000000 
 1408 238c 1F000000 			.word	0x0000001F, 0xFC000000, 0x00000000
 1408      000000FC 
ARM GAS  font_arial104.s 			page 43


 1408      00000000 
 1409 2398 1F000000 			.word	0x0000001F, 0xFC000000, 0x00000000
 1409      000000FC 
 1409      00000000 
 1410 23a4 1F000000 			.word	0x0000001F, 0xFC000000, 0x00000000
 1410      000000FC 
 1410      00000000 
 1411 23b0 1F000000 			.word	0x0000001F, 0xFC000000, 0x00000000
 1411      000000FC 
 1411      00000000 
 1412 23bc 1F000000 			.word	0x0000001F, 0xFC000000, 0x00000000
 1412      000000FC 
 1412      00000000 
 1413 23c8 1F000000 			.word	0x0000001F, 0xFC000000, 0x00000000
 1413      000000FC 
 1413      00000000 
 1414 23d4 1F000000 			.word	0x0000001F, 0xFC000000, 0x00000000
 1414      000000FC 
 1414      00000000 
 1415 23e0 1F000000 			.word	0x0000001F, 0xFC000000, 0x00000000
 1415      000000FC 
 1415      00000000 
 1416 23ec 1F000000 			.word	0x0000001F, 0xFC000000, 0x00000000
 1416      000000FC 
 1416      00000000 
 1417 23f8 1F000000 			.word	0x0000001F, 0xFC000000, 0x00000000
 1417      000000FC 
 1417      00000000 
 1418 2404 1F000000 			.word	0x0000001F, 0xFC000000, 0x00000000
 1418      000000FC 
 1418      00000000 
 1419 2410 1F000000 			.word	0x0000001F, 0xFC000000, 0x00000000
 1419      000000FC 
 1419      00000000 
 1420 241c 1F000000 			.word	0x0000001F, 0xFC000000, 0x00000000
 1420      000000FC 
 1420      00000000 
 1421 2428 1F000000 			.word	0x0000001F, 0xFC000000, 0x00000000
 1421      000000FC 
 1421      00000000 
 1422 2434 1F000000 			.word	0x0000001F, 0xFC000000, 0x00000000
 1422      000000FC 
 1422      00000000 
 1423 2440 1F000000 			.word	0x0000001F, 0xFC000000, 0x00000000
 1423      000000FC 
 1423      00000000 
 1424 244c 1F000000 			.word	0x0000001F, 0xFC000000, 0x00000000
 1424      000000FC 
 1424      00000000 
 1425 2458 1F000000 			.word	0x0000001F, 0xFC000000, 0x00000000
 1425      000000FC 
 1425      00000000 
 1426 2464 1F000000 			.word	0x0000001F, 0xFC000000, 0x00000000
 1426      000000FC 
 1426      00000000 
 1427 2470 1F000000 			.word	0x0000001F, 0xFC000000, 0x00000000
 1427      000000FC 
ARM GAS  font_arial104.s 			page 44


 1427      00000000 
 1428 247c 1F000000 			.word	0x0000001F, 0xFC000000, 0x00000000
 1428      000000FC 
 1428      00000000 
 1429 2488 1F000000 			.word	0x0000001F, 0xFC000000, 0x00000000
 1429      000000FC 
 1429      00000000 
 1430 2494 1F000000 			.word	0x0000001F, 0xFC000000, 0x00000000
 1430      000000FC 
 1430      00000000 
 1431 24a0 1F000000 			.word	0x0000001F, 0xFC000000, 0x00000000
 1431      000000FC 
 1431      00000000 
 1432 24ac 1F000000 			.word	0x0000001F, 0xFC000000, 0x00000000
 1432      000000FC 
 1432      00000000 
 1433              	
 1434              	COMMA:
 1435 24b8 2C000000 			.word	',			// ASCII "," character
 1436 24bc 27000000 			.word	39			// cell pixel width
 1437 24c0 82000000 			.word	CELLHGHT		// cell pixel height
 1438 24c4 0E000000 			.word	14			// glyph pixel width
 1439 24c8 21000000 			.word	33			// glyph pixel height
 1440 24cc 0C000000 			.word	12			// blank horizontal pixels before glyph
 1441 24d0 0D000000 			.word	13			// blank horizontal pixels after glyph
 1442 24d4 58000000 			.word	88			// blank horizontal lines before glyph
 1443 24d8 09000000 			.word	9			// blank horizontal lines after glyph
 1444              							// bit mapped glyph
 1445 24dc 0000FC7F 			.word	0x7FFC0000
 1446 24e0 0000FC7F 			.word	0x7FFC0000
 1447 24e4 0000FC7F 			.word	0x7FFC0000
 1448 24e8 0000FC7F 			.word	0x7FFC0000
 1449 24ec 0000FC7F 			.word	0x7FFC0000
 1450 24f0 0000FC7F 			.word	0x7FFC0000
 1451 24f4 0000FC7F 			.word	0x7FFC0000
 1452 24f8 0000FC7F 			.word	0x7FFC0000
 1453 24fc 0000FC7F 			.word	0x7FFC0000
 1454 2500 0000FC7F 			.word	0x7FFC0000
 1455 2504 0000FC7F 			.word	0x7FFC0000
 1456 2508 0000FC7F 			.word	0x7FFC0000
 1457 250c 0000FC00 			.word	0x00FC0000
 1458 2510 0000FC00 			.word	0x00FC0000
 1459 2514 0000FC01 			.word	0x01FC0000
 1460 2518 0000FC01 			.word	0x01FC0000
 1461 251c 0000FC01 			.word	0x01FC0000
 1462 2520 0000FC01 			.word	0x01FC0000
 1463 2524 0000FC01 			.word	0x01FC0000
 1464 2528 0000FC01 			.word	0x01FC0000
 1465 252c 0000F803 			.word	0x03F80000
 1466 2530 0000F803 			.word	0x03F80000
 1467 2534 0000F803 			.word	0x03F80000
 1468 2538 0000F807 			.word	0x07F80000
 1469 253c 0000F00F 			.word	0x0FF00000
 1470 2540 0000F01F 			.word	0x1FF00000
 1471 2544 0000E03F 			.word	0x3FE00000
 1472 2548 0000C07F 			.word	0x7FC00000
 1473 254c 000080FF 			.word	0xFF800000
ARM GAS  font_arial104.s 			page 45


 1474 2550 0000007F 			.word	0x7F000000
 1475 2554 0000007E 			.word	0x7E000000
 1476 2558 0000003C 			.word	0x3C000000
 1477 255c 00000010 			.word	0x10000000
 1478              	
 1479              	MINUS_SIGN:
 1480 2560 2D000000 			.word	'-			// ASCII "-" character
 1481 2564 2E000000 			.word	46			// cell pixel width
 1482 2568 82000000 			.word	CELLHGHT		// cell pixel height
 1483 256c 26000000 			.word	38			// glyph pixel width
 1484 2570 0C000000 			.word	12			// glyph pixel height
 1485 2574 04000000 			.word	4			// blank horizontal pixels before glyph
 1486 2578 04000000 			.word	4			// blank horizontal pixels after glyph
 1487 257c 3A000000 			.word	58			// blank horizontal lines before glyph
 1488 2580 3C000000 			.word	60			// blank horizontal lines after glyph
 1489              							// bit mapped glyph
 1490 2584 FFFFFFFF 			.word	0xFFFFFFFF, 0xFC000000
 1490      000000FC 
 1491 258c FFFFFFFF 			.word	0xFFFFFFFF, 0xFC000000
 1491      000000FC 
 1492 2594 FFFFFFFF 			.word	0xFFFFFFFF, 0xFC000000
 1492      000000FC 
 1493 259c FFFFFFFF 			.word	0xFFFFFFFF, 0xFC000000
 1493      000000FC 
 1494 25a4 FFFFFFFF 			.word	0xFFFFFFFF, 0xFC000000
 1494      000000FC 
 1495 25ac FFFFFFFF 			.word	0xFFFFFFFF, 0xFC000000
 1495      000000FC 
 1496 25b4 FFFFFFFF 			.word	0xFFFFFFFF, 0xFC000000
 1496      000000FC 
 1497 25bc FFFFFFFF 			.word	0xFFFFFFFF, 0xFC000000
 1497      000000FC 
 1498 25c4 FFFFFFFF 			.word	0xFFFFFFFF, 0xFC000000
 1498      000000FC 
 1499 25cc FFFFFFFF 			.word	0xFFFFFFFF, 0xFC000000
 1499      000000FC 
 1500 25d4 FFFFFFFF 			.word	0xFFFFFFFF, 0xFC000000
 1500      000000FC 
 1501 25dc FFFFFFFF 			.word	0xFFFFFFFF, 0xFC000000
 1501      000000FC 
 1502              	
 1503              	PERIOD:
 1504 25e4 2E000000 			.word	'.			// ASCII "." character
 1505 25e8 27000000 			.word	39			// cell pixel width
 1506 25ec 82000000 			.word	CELLHGHT		// cell pixel height
 1507 25f0 0E000000 			.word	14			// glyph pixel width
 1508 25f4 0C000000 			.word	12			// glyph pixel height
 1509 25f8 0D000000 			.word	13			// blank horizontal pixels before glyph
 1510 25fc 0C000000 			.word	12			// blank horizontal pixels after glyph
 1511 2600 58000000 			.word	88			// blank horizontal lines before glyph
 1512 2604 1E000000 			.word	30			// blank horizontal lines after glyph
 1513              							// bit mapped glyph
 1514 2608 0000FCFF 			.word	0xFFFC0000
 1515 260c 0000FCFF 			.word	0xFFFC0000
 1516 2610 0000FCFF 			.word	0xFFFC0000
 1517 2614 0000FCFF 			.word	0xFFFC0000
 1518 2618 0000FCFF 			.word	0xFFFC0000
ARM GAS  font_arial104.s 			page 46


 1519 261c 0000FCFF 			.word	0xFFFC0000
 1520 2620 0000FCFF 			.word	0xFFFC0000
 1521 2624 0000FCFF 			.word	0xFFFC0000
 1522 2628 0000FCFF 			.word	0xFFFC0000
 1523 262c 0000FCFF 			.word	0xFFFC0000
 1524 2630 0000FCFF 			.word	0xFFFC0000
 1525 2634 0000FCFF 			.word	0xFFFC0000
 1526              	
 1527              	FORWARD_SLASH:
 1528 2638 2F000000 			.word	'/			// ASCII "/" character
 1529 263c 27000000 			.word	39			// cell pixel width
 1530 2640 82000000 			.word	CELLHGHT		// cell pixel height
 1531 2644 27000000 			.word	39			// glyph pixel width
 1532 2648 64000000 			.word	100			// glyph pixel height
 1533 264c 00000000 			.word	0			// blank horizontal pixels before glyph
 1534 2650 00000000 			.word	0			// blank horizontal pixels after glyph
 1535 2654 00000000 			.word	0			// blank horizontal lines before glyph
 1536 2658 1E000000 			.word	30			// blank horizontal lines after glyph
 1537              							// bit mapped glyph
 1538 265c 07000000 			.word	0x00000007, 0xFE000000
 1538      000000FE 
 1539 2664 07000000 			.word	0x00000007, 0xFC000000
 1539      000000FC 
 1540 266c 0F000000 			.word	0x0000000F, 0xFC000000
 1540      000000FC 
 1541 2674 0F000000 			.word	0x0000000F, 0xFC000000
 1541      000000FC 
 1542 267c 0F000000 			.word	0x0000000F, 0xFC000000
 1542      000000FC 
 1543 2684 0F000000 			.word	0x0000000F, 0xF8000000
 1543      000000F8 
 1544 268c 1F000000 			.word	0x0000001F, 0xF8000000
 1544      000000F8 
 1545 2694 1F000000 			.word	0x0000001F, 0xF8000000
 1545      000000F8 
 1546 269c 1F000000 			.word	0x0000001F, 0xF0000000
 1546      000000F0 
 1547 26a4 3F000000 			.word	0x0000003F, 0xF0000000
 1547      000000F0 
 1548 26ac 3F000000 			.word	0x0000003F, 0xF0000000
 1548      000000F0 
 1549 26b4 3F000000 			.word	0x0000003F, 0xF0000000
 1549      000000F0 
 1550 26bc 3F000000 			.word	0x0000003F, 0xE0000000
 1550      000000E0 
 1551 26c4 7F000000 			.word	0x0000007F, 0xE0000000
 1551      000000E0 
 1552 26cc 7F000000 			.word	0x0000007F, 0xE0000000
 1552      000000E0 
 1553 26d4 7F000000 			.word	0x0000007F, 0xC0000000
 1553      000000C0 
 1554 26dc FF000000 			.word	0x000000FF, 0xC0000000
 1554      000000C0 
 1555 26e4 FF000000 			.word	0x000000FF, 0xC0000000
 1555      000000C0 
 1556 26ec FF000000 			.word	0x000000FF, 0x80000000
 1556      00000080 
ARM GAS  font_arial104.s 			page 47


 1557 26f4 FF000000 			.word	0x000000FF, 0x80000000
 1557      00000080 
 1558 26fc FF010000 			.word	0x000001FF, 0x80000000
 1558      00000080 
 1559 2704 FF010000 			.word	0x000001FF, 0x80000000
 1559      00000080 
 1560 270c FF010000 			.word	0x000001FF, 0x00000000
 1560      00000000 
 1561 2714 FF030000 			.word	0x000003FF, 0x00000000
 1561      00000000 
 1562 271c FF030000 			.word	0x000003FF, 0x00000000
 1562      00000000 
 1563 2724 FE030000 			.word	0x000003FE, 0x00000000
 1563      00000000 
 1564 272c FE070000 			.word	0x000007FE, 0x00000000
 1564      00000000 
 1565 2734 FE070000 			.word	0x000007FE, 0x00000000
 1565      00000000 
 1566 273c FE070000 			.word	0x000007FE, 0x00000000
 1566      00000000 
 1567 2744 FC070000 			.word	0x000007FC, 0x00000000
 1567      00000000 
 1568 274c FC0F0000 			.word	0x00000FFC, 0x00000000
 1568      00000000 
 1569 2754 FC0F0000 			.word	0x00000FFC, 0x00000000
 1569      00000000 
 1570 275c F80F0000 			.word	0x00000FF8, 0x00000000
 1570      00000000 
 1571 2764 F81F0000 			.word	0x00001FF8, 0x00000000
 1571      00000000 
 1572 276c F81F0000 			.word	0x00001FF8, 0x00000000
 1572      00000000 
 1573 2774 F81F0000 			.word	0x00001FF8, 0x00000000
 1573      00000000 
 1574 277c F01F0000 			.word	0x00001FF0, 0x00000000
 1574      00000000 
 1575 2784 F03F0000 			.word	0x00003FF0, 0x00000000
 1575      00000000 
 1576 278c F03F0000 			.word	0x00003FF0, 0x00000000
 1576      00000000 
 1577 2794 E03F0000 			.word	0x00003FE0, 0x00000000
 1577      00000000 
 1578 279c E07F0000 			.word	0x00007FE0, 0x00000000
 1578      00000000 
 1579 27a4 E07F0000 			.word	0x00007FE0, 0x00000000
 1579      00000000 
 1580 27ac C07F0000 			.word	0x00007FC0, 0x00000000
 1580      00000000 
 1581 27b4 C07F0000 			.word	0x00007FC0, 0x00000000
 1581      00000000 
 1582 27bc C0FF0000 			.word	0x0000FFC0, 0x00000000
 1582      00000000 
 1583 27c4 C0FF0000 			.word	0x0000FFC0, 0x00000000
 1583      00000000 
 1584 27cc 80FF0000 			.word	0x0000FF80, 0x00000000
 1584      00000000 
 1585 27d4 80FF0100 			.word	0x0001FF80, 0x00000000
ARM GAS  font_arial104.s 			page 48


 1585      00000000 
 1586 27dc 80FF0100 			.word	0x0001FF80, 0x00000000
 1586      00000000 
 1587 27e4 00FF0100 			.word	0x0001FF00, 0x00000000
 1587      00000000 
 1588 27ec 00FF0100 			.word	0x0001FF00, 0x00000000
 1588      00000000 
 1589 27f4 00FF0300 			.word	0x0003FF00, 0x00000000
 1589      00000000 
 1590 27fc 00FF0300 			.word	0x0003FF00, 0x00000000
 1590      00000000 
 1591 2804 00FE0300 			.word	0x0003FE00, 0x00000000
 1591      00000000 
 1592 280c 00FE0700 			.word	0x0007FE00, 0x00000000
 1592      00000000 
 1593 2814 00FE0700 			.word	0x0007FE00, 0x00000000
 1593      00000000 
 1594 281c 00FC0700 			.word	0x0007FC00, 0x00000000
 1594      00000000 
 1595 2824 00FC0F00 			.word	0x000FFC00, 0x00000000
 1595      00000000 
 1596 282c 00FC0F00 			.word	0x000FFC00, 0x00000000
 1596      00000000 
 1597 2834 00FC0F00 			.word	0x000FFC00, 0x00000000
 1597      00000000 
 1598 283c 00F80F00 			.word	0x000FF800, 0x00000000
 1598      00000000 
 1599 2844 00F81F00 			.word	0x001FF800, 0x00000000
 1599      00000000 
 1600 284c 00F81F00 			.word	0x001FF800, 0x00000000
 1600      00000000 
 1601 2854 00F01F00 			.word	0x001FF000, 0x00000000
 1601      00000000 
 1602 285c 00F03F00 			.word	0x003FF000, 0x00000000
 1602      00000000 
 1603 2864 00F03F00 			.word	0x003FF000, 0x00000000
 1603      00000000 
 1604 286c 00F03F00 			.word	0x003FF000, 0x00000000
 1604      00000000 
 1605 2874 00E03F00 			.word	0x003FE000, 0x00000000
 1605      00000000 
 1606 287c 00E07F00 			.word	0x007FE000, 0x00000000
 1606      00000000 
 1607 2884 00E07F00 			.word	0x007FE000, 0x00000000
 1607      00000000 
 1608 288c 00C07F00 			.word	0x007FC000, 0x00000000
 1608      00000000 
 1609 2894 00C0FF00 			.word	0x00FFC000, 0x00000000
 1609      00000000 
 1610 289c 00C0FF00 			.word	0x00FFC000, 0x00000000
 1610      00000000 
 1611 28a4 0080FF00 			.word	0x00FF8000, 0x00000000
 1611      00000000 
 1612 28ac 0080FF00 			.word	0x00FF8000, 0x00000000
 1612      00000000 
 1613 28b4 0080FF01 			.word	0x01FF8000, 0x00000000
 1613      00000000 
ARM GAS  font_arial104.s 			page 49


 1614 28bc 0080FF01 			.word	0x01FF8000, 0x00000000
 1614      00000000 
 1615 28c4 0000FF01 			.word	0x01FF0000, 0x00000000
 1615      00000000 
 1616 28cc 0000FF03 			.word	0x03FF0000, 0x00000000
 1616      00000000 
 1617 28d4 0000FF03 			.word	0x03FF0000, 0x00000000
 1617      00000000 
 1618 28dc 0000FE03 			.word	0x03FE0000, 0x00000000
 1618      00000000 
 1619 28e4 0000FE07 			.word	0x07FE0000, 0x00000000
 1619      00000000 
 1620 28ec 0000FE07 			.word	0x07FE0000, 0x00000000
 1620      00000000 
 1621 28f4 0000FE07 			.word	0x07FE0000, 0x00000000
 1621      00000000 
 1622 28fc 0000FC07 			.word	0x07FC0000, 0x00000000
 1622      00000000 
 1623 2904 0000FC0F 			.word	0x0FFC0000, 0x00000000
 1623      00000000 
 1624 290c 0000FC0F 			.word	0x0FFC0000, 0x00000000
 1624      00000000 
 1625 2914 0000F80F 			.word	0x0FF80000, 0x00000000
 1625      00000000 
 1626 291c 0000F81F 			.word	0x1FF80000, 0x00000000
 1626      00000000 
 1627 2924 0000F81F 			.word	0x1FF80000, 0x00000000
 1627      00000000 
 1628 292c 0000F81F 			.word	0x1FF80000, 0x00000000
 1628      00000000 
 1629 2934 0000F01F 			.word	0x1FF00000, 0x00000000
 1629      00000000 
 1630 293c 0000F03F 			.word	0x3FF00000, 0x00000000
 1630      00000000 
 1631 2944 0000F03F 			.word	0x3FF00000, 0x00000000
 1631      00000000 
 1632 294c 0000E03F 			.word	0x3FE00000, 0x00000000
 1632      00000000 
 1633 2954 0000E07F 			.word	0x7FE00000, 0x00000000
 1633      00000000 
 1634 295c 0000E07F 			.word	0x7FE00000, 0x00000000
 1634      00000000 
 1635 2964 0000E07F 			.word	0x7FE00000, 0x00000000
 1635      00000000 
 1636 296c 0000C07F 			.word	0x7FC00000, 0x00000000
 1636      00000000 
 1637 2974 0000C0FF 			.word	0xFFC00000, 0x00000000
 1637      00000000 
 1638              	
 1639              	ZERO:
 1640 297c 30000000 			.word	'0			// ASCII "0" character
 1641 2980 4D000000 			.word	CELLWDTH		// cell pixel width
 1642 2984 82000000 			.word	CELLHGHT		// cell pixel height
 1643 2988 41000000 			.word	65			// glyph pixel width
 1644 298c 65000000 			.word	101			// glyph pixel height
 1645 2990 06000000 			.word	6			// blank horizontal pixels before glyph
 1646 2994 06000000 			.word	6			// blank horizontal pixels after glyph
ARM GAS  font_arial104.s 			page 50


 1647 2998 00000000 			.word	0			// blank horizontal lines before glyph
 1648 299c 1D000000 			.word	29			// blank horizontal lines after glyph
 1649              							// bit mapped glyph
 1650 29a0 1F000000 			.word	0x0000001F, 0xFC000000, 0x00000000
 1650      000000FC 
 1650      00000000 
 1651 29ac FF030000 			.word	0x000003FF, 0xFFC00000, 0x00000000
 1651      0000C0FF 
 1651      00000000 
 1652 29b8 FF0F0000 			.word	0x00000FFF, 0xFFF80000, 0x00000000
 1652      0000F8FF 
 1652      00000000 
 1653 29c4 FF3F0000 			.word	0x00003FFF, 0xFFFE0000, 0x00000000
 1653      0000FEFF 
 1653      00000000 
 1654 29d0 FFFF0000 			.word	0x0000FFFF, 0xFFFF8000, 0x00000000
 1654      0080FFFF 
 1654      00000000 
 1655 29dc FFFF0100 			.word	0x0001FFFF, 0xFFFFC000, 0x00000000
 1655      00C0FFFF 
 1655      00000000 
 1656 29e8 FFFF0300 			.word	0x0003FFFF, 0xFFFFE000, 0x00000000
 1656      00E0FFFF 
 1656      00000000 
 1657 29f4 FFFF0700 			.word	0x0007FFFF, 0xFFFFF800, 0x00000000
 1657      00F8FFFF 
 1657      00000000 
 1658 2a00 FFFF0F00 			.word	0x000FFFFF, 0xFFFFFC00, 0x00000000
 1658      00FCFFFF 
 1658      00000000 
 1659 2a0c FFFF1F00 			.word	0x001FFFFF, 0xFFFFFC00, 0x00000000
 1659      00FCFFFF 
 1659      00000000 
 1660 2a18 FFFF3F00 			.word	0x003FFFFF, 0xFFFFFE00, 0x00000000
 1660      00FEFFFF 
 1660      00000000 
 1661 2a24 FFFF7F00 			.word	0x007FFFFF, 0xFFFFFF00, 0x00000000
 1661      00FFFFFF 
 1661      00000000 
 1662 2a30 F0FFFF00 			.word	0x00FFFFF0, 0x07FFFF80, 0x00000000
 1662      80FFFF07 
 1662      00000000 
 1663 2a3c 80FFFF00 			.word	0x00FFFF80, 0x00FFFF80, 0x00000000
 1663      80FFFF00 
 1663      00000000 
 1664 2a48 00FEFF01 			.word	0x01FFFE00, 0x007FFFC0, 0x00000000
 1664      C0FF7F00 
 1664      00000000 
 1665 2a54 00FCFF01 			.word	0x01FFFC00, 0x001FFFC0, 0x00000000
 1665      C0FF1F00 
 1665      00000000 
 1666 2a60 00F8FF03 			.word	0x03FFF800, 0x000FFFE0, 0x00000000
 1666      E0FF0F00 
 1666      00000000 
 1667 2a6c 00F0FF07 			.word	0x07FFF000, 0x0007FFE0, 0x00000000
 1667      E0FF0700 
 1667      00000000 
ARM GAS  font_arial104.s 			page 51


 1668 2a78 00E0FF07 			.word	0x07FFE000, 0x0003FFF0, 0x00000000
 1668      F0FF0300 
 1668      00000000 
 1669 2a84 00C0FF07 			.word	0x07FFC000, 0x0001FFF0, 0x00000000
 1669      F0FF0100 
 1669      00000000 
 1670 2a90 00C0FF0F 			.word	0x0FFFC000, 0x0001FFF8, 0x00000000
 1670      F8FF0100 
 1670      00000000 
 1671 2a9c 0080FF0F 			.word	0x0FFF8000, 0x0000FFF8, 0x00000000
 1671      F8FF0000 
 1671      00000000 
 1672 2aa8 0080FF1F 			.word	0x1FFF8000, 0x00007FF8, 0x00000000
 1672      F87F0000 
 1672      00000000 
 1673 2ab4 0000FF1F 			.word	0x1FFF0000, 0x00007FFC, 0x00000000
 1673      FC7F0000 
 1673      00000000 
 1674 2ac0 0000FF1F 			.word	0x1FFF0000, 0x00007FFC, 0x00000000
 1674      FC7F0000 
 1674      00000000 
 1675 2acc 0000FE1F 			.word	0x1FFE0000, 0x00003FFC, 0x00000000
 1675      FC3F0000 
 1675      00000000 
 1676 2ad8 0000FE3F 			.word	0x3FFE0000, 0x00003FFE, 0x00000000
 1676      FE3F0000 
 1676      00000000 
 1677 2ae4 0000FE3F 			.word	0x3FFE0000, 0x00003FFE, 0x00000000
 1677      FE3F0000 
 1677      00000000 
 1678 2af0 0000FE3F 			.word	0x3FFE0000, 0x00001FFE, 0x00000000
 1678      FE1F0000 
 1678      00000000 
 1679 2afc 0000FC3F 			.word	0x3FFC0000, 0x00001FFE, 0x00000000
 1679      FE1F0000 
 1679      00000000 
 1680 2b08 0000FC7F 			.word	0x7FFC0000, 0x00001FFF, 0x00000000
 1680      FF1F0000 
 1680      00000000 
 1681 2b14 0000FC7F 			.word	0x7FFC0000, 0x00001FFF, 0x00000000
 1681      FF1F0000 
 1681      00000000 
 1682 2b20 0000FC7F 			.word	0x7FFC0000, 0x00001FFF, 0x00000000
 1682      FF1F0000 
 1682      00000000 
 1683 2b2c 0000F87F 			.word	0x7FF80000, 0x00000FFF, 0x00000000
 1683      FF0F0000 
 1683      00000000 
 1684 2b38 0000F87F 			.word	0x7FF80000, 0x00000FFF, 0x00000000
 1684      FF0F0000 
 1684      00000000 
 1685 2b44 0000F87F 			.word	0x7FF80000, 0x00000FFF, 0x00000000
 1685      FF0F0000 
 1685      00000000 
 1686 2b50 0000F87F 			.word	0x7FF80000, 0x00000FFF, 0x00000000
 1686      FF0F0000 
 1686      00000000 
ARM GAS  font_arial104.s 			page 52


 1687 2b5c 0000F8FF 			.word	0xFFF80000, 0x00000FFF, 0x80000000
 1687      FF0F0000 
 1687      00000080 
 1688 2b68 0000F8FF 			.word	0xFFF80000, 0x00000FFF, 0x80000000
 1688      FF0F0000 
 1688      00000080 
 1689 2b74 0000F8FF 			.word	0xFFF80000, 0x00000FFF, 0x80000000
 1689      FF0F0000 
 1689      00000080 
 1690 2b80 0000F8FF 			.word	0xFFF80000, 0x00000FFF, 0x80000000
 1690      FF0F0000 
 1690      00000080 
 1691 2b8c 0000F8FF 			.word	0xFFF80000, 0x00000FFF, 0x80000000
 1691      FF0F0000 
 1691      00000080 
 1692 2b98 0000F8FF 			.word	0xFFF80000, 0x00000FFF, 0x80000000
 1692      FF0F0000 
 1692      00000080 
 1693 2ba4 0000F8FF 			.word	0xFFF80000, 0x00000FFF, 0x80000000
 1693      FF0F0000 
 1693      00000080 
 1694 2bb0 0000F0FF 			.word	0xFFF00000, 0x000007FF, 0x80000000
 1694      FF070000 
 1694      00000080 
 1695 2bbc 0000F0FF 			.word	0xFFF00000, 0x000007FF, 0x80000000
 1695      FF070000 
 1695      00000080 
 1696 2bc8 0000F0FF 			.word	0xFFF00000, 0x000007FF, 0x80000000
 1696      FF070000 
 1696      00000080 
 1697 2bd4 0000F0FF 			.word	0xFFF00000, 0x000007FF, 0x80000000
 1697      FF070000 
 1697      00000080 
 1698 2be0 0000F0FF 			.word	0xFFF00000, 0x000007FF, 0x80000000
 1698      FF070000 
 1698      00000080 
 1699 2bec 0000F0FF 			.word	0xFFF00000, 0x000007FF, 0x80000000
 1699      FF070000 
 1699      00000080 
 1700 2bf8 0000F0FF 			.word	0xFFF00000, 0x000007FF, 0x80000000
 1700      FF070000 
 1700      00000080 
 1701 2c04 0000F0FF 			.word	0xFFF00000, 0x000007FF, 0x80000000
 1701      FF070000 
 1701      00000080 
 1702 2c10 0000F0FF 			.word	0xFFF00000, 0x000007FF, 0x80000000
 1702      FF070000 
 1702      00000080 
 1703 2c1c 0000F0FF 			.word	0xFFF00000, 0x000007FF, 0x80000000
 1703      FF070000 
 1703      00000080 
 1704 2c28 0000F0FF 			.word	0xFFF00000, 0x000007FF, 0x80000000
 1704      FF070000 
 1704      00000080 
 1705 2c34 0000F0FF 			.word	0xFFF00000, 0x000007FF, 0x80000000
 1705      FF070000 
 1705      00000080 
ARM GAS  font_arial104.s 			page 53


 1706 2c40 0000F0FF 			.word	0xFFF00000, 0x000007FF, 0x80000000
 1706      FF070000 
 1706      00000080 
 1707 2c4c 0000F8FF 			.word	0xFFF80000, 0x00000FFF, 0x80000000
 1707      FF0F0000 
 1707      00000080 
 1708 2c58 0000F8FF 			.word	0xFFF80000, 0x00000FFF, 0x80000000
 1708      FF0F0000 
 1708      00000080 
 1709 2c64 0000F8FF 			.word	0xFFF80000, 0x00000FFF, 0x80000000
 1709      FF0F0000 
 1709      00000080 
 1710 2c70 0000F8FF 			.word	0xFFF80000, 0x00000FFF, 0x80000000
 1710      FF0F0000 
 1710      00000080 
 1711 2c7c 0000F8FF 			.word	0xFFF80000, 0x00000FFF, 0x80000000
 1711      FF0F0000 
 1711      00000080 
 1712 2c88 0000F8FF 			.word	0xFFF80000, 0x00000FFF, 0x80000000
 1712      FF0F0000 
 1712      00000080 
 1713 2c94 0000F87F 			.word	0x7FF80000, 0x00000FFF, 0x80000000
 1713      FF0F0000 
 1713      00000080 
 1714 2ca0 0000F87F 			.word	0x7FF80000, 0x00000FFF, 0x00000000
 1714      FF0F0000 
 1714      00000000 
 1715 2cac 0000F87F 			.word	0x7FF80000, 0x00000FFF, 0x00000000
 1715      FF0F0000 
 1715      00000000 
 1716 2cb8 0000F87F 			.word	0x7FF80000, 0x00000FFF, 0x00000000
 1716      FF0F0000 
 1716      00000000 
 1717 2cc4 0000F87F 			.word	0x7FF80000, 0x00000FFF, 0x00000000
 1717      FF0F0000 
 1717      00000000 
 1718 2cd0 0000FC7F 			.word	0x7FFC0000, 0x00001FFF, 0x00000000
 1718      FF1F0000 
 1718      00000000 
 1719 2cdc 0000FC7F 			.word	0x7FFC0000, 0x00001FFF, 0x00000000
 1719      FF1F0000 
 1719      00000000 
 1720 2ce8 0000FC3F 			.word	0x3FFC0000, 0x00001FFF, 0x00000000
 1720      FF1F0000 
 1720      00000000 
 1721 2cf4 0000FC3F 			.word	0x3FFC0000, 0x00001FFE, 0x00000000
 1721      FE1F0000 
 1721      00000000 
 1722 2d00 0000FC3F 			.word	0x3FFC0000, 0x00001FFE, 0x00000000
 1722      FE1F0000 
 1722      00000000 
 1723 2d0c 0000FE3F 			.word	0x3FFE0000, 0x00003FFE, 0x00000000
 1723      FE3F0000 
 1723      00000000 
 1724 2d18 0000FE3F 			.word	0x3FFE0000, 0x00003FFE, 0x00000000
 1724      FE3F0000 
 1724      00000000 
ARM GAS  font_arial104.s 			page 54


 1725 2d24 0000FE1F 			.word	0x1FFE0000, 0x00003FFC, 0x00000000
 1725      FC3F0000 
 1725      00000000 
 1726 2d30 0000FF1F 			.word	0x1FFF0000, 0x00007FFC, 0x00000000
 1726      FC7F0000 
 1726      00000000 
 1727 2d3c 0000FF1F 			.word	0x1FFF0000, 0x00007FFC, 0x00000000
 1727      FC7F0000 
 1727      00000000 
 1728 2d48 0000FF0F 			.word	0x0FFF0000, 0x00007FFC, 0x00000000
 1728      FC7F0000 
 1728      00000000 
 1729 2d54 0080FF0F 			.word	0x0FFF8000, 0x0000FFF8, 0x00000000
 1729      F8FF0000 
 1729      00000000 
 1730 2d60 00C0FF0F 			.word	0x0FFFC000, 0x0001FFF8, 0x00000000
 1730      F8FF0100 
 1730      00000000 
 1731 2d6c 00C0FF07 			.word	0x07FFC000, 0x0001FFF0, 0x00000000
 1731      F0FF0100 
 1731      00000000 
 1732 2d78 00E0FF07 			.word	0x07FFE000, 0x0003FFF0, 0x00000000
 1732      F0FF0300 
 1732      00000000 
 1733 2d84 00F0FF07 			.word	0x07FFF000, 0x0007FFF0, 0x00000000
 1733      F0FF0700 
 1733      00000000 
 1734 2d90 00F8FF03 			.word	0x03FFF800, 0x000FFFE0, 0x00000000
 1734      E0FF0F00 
 1734      00000000 
 1735 2d9c 00FCFF03 			.word	0x03FFFC00, 0x001FFFE0, 0x00000000
 1735      E0FF1F00 
 1735      00000000 
 1736 2da8 00FFFF01 			.word	0x01FFFF00, 0x007FFFC0, 0x00000000
 1736      C0FF7F00 
 1736      00000000 
 1737 2db4 80FFFF00 			.word	0x00FFFF80, 0x00FFFF80, 0x00000000
 1737      80FFFF00 
 1737      00000000 
 1738 2dc0 F0FFFF00 			.word	0x00FFFFF0, 0x07FFFF80, 0x00000000
 1738      80FFFF07 
 1738      00000000 
 1739 2dcc FFFF7F00 			.word	0x007FFFFF, 0xFFFFFF00, 0x00000000
 1739      00FFFFFF 
 1739      00000000 
 1740 2dd8 FFFF3F00 			.word	0x003FFFFF, 0xFFFFFE00, 0x00000000
 1740      00FEFFFF 
 1740      00000000 
 1741 2de4 FFFF3F00 			.word	0x003FFFFF, 0xFFFFFC00, 0x00000000
 1741      00FCFFFF 
 1741      00000000 
 1742 2df0 FFFF1F00 			.word	0x001FFFFF, 0xFFFFFC00, 0x00000000
 1742      00FCFFFF 
 1742      00000000 
 1743 2dfc FFFF0F00 			.word	0x000FFFFF, 0xFFFFF800, 0x00000000
 1743      00F8FFFF 
 1743      00000000 
ARM GAS  font_arial104.s 			page 55


 1744 2e08 FFFF0700 			.word	0x0007FFFF, 0xFFFFE000, 0x00000000
 1744      00E0FFFF 
 1744      00000000 
 1745 2e14 FFFF0100 			.word	0x0001FFFF, 0xFFFFC000, 0x00000000
 1745      00C0FFFF 
 1745      00000000 
 1746 2e20 FFFF0000 			.word	0x0000FFFF, 0xFFFF8000, 0x00000000
 1746      0080FFFF 
 1746      00000000 
 1747 2e2c FF3F0000 			.word	0x00003FFF, 0xFFFE0000, 0x00000000
 1747      0000FEFF 
 1747      00000000 
 1748 2e38 FF0F0000 			.word	0x00000FFF, 0xFFF80000, 0x00000000
 1748      0000F8FF 
 1748      00000000 
 1749 2e44 FF030000 			.word	0x000003FF, 0xFFE00000, 0x00000000
 1749      0000E0FF 
 1749      00000000 
 1750 2e50 3F000000 			.word	0x0000003F, 0xFE000000, 0x00000000
 1750      000000FE 
 1750      00000000 
 1751              	
 1752              	ONE:
 1753 2e5c 31000000 			.word	'1			// ASCII "1" character
 1754 2e60 4D000000 			.word	CELLWDTH		// cell pixel width
 1755 2e64 82000000 			.word	CELLHGHT		// cell pixel height
 1756 2e68 24000000 			.word	36			// glyph pixel width
 1757 2e6c 64000000 			.word	100			// glyph pixel height
 1758 2e70 0F000000 			.word	15			// blank horizontal pixels before glyph
 1759 2e74 1A000000 			.word	26			// blank horizontal pixels after glyph
 1760 2e78 00000000 			.word	0			// blank horizontal lines before glyph
 1761 2e7c 1E000000 			.word	30			// blank horizontal lines after glyph
 1762              							// bit mapped glyph
 1763 2e80 0F000000 			.word	0x0000000F, 0xF0000000
 1763      000000F0 
 1764 2e88 0F000000 			.word	0x0000000F, 0xF0000000
 1764      000000F0 
 1765 2e90 1F000000 			.word	0x0000001F, 0xF0000000
 1765      000000F0 
 1766 2e98 1F000000 			.word	0x0000001F, 0xF0000000
 1766      000000F0 
 1767 2ea0 3F000000 			.word	0x0000003F, 0xF0000000
 1767      000000F0 
 1768 2ea8 7F000000 			.word	0x0000007F, 0xF0000000
 1768      000000F0 
 1769 2eb0 FF000000 			.word	0x000000FF, 0xF0000000
 1769      000000F0 
 1770 2eb8 FF000000 			.word	0x000000FF, 0xF0000000
 1770      000000F0 
 1771 2ec0 FF010000 			.word	0x000001FF, 0xF0000000
 1771      000000F0 
 1772 2ec8 FF030000 			.word	0x000003FF, 0xF0000000
 1772      000000F0 
 1773 2ed0 FF070000 			.word	0x000007FF, 0xF0000000
 1773      000000F0 
 1774 2ed8 FF0F0000 			.word	0x00000FFF, 0xF0000000
 1774      000000F0 
ARM GAS  font_arial104.s 			page 56


 1775 2ee0 FF1F0000 			.word	0x00001FFF, 0xF0000000
 1775      000000F0 
 1776 2ee8 FF3F0000 			.word	0x00003FFF, 0xF0000000
 1776      000000F0 
 1777 2ef0 FF7F0000 			.word	0x00007FFF, 0xF0000000
 1777      000000F0 
 1778 2ef8 FFFF0100 			.word	0x0001FFFF, 0xF0000000
 1778      000000F0 
 1779 2f00 FFFF0300 			.word	0x0003FFFF, 0xF0000000
 1779      000000F0 
 1780 2f08 FFFF0700 			.word	0x0007FFFF, 0xF0000000
 1780      000000F0 
 1781 2f10 FFFF1F00 			.word	0x001FFFFF, 0xF0000000
 1781      000000F0 
 1782 2f18 FFFF3F00 			.word	0x003FFFFF, 0xF0000000
 1782      000000F0 
 1783 2f20 FFFFFF00 			.word	0x00FFFFFF, 0xF0000000
 1783      000000F0 
 1784 2f28 FFFFFF01 			.word	0x01FFFFFF, 0xF0000000
 1784      000000F0 
 1785 2f30 FFFFFF07 			.word	0x07FFFFFF, 0xF0000000
 1785      000000F0 
 1786 2f38 FFFEFF1F 			.word	0x1FFFFEFF, 0xF0000000
 1786      000000F0 
 1787 2f40 FFF8FF7F 			.word	0x7FFFF8FF, 0xF0000000
 1787      000000F0 
 1788 2f48 FFF0FFFF 			.word	0xFFFFF0FF, 0xF0000000
 1788      000000F0 
 1789 2f50 FFE0FFFF 			.word	0xFFFFE0FF, 0xF0000000
 1789      000000F0 
 1790 2f58 FF80FFFF 			.word	0xFFFF80FF, 0xF0000000
 1790      000000F0 
 1791 2f60 FF00FFFF 			.word	0xFFFF00FF, 0xF0000000
 1791      000000F0 
 1792 2f68 FF00FCFF 			.word	0xFFFC00FF, 0xF0000000
 1792      000000F0 
 1793 2f70 FF00F8FF 			.word	0xFFF800FF, 0xF0000000
 1793      000000F0 
 1794 2f78 FF00E0FF 			.word	0xFFE000FF, 0xF0000000
 1794      000000F0 
 1795 2f80 FF0080FF 			.word	0xFF8000FF, 0xF0000000
 1795      000000F0 
 1796 2f88 FF0000FE 			.word	0xFE0000FF, 0xF0000000
 1796      000000F0 
 1797 2f90 FF0000F8 			.word	0xF80000FF, 0xF0000000
 1797      000000F0 
 1798 2f98 FF0000E0 			.word	0xE00000FF, 0xF0000000
 1798      000000F0 
 1799 2fa0 FF000080 			.word	0x800000FF, 0xF0000000
 1799      000000F0 
 1800 2fa8 FF000000 			.word	0x000000FF, 0xF0000000
 1800      000000F0 
 1801 2fb0 FF000000 			.word	0x000000FF, 0xF0000000
 1801      000000F0 
 1802 2fb8 FF000000 			.word	0x000000FF, 0xF0000000
 1802      000000F0 
 1803 2fc0 FF000000 			.word	0x000000FF, 0xF0000000
ARM GAS  font_arial104.s 			page 57


 1803      000000F0 
 1804 2fc8 FF000000 			.word	0x000000FF, 0xF0000000
 1804      000000F0 
 1805 2fd0 FF000000 			.word	0x000000FF, 0xF0000000
 1805      000000F0 
 1806 2fd8 FF000000 			.word	0x000000FF, 0xF0000000
 1806      000000F0 
 1807 2fe0 FF000000 			.word	0x000000FF, 0xF0000000
 1807      000000F0 
 1808 2fe8 FF000000 			.word	0x000000FF, 0xF0000000
 1808      000000F0 
 1809 2ff0 FF000000 			.word	0x000000FF, 0xF0000000
 1809      000000F0 
 1810 2ff8 FF000000 			.word	0x000000FF, 0xF0000000
 1810      000000F0 
 1811 3000 FF000000 			.word	0x000000FF, 0xF0000000
 1811      000000F0 
 1812 3008 FF000000 			.word	0x000000FF, 0xF0000000
 1812      000000F0 
 1813 3010 FF000000 			.word	0x000000FF, 0xF0000000
 1813      000000F0 
 1814 3018 FF000000 			.word	0x000000FF, 0xF0000000
 1814      000000F0 
 1815 3020 FF000000 			.word	0x000000FF, 0xF0000000
 1815      000000F0 
 1816 3028 FF000000 			.word	0x000000FF, 0xF0000000
 1816      000000F0 
 1817 3030 FF000000 			.word	0x000000FF, 0xF0000000
 1817      000000F0 
 1818 3038 FF000000 			.word	0x000000FF, 0xF0000000
 1818      000000F0 
 1819 3040 FF000000 			.word	0x000000FF, 0xF0000000
 1819      000000F0 
 1820 3048 FF000000 			.word	0x000000FF, 0xF0000000
 1820      000000F0 
 1821 3050 FF000000 			.word	0x000000FF, 0xF0000000
 1821      000000F0 
 1822 3058 FF000000 			.word	0x000000FF, 0xF0000000
 1822      000000F0 
 1823 3060 FF000000 			.word	0x000000FF, 0xF0000000
 1823      000000F0 
 1824 3068 FF000000 			.word	0x000000FF, 0xF0000000
 1824      000000F0 
 1825 3070 FF000000 			.word	0x000000FF, 0xF0000000
 1825      000000F0 
 1826 3078 FF000000 			.word	0x000000FF, 0xF0000000
 1826      000000F0 
 1827 3080 FF000000 			.word	0x000000FF, 0xF0000000
 1827      000000F0 
 1828 3088 FF000000 			.word	0x000000FF, 0xF0000000
 1828      000000F0 
 1829 3090 FF000000 			.word	0x000000FF, 0xF0000000
 1829      000000F0 
 1830 3098 FF000000 			.word	0x000000FF, 0xF0000000
 1830      000000F0 
 1831 30a0 FF000000 			.word	0x000000FF, 0xF0000000
 1831      000000F0 
ARM GAS  font_arial104.s 			page 58


 1832 30a8 FF000000 			.word	0x000000FF, 0xF0000000
 1832      000000F0 
 1833 30b0 FF000000 			.word	0x000000FF, 0xF0000000
 1833      000000F0 
 1834 30b8 FF000000 			.word	0x000000FF, 0xF0000000
 1834      000000F0 
 1835 30c0 FF000000 			.word	0x000000FF, 0xF0000000
 1835      000000F0 
 1836 30c8 FF000000 			.word	0x000000FF, 0xF0000000
 1836      000000F0 
 1837 30d0 FF000000 			.word	0x000000FF, 0xF0000000
 1837      000000F0 
 1838 30d8 FF000000 			.word	0x000000FF, 0xF0000000
 1838      000000F0 
 1839 30e0 FF000000 			.word	0x000000FF, 0xF0000000
 1839      000000F0 
 1840 30e8 FF000000 			.word	0x000000FF, 0xF0000000
 1840      000000F0 
 1841 30f0 FF000000 			.word	0x000000FF, 0xF0000000
 1841      000000F0 
 1842 30f8 FF000000 			.word	0x000000FF, 0xF0000000
 1842      000000F0 
 1843 3100 FF000000 			.word	0x000000FF, 0xF0000000
 1843      000000F0 
 1844 3108 FF000000 			.word	0x000000FF, 0xF0000000
 1844      000000F0 
 1845 3110 FF000000 			.word	0x000000FF, 0xF0000000
 1845      000000F0 
 1846 3118 FF000000 			.word	0x000000FF, 0xF0000000
 1846      000000F0 
 1847 3120 FF000000 			.word	0x000000FF, 0xF0000000
 1847      000000F0 
 1848 3128 FF000000 			.word	0x000000FF, 0xF0000000
 1848      000000F0 
 1849 3130 FF000000 			.word	0x000000FF, 0xF0000000
 1849      000000F0 
 1850 3138 FF000000 			.word	0x000000FF, 0xF0000000
 1850      000000F0 
 1851 3140 FF000000 			.word	0x000000FF, 0xF0000000
 1851      000000F0 
 1852 3148 FF000000 			.word	0x000000FF, 0xF0000000
 1852      000000F0 
 1853 3150 FF000000 			.word	0x000000FF, 0xF0000000
 1853      000000F0 
 1854 3158 FF000000 			.word	0x000000FF, 0xF0000000
 1854      000000F0 
 1855 3160 FF000000 			.word	0x000000FF, 0xF0000000
 1855      000000F0 
 1856 3168 FF000000 			.word	0x000000FF, 0xF0000000
 1856      000000F0 
 1857 3170 FF000000 			.word	0x000000FF, 0xF0000000
 1857      000000F0 
 1858 3178 FF000000 			.word	0x000000FF, 0xF0000000
 1858      000000F0 
 1859 3180 FF000000 			.word	0x000000FF, 0xF0000000
 1859      000000F0 
 1860 3188 FF000000 			.word	0x000000FF, 0xF0000000
ARM GAS  font_arial104.s 			page 59


 1860      000000F0 
 1861 3190 FF000000 			.word	0x000000FF, 0xF0000000
 1861      000000F0 
 1862 3198 FF000000 			.word	0x000000FF, 0xF0000000
 1862      000000F0 
 1863              	
 1864              	TWO:
 1865 31a0 32000000 			.word	'2			// ASCII "2" character
 1866 31a4 4D000000 			.word	CELLWDTH		// cell pixel width
 1867 31a8 82000000 			.word	CELLHGHT		// cell pixel height
 1868 31ac 42000000 			.word	66			// glyph pixel width
 1869 31b0 64000000 			.word	100			// glyph pixel height
 1870 31b4 04000000 			.word	4			// blank horizontal pixels before glyph
 1871 31b8 07000000 			.word	7			// blank horizontal pixels after glyph
 1872 31bc 00000000 			.word	0			// blank horizontal lines before glyph
 1873 31c0 1E000000 			.word	30			// blank horizontal lines after glyph
 1874              							// bit mapped glyph
 1875 31c4 0F000000 			.word	0x0000000F, 0xFF800000, 0x00000000
 1875      000080FF 
 1875      00000000 
 1876 31d0 FF010000 			.word	0x000001FF, 0xFFFC0000, 0x00000000
 1876      0000FCFF 
 1876      00000000 
 1877 31dc FF0F0000 			.word	0x00000FFF, 0xFFFF8000, 0x00000000
 1877      0080FFFF 
 1877      00000000 
 1878 31e8 FF3F0000 			.word	0x00003FFF, 0xFFFFE000, 0x00000000
 1878      00E0FFFF 
 1878      00000000 
 1879 31f4 FFFF0000 			.word	0x0000FFFF, 0xFFFFF800, 0x00000000
 1879      00F8FFFF 
 1879      00000000 
 1880 3200 FFFF0100 			.word	0x0001FFFF, 0xFFFFFC00, 0x00000000
 1880      00FCFFFF 
 1880      00000000 
 1881 320c FFFF0700 			.word	0x0007FFFF, 0xFFFFFF00, 0x00000000
 1881      00FFFFFF 
 1881      00000000 
 1882 3218 FFFF0F00 			.word	0x000FFFFF, 0xFFFFFF80, 0x00000000
 1882      80FFFFFF 
 1882      00000000 
 1883 3224 FFFF1F00 			.word	0x001FFFFF, 0xFFFFFFC0, 0x00000000
 1883      C0FFFFFF 
 1883      00000000 
 1884 3230 FFFF3F00 			.word	0x003FFFFF, 0xFFFFFFE0, 0x00000000
 1884      E0FFFFFF 
 1884      00000000 
 1885 323c FFFF7F00 			.word	0x007FFFFF, 0xFFFFFFF0, 0x00000000
 1885      F0FFFFFF 
 1885      00000000 
 1886 3248 FFFFFF00 			.word	0x00FFFFFF, 0xFFFFFFF0, 0x00000000
 1886      F0FFFFFF 
 1886      00000000 
 1887 3254 F8FFFF00 			.word	0x00FFFFF8, 0x01FFFFF8, 0x00000000
 1887      F8FFFF01 
 1887      00000000 
 1888 3260 C0FFFF01 			.word	0x01FFFFC0, 0x001FFFFC, 0x00000000
ARM GAS  font_arial104.s 			page 60


 1888      FCFF1F00 
 1888      00000000 
 1889 326c 00FEFF01 			.word	0x01FFFE00, 0x0007FFFC, 0x00000000
 1889      FCFF0700 
 1889      00000000 
 1890 3278 00FCFF03 			.word	0x03FFFC00, 0x0003FFFE, 0x00000000
 1890      FEFF0300 
 1890      00000000 
 1891 3284 00F8FF03 			.word	0x03FFF800, 0x0000FFFE, 0x00000000
 1891      FEFF0000 
 1891      00000000 
 1892 3290 00F0FF07 			.word	0x07FFF000, 0x00007FFF, 0x00000000
 1892      FF7F0000 
 1892      00000000 
 1893 329c 00E0FF07 			.word	0x07FFE000, 0x00007FFF, 0x00000000
 1893      FF7F0000 
 1893      00000000 
 1894 32a8 00C0FF0F 			.word	0x0FFFC000, 0x00003FFF, 0x00000000
 1894      FF3F0000 
 1894      00000000 
 1895 32b4 0080FF0F 			.word	0x0FFF8000, 0x00001FFF, 0x80000000
 1895      FF1F0000 
 1895      00000080 
 1896 32c0 0080FF0F 			.word	0x0FFF8000, 0x00001FFF, 0x80000000
 1896      FF1F0000 
 1896      00000080 
 1897 32cc 0000FF0F 			.word	0x0FFF0000, 0x00000FFF, 0x80000000
 1897      FF0F0000 
 1897      00000080 
 1898 32d8 0000FF1F 			.word	0x1FFF0000, 0x00000FFF, 0x80000000
 1898      FF0F0000 
 1898      00000080 
 1899 32e4 0000FF1F 			.word	0x1FFF0000, 0x000007FF, 0xC0000000
 1899      FF070000 
 1899      000000C0 
 1900 32f0 0000FE1F 			.word	0x1FFE0000, 0x000007FF, 0xC0000000
 1900      FF070000 
 1900      000000C0 
 1901 32fc 0000FE1F 			.word	0x1FFE0000, 0x000007FF, 0xC0000000
 1901      FF070000 
 1901      000000C0 
 1902 3308 0000FE1F 			.word	0x1FFE0000, 0x000007FF, 0xC0000000
 1902      FF070000 
 1902      000000C0 
 1903 3314 0000FE1F 			.word	0x1FFE0000, 0x000007FF, 0xC0000000
 1903      FF070000 
 1903      000000C0 
 1904 3320 00003E00 			.word	0x003E0000, 0x000007FF, 0xC0000000
 1904      FF070000 
 1904      000000C0 
 1905 332c 00000000 			.word	0x00000000, 0x000007FF, 0xC0000000
 1905      FF070000 
 1905      000000C0 
 1906 3338 00000000 			.word	0x00000000, 0x000007FF, 0x80000000
 1906      FF070000 
 1906      00000080 
 1907 3344 00000000 			.word	0x00000000, 0x000007FF, 0x80000000
ARM GAS  font_arial104.s 			page 61


 1907      FF070000 
 1907      00000080 
 1908 3350 00000000 			.word	0x00000000, 0x00000FFF, 0x80000000
 1908      FF0F0000 
 1908      00000080 
 1909 335c 00000000 			.word	0x00000000, 0x00000FFF, 0x80000000
 1909      FF0F0000 
 1909      00000080 
 1910 3368 00000000 			.word	0x00000000, 0x00000FFF, 0x00000000
 1910      FF0F0000 
 1910      00000000 
 1911 3374 00000000 			.word	0x00000000, 0x00001FFF, 0x00000000
 1911      FF1F0000 
 1911      00000000 
 1912 3380 00000000 			.word	0x00000000, 0x00001FFF, 0x00000000
 1912      FF1F0000 
 1912      00000000 
 1913 338c 00000000 			.word	0x00000000, 0x00001FFE, 0x00000000
 1913      FE1F0000 
 1913      00000000 
 1914 3398 00000000 			.word	0x00000000, 0x00003FFE, 0x00000000
 1914      FE3F0000 
 1914      00000000 
 1915 33a4 00000000 			.word	0x00000000, 0x00007FFE, 0x00000000
 1915      FE7F0000 
 1915      00000000 
 1916 33b0 00000000 			.word	0x00000000, 0x00007FFC, 0x00000000
 1916      FC7F0000 
 1916      00000000 
 1917 33bc 00000000 			.word	0x00000000, 0x0000FFF8, 0x00000000
 1917      F8FF0000 
 1917      00000000 
 1918 33c8 00000000 			.word	0x00000000, 0x0001FFF8, 0x00000000
 1918      F8FF0100 
 1918      00000000 
 1919 33d4 00000000 			.word	0x00000000, 0x0003FFF0, 0x00000000
 1919      F0FF0300 
 1919      00000000 
 1920 33e0 00000000 			.word	0x00000000, 0x0003FFF0, 0x00000000
 1920      F0FF0300 
 1920      00000000 
 1921 33ec 00000000 			.word	0x00000000, 0x0007FFE0, 0x00000000
 1921      E0FF0700 
 1921      00000000 
 1922 33f8 00000000 			.word	0x00000000, 0x000FFFC0, 0x00000000
 1922      C0FF0F00 
 1922      00000000 
 1923 3404 00000000 			.word	0x00000000, 0x001FFF80, 0x00000000
 1923      80FF1F00 
 1923      00000000 
 1924 3410 00000000 			.word	0x00000000, 0x003FFF80, 0x00000000
 1924      80FF3F00 
 1924      00000000 
 1925 341c 00000000 			.word	0x00000000, 0x007FFF00, 0x00000000
 1925      00FF7F00 
 1925      00000000 
 1926 3428 00000000 			.word	0x00000000, 0x00FFFE00, 0x00000000
ARM GAS  font_arial104.s 			page 62


 1926      00FEFF00 
 1926      00000000 
 1927 3434 00000000 			.word	0x00000000, 0x01FFFC00, 0x00000000
 1927      00FCFF01 
 1927      00000000 
 1928 3440 00000000 			.word	0x00000000, 0x03FFF800, 0x00000000
 1928      00F8FF03 
 1928      00000000 
 1929 344c 00000000 			.word	0x00000000, 0x07FFF000, 0x00000000
 1929      00F0FF07 
 1929      00000000 
 1930 3458 00000000 			.word	0x00000000, 0x0FFFE000, 0x00000000
 1930      00E0FF0F 
 1930      00000000 
 1931 3464 00000000 			.word	0x00000000, 0x3FFFC000, 0x00000000
 1931      00C0FF3F 
 1931      00000000 
 1932 3470 00000000 			.word	0x00000000, 0x7FFF8000, 0x00000000
 1932      0080FF7F 
 1932      00000000 
 1933 347c 00000000 			.word	0x00000000, 0xFFFF0000, 0x00000000
 1933      0000FFFF 
 1933      00000000 
 1934 3488 01000000 			.word	0x00000001, 0xFFFE0000, 0x00000000
 1934      0000FEFF 
 1934      00000000 
 1935 3494 03000000 			.word	0x00000003, 0xFFFC0000, 0x00000000
 1935      0000FCFF 
 1935      00000000 
 1936 34a0 07000000 			.word	0x00000007, 0xFFF80000, 0x00000000
 1936      0000F8FF 
 1936      00000000 
 1937 34ac 1F000000 			.word	0x0000001F, 0xFFF00000, 0x00000000
 1937      0000F0FF 
 1937      00000000 
 1938 34b8 3F000000 			.word	0x0000003F, 0xFFC00000, 0x00000000
 1938      0000C0FF 
 1938      00000000 
 1939 34c4 7F000000 			.word	0x0000007F, 0xFF800000, 0x00000000
 1939      000080FF 
 1939      00000000 
 1940 34d0 FF000000 			.word	0x000000FF, 0xFF000000, 0x00000000
 1940      000000FF 
 1940      00000000 
 1941 34dc FF030000 			.word	0x000003FF, 0xFE000000, 0x00000000
 1941      000000FE 
 1941      00000000 
 1942 34e8 FF070000 			.word	0x000007FF, 0xFC000000, 0x00000000
 1942      000000FC 
 1942      00000000 
 1943 34f4 FF0F0000 			.word	0x00000FFF, 0xF8000000, 0x00000000
 1943      000000F8 
 1943      00000000 
 1944 3500 FF1F0000 			.word	0x00001FFF, 0xE0000000, 0x00000000
 1944      000000E0 
 1944      00000000 
 1945 350c FF3F0000 			.word	0x00003FFF, 0xC0000000, 0x00000000
ARM GAS  font_arial104.s 			page 63


 1945      000000C0 
 1945      00000000 
 1946 3518 FF7F0000 			.word	0x00007FFF, 0x80000000, 0x00000000
 1946      00000080 
 1946      00000000 
 1947 3524 FFFF0000 			.word	0x0000FFFF, 0x00000000, 0x00000000
 1947      00000000 
 1947      00000000 
 1948 3530 FEFF0100 			.word	0x0001FFFE, 0x00000000, 0x00000000
 1948      00000000 
 1948      00000000 
 1949 353c FCFF0300 			.word	0x0003FFFC, 0x00000000, 0x00000000
 1949      00000000 
 1949      00000000 
 1950 3548 F0FF0700 			.word	0x0007FFF0, 0x00000000, 0x00000000
 1950      00000000 
 1950      00000000 
 1951 3554 E0FF0F00 			.word	0x000FFFE0, 0x00000000, 0x00000000
 1951      00000000 
 1951      00000000 
 1952 3560 C0FF1F00 			.word	0x001FFFC0, 0x00000000, 0x00000000
 1952      00000000 
 1952      00000000 
 1953 356c 80FF3F00 			.word	0x003FFF80, 0x00000000, 0x00000000
 1953      00000000 
 1953      00000000 
 1954 3578 00FF7F00 			.word	0x007FFF00, 0x00000000, 0x00000000
 1954      00000000 
 1954      00000000 
 1955 3584 00FEFF00 			.word	0x00FFFE00, 0x00000000, 0x00000000
 1955      00000000 
 1955      00000000 
 1956 3590 00FCFF01 			.word	0x01FFFC00, 0x00000000, 0x00000000
 1956      00000000 
 1956      00000000 
 1957 359c 00F8FF01 			.word	0x01FFF800, 0x00000000, 0x00000000
 1957      00000000 
 1957      00000000 
 1958 35a8 00F0FF03 			.word	0x03FFF000, 0x00000000, 0x00000000
 1958      00000000 
 1958      00000000 
 1959 35b4 00E0FF07 			.word	0x07FFE000, 0x00000000, 0x00000000
 1959      00000000 
 1959      00000000 
 1960 35c0 00E0FF07 			.word	0x07FFE000, 0x00000000, 0x00000000
 1960      00000000 
 1960      00000000 
 1961 35cc 00C0FF0F 			.word	0x0FFFC000, 0x00000000, 0x00000000
 1961      00000000 
 1961      00000000 
 1962 35d8 0080FF0F 			.word	0x0FFF8000, 0x00000000, 0x00000000
 1962      00000000 
 1962      00000000 
 1963 35e4 FFFFFF1F 			.word	0x1FFFFFFF, 0xFFFFFFFF, 0xC0000000
 1963      FFFFFFFF 
 1963      000000C0 
 1964 35f0 FFFFFF1F 			.word	0x1FFFFFFF, 0xFFFFFFFF, 0xC0000000
ARM GAS  font_arial104.s 			page 64


 1964      FFFFFFFF 
 1964      000000C0 
 1965 35fc FFFFFF3F 			.word	0x3FFFFFFF, 0xFFFFFFFF, 0xC0000000
 1965      FFFFFFFF 
 1965      000000C0 
 1966 3608 FFFFFF3F 			.word	0x3FFFFFFF, 0xFFFFFFFF, 0xC0000000
 1966      FFFFFFFF 
 1966      000000C0 
 1967 3614 FFFFFF7F 			.word	0x7FFFFFFF, 0xFFFFFFFF, 0xC0000000
 1967      FFFFFFFF 
 1967      000000C0 
 1968 3620 FFFFFF7F 			.word	0x7FFFFFFF, 0xFFFFFFFF, 0xC0000000
 1968      FFFFFFFF 
 1968      000000C0 
 1969 362c FFFFFF7F 			.word	0x7FFFFFFF, 0xFFFFFFFF, 0xC0000000
 1969      FFFFFFFF 
 1969      000000C0 
 1970 3638 FFFFFF7F 			.word	0x7FFFFFFF, 0xFFFFFFFF, 0xC0000000
 1970      FFFFFFFF 
 1970      000000C0 
 1971 3644 FFFFFFFF 			.word	0xFFFFFFFF, 0xFFFFFFFF, 0xC0000000
 1971      FFFFFFFF 
 1971      000000C0 
 1972 3650 FFFFFFFF 			.word	0xFFFFFFFF, 0xFFFFFFFF, 0xC0000000
 1972      FFFFFFFF 
 1972      000000C0 
 1973 365c FFFFFFFF 			.word	0xFFFFFFFF, 0xFFFFFFFF, 0xC0000000
 1973      FFFFFFFF 
 1973      000000C0 
 1974 3668 FFFFFFFF 			.word	0xFFFFFFFF, 0xFFFFFFFF, 0xC0000000
 1974      FFFFFFFF 
 1974      000000C0 
 1975              	
 1976              	THREE:
 1977 3674 33000000 			.word	'3			// ASCII "3" character
 1978 3678 4D000000 			.word	CELLWDTH		// cell pixel width
 1979 367c 82000000 			.word	CELLHGHT		// cell pixel height
 1980 3680 41000000 			.word	65			// glyph pixel width
 1981 3684 65000000 			.word	101			// glyph pixel height
 1982 3688 06000000 			.word	6			// blank horizontal pixels before glyph
 1983 368c 06000000 			.word	6			// blank horizontal pixels after glyph
 1984 3690 00000000 			.word	0			// blank horizontal lines before glyph
 1985 3694 1D000000 			.word	29			// blank horizontal lines after glyph
 1986              							// bit mapped glyph
 1987 3698 7F000000 			.word	0x0000007F, 0xF8000000, 0x00000000
 1987      000000F8 
 1987      00000000 
 1988 36a4 FF070000 			.word	0x000007FF, 0xFF800000, 0x00000000
 1988      000080FF 
 1988      00000000 
 1989 36b0 FF3F0000 			.word	0x00003FFF, 0xFFF00000, 0x00000000
 1989      0000F0FF 
 1989      00000000 
 1990 36bc FFFF0000 			.word	0x0000FFFF, 0xFFFC0000, 0x00000000
 1990      0000FCFF 
 1990      00000000 
 1991 36c8 FFFF0300 			.word	0x0003FFFF, 0xFFFF0000, 0x00000000
ARM GAS  font_arial104.s 			page 65


 1991      0000FFFF 
 1991      00000000 
 1992 36d4 FFFF0700 			.word	0x0007FFFF, 0xFFFF8000, 0x00000000
 1992      0080FFFF 
 1992      00000000 
 1993 36e0 FFFF0F00 			.word	0x000FFFFF, 0xFFFFE000, 0x00000000
 1993      00E0FFFF 
 1993      00000000 
 1994 36ec FFFF1F00 			.word	0x001FFFFF, 0xFFFFF000, 0x00000000
 1994      00F0FFFF 
 1994      00000000 
 1995 36f8 FFFF3F00 			.word	0x003FFFFF, 0xFFFFF800, 0x00000000
 1995      00F8FFFF 
 1995      00000000 
 1996 3704 FFFF7F00 			.word	0x007FFFFF, 0xFFFFFC00, 0x00000000
 1996      00FCFFFF 
 1996      00000000 
 1997 3710 FFFFFF00 			.word	0x00FFFFFF, 0xFFFFFE00, 0x00000000
 1997      00FEFFFF 
 1997      00000000 
 1998 371c FFFFFF01 			.word	0x01FFFFFF, 0xFFFFFE00, 0x00000000
 1998      00FEFFFF 
 1998      00000000 
 1999 3728 C0FFFF03 			.word	0x03FFFFC0, 0x0FFFFF00, 0x00000000
 1999      00FFFF0F 
 1999      00000000 
 2000 3734 00FEFF03 			.word	0x03FFFE00, 0x01FFFF80, 0x00000000
 2000      80FFFF01 
 2000      00000000 
 2001 3740 00F8FF07 			.word	0x07FFF800, 0x007FFF80, 0x00000000
 2001      80FF7F00 
 2001      00000000 
 2002 374c 00F0FF07 			.word	0x07FFF000, 0x003FFFC0, 0x00000000
 2002      C0FF3F00 
 2002      00000000 
 2003 3758 00E0FF0F 			.word	0x0FFFE000, 0x000FFFC0, 0x00000000
 2003      C0FF0F00 
 2003      00000000 
 2004 3764 00C0FF0F 			.word	0x0FFFC000, 0x0007FFE0, 0x00000000
 2004      E0FF0700 
 2004      00000000 
 2005 3770 0080FF1F 			.word	0x1FFF8000, 0x0007FFE0, 0x00000000
 2005      E0FF0700 
 2005      00000000 
 2006 377c 0000FF1F 			.word	0x1FFF0000, 0x0003FFE0, 0x00000000
 2006      E0FF0300 
 2006      00000000 
 2007 3788 0000FF1F 			.word	0x1FFF0000, 0x0003FFE0, 0x00000000
 2007      E0FF0300 
 2007      00000000 
 2008 3794 0000FE3F 			.word	0x3FFE0000, 0x0001FFF0, 0x00000000
 2008      F0FF0100 
 2008      00000000 
 2009 37a0 0000FE3F 			.word	0x3FFE0000, 0x0001FFF0, 0x00000000
 2009      F0FF0100 
 2009      00000000 
 2010 37ac 0000FC3F 			.word	0x3FFC0000, 0x0001FFF0, 0x00000000
ARM GAS  font_arial104.s 			page 66


 2010      F0FF0100 
 2010      00000000 
 2011 37b8 0000FC7F 			.word	0x7FFC0000, 0x0001FFF0, 0x00000000
 2011      F0FF0100 
 2011      00000000 
 2012 37c4 0000FC7F 			.word	0x7FFC0000, 0x0001FFF0, 0x00000000
 2012      F0FF0100 
 2012      00000000 
 2013 37d0 0000FC0F 			.word	0x0FFC0000, 0x0001FFF0, 0x00000000
 2013      F0FF0100 
 2013      00000000 
 2014 37dc 00003800 			.word	0x00380000, 0x0001FFF0, 0x00000000
 2014      F0FF0100 
 2014      00000000 
 2015 37e8 00000000 			.word	0x00000000, 0x0001FFF0, 0x00000000
 2015      F0FF0100 
 2015      00000000 
 2016 37f4 00000000 			.word	0x00000000, 0x0001FFE0, 0x00000000
 2016      E0FF0100 
 2016      00000000 
 2017 3800 00000000 			.word	0x00000000, 0x0001FFE0, 0x00000000
 2017      E0FF0100 
 2017      00000000 
 2018 380c 00000000 			.word	0x00000000, 0x0003FFE0, 0x00000000
 2018      E0FF0300 
 2018      00000000 
 2019 3818 00000000 			.word	0x00000000, 0x0003FFC0, 0x00000000
 2019      C0FF0300 
 2019      00000000 
 2020 3824 00000000 			.word	0x00000000, 0x0007FFC0, 0x00000000
 2020      C0FF0700 
 2020      00000000 
 2021 3830 00000000 			.word	0x00000000, 0x000FFF80, 0x00000000
 2021      80FF0F00 
 2021      00000000 
 2022 383c 00000000 			.word	0x00000000, 0x001FFF80, 0x00000000
 2022      80FF1F00 
 2022      00000000 
 2023 3848 00000000 			.word	0x00000000, 0x007FFF00, 0x00000000
 2023      00FF7F00 
 2023      00000000 
 2024 3854 00000000 			.word	0x00000000, 0x01FFFE00, 0x00000000
 2024      00FEFF01 
 2024      00000000 
 2025 3860 00000000 			.word	0x00000000, 0x07FFFE00, 0x00000000
 2025      00FEFF07 
 2025      00000000 
 2026 386c 00000000 			.word	0x00000000, 0x3FFFFC00, 0x00000000
 2026      00FCFF3F 
 2026      00000000 
 2027 3878 7F000000 			.word	0x0000007F, 0xFFFFF800, 0x00000000
 2027      00F8FFFF 
 2027      00000000 
 2028 3884 7F000000 			.word	0x0000007F, 0xFFFFE000, 0x00000000
 2028      00E0FFFF 
 2028      00000000 
 2029 3890 7F000000 			.word	0x0000007F, 0xFFFFC000, 0x00000000
ARM GAS  font_arial104.s 			page 67


 2029      00C0FFFF 
 2029      00000000 
 2030 389c 7F000000 			.word	0x0000007F, 0xFFFF0000, 0x00000000
 2030      0000FFFF 
 2030      00000000 
 2031 38a8 7F000000 			.word	0x0000007F, 0xFFFC0000, 0x00000000
 2031      0000FCFF 
 2031      00000000 
 2032 38b4 7F000000 			.word	0x0000007F, 0xFFFFC000, 0x00000000
 2032      00C0FFFF 
 2032      00000000 
 2033 38c0 7F000000 			.word	0x0000007F, 0xFFFFF000, 0x00000000
 2033      00F0FFFF 
 2033      00000000 
 2034 38cc 7F000000 			.word	0x0000007F, 0xFFFFFC00, 0x00000000
 2034      00FCFFFF 
 2034      00000000 
 2035 38d8 FF000000 			.word	0x000000FF, 0xFFFFFE00, 0x00000000
 2035      00FEFFFF 
 2035      00000000 
 2036 38e4 FF000000 			.word	0x000000FF, 0xFFFFFF80, 0x00000000
 2036      80FFFFFF 
 2036      00000000 
 2037 38f0 FF000000 			.word	0x000000FF, 0xFFFFFFC0, 0x00000000
 2037      C0FFFFFF 
 2037      00000000 
 2038 38fc C0000000 			.word	0x000000C0, 0x01FFFFE0, 0x00000000
 2038      E0FFFF01 
 2038      00000000 
 2039 3908 00000000 			.word	0x00000000, 0x007FFFE0, 0x00000000
 2039      E0FF7F00 
 2039      00000000 
 2040 3914 00000000 			.word	0x00000000, 0x001FFFF0, 0x00000000
 2040      F0FF1F00 
 2040      00000000 
 2041 3920 00000000 			.word	0x00000000, 0x0007FFF8, 0x00000000
 2041      F8FF0700 
 2041      00000000 
 2042 392c 00000000 			.word	0x00000000, 0x0003FFF8, 0x00000000
 2042      F8FF0300 
 2042      00000000 
 2043 3938 00000000 			.word	0x00000000, 0x0001FFFC, 0x00000000
 2043      FCFF0100 
 2043      00000000 
 2044 3944 00000000 			.word	0x00000000, 0x0000FFFC, 0x00000000
 2044      FCFF0000 
 2044      00000000 
 2045 3950 00000000 			.word	0x00000000, 0x00007FFE, 0x00000000
 2045      FE7F0000 
 2045      00000000 
 2046 395c 00000000 			.word	0x00000000, 0x00007FFE, 0x00000000
 2046      FE7F0000 
 2046      00000000 
 2047 3968 00000000 			.word	0x00000000, 0x00003FFE, 0x00000000
 2047      FE3F0000 
 2047      00000000 
 2048 3974 00000000 			.word	0x00000000, 0x00003FFF, 0x00000000
ARM GAS  font_arial104.s 			page 68


 2048      FF3F0000 
 2048      00000000 
 2049 3980 00000000 			.word	0x00000000, 0x00001FFF, 0x00000000
 2049      FF1F0000 
 2049      00000000 
 2050 398c 00000000 			.word	0x00000000, 0x00001FFF, 0x00000000
 2050      FF1F0000 
 2050      00000000 
 2051 3998 00000000 			.word	0x00000000, 0x00001FFF, 0x00000000
 2051      FF1F0000 
 2051      00000000 
 2052 39a4 00000000 			.word	0x00000000, 0x00000FFF, 0x00000000
 2052      FF0F0000 
 2052      00000000 
 2053 39b0 00000000 			.word	0x00000000, 0x00000FFF, 0x80000000
 2053      FF0F0000 
 2053      00000080 
 2054 39bc 00000000 			.word	0x00000000, 0x00000FFF, 0x80000000
 2054      FF0F0000 
 2054      00000080 
 2055 39c8 00000000 			.word	0x00000000, 0x00000FFF, 0x80000000
 2055      FF0F0000 
 2055      00000080 
 2056 39d4 00000000 			.word	0x00000000, 0x00000FFF, 0x80000000
 2056      FF0F0000 
 2056      00000080 
 2057 39e0 00000000 			.word	0x00000000, 0x00000FFF, 0x80000000
 2057      FF0F0000 
 2057      00000080 
 2058 39ec 00007000 			.word	0x00700000, 0x00000FFF, 0x80000000
 2058      FF0F0000 
 2058      00000080 
 2059 39f8 0000F01F 			.word	0x1FF00000, 0x00000FFF, 0x80000000
 2059      FF0F0000 
 2059      00000080 
 2060 3a04 0000F8FF 			.word	0xFFF80000, 0x00001FFF, 0x00000000
 2060      FF1F0000 
 2060      00000000 
 2061 3a10 0000F8FF 			.word	0xFFF80000, 0x00001FFF, 0x00000000
 2061      FF1F0000 
 2061      00000000 
 2062 3a1c 0000F8FF 			.word	0xFFF80000, 0x00001FFF, 0x00000000
 2062      FF1F0000 
 2062      00000000 
 2063 3a28 0000FCFF 			.word	0xFFFC0000, 0x00001FFF, 0x00000000
 2063      FF1F0000 
 2063      00000000 
 2064 3a34 0000FC7F 			.word	0x7FFC0000, 0x00003FFF, 0x00000000
 2064      FF3F0000 
 2064      00000000 
 2065 3a40 0000FE7F 			.word	0x7FFE0000, 0x00003FFE, 0x00000000
 2065      FE3F0000 
 2065      00000000 
 2066 3a4c 0000FE7F 			.word	0x7FFE0000, 0x00007FFE, 0x00000000
 2066      FE7F0000 
 2066      00000000 
 2067 3a58 0000FF7F 			.word	0x7FFF0000, 0x00007FFE, 0x00000000
ARM GAS  font_arial104.s 			page 69


 2067      FE7F0000 
 2067      00000000 
 2068 3a64 0000FF3F 			.word	0x3FFF0000, 0x0000FFFC, 0x00000000
 2068      FCFF0000 
 2068      00000000 
 2069 3a70 0080FF3F 			.word	0x3FFF8000, 0x0001FFFC, 0x00000000
 2069      FCFF0100 
 2069      00000000 
 2070 3a7c 00C0FF1F 			.word	0x1FFFC000, 0x0003FFF8, 0x00000000
 2070      F8FF0300 
 2070      00000000 
 2071 3a88 00E0FF1F 			.word	0x1FFFE000, 0x0007FFF8, 0x00000000
 2071      F8FF0700 
 2071      00000000 
 2072 3a94 00F0FF0F 			.word	0x0FFFF000, 0x000FFFF0, 0x00000000
 2072      F0FF0F00 
 2072      00000000 
 2073 3aa0 00F8FF0F 			.word	0x0FFFF800, 0x003FFFF0, 0x00000000
 2073      F0FF3F00 
 2073      00000000 
 2074 3aac 00FEFF07 			.word	0x07FFFE00, 0x00FFFFE0, 0x00000000
 2074      E0FFFF00 
 2074      00000000 
 2075 3ab8 C0FFFF03 			.word	0x03FFFFC0, 0x07FFFFC0, 0x00000000
 2075      C0FFFF07 
 2075      00000000 
 2076 3ac4 FFFFFF03 			.word	0x03FFFFFF, 0xFFFFFF80, 0x00000000
 2076      80FFFFFF 
 2076      00000000 
 2077 3ad0 FFFFFF01 			.word	0x01FFFFFF, 0xFFFFFF00, 0x00000000
 2077      00FFFFFF 
 2077      00000000 
 2078 3adc FFFFFF00 			.word	0x00FFFFFF, 0xFFFFFE00, 0x00000000
 2078      00FEFFFF 
 2078      00000000 
 2079 3ae8 FFFF7F00 			.word	0x007FFFFF, 0xFFFFFC00, 0x00000000
 2079      00FCFFFF 
 2079      00000000 
 2080 3af4 FFFF3F00 			.word	0x003FFFFF, 0xFFFFF800, 0x00000000
 2080      00F8FFFF 
 2080      00000000 
 2081 3b00 FFFF1F00 			.word	0x001FFFFF, 0xFFFFF000, 0x00000000
 2081      00F0FFFF 
 2081      00000000 
 2082 3b0c FFFF0700 			.word	0x0007FFFF, 0xFFFFE000, 0x00000000
 2082      00E0FFFF 
 2082      00000000 
 2083 3b18 FFFF0300 			.word	0x0003FFFF, 0xFFFF8000, 0x00000000
 2083      0080FFFF 
 2083      00000000 
 2084 3b24 FFFF0000 			.word	0x0000FFFF, 0xFFFE0000, 0x00000000
 2084      0000FEFF 
 2084      00000000 
 2085 3b30 FF3F0000 			.word	0x00003FFF, 0xFFF80000, 0x00000000
 2085      0000F8FF 
 2085      00000000 
 2086 3b3c FF070000 			.word	0x000007FF, 0xFFC00000, 0x00000000
ARM GAS  font_arial104.s 			page 70


 2086      0000C0FF 
 2086      00000000 
 2087 3b48 7F000000 			.word	0x0000007F, 0xFC000000, 0x00000000
 2087      000000FC 
 2087      00000000 
 2088              	
 2089              	FOUR:
 2090 3b54 34000000 			.word	'4			// ASCII "4" character
 2091 3b58 4D000000 			.word	CELLWDTH		// cell pixel width
 2092 3b5c 82000000 			.word	CELLHGHT		// cell pixel height
 2093 3b60 44000000 			.word	68			// glyph pixel width
 2094 3b64 63000000 			.word	99			// glyph pixel height
 2095 3b68 02000000 			.word	2			// blank horizontal pixels before glyph
 2096 3b6c 07000000 			.word	7			// blank horizontal pixels after glyph
 2097 3b70 01000000 			.word	1			// blank horizontal lines before glyph
 2098 3b74 1E000000 			.word	30			// blank horizontal lines after glyph
 2099              							// bit mapped glyph
 2100 3b78 00000000 			.word	0x00000000, 0x0007FE00, 0x00000000
 2100      00FE0700 
 2100      00000000 
 2101 3b84 00000000 			.word	0x00000000, 0x000FFE00, 0x00000000
 2101      00FE0F00 
 2101      00000000 
 2102 3b90 00000000 			.word	0x00000000, 0x001FFE00, 0x00000000
 2102      00FE1F00 
 2102      00000000 
 2103 3b9c 00000000 			.word	0x00000000, 0x003FFE00, 0x00000000
 2103      00FE3F00 
 2103      00000000 
 2104 3ba8 00000000 			.word	0x00000000, 0x003FFE00, 0x00000000
 2104      00FE3F00 
 2104      00000000 
 2105 3bb4 00000000 			.word	0x00000000, 0x007FFE00, 0x00000000
 2105      00FE7F00 
 2105      00000000 
 2106 3bc0 00000000 			.word	0x00000000, 0x00FFFE00, 0x00000000
 2106      00FEFF00 
 2106      00000000 
 2107 3bcc 00000000 			.word	0x00000000, 0x00FFFE00, 0x00000000
 2107      00FEFF00 
 2107      00000000 
 2108 3bd8 00000000 			.word	0x00000000, 0x01FFFE00, 0x00000000
 2108      00FEFF01 
 2108      00000000 
 2109 3be4 00000000 			.word	0x00000000, 0x03FFFE00, 0x00000000
 2109      00FEFF03 
 2109      00000000 
 2110 3bf0 00000000 			.word	0x00000000, 0x07FFFE00, 0x00000000
 2110      00FEFF07 
 2110      00000000 
 2111 3bfc 00000000 			.word	0x00000000, 0x07FFFE00, 0x00000000
 2111      00FEFF07 
 2111      00000000 
 2112 3c08 00000000 			.word	0x00000000, 0x0FFFFE00, 0x00000000
 2112      00FEFF0F 
 2112      00000000 
 2113 3c14 00000000 			.word	0x00000000, 0x1FFFFE00, 0x00000000
ARM GAS  font_arial104.s 			page 71


 2113      00FEFF1F 
 2113      00000000 
 2114 3c20 00000000 			.word	0x00000000, 0x1FFFFE00, 0x00000000
 2114      00FEFF1F 
 2114      00000000 
 2115 3c2c 00000000 			.word	0x00000000, 0x3FFFFE00, 0x00000000
 2115      00FEFF3F 
 2115      00000000 
 2116 3c38 00000000 			.word	0x00000000, 0x7FFFFE00, 0x00000000
 2116      00FEFF7F 
 2116      00000000 
 2117 3c44 00000000 			.word	0x00000000, 0xFFFFFE00, 0x00000000
 2117      00FEFFFF 
 2117      00000000 
 2118 3c50 00000000 			.word	0x00000000, 0xFFFFFE00, 0x00000000
 2118      00FEFFFF 
 2118      00000000 
 2119 3c5c 01000000 			.word	0x00000001, 0xFFFFFE00, 0x00000000
 2119      00FEFFFF 
 2119      00000000 
 2120 3c68 03000000 			.word	0x00000003, 0xFFFFFE00, 0x00000000
 2120      00FEFFFF 
 2120      00000000 
 2121 3c74 03000000 			.word	0x00000003, 0xFF9FFE00, 0x00000000
 2121      00FE9FFF 
 2121      00000000 
 2122 3c80 07000000 			.word	0x00000007, 0xFF1FFE00, 0x00000000
 2122      00FE1FFF 
 2122      00000000 
 2123 3c8c 0F000000 			.word	0x0000000F, 0xFF1FFE00, 0x00000000
 2123      00FE1FFF 
 2123      00000000 
 2124 3c98 1F000000 			.word	0x0000001F, 0xFE1FFE00, 0x00000000
 2124      00FE1FFE 
 2124      00000000 
 2125 3ca4 1F000000 			.word	0x0000001F, 0xFC1FFE00, 0x00000000
 2125      00FE1FFC 
 2125      00000000 
 2126 3cb0 3F000000 			.word	0x0000003F, 0xF81FFE00, 0x00000000
 2126      00FE1FF8 
 2126      00000000 
 2127 3cbc 7F000000 			.word	0x0000007F, 0xF81FFE00, 0x00000000
 2127      00FE1FF8 
 2127      00000000 
 2128 3cc8 7F000000 			.word	0x0000007F, 0xF01FFE00, 0x00000000
 2128      00FE1FF0 
 2128      00000000 
 2129 3cd4 FF000000 			.word	0x000000FF, 0xE01FFE00, 0x00000000
 2129      00FE1FE0 
 2129      00000000 
 2130 3ce0 FF010000 			.word	0x000001FF, 0xE01FFE00, 0x00000000
 2130      00FE1FE0 
 2130      00000000 
 2131 3cec FF030000 			.word	0x000003FF, 0xC01FFE00, 0x00000000
 2131      00FE1FC0 
 2131      00000000 
 2132 3cf8 FF030000 			.word	0x000003FF, 0x801FFE00, 0x00000000
ARM GAS  font_arial104.s 			page 72


 2132      00FE1F80 
 2132      00000000 
 2133 3d04 FF070000 			.word	0x000007FF, 0x001FFE00, 0x00000000
 2133      00FE1F00 
 2133      00000000 
 2134 3d10 FF0F0000 			.word	0x00000FFF, 0x001FFE00, 0x00000000
 2134      00FE1F00 
 2134      00000000 
 2135 3d1c FE1F0000 			.word	0x00001FFE, 0x001FFE00, 0x00000000
 2135      00FE1F00 
 2135      00000000 
 2136 3d28 FC1F0000 			.word	0x00001FFC, 0x001FFE00, 0x00000000
 2136      00FE1F00 
 2136      00000000 
 2137 3d34 FC3F0000 			.word	0x00003FFC, 0x001FFE00, 0x00000000
 2137      00FE1F00 
 2137      00000000 
 2138 3d40 F87F0000 			.word	0x00007FF8, 0x001FFE00, 0x00000000
 2138      00FE1F00 
 2138      00000000 
 2139 3d4c F07F0000 			.word	0x00007FF0, 0x001FFE00, 0x00000000
 2139      00FE1F00 
 2139      00000000 
 2140 3d58 F0FF0000 			.word	0x0000FFF0, 0x001FFE00, 0x00000000
 2140      00FE1F00 
 2140      00000000 
 2141 3d64 E0FF0100 			.word	0x0001FFE0, 0x001FFE00, 0x00000000
 2141      00FE1F00 
 2141      00000000 
 2142 3d70 C0FF0300 			.word	0x0003FFC0, 0x001FFE00, 0x00000000
 2142      00FE1F00 
 2142      00000000 
 2143 3d7c 80FF0300 			.word	0x0003FF80, 0x001FFE00, 0x00000000
 2143      00FE1F00 
 2143      00000000 
 2144 3d88 80FF0700 			.word	0x0007FF80, 0x001FFE00, 0x00000000
 2144      00FE1F00 
 2144      00000000 
 2145 3d94 00FF0F00 			.word	0x000FFF00, 0x001FFE00, 0x00000000
 2145      00FE1F00 
 2145      00000000 
 2146 3da0 00FE0F00 			.word	0x000FFE00, 0x001FFE00, 0x00000000
 2146      00FE1F00 
 2146      00000000 
 2147 3dac 00FE1F00 			.word	0x001FFE00, 0x001FFE00, 0x00000000
 2147      00FE1F00 
 2147      00000000 
 2148 3db8 00FC3F00 			.word	0x003FFC00, 0x001FFE00, 0x00000000
 2148      00FE1F00 
 2148      00000000 
 2149 3dc4 00F87F00 			.word	0x007FF800, 0x001FFE00, 0x00000000
 2149      00FE1F00 
 2149      00000000 
 2150 3dd0 00F07F00 			.word	0x007FF000, 0x001FFE00, 0x00000000
 2150      00FE1F00 
 2150      00000000 
 2151 3ddc 00F0FF00 			.word	0x00FFF000, 0x001FFE00, 0x00000000
ARM GAS  font_arial104.s 			page 73


 2151      00FE1F00 
 2151      00000000 
 2152 3de8 00E0FF01 			.word	0x01FFE000, 0x001FFE00, 0x00000000
 2152      00FE1F00 
 2152      00000000 
 2153 3df4 00C0FF01 			.word	0x01FFC000, 0x001FFE00, 0x00000000
 2153      00FE1F00 
 2153      00000000 
 2154 3e00 00C0FF03 			.word	0x03FFC000, 0x001FFE00, 0x00000000
 2154      00FE1F00 
 2154      00000000 
 2155 3e0c 0080FF07 			.word	0x07FF8000, 0x001FFE00, 0x00000000
 2155      00FE1F00 
 2155      00000000 
 2156 3e18 0000FF0F 			.word	0x0FFF0000, 0x001FFE00, 0x00000000
 2156      00FE1F00 
 2156      00000000 
 2157 3e24 0000FE0F 			.word	0x0FFE0000, 0x001FFE00, 0x00000000
 2157      00FE1F00 
 2157      00000000 
 2158 3e30 0000FE1F 			.word	0x1FFE0000, 0x001FFE00, 0x00000000
 2158      00FE1F00 
 2158      00000000 
 2159 3e3c 0000FC3F 			.word	0x3FFC0000, 0x001FFE00, 0x00000000
 2159      00FE1F00 
 2159      00000000 
 2160 3e48 0000F83F 			.word	0x3FF80000, 0x001FFE00, 0x00000000
 2160      00FE1F00 
 2160      00000000 
 2161 3e54 0000F87F 			.word	0x7FF80000, 0x001FFE00, 0x00000000
 2161      00FE1F00 
 2161      00000000 
 2162 3e60 0000F0FF 			.word	0xFFF00000, 0x001FFE00, 0x00000000
 2162      00FE1F00 
 2162      00000000 
 2163 3e6c FFFFFFFF 			.word	0xFFFFFFFF, 0xFFFFFFFF, 0xF0000000
 2163      FFFFFFFF 
 2163      000000F0 
 2164 3e78 FFFFFFFF 			.word	0xFFFFFFFF, 0xFFFFFFFF, 0xF0000000
 2164      FFFFFFFF 
 2164      000000F0 
 2165 3e84 FFFFFFFF 			.word	0xFFFFFFFF, 0xFFFFFFFF, 0xF0000000
 2165      FFFFFFFF 
 2165      000000F0 
 2166 3e90 FFFFFFFF 			.word	0xFFFFFFFF, 0xFFFFFFFF, 0xF0000000
 2166      FFFFFFFF 
 2166      000000F0 
 2167 3e9c FFFFFFFF 			.word	0xFFFFFFFF, 0xFFFFFFFF, 0xF0000000
 2167      FFFFFFFF 
 2167      000000F0 
 2168 3ea8 FFFFFFFF 			.word	0xFFFFFFFF, 0xFFFFFFFF, 0xF0000000
 2168      FFFFFFFF 
 2168      000000F0 
 2169 3eb4 FFFFFFFF 			.word	0xFFFFFFFF, 0xFFFFFFFF, 0xF0000000
 2169      FFFFFFFF 
 2169      000000F0 
 2170 3ec0 FFFFFFFF 			.word	0xFFFFFFFF, 0xFFFFFFFF, 0xF0000000
ARM GAS  font_arial104.s 			page 74


 2170      FFFFFFFF 
 2170      000000F0 
 2171 3ecc FFFFFFFF 			.word	0xFFFFFFFF, 0xFFFFFFFF, 0xF0000000
 2171      FFFFFFFF 
 2171      000000F0 
 2172 3ed8 FFFFFFFF 			.word	0xFFFFFFFF, 0xFFFFFFFF, 0xF0000000
 2172      FFFFFFFF 
 2172      000000F0 
 2173 3ee4 FFFFFFFF 			.word	0xFFFFFFFF, 0xFFFFFFFF, 0xF0000000
 2173      FFFFFFFF 
 2173      000000F0 
 2174 3ef0 FFFFFFFF 			.word	0xFFFFFFFF, 0xFFFFFFFF, 0xF0000000
 2174      FFFFFFFF 
 2174      000000F0 
 2175 3efc 00000000 			.word	0x00000000, 0x001FFE00, 0x00000000
 2175      00FE1F00 
 2175      00000000 
 2176 3f08 00000000 			.word	0x00000000, 0x001FFE00, 0x00000000
 2176      00FE1F00 
 2176      00000000 
 2177 3f14 00000000 			.word	0x00000000, 0x001FFE00, 0x00000000
 2177      00FE1F00 
 2177      00000000 
 2178 3f20 00000000 			.word	0x00000000, 0x001FFE00, 0x00000000
 2178      00FE1F00 
 2178      00000000 
 2179 3f2c 00000000 			.word	0x00000000, 0x001FFE00, 0x00000000
 2179      00FE1F00 
 2179      00000000 
 2180 3f38 00000000 			.word	0x00000000, 0x001FFE00, 0x00000000
 2180      00FE1F00 
 2180      00000000 
 2181 3f44 00000000 			.word	0x00000000, 0x001FFE00, 0x00000000
 2181      00FE1F00 
 2181      00000000 
 2182 3f50 00000000 			.word	0x00000000, 0x001FFE00, 0x00000000
 2182      00FE1F00 
 2182      00000000 
 2183 3f5c 00000000 			.word	0x00000000, 0x001FFE00, 0x00000000
 2183      00FE1F00 
 2183      00000000 
 2184 3f68 00000000 			.word	0x00000000, 0x001FFE00, 0x00000000
 2184      00FE1F00 
 2184      00000000 
 2185 3f74 00000000 			.word	0x00000000, 0x001FFE00, 0x00000000
 2185      00FE1F00 
 2185      00000000 
 2186 3f80 00000000 			.word	0x00000000, 0x001FFE00, 0x00000000
 2186      00FE1F00 
 2186      00000000 
 2187 3f8c 00000000 			.word	0x00000000, 0x001FFE00, 0x00000000
 2187      00FE1F00 
 2187      00000000 
 2188 3f98 00000000 			.word	0x00000000, 0x001FFE00, 0x00000000
 2188      00FE1F00 
 2188      00000000 
 2189 3fa4 00000000 			.word	0x00000000, 0x001FFE00, 0x00000000
ARM GAS  font_arial104.s 			page 75


 2189      00FE1F00 
 2189      00000000 
 2190 3fb0 00000000 			.word	0x00000000, 0x001FFE00, 0x00000000
 2190      00FE1F00 
 2190      00000000 
 2191 3fbc 00000000 			.word	0x00000000, 0x001FFE00, 0x00000000
 2191      00FE1F00 
 2191      00000000 
 2192 3fc8 00000000 			.word	0x00000000, 0x001FFE00, 0x00000000
 2192      00FE1F00 
 2192      00000000 
 2193 3fd4 00000000 			.word	0x00000000, 0x001FFE00, 0x00000000
 2193      00FE1F00 
 2193      00000000 
 2194 3fe0 00000000 			.word	0x00000000, 0x001FFE00, 0x00000000
 2194      00FE1F00 
 2194      00000000 
 2195 3fec 00000000 			.word	0x00000000, 0x001FFE00, 0x00000000
 2195      00FE1F00 
 2195      00000000 
 2196 3ff8 00000000 			.word	0x00000000, 0x001FFE00, 0x00000000
 2196      00FE1F00 
 2196      00000000 
 2197 4004 00000000 			.word	0x00000000, 0x001FFE00, 0x00000000
 2197      00FE1F00 
 2197      00000000 
 2198 4010 00000000 			.word	0x00000000, 0x001FFE00, 0x00000000
 2198      00FE1F00 
 2198      00000000 
 2199              	
 2200              	FIVE:
 2201 401c 35000000 			.word	'5			// ASCII "5" character
 2202 4020 4D000000 			.word	CELLWDTH		// cell pixel width
 2203 4024 82000000 			.word	CELLHGHT		// cell pixel height
 2204 4028 41000000 			.word	65			// glyph pixel width
 2205 402c 64000000 			.word	100			// glyph pixel height
 2206 4030 06000000 			.word	6			// blank horizontal pixels before glyph
 2207 4034 06000000 			.word	6			// blank horizontal pixels after glyph
 2208 4038 01000000 			.word	1			// blank horizontal lines before glyph
 2209 403c 1D000000 			.word	29			// blank horizontal lines after glyph
 2210              							// bit mapped glyph
 2211 4040 FFFF1F00 			.word	0x001FFFFF, 0xFFFFFFF8, 0x00000000
 2211      F8FFFFFF 
 2211      00000000 
 2212 404c FFFF1F00 			.word	0x001FFFFF, 0xFFFFFFF8, 0x00000000
 2212      F8FFFFFF 
 2212      00000000 
 2213 4058 FFFF1F00 			.word	0x001FFFFF, 0xFFFFFFF8, 0x00000000
 2213      F8FFFFFF 
 2213      00000000 
 2214 4064 FFFF1F00 			.word	0x001FFFFF, 0xFFFFFFF8, 0x00000000
 2214      F8FFFFFF 
 2214      00000000 
 2215 4070 FFFF1F00 			.word	0x001FFFFF, 0xFFFFFFF8, 0x00000000
 2215      F8FFFFFF 
 2215      00000000 
 2216 407c FFFF1F00 			.word	0x001FFFFF, 0xFFFFFFF8, 0x00000000
ARM GAS  font_arial104.s 			page 76


 2216      F8FFFFFF 
 2216      00000000 
 2217 4088 FFFF3F00 			.word	0x003FFFFF, 0xFFFFFFF8, 0x00000000
 2217      F8FFFFFF 
 2217      00000000 
 2218 4094 FFFF3F00 			.word	0x003FFFFF, 0xFFFFFFF8, 0x00000000
 2218      F8FFFFFF 
 2218      00000000 
 2219 40a0 FFFF3F00 			.word	0x003FFFFF, 0xFFFFFFF8, 0x00000000
 2219      F8FFFFFF 
 2219      00000000 
 2220 40ac FFFF3F00 			.word	0x003FFFFF, 0xFFFFFFF8, 0x00000000
 2220      F8FFFFFF 
 2220      00000000 
 2221 40b8 FFFF3F00 			.word	0x003FFFFF, 0xFFFFFFF8, 0x00000000
 2221      F8FFFFFF 
 2221      00000000 
 2222 40c4 FFFF7F00 			.word	0x007FFFFF, 0xFFFFFFF8, 0x00000000
 2222      F8FFFFFF 
 2222      00000000 
 2223 40d0 00F87F00 			.word	0x007FF800, 0x00000000, 0x00000000
 2223      00000000 
 2223      00000000 
 2224 40dc 00F87F00 			.word	0x007FF800, 0x00000000, 0x00000000
 2224      00000000 
 2224      00000000 
 2225 40e8 00F87F00 			.word	0x007FF800, 0x00000000, 0x00000000
 2225      00000000 
 2225      00000000 
 2226 40f4 00F07F00 			.word	0x007FF000, 0x00000000, 0x00000000
 2226      00000000 
 2226      00000000 
 2227 4100 00F0FF00 			.word	0x00FFF000, 0x00000000, 0x00000000
 2227      00000000 
 2227      00000000 
 2228 410c 00F0FF00 			.word	0x00FFF000, 0x00000000, 0x00000000
 2228      00000000 
 2228      00000000 
 2229 4118 00F0FF00 			.word	0x00FFF000, 0x00000000, 0x00000000
 2229      00000000 
 2229      00000000 
 2230 4124 00F0FF00 			.word	0x00FFF000, 0x00000000, 0x00000000
 2230      00000000 
 2230      00000000 
 2231 4130 00E0FF00 			.word	0x00FFE000, 0x00000000, 0x00000000
 2231      00000000 
 2231      00000000 
 2232 413c 00E0FF00 			.word	0x00FFE000, 0x00000000, 0x00000000
 2232      00000000 
 2232      00000000 
 2233 4148 00E0FF01 			.word	0x01FFE000, 0x00000000, 0x00000000
 2233      00000000 
 2233      00000000 
 2234 4154 00E0FF01 			.word	0x01FFE000, 0x00000000, 0x00000000
 2234      00000000 
 2234      00000000 
 2235 4160 00E0FF01 			.word	0x01FFE000, 0x00000000, 0x00000000
ARM GAS  font_arial104.s 			page 77


 2235      00000000 
 2235      00000000 
 2236 416c 00C0FF01 			.word	0x01FFC000, 0x00000000, 0x00000000
 2236      00000000 
 2236      00000000 
 2237 4178 00C0FF01 			.word	0x01FFC000, 0x00000000, 0x00000000
 2237      00000000 
 2237      00000000 
 2238 4184 00C0FF03 			.word	0x03FFC000, 0x00000000, 0x00000000
 2238      00000000 
 2238      00000000 
 2239 4190 00C0FF03 			.word	0x03FFC000, 0x00000000, 0x00000000
 2239      00000000 
 2239      00000000 
 2240 419c 00C0FF03 			.word	0x03FFC000, 0x00000000, 0x00000000
 2240      00000000 
 2240      00000000 
 2241 41a8 0080FF03 			.word	0x03FF8000, 0x00000000, 0x00000000
 2241      00000000 
 2241      00000000 
 2242 41b4 0080FF03 			.word	0x03FF8000, 0x00000000, 0x00000000
 2242      00000000 
 2242      00000000 
 2243 41c0 0780FF07 			.word	0x07FF8007, 0xFF000000, 0x00000000
 2243      000000FF 
 2243      00000000 
 2244 41cc 3F80FF07 			.word	0x07FF803F, 0xFFF00000, 0x00000000
 2244      0000F0FF 
 2244      00000000 
 2245 41d8 FF81FF07 			.word	0x07FF81FF, 0xFFFE0000, 0x00000000
 2245      0000FEFF 
 2245      00000000 
 2246 41e4 FF07FF07 			.word	0x07FF07FF, 0xFFFF8000, 0x00000000
 2246      0080FFFF 
 2246      00000000 
 2247 41f0 FF1FFF07 			.word	0x07FF1FFF, 0xFFFFE000, 0x00000000
 2247      00E0FFFF 
 2247      00000000 
 2248 41fc FF3FFF0F 			.word	0x0FFF3FFF, 0xFFFFF000, 0x00000000
 2248      00F0FFFF 
 2248      00000000 
 2249 4208 FFFFFF0F 			.word	0x0FFFFFFF, 0xFFFFFC00, 0x00000000
 2249      00FCFFFF 
 2249      00000000 
 2250 4214 FFFFFF0F 			.word	0x0FFFFFFF, 0xFFFFFE00, 0x00000000
 2250      00FEFFFF 
 2250      00000000 
 2251 4220 FFFFFF0F 			.word	0x0FFFFFFF, 0xFFFFFF00, 0x00000000
 2251      00FFFFFF 
 2251      00000000 
 2252 422c FFFFFF0F 			.word	0x0FFFFFFF, 0xFFFFFF80, 0x00000000
 2252      80FFFFFF 
 2252      00000000 
 2253 4238 FFFFFF0F 			.word	0x0FFFFFFF, 0xFFFFFFC0, 0x00000000
 2253      C0FFFFFF 
 2253      00000000 
 2254 4244 FFFFFF1F 			.word	0x1FFFFFFF, 0xFFFFFFE0, 0x00000000
ARM GAS  font_arial104.s 			page 78


 2254      E0FFFFFF 
 2254      00000000 
 2255 4250 C0FFFF1F 			.word	0x1FFFFFC0, 0x07FFFFE0, 0x00000000
 2255      E0FFFF07 
 2255      00000000 
 2256 425c 00FEFF1F 			.word	0x1FFFFE00, 0x007FFFF0, 0x00000000
 2256      F0FF7F00 
 2256      00000000 
 2257 4268 00F0FF1F 			.word	0x1FFFF000, 0x001FFFF8, 0x00000000
 2257      F8FF1F00 
 2257      00000000 
 2258 4274 00E0FF1F 			.word	0x1FFFE000, 0x0007FFF8, 0x00000000
 2258      F8FF0700 
 2258      00000000 
 2259 4280 0080FF3F 			.word	0x3FFF8000, 0x0003FFFC, 0x00000000
 2259      FCFF0300 
 2259      00000000 
 2260 428c 0000FF3F 			.word	0x3FFF0000, 0x0001FFFC, 0x00000000
 2260      FCFF0100 
 2260      00000000 
 2261 4298 0000FE3F 			.word	0x3FFE0000, 0x0000FFFE, 0x00000000
 2261      FEFF0000 
 2261      00000000 
 2262 42a4 0000FC07 			.word	0x07FC0000, 0x00007FFE, 0x00000000
 2262      FE7F0000 
 2262      00000000 
 2263 42b0 00001C00 			.word	0x001C0000, 0x00007FFF, 0x00000000
 2263      FF7F0000 
 2263      00000000 
 2264 42bc 00000000 			.word	0x00000000, 0x00003FFF, 0x00000000
 2264      FF3F0000 
 2264      00000000 
 2265 42c8 00000000 			.word	0x00000000, 0x00003FFF, 0x00000000
 2265      FF3F0000 
 2265      00000000 
 2266 42d4 00000000 			.word	0x00000000, 0x00001FFF, 0x00000000
 2266      FF1F0000 
 2266      00000000 
 2267 42e0 00000000 			.word	0x00000000, 0x00001FFF, 0x80000000
 2267      FF1F0000 
 2267      00000080 
 2268 42ec 00000000 			.word	0x00000000, 0x00000FFF, 0x80000000
 2268      FF0F0000 
 2268      00000080 
 2269 42f8 00000000 			.word	0x00000000, 0x00000FFF, 0x80000000
 2269      FF0F0000 
 2269      00000080 
 2270 4304 00000000 			.word	0x00000000, 0x00000FFF, 0x80000000
 2270      FF0F0000 
 2270      00000080 
 2271 4310 00000000 			.word	0x00000000, 0x00000FFF, 0x80000000
 2271      FF0F0000 
 2271      00000080 
 2272 431c 00000000 			.word	0x00000000, 0x00000FFF, 0x80000000
 2272      FF0F0000 
 2272      00000080 
 2273 4328 00000000 			.word	0x00000000, 0x000007FF, 0x80000000
ARM GAS  font_arial104.s 			page 79


 2273      FF070000 
 2273      00000080 
 2274 4334 00000000 			.word	0x00000000, 0x000007FF, 0x80000000
 2274      FF070000 
 2274      00000080 
 2275 4340 00000000 			.word	0x00000000, 0x000007FF, 0x80000000
 2275      FF070000 
 2275      00000080 
 2276 434c 00000000 			.word	0x00000000, 0x000007FF, 0x80000000
 2276      FF070000 
 2276      00000080 
 2277 4358 00000000 			.word	0x00000000, 0x000007FF, 0x80000000
 2277      FF070000 
 2277      00000080 
 2278 4364 00000000 			.word	0x00000000, 0x000007FF, 0x80000000
 2278      FF070000 
 2278      00000080 
 2279 4370 00000000 			.word	0x00000000, 0x00000FFF, 0x80000000
 2279      FF0F0000 
 2279      00000080 
 2280 437c 00000000 			.word	0x00000000, 0x00000FFF, 0x80000000
 2280      FF0F0000 
 2280      00000080 
 2281 4388 00000000 			.word	0x00000000, 0x00000FFF, 0x80000000
 2281      FF0F0000 
 2281      00000080 
 2282 4394 0000F803 			.word	0x03F80000, 0x00000FFF, 0x80000000
 2282      FF0F0000 
 2282      00000080 
 2283 43a0 0000F8FF 			.word	0xFFF80000, 0x00000FFF, 0x80000000
 2283      FF0F0000 
 2283      00000080 
 2284 43ac 0000F8FF 			.word	0xFFF80000, 0x00000FFF, 0x00000000
 2284      FF0F0000 
 2284      00000000 
 2285 43b8 0000F8FF 			.word	0xFFF80000, 0x00001FFF, 0x00000000
 2285      FF1F0000 
 2285      00000000 
 2286 43c4 0000FCFF 			.word	0xFFFC0000, 0x00001FFF, 0x00000000
 2286      FF1F0000 
 2286      00000000 
 2287 43d0 0000FCFF 			.word	0xFFFC0000, 0x00003FFF, 0x00000000
 2287      FF3F0000 
 2287      00000000 
 2288 43dc 0000FC7F 			.word	0x7FFC0000, 0x00003FFE, 0x00000000
 2288      FE3F0000 
 2288      00000000 
 2289 43e8 0000FE7F 			.word	0x7FFE0000, 0x00007FFE, 0x00000000
 2289      FE7F0000 
 2289      00000000 
 2290 43f4 0000FE7F 			.word	0x7FFE0000, 0x00007FFE, 0x00000000
 2290      FE7F0000 
 2290      00000000 
 2291 4400 0000FF3F 			.word	0x3FFF0000, 0x0000FFFC, 0x00000000
 2291      FCFF0000 
 2291      00000000 
 2292 440c 0080FF3F 			.word	0x3FFF8000, 0x0001FFFC, 0x00000000
ARM GAS  font_arial104.s 			page 80


 2292      FCFF0100 
 2292      00000000 
 2293 4418 0080FF3F 			.word	0x3FFF8000, 0x0003FFF8, 0x00000000
 2293      F8FF0300 
 2293      00000000 
 2294 4424 00C0FF1F 			.word	0x1FFFC000, 0x0007FFF8, 0x00000000
 2294      F8FF0700 
 2294      00000000 
 2295 4430 00F0FF1F 			.word	0x1FFFF000, 0x000FFFF0, 0x00000000
 2295      F0FF0F00 
 2295      00000000 
 2296 443c 00F8FF0F 			.word	0x0FFFF800, 0x003FFFE0, 0x00000000
 2296      E0FF3F00 
 2296      00000000 
 2297 4448 00FEFF07 			.word	0x07FFFE00, 0x00FFFFE0, 0x00000000
 2297      E0FFFF00 
 2297      00000000 
 2298 4454 C0FFFF07 			.word	0x07FFFFC0, 0x07FFFFC0, 0x00000000
 2298      C0FFFF07 
 2298      00000000 
 2299 4460 FFFFFF03 			.word	0x03FFFFFF, 0xFFFFFF80, 0x00000000
 2299      80FFFFFF 
 2299      00000000 
 2300 446c FFFFFF01 			.word	0x01FFFFFF, 0xFFFFFF00, 0x00000000
 2300      00FFFFFF 
 2300      00000000 
 2301 4478 FFFFFF00 			.word	0x00FFFFFF, 0xFFFFFE00, 0x00000000
 2301      00FEFFFF 
 2301      00000000 
 2302 4484 FFFF7F00 			.word	0x007FFFFF, 0xFFFFFC00, 0x00000000
 2302      00FCFFFF 
 2302      00000000 
 2303 4490 FFFF3F00 			.word	0x003FFFFF, 0xFFFFF800, 0x00000000
 2303      00F8FFFF 
 2303      00000000 
 2304 449c FFFF1F00 			.word	0x001FFFFF, 0xFFFFF000, 0x00000000
 2304      00F0FFFF 
 2304      00000000 
 2305 44a8 FFFF0F00 			.word	0x000FFFFF, 0xFFFFE000, 0x00000000
 2305      00E0FFFF 
 2305      00000000 
 2306 44b4 FFFF0300 			.word	0x0003FFFF, 0xFFFF8000, 0x00000000
 2306      0080FFFF 
 2306      00000000 
 2307 44c0 FFFF0000 			.word	0x0000FFFF, 0xFFFE0000, 0x00000000
 2307      0000FEFF 
 2307      00000000 
 2308 44cc FF3F0000 			.word	0x00003FFF, 0xFFF80000, 0x00000000
 2308      0000F8FF 
 2308      00000000 
 2309 44d8 FF070000 			.word	0x000007FF, 0xFFC00000, 0x00000000
 2309      0000C0FF 
 2309      00000000 
 2310 44e4 7F000000 			.word	0x0000007F, 0xFC000000, 0x00000000
 2310      000000FC 
 2310      00000000 
 2311              	
ARM GAS  font_arial104.s 			page 81


 2312              	SIX:
 2313 44f0 36000000 			.word	'6			// ASCII "6" character
 2314 44f4 4D000000 			.word	CELLWDTH		// cell pixel width
 2315 44f8 82000000 			.word	CELLHGHT		// cell pixel height
 2316 44fc 42000000 			.word	66			// glyph pixel width
 2317 4500 65000000 			.word	101			// glyph pixel height
 2318 4504 05000000 			.word	5			// blank horizontal pixels before glyph
 2319 4508 06000000 			.word	6			// blank horizontal pixels after glyph
 2320 450c 00000000 			.word	0			// blank horizontal lines before glyph
 2321 4510 1D000000 			.word	29			// blank horizontal lines after glyph
 2322              							// bit mapped glyph
 2323 4514 03000000 			.word	0x00000003, 0xFFC00000, 0x00000000
 2323      0000C0FF 
 2323      00000000 
 2324 4520 7F000000 			.word	0x0000007F, 0xFFFC0000, 0x00000000
 2324      0000FCFF 
 2324      00000000 
 2325 452c FF010000 			.word	0x000001FF, 0xFFFF0000, 0x00000000
 2325      0000FFFF 
 2325      00000000 
 2326 4538 FF070000 			.word	0x000007FF, 0xFFFFC000, 0x00000000
 2326      00C0FFFF 
 2326      00000000 
 2327 4544 FF1F0000 			.word	0x00001FFF, 0xFFFFF000, 0x00000000
 2327      00F0FFFF 
 2327      00000000 
 2328 4550 FF7F0000 			.word	0x00007FFF, 0xFFFFF800, 0x00000000
 2328      00F8FFFF 
 2328      00000000 
 2329 455c FFFF0000 			.word	0x0000FFFF, 0xFFFFFE00, 0x00000000
 2329      00FEFFFF 
 2329      00000000 
 2330 4568 FFFF0100 			.word	0x0001FFFF, 0xFFFFFF00, 0x00000000
 2330      00FFFFFF 
 2330      00000000 
 2331 4574 FFFF0300 			.word	0x0003FFFF, 0xFFFFFF80, 0x00000000
 2331      80FFFFFF 
 2331      00000000 
 2332 4580 FFFF0700 			.word	0x0007FFFF, 0xFFFFFF80, 0x00000000
 2332      80FFFFFF 
 2332      00000000 
 2333 458c FFFF0F00 			.word	0x000FFFFF, 0xFFFFFFC0, 0x00000000
 2333      C0FFFFFF 
 2333      00000000 
 2334 4598 FFFF1F00 			.word	0x001FFFFF, 0xFFFFFFE0, 0x00000000
 2334      E0FFFFFF 
 2334      00000000 
 2335 45a4 FCFF3F00 			.word	0x003FFFFC, 0x00FFFFF0, 0x00000000
 2335      F0FFFF00 
 2335      00000000 
 2336 45b0 E0FF7F00 			.word	0x007FFFE0, 0x001FFFF0, 0x00000000
 2336      F0FF1F00 
 2336      00000000 
 2337 45bc 80FF7F00 			.word	0x007FFF80, 0x000FFFF8, 0x00000000
 2337      F8FF0F00 
 2337      00000000 
 2338 45c8 00FFFF00 			.word	0x00FFFF00, 0x0003FFF8, 0x00000000
ARM GAS  font_arial104.s 			page 82


 2338      F8FF0300 
 2338      00000000 
 2339 45d4 00FCFF01 			.word	0x01FFFC00, 0x0001FFFC, 0x00000000
 2339      FCFF0100 
 2339      00000000 
 2340 45e0 00F8FF01 			.word	0x01FFF800, 0x0000FFFC, 0x00000000
 2340      FCFF0000 
 2340      00000000 
 2341 45ec 00F8FF03 			.word	0x03FFF800, 0x00007FFC, 0x00000000
 2341      FC7F0000 
 2341      00000000 
 2342 45f8 00F0FF03 			.word	0x03FFF000, 0x00007FFE, 0x00000000
 2342      FE7F0000 
 2342      00000000 
 2343 4604 00E0FF03 			.word	0x03FFE000, 0x00003FFE, 0x00000000
 2343      FE3F0000 
 2343      00000000 
 2344 4610 00C0FF07 			.word	0x07FFC000, 0x00003FFE, 0x00000000
 2344      FE3F0000 
 2344      00000000 
 2345 461c 00C0FF07 			.word	0x07FFC000, 0x00001FFE, 0x00000000
 2345      FE1F0000 
 2345      00000000 
 2346 4628 0080FF0F 			.word	0x0FFF8000, 0x00001FFF, 0x00000000
 2346      FF1F0000 
 2346      00000000 
 2347 4634 0080FF0F 			.word	0x0FFF8000, 0x00001FFF, 0x00000000
 2347      FF1F0000 
 2347      00000000 
 2348 4640 0000FF0F 			.word	0x0FFF0000, 0x00000FFF, 0x00000000
 2348      FF0F0000 
 2348      00000000 
 2349 464c 0000FF1F 			.word	0x1FFF0000, 0x00000FC0, 0x00000000
 2349      C00F0000 
 2349      00000000 
 2350 4658 0000FE1F 			.word	0x1FFE0000, 0x00000000, 0x00000000
 2350      00000000 
 2350      00000000 
 2351 4664 0000FE1F 			.word	0x1FFE0000, 0x00000000, 0x00000000
 2351      00000000 
 2351      00000000 
 2352 4670 0000FE1F 			.word	0x1FFE0000, 0x00000000, 0x00000000
 2352      00000000 
 2352      00000000 
 2353 467c 0000FC3F 			.word	0x3FFC0000, 0x00000000, 0x00000000
 2353      00000000 
 2353      00000000 
 2354 4688 0000FC3F 			.word	0x3FFC0000, 0x00000000, 0x00000000
 2354      00000000 
 2354      00000000 
 2355 4694 0000FC3F 			.word	0x3FFC0000, 0x00000000, 0x00000000
 2355      00000000 
 2355      00000000 
 2356 46a0 0000FC3F 			.word	0x3FFC0000, 0x00000000, 0x00000000
 2356      00000000 
 2356      00000000 
 2357 46ac 0000F83F 			.word	0x3FF80000, 0x00000000, 0x00000000
ARM GAS  font_arial104.s 			page 83


 2357      00000000 
 2357      00000000 
 2358 46b8 0100F87F 			.word	0x7FF80001, 0xFFC00000, 0x00000000
 2358      0000C0FF 
 2358      00000000 
 2359 46c4 1F00F87F 			.word	0x7FF8001F, 0xFFFC0000, 0x00000000
 2359      0000FCFF 
 2359      00000000 
 2360 46d0 7F00F87F 			.word	0x7FF8007F, 0xFFFF0000, 0x00000000
 2360      0000FFFF 
 2360      00000000 
 2361 46dc FF01F87F 			.word	0x7FF801FF, 0xFFFFC000, 0x00000000
 2361      00C0FFFF 
 2361      00000000 
 2362 46e8 FF07F87F 			.word	0x7FF807FF, 0xFFFFF000, 0x00000000
 2362      00F0FFFF 
 2362      00000000 
 2363 46f4 FF0FF87F 			.word	0x7FF80FFF, 0xFFFFF800, 0x00000000
 2363      00F8FFFF 
 2363      00000000 
 2364 4700 FF3FF87F 			.word	0x7FF83FFF, 0xFFFFFC00, 0x00000000
 2364      00FCFFFF 
 2364      00000000 
 2365 470c FF7FF87F 			.word	0x7FF87FFF, 0xFFFFFF00, 0x00000000
 2365      00FFFFFF 
 2365      00000000 
 2366 4718 FFFFF07F 			.word	0x7FF0FFFF, 0xFFFFFF80, 0x00000000
 2366      80FFFFFF 
 2366      00000000 
 2367 4724 FFFFF17F 			.word	0x7FF1FFFF, 0xFFFFFFC0, 0x00000000
 2367      C0FFFFFF 
 2367      00000000 
 2368 4730 FFFFF3FF 			.word	0xFFF3FFFF, 0xFFFFFFC0, 0x00000000
 2368      C0FFFFFF 
 2368      00000000 
 2369 473c FFFFF3FF 			.word	0xFFF3FFFF, 0xFFFFFFE0, 0x00000000
 2369      E0FFFFFF 
 2369      00000000 
 2370 4748 F8FFFFFF 			.word	0xFFFFFFF8, 0x01FFFFF0, 0x00000000
 2370      F0FFFF01 
 2370      00000000 
 2371 4754 C0FFFFFF 			.word	0xFFFFFFC0, 0x003FFFF8, 0x00000000
 2371      F8FF3F00 
 2371      00000000 
 2372 4760 00FFFFFF 			.word	0xFFFFFF00, 0x000FFFF8, 0x00000000
 2372      F8FF0F00 
 2372      00000000 
 2373 476c 00FCFFFF 			.word	0xFFFFFC00, 0x0003FFFC, 0x00000000
 2373      FCFF0300 
 2373      00000000 
 2374 4778 00F8FFFF 			.word	0xFFFFF800, 0x0001FFFC, 0x00000000
 2374      FCFF0100 
 2374      00000000 
 2375 4784 00F0FFFF 			.word	0xFFFFF000, 0x0000FFFE, 0x00000000
 2375      FEFF0000 
 2375      00000000 
 2376 4790 00E0FFFF 			.word	0xFFFFE000, 0x00007FFE, 0x00000000
ARM GAS  font_arial104.s 			page 84


 2376      FE7F0000 
 2376      00000000 
 2377 479c 00C0FFFF 			.word	0xFFFFC000, 0x00003FFF, 0x00000000
 2377      FF3F0000 
 2377      00000000 
 2378 47a8 0080FFFF 			.word	0xFFFF8000, 0x00003FFF, 0x00000000
 2378      FF3F0000 
 2378      00000000 
 2379 47b4 0080FFFF 			.word	0xFFFF8000, 0x00001FFF, 0x00000000
 2379      FF1F0000 
 2379      00000000 
 2380 47c0 0000FFFF 			.word	0xFFFF0000, 0x00000FFF, 0x80000000
 2380      FF0F0000 
 2380      00000080 
 2381 47cc 0000FFFF 			.word	0xFFFF0000, 0x00000FFF, 0x80000000
 2381      FF0F0000 
 2381      00000080 
 2382 47d8 0000FEFF 			.word	0xFFFE0000, 0x00000FFF, 0x80000000
 2382      FF0F0000 
 2382      00000080 
 2383 47e4 0000FE7F 			.word	0x7FFE0000, 0x000007FF, 0x80000000
 2383      FF070000 
 2383      00000080 
 2384 47f0 0000FE7F 			.word	0x7FFE0000, 0x000007FF, 0x80000000
 2384      FF070000 
 2384      00000080 
 2385 47fc 0000FE7F 			.word	0x7FFE0000, 0x000007FF, 0x80000000
 2385      FF070000 
 2385      00000080 
 2386 4808 0000FC7F 			.word	0x7FFC0000, 0x000007FF, 0xC0000000
 2386      FF070000 
 2386      000000C0 
 2387 4814 0000FC7F 			.word	0x7FFC0000, 0x000007FF, 0xC0000000
 2387      FF070000 
 2387      000000C0 
 2388 4820 0000FC7F 			.word	0x7FFC0000, 0x000007FF, 0xC0000000
 2388      FF070000 
 2388      000000C0 
 2389 482c 0000FC7F 			.word	0x7FFC0000, 0x000007FF, 0xC0000000
 2389      FF070000 
 2389      000000C0 
 2390 4838 0000FC7F 			.word	0x7FFC0000, 0x000007FF, 0xC0000000
 2390      FF070000 
 2390      000000C0 
 2391 4844 0000FC7F 			.word	0x7FFC0000, 0x000007FF, 0xC0000000
 2391      FF070000 
 2391      000000C0 
 2392 4850 0000FC3F 			.word	0x3FFC0000, 0x000007FF, 0xC0000000
 2392      FF070000 
 2392      000000C0 
 2393 485c 0000FC3F 			.word	0x3FFC0000, 0x000007FF, 0xC0000000
 2393      FF070000 
 2393      000000C0 
 2394 4868 0000FE3F 			.word	0x3FFE0000, 0x000007FF, 0x80000000
 2394      FF070000 
 2394      00000080 
 2395 4874 0000FE3F 			.word	0x3FFE0000, 0x000007FF, 0x80000000
ARM GAS  font_arial104.s 			page 85


 2395      FF070000 
 2395      00000080 
 2396 4880 0000FE3F 			.word	0x3FFE0000, 0x000007FF, 0x80000000
 2396      FF070000 
 2396      00000080 
 2397 488c 0000FE1F 			.word	0x1FFE0000, 0x000007FF, 0x80000000
 2397      FF070000 
 2397      00000080 
 2398 4898 0000FF1F 			.word	0x1FFF0000, 0x00000FFF, 0x80000000
 2398      FF0F0000 
 2398      00000080 
 2399 48a4 0000FF1F 			.word	0x1FFF0000, 0x00000FFF, 0x80000000
 2399      FF0F0000 
 2399      00000080 
 2400 48b0 0080FF1F 			.word	0x1FFF8000, 0x00000FFF, 0x00000000
 2400      FF0F0000 
 2400      00000000 
 2401 48bc 0080FF0F 			.word	0x0FFF8000, 0x00001FFF, 0x00000000
 2401      FF1F0000 
 2401      00000000 
 2402 48c8 00C0FF0F 			.word	0x0FFFC000, 0x00001FFF, 0x00000000
 2402      FF1F0000 
 2402      00000000 
 2403 48d4 00C0FF0F 			.word	0x0FFFC000, 0x00003FFE, 0x00000000
 2403      FE3F0000 
 2403      00000000 
 2404 48e0 00E0FF07 			.word	0x07FFE000, 0x00003FFE, 0x00000000
 2404      FE3F0000 
 2404      00000000 
 2405 48ec 00F0FF07 			.word	0x07FFF000, 0x00007FFE, 0x00000000
 2405      FE7F0000 
 2405      00000000 
 2406 48f8 00F8FF03 			.word	0x03FFF800, 0x0000FFFC, 0x00000000
 2406      FCFF0000 
 2406      00000000 
 2407 4904 00FCFF03 			.word	0x03FFFC00, 0x0001FFFC, 0x00000000
 2407      FCFF0100 
 2407      00000000 
 2408 4910 00FEFF01 			.word	0x01FFFE00, 0x0003FFF8, 0x00000000
 2408      F8FF0300 
 2408      00000000 
 2409 491c 80FFFF01 			.word	0x01FFFF80, 0x000FFFF8, 0x00000000
 2409      F8FF0F00 
 2409      00000000 
 2410 4928 E0FFFF00 			.word	0x00FFFFE0, 0x003FFFF0, 0x00000000
 2410      F0FF3F00 
 2410      00000000 
 2411 4934 FCFF7F00 			.word	0x007FFFFC, 0x01FFFFE0, 0x00000000
 2411      E0FFFF01 
 2411      00000000 
 2412 4940 FFFF3F00 			.word	0x003FFFFF, 0xFFFFFFE0, 0x00000000
 2412      E0FFFFFF 
 2412      00000000 
 2413 494c FFFF3F00 			.word	0x003FFFFF, 0xFFFFFFC0, 0x00000000
 2413      C0FFFFFF 
 2413      00000000 
 2414 4958 FFFF1F00 			.word	0x001FFFFF, 0xFFFFFF80, 0x00000000
ARM GAS  font_arial104.s 			page 86


 2414      80FFFFFF 
 2414      00000000 
 2415 4964 FFFF0F00 			.word	0x000FFFFF, 0xFFFFFF00, 0x00000000
 2415      00FFFFFF 
 2415      00000000 
 2416 4970 FFFF0300 			.word	0x0003FFFF, 0xFFFFFE00, 0x00000000
 2416      00FEFFFF 
 2416      00000000 
 2417 497c FFFF0100 			.word	0x0001FFFF, 0xFFFFFC00, 0x00000000
 2417      00FCFFFF 
 2417      00000000 
 2418 4988 FFFF0000 			.word	0x0000FFFF, 0xFFFFF000, 0x00000000
 2418      00F0FFFF 
 2418      00000000 
 2419 4994 FF3F0000 			.word	0x00003FFF, 0xFFFFE000, 0x00000000
 2419      00E0FFFF 
 2419      00000000 
 2420 49a0 FF1F0000 			.word	0x00001FFF, 0xFFFF8000, 0x00000000
 2420      0080FFFF 
 2420      00000000 
 2421 49ac FF030000 			.word	0x000003FF, 0xFFFE0000, 0x00000000
 2421      0000FEFF 
 2421      00000000 
 2422 49b8 FF000000 			.word	0x000000FF, 0xFFF80000, 0x00000000
 2422      0000F8FF 
 2422      00000000 
 2423 49c4 0F000000 			.word	0x0000000F, 0xFF000000, 0x00000000
 2423      000000FF 
 2423      00000000 
 2424              	
 2425              	SEVEN:
 2426 49d0 37000000 			.word	'7			// ASCII "7" character
 2427 49d4 4D000000 			.word	CELLWDTH		// cell pixel width
 2428 49d8 82000000 			.word	CELLHGHT		// cell pixel height
 2429 49dc 40000000 			.word	64			// glyph pixel width
 2430 49e0 63000000 			.word	99			// glyph pixel height
 2431 49e4 07000000 			.word	7			// blank horizontal pixels before glyph
 2432 49e8 06000000 			.word	6			// blank horizontal pixels after glyph
 2433 49ec 01000000 			.word	1			// blank horizontal lines before glyph
 2434 49f0 1E000000 			.word	30			// blank horizontal lines after glyph
 2435              							// bit mapped glyph
 2436 49f4 FFFFFFFF 			.word	0xFFFFFFFF, 0xFFFFFFFF
 2436      FFFFFFFF 
 2437 49fc FFFFFFFF 			.word	0xFFFFFFFF, 0xFFFFFFFF
 2437      FFFFFFFF 
 2438 4a04 FFFFFFFF 			.word	0xFFFFFFFF, 0xFFFFFFFF
 2438      FFFFFFFF 
 2439 4a0c FFFFFFFF 			.word	0xFFFFFFFF, 0xFFFFFFFF
 2439      FFFFFFFF 
 2440 4a14 FFFFFFFF 			.word	0xFFFFFFFF, 0xFFFFFFFF
 2440      FFFFFFFF 
 2441 4a1c FFFFFFFF 			.word	0xFFFFFFFF, 0xFFFFFFFF
 2441      FFFFFFFF 
 2442 4a24 FFFFFFFF 			.word	0xFFFFFFFF, 0xFFFFFFFF
 2442      FFFFFFFF 
 2443 4a2c FFFFFFFF 			.word	0xFFFFFFFF, 0xFFFFFFFF
 2443      FFFFFFFF 
ARM GAS  font_arial104.s 			page 87


 2444 4a34 FFFFFFFF 			.word	0xFFFFFFFF, 0xFFFFFFFF
 2444      FFFFFFFF 
 2445 4a3c FFFFFFFF 			.word	0xFFFFFFFF, 0xFFFFFFFF
 2445      FFFFFFFF 
 2446 4a44 FFFFFFFF 			.word	0xFFFFFFFF, 0xFFFFFFFE
 2446      FEFFFFFF 
 2447 4a4c FFFFFFFF 			.word	0xFFFFFFFF, 0xFFFFFFFC
 2447      FCFFFFFF 
 2448 4a54 00000000 			.word	0x00000000, 0x0000FFF8
 2448      F8FF0000 
 2449 4a5c 00000000 			.word	0x00000000, 0x0001FFF0
 2449      F0FF0100 
 2450 4a64 00000000 			.word	0x00000000, 0x0003FFF0
 2450      F0FF0300 
 2451 4a6c 00000000 			.word	0x00000000, 0x0007FFE0
 2451      E0FF0700 
 2452 4a74 00000000 			.word	0x00000000, 0x000FFFC0
 2452      C0FF0F00 
 2453 4a7c 00000000 			.word	0x00000000, 0x000FFF80
 2453      80FF0F00 
 2454 4a84 00000000 			.word	0x00000000, 0x001FFF00
 2454      00FF1F00 
 2455 4a8c 00000000 			.word	0x00000000, 0x003FFF00
 2455      00FF3F00 
 2456 4a94 00000000 			.word	0x00000000, 0x007FFE00
 2456      00FE7F00 
 2457 4a9c 00000000 			.word	0x00000000, 0x007FFC00
 2457      00FC7F00 
 2458 4aa4 00000000 			.word	0x00000000, 0x00FFFC00
 2458      00FCFF00 
 2459 4aac 00000000 			.word	0x00000000, 0x01FFF800
 2459      00F8FF01 
 2460 4ab4 00000000 			.word	0x00000000, 0x01FFF000
 2460      00F0FF01 
 2461 4abc 00000000 			.word	0x00000000, 0x03FFF000
 2461      00F0FF03 
 2462 4ac4 00000000 			.word	0x00000000, 0x07FFE000
 2462      00E0FF07 
 2463 4acc 00000000 			.word	0x00000000, 0x07FFC000
 2463      00C0FF07 
 2464 4ad4 00000000 			.word	0x00000000, 0x0FFFC000
 2464      00C0FF0F 
 2465 4adc 00000000 			.word	0x00000000, 0x0FFF8000
 2465      0080FF0F 
 2466 4ae4 00000000 			.word	0x00000000, 0x1FFF8000
 2466      0080FF1F 
 2467 4aec 00000000 			.word	0x00000000, 0x3FFF0000
 2467      0000FF3F 
 2468 4af4 00000000 			.word	0x00000000, 0x3FFE0000
 2468      0000FE3F 
 2469 4afc 00000000 			.word	0x00000000, 0x7FFE0000
 2469      0000FE7F 
 2470 4b04 00000000 			.word	0x00000000, 0x7FFC0000
 2470      0000FC7F 
 2471 4b0c 00000000 			.word	0x00000000, 0xFFFC0000
 2471      0000FCFF 
 2472 4b14 00000000 			.word	0x00000000, 0xFFF80000
ARM GAS  font_arial104.s 			page 88


 2472      0000F8FF 
 2473 4b1c 01000000 			.word	0x00000001, 0xFFF80000
 2473      0000F8FF 
 2474 4b24 01000000 			.word	0x00000001, 0xFFF00000
 2474      0000F0FF 
 2475 4b2c 03000000 			.word	0x00000003, 0xFFE00000
 2475      0000E0FF 
 2476 4b34 07000000 			.word	0x00000007, 0xFFE00000
 2476      0000E0FF 
 2477 4b3c 07000000 			.word	0x00000007, 0xFFC00000
 2477      0000C0FF 
 2478 4b44 0F000000 			.word	0x0000000F, 0xFFC00000
 2478      0000C0FF 
 2479 4b4c 0F000000 			.word	0x0000000F, 0xFF800000
 2479      000080FF 
 2480 4b54 0F000000 			.word	0x0000000F, 0xFF800000
 2480      000080FF 
 2481 4b5c 1F000000 			.word	0x0000001F, 0xFF000000
 2481      000000FF 
 2482 4b64 1F000000 			.word	0x0000001F, 0xFF000000
 2482      000000FF 
 2483 4b6c 3F000000 			.word	0x0000003F, 0xFE000000
 2483      000000FE 
 2484 4b74 3F000000 			.word	0x0000003F, 0xFE000000
 2484      000000FE 
 2485 4b7c 7F000000 			.word	0x0000007F, 0xFE000000
 2485      000000FE 
 2486 4b84 7F000000 			.word	0x0000007F, 0xFC000000
 2486      000000FC 
 2487 4b8c FF000000 			.word	0x000000FF, 0xFC000000
 2487      000000FC 
 2488 4b94 FF000000 			.word	0x000000FF, 0xF8000000
 2488      000000F8 
 2489 4b9c FF000000 			.word	0x000000FF, 0xF8000000
 2489      000000F8 
 2490 4ba4 FF010000 			.word	0x000001FF, 0xF0000000
 2490      000000F0 
 2491 4bac FF010000 			.word	0x000001FF, 0xF0000000
 2491      000000F0 
 2492 4bb4 FF030000 			.word	0x000003FF, 0xF0000000
 2492      000000F0 
 2493 4bbc FF030000 			.word	0x000003FF, 0xE0000000
 2493      000000E0 
 2494 4bc4 FF030000 			.word	0x000003FF, 0xE0000000
 2494      000000E0 
 2495 4bcc FF070000 			.word	0x000007FF, 0xC0000000
 2495      000000C0 
 2496 4bd4 FF070000 			.word	0x000007FF, 0xC0000000
 2496      000000C0 
 2497 4bdc FF070000 			.word	0x000007FF, 0xC0000000
 2497      000000C0 
 2498 4be4 FF0F0000 			.word	0x00000FFF, 0x80000000
 2498      00000080 
 2499 4bec FF0F0000 			.word	0x00000FFF, 0x80000000
 2499      00000080 
 2500 4bf4 FF0F0000 			.word	0x00000FFF, 0x80000000
 2500      00000080 
ARM GAS  font_arial104.s 			page 89


 2501 4bfc FF1F0000 			.word	0x00001FFF, 0x00000000
 2501      00000000 
 2502 4c04 FF1F0000 			.word	0x00001FFF, 0x00000000
 2502      00000000 
 2503 4c0c FF1F0000 			.word	0x00001FFF, 0x00000000
 2503      00000000 
 2504 4c14 FE1F0000 			.word	0x00001FFE, 0x00000000
 2504      00000000 
 2505 4c1c FE3F0000 			.word	0x00003FFE, 0x00000000
 2505      00000000 
 2506 4c24 FE3F0000 			.word	0x00003FFE, 0x00000000
 2506      00000000 
 2507 4c2c FE3F0000 			.word	0x00003FFE, 0x00000000
 2507      00000000 
 2508 4c34 FC3F0000 			.word	0x00003FFC, 0x00000000
 2508      00000000 
 2509 4c3c FC7F0000 			.word	0x00007FFC, 0x00000000
 2509      00000000 
 2510 4c44 FC7F0000 			.word	0x00007FFC, 0x00000000
 2510      00000000 
 2511 4c4c F87F0000 			.word	0x00007FF8, 0x00000000
 2511      00000000 
 2512 4c54 F87F0000 			.word	0x00007FF8, 0x00000000
 2512      00000000 
 2513 4c5c F8FF0000 			.word	0x0000FFF8, 0x00000000
 2513      00000000 
 2514 4c64 F8FF0000 			.word	0x0000FFF8, 0x00000000
 2514      00000000 
 2515 4c6c F8FF0000 			.word	0x0000FFF8, 0x00000000
 2515      00000000 
 2516 4c74 F0FF0000 			.word	0x0000FFF0, 0x00000000
 2516      00000000 
 2517 4c7c F0FF0000 			.word	0x0000FFF0, 0x00000000
 2517      00000000 
 2518 4c84 F0FF0100 			.word	0x0001FFF0, 0x00000000
 2518      00000000 
 2519 4c8c F0FF0100 			.word	0x0001FFF0, 0x00000000
 2519      00000000 
 2520 4c94 F0FF0100 			.word	0x0001FFF0, 0x00000000
 2520      00000000 
 2521 4c9c E0FF0100 			.word	0x0001FFE0, 0x00000000
 2521      00000000 
 2522 4ca4 E0FF0100 			.word	0x0001FFE0, 0x00000000
 2522      00000000 
 2523 4cac E0FF0300 			.word	0x0003FFE0, 0x00000000
 2523      00000000 
 2524 4cb4 E0FF0300 			.word	0x0003FFE0, 0x00000000
 2524      00000000 
 2525 4cbc E0FF0300 			.word	0x0003FFE0, 0x00000000
 2525      00000000 
 2526 4cc4 E0FF0300 			.word	0x0003FFE0, 0x00000000
 2526      00000000 
 2527 4ccc E0FF0300 			.word	0x0003FFE0, 0x00000000
 2527      00000000 
 2528 4cd4 C0FF0300 			.word	0x0003FFC0, 0x00000000
 2528      00000000 
 2529 4cdc C0FF0300 			.word	0x0003FFC0, 0x00000000
ARM GAS  font_arial104.s 			page 90


 2529      00000000 
 2530 4ce4 C0FF0300 			.word	0x0003FFC0, 0x00000000
 2530      00000000 
 2531 4cec C0FF0700 			.word	0x0007FFC0, 0x00000000
 2531      00000000 
 2532 4cf4 C0FF0700 			.word	0x0007FFC0, 0x00000000
 2532      00000000 
 2533 4cfc C0FF0700 			.word	0x0007FFC0, 0x00000000
 2533      00000000 
 2534 4d04 C0FF0700 			.word	0x0007FFC0, 0x00000000
 2534      00000000 
 2535              	
 2536              	EIGHT:
 2537 4d0c 38000000 			.word	'8			// ASCII "8" character
 2538 4d10 4D000000 			.word	CELLWDTH		// cell pixel width
 2539 4d14 82000000 			.word	CELLHGHT		// cell pixel height
 2540 4d18 41000000 			.word	65			// glyph pixel width
 2541 4d1c 65000000 			.word	101			// glyph pixel height
 2542 4d20 06000000 			.word	6			// blank horizontal pixels before glyph
 2543 4d24 06000000 			.word	6			// blank horizontal pixels after glyph
 2544 4d28 00000000 			.word	0			// blank horizontal lines before glyph
 2545 4d2c 1D000000 			.word	29			// blank horizontal lines after glyph
 2546              							// bit mapped glyph
 2547 4d30 3F000000 			.word	0x0000003F, 0xFE000000, 0x00000000
 2547      000000FE 
 2547      00000000 
 2548 4d3c FF030000 			.word	0x000003FF, 0xFFE00000, 0x00000000
 2548      0000E0FF 
 2548      00000000 
 2549 4d48 FF1F0000 			.word	0x00001FFF, 0xFFFC0000, 0x00000000
 2549      0000FCFF 
 2549      00000000 
 2550 4d54 FF7F0000 			.word	0x00007FFF, 0xFFFF0000, 0x00000000
 2550      0000FFFF 
 2550      00000000 
 2551 4d60 FFFF0100 			.word	0x0001FFFF, 0xFFFF8000, 0x00000000
 2551      0080FFFF 
 2551      00000000 
 2552 4d6c FFFF0300 			.word	0x0003FFFF, 0xFFFFE000, 0x00000000
 2552      00E0FFFF 
 2552      00000000 
 2553 4d78 FFFF0F00 			.word	0x000FFFFF, 0xFFFFF000, 0x00000000
 2553      00F0FFFF 
 2553      00000000 
 2554 4d84 FFFF1F00 			.word	0x001FFFFF, 0xFFFFF800, 0x00000000
 2554      00F8FFFF 
 2554      00000000 
 2555 4d90 FFFF3F00 			.word	0x003FFFFF, 0xFFFFFC00, 0x00000000
 2555      00FCFFFF 
 2555      00000000 
 2556 4d9c FFFF7F00 			.word	0x007FFFFF, 0xFFFFFE00, 0x00000000
 2556      00FEFFFF 
 2556      00000000 
 2557 4da8 FFFFFF00 			.word	0x00FFFFFF, 0xFFFFFF00, 0x00000000
 2557      00FFFFFF 
 2557      00000000 
 2558 4db4 FFFFFF00 			.word	0x00FFFFFF, 0xFFFFFF80, 0x00000000
ARM GAS  font_arial104.s 			page 91


 2558      80FFFFFF 
 2558      00000000 
 2559 4dc0 F0FFFF01 			.word	0x01FFFFF0, 0x07FFFF80, 0x00000000
 2559      80FFFF07 
 2559      00000000 
 2560 4dcc 00FFFF01 			.word	0x01FFFF00, 0x00FFFFC0, 0x00000000
 2560      C0FFFF00 
 2560      00000000 
 2561 4dd8 00FEFF03 			.word	0x03FFFE00, 0x003FFFE0, 0x00000000
 2561      E0FF3F00 
 2561      00000000 
 2562 4de4 00F8FF03 			.word	0x03FFF800, 0x001FFFE0, 0x00000000
 2562      E0FF1F00 
 2562      00000000 
 2563 4df0 00F0FF07 			.word	0x07FFF000, 0x0007FFE0, 0x00000000
 2563      E0FF0700 
 2563      00000000 
 2564 4dfc 00E0FF07 			.word	0x07FFE000, 0x0003FFF0, 0x00000000
 2564      F0FF0300 
 2564      00000000 
 2565 4e08 00C0FF07 			.word	0x07FFC000, 0x0003FFF0, 0x00000000
 2565      F0FF0300 
 2565      00000000 
 2566 4e14 00C0FF0F 			.word	0x0FFFC000, 0x0001FFF0, 0x00000000
 2566      F0FF0100 
 2566      00000000 
 2567 4e20 0080FF0F 			.word	0x0FFF8000, 0x0000FFF8, 0x00000000
 2567      F8FF0000 
 2567      00000000 
 2568 4e2c 0080FF0F 			.word	0x0FFF8000, 0x0000FFF8, 0x00000000
 2568      F8FF0000 
 2568      00000000 
 2569 4e38 0000FF0F 			.word	0x0FFF0000, 0x0000FFF8, 0x00000000
 2569      F8FF0000 
 2569      00000000 
 2570 4e44 0000FF0F 			.word	0x0FFF0000, 0x0000FFF8, 0x00000000
 2570      F8FF0000 
 2570      00000000 
 2571 4e50 0000FF0F 			.word	0x0FFF0000, 0x00007FF8, 0x00000000
 2571      F87F0000 
 2571      00000000 
 2572 4e5c 0000FF0F 			.word	0x0FFF0000, 0x00007FF8, 0x00000000
 2572      F87F0000 
 2572      00000000 
 2573 4e68 0000FF0F 			.word	0x0FFF0000, 0x00007FF8, 0x00000000
 2573      F87F0000 
 2573      00000000 
 2574 4e74 0000FF0F 			.word	0x0FFF0000, 0x00007FF8, 0x00000000
 2574      F87F0000 
 2574      00000000 
 2575 4e80 0000FF0F 			.word	0x0FFF0000, 0x0000FFF8, 0x00000000
 2575      F8FF0000 
 2575      00000000 
 2576 4e8c 0080FF0F 			.word	0x0FFF8000, 0x0000FFF8, 0x00000000
 2576      F8FF0000 
 2576      00000000 
 2577 4e98 0080FF0F 			.word	0x0FFF8000, 0x0000FFF0, 0x00000000
ARM GAS  font_arial104.s 			page 92


 2577      F0FF0000 
 2577      00000000 
 2578 4ea4 00C0FF07 			.word	0x07FFC000, 0x0001FFF0, 0x00000000
 2578      F0FF0100 
 2578      00000000 
 2579 4eb0 00C0FF07 			.word	0x07FFC000, 0x0001FFF0, 0x00000000
 2579      F0FF0100 
 2579      00000000 
 2580 4ebc 00E0FF07 			.word	0x07FFE000, 0x0003FFE0, 0x00000000
 2580      E0FF0300 
 2580      00000000 
 2581 4ec8 00F0FF03 			.word	0x03FFF000, 0x0007FFE0, 0x00000000
 2581      E0FF0700 
 2581      00000000 
 2582 4ed4 00F8FF03 			.word	0x03FFF800, 0x000FFFC0, 0x00000000
 2582      C0FF0F00 
 2582      00000000 
 2583 4ee0 00FCFF01 			.word	0x01FFFC00, 0x003FFFC0, 0x00000000
 2583      C0FF3F00 
 2583      00000000 
 2584 4eec 00FFFF00 			.word	0x00FFFF00, 0x00FFFF80, 0x00000000
 2584      80FFFF00 
 2584      00000000 
 2585 4ef8 F0FF7F00 			.word	0x007FFFF0, 0x07FFFF00, 0x00000000
 2585      00FFFF07 
 2585      00000000 
 2586 4f04 FFFF3F00 			.word	0x003FFFFF, 0xFFFFFE00, 0x00000000
 2586      00FEFFFF 
 2586      00000000 
 2587 4f10 FFFF1F00 			.word	0x001FFFFF, 0xFFFFFC00, 0x00000000
 2587      00FCFFFF 
 2587      00000000 
 2588 4f1c FFFF0F00 			.word	0x000FFFFF, 0xFFFFF800, 0x00000000
 2588      00F8FFFF 
 2588      00000000 
 2589 4f28 FFFF0300 			.word	0x0003FFFF, 0xFFFFE000, 0x00000000
 2589      00E0FFFF 
 2589      00000000 
 2590 4f34 FFFF0000 			.word	0x0000FFFF, 0xFFFF8000, 0x00000000
 2590      0080FFFF 
 2590      00000000 
 2591 4f40 FF3F0000 			.word	0x00003FFF, 0xFFFE0000, 0x00000000
 2591      0000FEFF 
 2591      00000000 
 2592 4f4c FFFF0000 			.word	0x0000FFFF, 0xFFFF8000, 0x00000000
 2592      0080FFFF 
 2592      00000000 
 2593 4f58 FFFF0700 			.word	0x0007FFFF, 0xFFFFE000, 0x00000000
 2593      00E0FFFF 
 2593      00000000 
 2594 4f64 FFFF0F00 			.word	0x000FFFFF, 0xFFFFF800, 0x00000000
 2594      00F8FFFF 
 2594      00000000 
 2595 4f70 FFFF3F00 			.word	0x003FFFFF, 0xFFFFFC00, 0x00000000
 2595      00FCFFFF 
 2595      00000000 
 2596 4f7c FFFF7F00 			.word	0x007FFFFF, 0xFFFFFF00, 0x00000000
ARM GAS  font_arial104.s 			page 93


 2596      00FFFFFF 
 2596      00000000 
 2597 4f88 FFFFFF01 			.word	0x01FFFFFF, 0xFFFFFF80, 0x00000000
 2597      80FFFFFF 
 2597      00000000 
 2598 4f94 E0FFFF03 			.word	0x03FFFFE0, 0x07FFFFC0, 0x00000000
 2598      C0FFFF07 
 2598      00000000 
 2599 4fa0 00FFFF03 			.word	0x03FFFF00, 0x007FFFE0, 0x00000000
 2599      E0FF7F00 
 2599      00000000 
 2600 4fac 00FCFF07 			.word	0x07FFFC00, 0x001FFFF0, 0x00000000
 2600      F0FF1F00 
 2600      00000000 
 2601 4fb8 00F0FF0F 			.word	0x0FFFF000, 0x000FFFF0, 0x00000000
 2601      F0FF0F00 
 2601      00000000 
 2602 4fc4 00E0FF1F 			.word	0x1FFFE000, 0x0003FFF8, 0x00000000
 2602      F8FF0300 
 2602      00000000 
 2603 4fd0 00C0FF1F 			.word	0x1FFFC000, 0x0001FFFC, 0x00000000
 2603      FCFF0100 
 2603      00000000 
 2604 4fdc 0080FF3F 			.word	0x3FFF8000, 0x0000FFFC, 0x00000000
 2604      FCFF0000 
 2604      00000000 
 2605 4fe8 0000FF3F 			.word	0x3FFF0000, 0x00007FFE, 0x00000000
 2605      FE7F0000 
 2605      00000000 
 2606 4ff4 0000FE7F 			.word	0x7FFE0000, 0x00003FFE, 0x00000000
 2606      FE3F0000 
 2606      00000000 
 2607 5000 0000FC7F 			.word	0x7FFC0000, 0x00003FFE, 0x00000000
 2607      FE3F0000 
 2607      00000000 
 2608 500c 0000FC7F 			.word	0x7FFC0000, 0x00001FFF, 0x00000000
 2608      FF1F0000 
 2608      00000000 
 2609 5018 0000F87F 			.word	0x7FF80000, 0x00001FFF, 0x00000000
 2609      FF1F0000 
 2609      00000000 
 2610 5024 0000F8FF 			.word	0xFFF80000, 0x00000FFF, 0x00000000
 2610      FF0F0000 
 2610      00000000 
 2611 5030 0000F8FF 			.word	0xFFF80000, 0x00000FFF, 0x80000000
 2611      FF0F0000 
 2611      00000080 
 2612 503c 0000F8FF 			.word	0xFFF80000, 0x00000FFF, 0x80000000
 2612      FF0F0000 
 2612      00000080 
 2613 5048 0000F0FF 			.word	0xFFF00000, 0x00000FFF, 0x80000000
 2613      FF0F0000 
 2613      00000080 
 2614 5054 0000F0FF 			.word	0xFFF00000, 0x000007FF, 0x80000000
 2614      FF070000 
 2614      00000080 
 2615 5060 0000F0FF 			.word	0xFFF00000, 0x000007FF, 0x80000000
ARM GAS  font_arial104.s 			page 94


 2615      FF070000 
 2615      00000080 
 2616 506c 0000F0FF 			.word	0xFFF00000, 0x000007FF, 0x80000000
 2616      FF070000 
 2616      00000080 
 2617 5078 0000F0FF 			.word	0xFFF00000, 0x000007FF, 0x80000000
 2617      FF070000 
 2617      00000080 
 2618 5084 0000F0FF 			.word	0xFFF00000, 0x000007FF, 0x80000000
 2618      FF070000 
 2618      00000080 
 2619 5090 0000F0FF 			.word	0xFFF00000, 0x000007FF, 0x80000000
 2619      FF070000 
 2619      00000080 
 2620 509c 0000F0FF 			.word	0xFFF00000, 0x000007FF, 0x80000000
 2620      FF070000 
 2620      00000080 
 2621 50a8 0000F8FF 			.word	0xFFF80000, 0x00000FFF, 0x80000000
 2621      FF0F0000 
 2621      00000080 
 2622 50b4 0000F8FF 			.word	0xFFF80000, 0x00000FFF, 0x80000000
 2622      FF0F0000 
 2622      00000080 
 2623 50c0 0000F8FF 			.word	0xFFF80000, 0x00000FFF, 0x80000000
 2623      FF0F0000 
 2623      00000080 
 2624 50cc 0000FCFF 			.word	0xFFFC0000, 0x00001FFF, 0x00000000
 2624      FF1F0000 
 2624      00000000 
 2625 50d8 0000FC7F 			.word	0x7FFC0000, 0x00001FFF, 0x00000000
 2625      FF1F0000 
 2625      00000000 
 2626 50e4 0000FE7F 			.word	0x7FFE0000, 0x00003FFF, 0x00000000
 2626      FF3F0000 
 2626      00000000 
 2627 50f0 0000FE7F 			.word	0x7FFE0000, 0x00003FFF, 0x00000000
 2627      FF3F0000 
 2627      00000000 
 2628 50fc 0000FF3F 			.word	0x3FFF0000, 0x00007FFE, 0x00000000
 2628      FE7F0000 
 2628      00000000 
 2629 5108 0080FF3F 			.word	0x3FFF8000, 0x0000FFFE, 0x00000000
 2629      FEFF0000 
 2629      00000000 
 2630 5114 00C0FF1F 			.word	0x1FFFC000, 0x0001FFFC, 0x00000000
 2630      FCFF0100 
 2630      00000000 
 2631 5120 00E0FF1F 			.word	0x1FFFE000, 0x0003FFFC, 0x00000000
 2631      FCFF0300 
 2631      00000000 
 2632 512c 00F0FF0F 			.word	0x0FFFF000, 0x0007FFF8, 0x00000000
 2632      F8FF0700 
 2632      00000000 
 2633 5138 00FCFF0F 			.word	0x0FFFFC00, 0x001FFFF8, 0x00000000
 2633      F8FF1F00 
 2633      00000000 
 2634 5144 00FFFF07 			.word	0x07FFFF00, 0x007FFFF0, 0x00000000
ARM GAS  font_arial104.s 			page 95


 2634      F0FF7F00 
 2634      00000000 
 2635 5150 F0FFFF03 			.word	0x03FFFFF0, 0x03FFFFE0, 0x00000000
 2635      E0FFFF03 
 2635      00000000 
 2636 515c FFFFFF03 			.word	0x03FFFFFF, 0xFFFFFFE0, 0x00000000
 2636      E0FFFFFF 
 2636      00000000 
 2637 5168 FFFFFF01 			.word	0x01FFFFFF, 0xFFFFFFC0, 0x00000000
 2637      C0FFFFFF 
 2637      00000000 
 2638 5174 FFFFFF00 			.word	0x00FFFFFF, 0xFFFFFF80, 0x00000000
 2638      80FFFFFF 
 2638      00000000 
 2639 5180 FFFF7F00 			.word	0x007FFFFF, 0xFFFFFF00, 0x00000000
 2639      00FFFFFF 
 2639      00000000 
 2640 518c FFFF3F00 			.word	0x003FFFFF, 0xFFFFFE00, 0x00000000
 2640      00FEFFFF 
 2640      00000000 
 2641 5198 FFFF1F00 			.word	0x001FFFFF, 0xFFFFF800, 0x00000000
 2641      00F8FFFF 
 2641      00000000 
 2642 51a4 FFFF0700 			.word	0x0007FFFF, 0xFFFFF000, 0x00000000
 2642      00F0FFFF 
 2642      00000000 
 2643 51b0 FFFF0300 			.word	0x0003FFFF, 0xFFFFC000, 0x00000000
 2643      00C0FFFF 
 2643      00000000 
 2644 51bc FFFF0000 			.word	0x0000FFFF, 0xFFFF8000, 0x00000000
 2644      0080FFFF 
 2644      00000000 
 2645 51c8 FF3F0000 			.word	0x00003FFF, 0xFFFC0000, 0x00000000
 2645      0000FCFF 
 2645      00000000 
 2646 51d4 FF070000 			.word	0x000007FF, 0xFFF00000, 0x00000000
 2646      0000F0FF 
 2646      00000000 
 2647 51e0 3F000000 			.word	0x0000003F, 0xFE000000, 0x00000000
 2647      000000FE 
 2647      00000000 
 2648              	
 2649              	NINE:
 2650 51ec 39000000 			.word	'9			// ASCII "9" character
 2651 51f0 4D000000 			.word	CELLWDTH		// cell pixel width
 2652 51f4 82000000 			.word	CELLHGHT		// cell pixel height
 2653 51f8 41000000 			.word	65			// glyph pixel width
 2654 51fc 65000000 			.word	101			// glyph pixel height
 2655 5200 06000000 			.word	6			// blank horizontal pixels before glyph
 2656 5204 06000000 			.word	6			// blank horizontal pixels after glyph
 2657 5208 00000000 			.word	0			// blank horizontal lines before glyph
 2658 520c 1D000000 			.word	29			// blank horizontal lines after glyph
 2659              							// bit mapped glyph
 2660 5210 7F000000 			.word	0x0000007F, 0xF8000000, 0x00000000
 2660      000000F8 
 2660      00000000 
 2661 521c FF070000 			.word	0x000007FF, 0xFF800000, 0x00000000
ARM GAS  font_arial104.s 			page 96


 2661      000080FF 
 2661      00000000 
 2662 5228 FF3F0000 			.word	0x00003FFF, 0xFFE00000, 0x00000000
 2662      0000E0FF 
 2662      00000000 
 2663 5234 FFFF0000 			.word	0x0000FFFF, 0xFFFC0000, 0x00000000
 2663      0000FCFF 
 2663      00000000 
 2664 5240 FFFF0300 			.word	0x0003FFFF, 0xFFFE0000, 0x00000000
 2664      0000FEFF 
 2664      00000000 
 2665 524c FFFF0700 			.word	0x0007FFFF, 0xFFFF8000, 0x00000000
 2665      0080FFFF 
 2665      00000000 
 2666 5258 FFFF0F00 			.word	0x000FFFFF, 0xFFFFC000, 0x00000000
 2666      00C0FFFF 
 2666      00000000 
 2667 5264 FFFF3F00 			.word	0x003FFFFF, 0xFFFFF000, 0x00000000
 2667      00F0FFFF 
 2667      00000000 
 2668 5270 FFFF7F00 			.word	0x007FFFFF, 0xFFFFF800, 0x00000000
 2668      00F8FFFF 
 2668      00000000 
 2669 527c FFFFFF00 			.word	0x00FFFFFF, 0xFFFFFC00, 0x00000000
 2669      00FCFFFF 
 2669      00000000 
 2670 5288 FFFFFF00 			.word	0x00FFFFFF, 0xFFFFFE00, 0x00000000
 2670      00FEFFFF 
 2670      00000000 
 2671 5294 FFFFFF01 			.word	0x01FFFFFF, 0xFFFFFF00, 0x00000000
 2671      00FFFFFF 
 2671      00000000 
 2672 52a0 F0FFFF03 			.word	0x03FFFFF0, 0x07FFFF00, 0x00000000
 2672      00FFFF07 
 2672      00000000 
 2673 52ac 80FFFF07 			.word	0x07FFFF80, 0x00FFFF80, 0x00000000
 2673      80FFFF00 
 2673      00000000 
 2674 52b8 00FEFF07 			.word	0x07FFFE00, 0x003FFFC0, 0x00000000
 2674      C0FF3F00 
 2674      00000000 
 2675 52c4 00F8FF0F 			.word	0x0FFFF800, 0x001FFFC0, 0x00000000
 2675      C0FF1F00 
 2675      00000000 
 2676 52d0 00F0FF0F 			.word	0x0FFFF000, 0x0007FFE0, 0x00000000
 2676      E0FF0700 
 2676      00000000 
 2677 52dc 00E0FF1F 			.word	0x1FFFE000, 0x0003FFE0, 0x00000000
 2677      E0FF0300 
 2677      00000000 
 2678 52e8 00C0FF1F 			.word	0x1FFFC000, 0x0001FFF0, 0x00000000
 2678      F0FF0100 
 2678      00000000 
 2679 52f4 0080FF3F 			.word	0x3FFF8000, 0x0001FFF0, 0x00000000
 2679      F0FF0100 
 2679      00000000 
 2680 5300 0000FF3F 			.word	0x3FFF0000, 0x0000FFF8, 0x00000000
ARM GAS  font_arial104.s 			page 97


 2680      F8FF0000 
 2680      00000000 
 2681 530c 0000FF7F 			.word	0x7FFF0000, 0x00007FF8, 0x00000000
 2681      F87F0000 
 2681      00000000 
 2682 5318 0000FE7F 			.word	0x7FFE0000, 0x00007FFC, 0x00000000
 2682      FC7F0000 
 2682      00000000 
 2683 5324 0000FC7F 			.word	0x7FFC0000, 0x00003FFC, 0x00000000
 2683      FC3F0000 
 2683      00000000 
 2684 5330 0000FC7F 			.word	0x7FFC0000, 0x00003FFC, 0x00000000
 2684      FC3F0000 
 2684      00000000 
 2685 533c 0000FC7F 			.word	0x7FFC0000, 0x00003FFE, 0x00000000
 2685      FE3F0000 
 2685      00000000 
 2686 5348 0000F8FF 			.word	0xFFF80000, 0x00001FFE, 0x00000000
 2686      FE1F0000 
 2686      00000000 
 2687 5354 0000F8FF 			.word	0xFFF80000, 0x00001FFE, 0x00000000
 2687      FE1F0000 
 2687      00000000 
 2688 5360 0000F8FF 			.word	0xFFF80000, 0x00001FFE, 0x00000000
 2688      FE1F0000 
 2688      00000000 
 2689 536c 0000F8FF 			.word	0xFFF80000, 0x00001FFE, 0x00000000
 2689      FE1F0000 
 2689      00000000 
 2690 5378 0000F0FF 			.word	0xFFF00000, 0x00001FFF, 0x00000000
 2690      FF1F0000 
 2690      00000000 
 2691 5384 0000F0FF 			.word	0xFFF00000, 0x00001FFF, 0x00000000
 2691      FF1F0000 
 2691      00000000 
 2692 5390 0000F0FF 			.word	0xFFF00000, 0x00001FFF, 0x00000000
 2692      FF1F0000 
 2692      00000000 
 2693 539c 0000F0FF 			.word	0xFFF00000, 0x00001FFF, 0x00000000
 2693      FF1F0000 
 2693      00000000 
 2694 53a8 0000F0FF 			.word	0xFFF00000, 0x00001FFF, 0x00000000
 2694      FF1F0000 
 2694      00000000 
 2695 53b4 0000F0FF 			.word	0xFFF00000, 0x00001FFF, 0x00000000
 2695      FF1F0000 
 2695      00000000 
 2696 53c0 0000F0FF 			.word	0xFFF00000, 0x00001FFF, 0x00000000
 2696      FF1F0000 
 2696      00000000 
 2697 53cc 0000F0FF 			.word	0xFFF00000, 0x00001FFF, 0x00000000
 2697      FF1F0000 
 2697      00000000 
 2698 53d8 0000F8FF 			.word	0xFFF80000, 0x00001FFF, 0x80000000
 2698      FF1F0000 
 2698      00000080 
 2699 53e4 0000F8FF 			.word	0xFFF80000, 0x00001FFF, 0x80000000
ARM GAS  font_arial104.s 			page 98


 2699      FF1F0000 
 2699      00000080 
 2700 53f0 0000F8FF 			.word	0xFFF80000, 0x00001FFF, 0x80000000
 2700      FF1F0000 
 2700      00000080 
 2701 53fc 0000F87F 			.word	0x7FF80000, 0x00003FFF, 0x80000000
 2701      FF3F0000 
 2701      00000080 
 2702 5408 0000FC7F 			.word	0x7FFC0000, 0x00003FFF, 0x80000000
 2702      FF3F0000 
 2702      00000080 
 2703 5414 0000FC7F 			.word	0x7FFC0000, 0x00007FFF, 0x80000000
 2703      FF7F0000 
 2703      00000080 
 2704 5420 0000FE7F 			.word	0x7FFE0000, 0x00007FFF, 0x80000000
 2704      FF7F0000 
 2704      00000080 
 2705 542c 0000FE3F 			.word	0x3FFE0000, 0x0000FFFF, 0x80000000
 2705      FFFF0000 
 2705      00000080 
 2706 5438 0000FF3F 			.word	0x3FFF0000, 0x0000FFFF, 0x80000000
 2706      FFFF0000 
 2706      00000080 
 2707 5444 0080FF3F 			.word	0x3FFF8000, 0x0001FFFF, 0x80000000
 2707      FFFF0100 
 2707      00000080 
 2708 5450 00C0FF1F 			.word	0x1FFFC000, 0x0003FFFF, 0x80000000
 2708      FFFF0300 
 2708      00000080 
 2709 545c 00E0FF1F 			.word	0x1FFFE000, 0x0007FFFF, 0x80000000
 2709      FFFF0700 
 2709      00000080 
 2710 5468 00F0FF0F 			.word	0x0FFFF000, 0x000FFFFF, 0x80000000
 2710      FFFF0F00 
 2710      00000080 
 2711 5474 00FCFF0F 			.word	0x0FFFFC00, 0x003FFFFF, 0x80000000
 2711      FFFF3F00 
 2711      00000080 
 2712 5480 00FFFF07 			.word	0x07FFFF00, 0x00FFFFFF, 0x80000000
 2712      FFFFFF00 
 2712      00000080 
 2713 548c E0FFFF07 			.word	0x07FFFFE0, 0x07FFF7FF, 0x80000000
 2713      FFF7FF07 
 2713      00000080 
 2714 5498 FFFFFF03 			.word	0x03FFFFFF, 0xFFFFE7FF, 0x80000000
 2714      FFE7FFFF 
 2714      00000080 
 2715 54a4 FFFFFF01 			.word	0x01FFFFFF, 0xFFFFC7FF, 0x80000000
 2715      FFC7FFFF 
 2715      00000080 
 2716 54b0 FFFFFF00 			.word	0x00FFFFFF, 0xFFFF87FF, 0x80000000
 2716      FF87FFFF 
 2716      00000080 
 2717 54bc FFFF7F00 			.word	0x007FFFFF, 0xFFFF07FF, 0x80000000
 2717      FF07FFFF 
 2717      00000080 
 2718 54c8 FFFF3F00 			.word	0x003FFFFF, 0xFFFE07FF, 0x00000000
ARM GAS  font_arial104.s 			page 99


 2718      FF07FEFF 
 2718      00000000 
 2719 54d4 FFFF1F00 			.word	0x001FFFFF, 0xFFFC07FF, 0x00000000
 2719      FF07FCFF 
 2719      00000000 
 2720 54e0 FFFF0F00 			.word	0x000FFFFF, 0xFFF807FF, 0x00000000
 2720      FF07F8FF 
 2720      00000000 
 2721 54ec FFFF0300 			.word	0x0003FFFF, 0xFFE00FFF, 0x00000000
 2721      FF0FE0FF 
 2721      00000000 
 2722 54f8 FFFF0100 			.word	0x0001FFFF, 0xFFC00FFF, 0x00000000
 2722      FF0FC0FF 
 2722      00000000 
 2723 5504 FF7F0000 			.word	0x00007FFF, 0xFF000FFF, 0x00000000
 2723      FF0F00FF 
 2723      00000000 
 2724 5510 FF0F0000 			.word	0x00000FFF, 0xFC000FFF, 0x00000000
 2724      FF0F00FC 
 2724      00000000 
 2725 551c FF010000 			.word	0x000001FF, 0xC0000FFF, 0x00000000
 2725      FF0F00C0 
 2725      00000000 
 2726 5528 00000000 			.word	0x00000000, 0x00000FFF, 0x00000000
 2726      FF0F0000 
 2726      00000000 
 2727 5534 00000000 			.word	0x00000000, 0x00001FFE, 0x00000000
 2727      FE1F0000 
 2727      00000000 
 2728 5540 00000000 			.word	0x00000000, 0x00001FFE, 0x00000000
 2728      FE1F0000 
 2728      00000000 
 2729 554c 00000000 			.word	0x00000000, 0x00001FFE, 0x00000000
 2729      FE1F0000 
 2729      00000000 
 2730 5558 00000000 			.word	0x00000000, 0x00001FFE, 0x00000000
 2730      FE1F0000 
 2730      00000000 
 2731 5564 00000000 			.word	0x00000000, 0x00003FFE, 0x00000000
 2731      FE3F0000 
 2731      00000000 
 2732 5570 00000000 			.word	0x00000000, 0x00003FFC, 0x00000000
 2732      FC3F0000 
 2732      00000000 
 2733 557c 00000000 			.word	0x00000000, 0x00003FFC, 0x00000000
 2733      FC3F0000 
 2733      00000000 
 2734 5588 00000000 			.word	0x00000000, 0x00007FFC, 0x00000000
 2734      FC7F0000 
 2734      00000000 
 2735 5594 0000F800 			.word	0x00F80000, 0x00007FFC, 0x00000000
 2735      FC7F0000 
 2735      00000000 
 2736 55a0 0000FC3F 			.word	0x3FFC0000, 0x0000FFF8, 0x00000000
 2736      F8FF0000 
 2736      00000000 
 2737 55ac 0000FC3F 			.word	0x3FFC0000, 0x0000FFF8, 0x00000000
ARM GAS  font_arial104.s 			page 100


 2737      F8FF0000 
 2737      00000000 
 2738 55b8 0000FC3F 			.word	0x3FFC0000, 0x0001FFF8, 0x00000000
 2738      F8FF0100 
 2738      00000000 
 2739 55c4 0000FE3F 			.word	0x3FFE0000, 0x0001FFF0, 0x00000000
 2739      F0FF0100 
 2739      00000000 
 2740 55d0 0000FE3F 			.word	0x3FFE0000, 0x0003FFF0, 0x00000000
 2740      F0FF0300 
 2740      00000000 
 2741 55dc 0000FE1F 			.word	0x1FFE0000, 0x0007FFE0, 0x00000000
 2741      E0FF0700 
 2741      00000000 
 2742 55e8 0000FF1F 			.word	0x1FFF0000, 0x000FFFE0, 0x00000000
 2742      E0FF0F00 
 2742      00000000 
 2743 55f4 0080FF1F 			.word	0x1FFF8000, 0x000FFFC0, 0x00000000
 2743      C0FF0F00 
 2743      00000000 
 2744 5600 00C0FF0F 			.word	0x0FFFC000, 0x003FFFC0, 0x00000000
 2744      C0FF3F00 
 2744      00000000 
 2745 560c 00E0FF0F 			.word	0x0FFFE000, 0x007FFF80, 0x00000000
 2745      80FF7F00 
 2745      00000000 
 2746 5618 00F0FF07 			.word	0x07FFF000, 0x00FFFF80, 0x00000000
 2746      80FFFF00 
 2746      00000000 
 2747 5624 00FCFF07 			.word	0x07FFFC00, 0x03FFFF00, 0x00000000
 2747      00FFFF03 
 2747      00000000 
 2748 5630 80FFFF03 			.word	0x03FFFF80, 0x1FFFFE00, 0x00000000
 2748      00FEFF1F 
 2748      00000000 
 2749 563c FFFFFF03 			.word	0x03FFFFFF, 0xFFFFFC00, 0x00000000
 2749      00FCFFFF 
 2749      00000000 
 2750 5648 FFFFFF01 			.word	0x01FFFFFF, 0xFFFFFC00, 0x00000000
 2750      00FCFFFF 
 2750      00000000 
 2751 5654 FFFFFF00 			.word	0x00FFFFFF, 0xFFFFF800, 0x00000000
 2751      00F8FFFF 
 2751      00000000 
 2752 5660 FFFF7F00 			.word	0x007FFFFF, 0xFFFFF000, 0x00000000
 2752      00F0FFFF 
 2752      00000000 
 2753 566c FFFF7F00 			.word	0x007FFFFF, 0xFFFFE000, 0x00000000
 2753      00E0FFFF 
 2753      00000000 
 2754 5678 FFFF1F00 			.word	0x001FFFFF, 0xFFFF8000, 0x00000000
 2754      0080FFFF 
 2754      00000000 
 2755 5684 FFFF0F00 			.word	0x000FFFFF, 0xFFFF0000, 0x00000000
 2755      0000FFFF 
 2755      00000000 
 2756 5690 FFFF0700 			.word	0x0007FFFF, 0xFFFC0000, 0x00000000
ARM GAS  font_arial104.s 			page 101


 2756      0000FCFF 
 2756      00000000 
 2757 569c FFFF0100 			.word	0x0001FFFF, 0xFFF80000, 0x00000000
 2757      0000F8FF 
 2757      00000000 
 2758 56a8 FF7F0000 			.word	0x00007FFF, 0xFFC00000, 0x00000000
 2758      0000C0FF 
 2758      00000000 
 2759 56b4 FF1F0000 			.word	0x00001FFF, 0xFF000000, 0x00000000
 2759      000000FF 
 2759      00000000 
 2760 56c0 FF010000 			.word	0x000001FF, 0xF0000000, 0x00000000
 2760      000000F0 
 2760      00000000 
 2761              	
 2762              	COLON:
 2763 56cc 3A000000 			.word	':			// ASCII ":" character
 2764 56d0 27000000 			.word	39			// cell pixel width
 2765 56d4 82000000 			.word	CELLHGHT		// cell pixel height
 2766 56d8 0E000000 			.word	14			// glyph pixel width
 2767 56dc 49000000 			.word	73			// glyph pixel height
 2768 56e0 0D000000 			.word	13			// blank horizontal pixels before glyph
 2769 56e4 0C000000 			.word	12			// blank horizontal pixels after glyph
 2770 56e8 1B000000 			.word	27			// blank horizontal lines before glyph
 2771 56ec 1E000000 			.word	30			// blank horizontal lines after glyph
 2772              							// bit mapped glyph
 2773 56f0 0000FCFF 			.word	0xFFFC0000
 2774 56f4 0000FCFF 			.word	0xFFFC0000
 2775 56f8 0000FCFF 			.word	0xFFFC0000
 2776 56fc 0000FCFF 			.word	0xFFFC0000
 2777 5700 0000FCFF 			.word	0xFFFC0000
 2778 5704 0000FCFF 			.word	0xFFFC0000
 2779 5708 0000FCFF 			.word	0xFFFC0000
 2780 570c 0000FCFF 			.word	0xFFFC0000
 2781 5710 0000FCFF 			.word	0xFFFC0000
 2782 5714 0000FCFF 			.word	0xFFFC0000
 2783 5718 0000FCFF 			.word	0xFFFC0000
 2784 571c 0000FCFF 			.word	0xFFFC0000
 2785 5720 00000000 			.word	0x00000000
 2786 5724 00000000 			.word	0x00000000
 2787 5728 00000000 			.word	0x00000000
 2788 572c 00000000 			.word	0x00000000
 2789 5730 00000000 			.word	0x00000000
 2790 5734 00000000 			.word	0x00000000
 2791 5738 00000000 			.word	0x00000000
 2792 573c 00000000 			.word	0x00000000
 2793 5740 00000000 			.word	0x00000000
 2794 5744 00000000 			.word	0x00000000
 2795 5748 00000000 			.word	0x00000000
 2796 574c 00000000 			.word	0x00000000
 2797 5750 00000000 			.word	0x00000000
 2798 5754 00000000 			.word	0x00000000
 2799 5758 00000000 			.word	0x00000000
 2800 575c 00000000 			.word	0x00000000
 2801 5760 00000000 			.word	0x00000000
 2802 5764 00000000 			.word	0x00000000
 2803 5768 00000000 			.word	0x00000000
ARM GAS  font_arial104.s 			page 102


 2804 576c 00000000 			.word	0x00000000
 2805 5770 00000000 			.word	0x00000000
 2806 5774 00000000 			.word	0x00000000
 2807 5778 00000000 			.word	0x00000000
 2808 577c 00000000 			.word	0x00000000
 2809 5780 00000000 			.word	0x00000000
 2810 5784 00000000 			.word	0x00000000
 2811 5788 00000000 			.word	0x00000000
 2812 578c 00000000 			.word	0x00000000
 2813 5790 00000000 			.word	0x00000000
 2814 5794 00000000 			.word	0x00000000
 2815 5798 00000000 			.word	0x00000000
 2816 579c 00000000 			.word	0x00000000
 2817 57a0 00000000 			.word	0x00000000
 2818 57a4 00000000 			.word	0x00000000
 2819 57a8 00000000 			.word	0x00000000
 2820 57ac 00000000 			.word	0x00000000
 2821 57b0 00000000 			.word	0x00000000
 2822 57b4 00000000 			.word	0x00000000
 2823 57b8 00000000 			.word	0x00000000
 2824 57bc 00000000 			.word	0x00000000
 2825 57c0 00000000 			.word	0x00000000
 2826 57c4 00000000 			.word	0x00000000
 2827 57c8 00000000 			.word	0x00000000
 2828 57cc 00000000 			.word	0x00000000
 2829 57d0 00000000 			.word	0x00000000
 2830 57d4 00000000 			.word	0x00000000
 2831 57d8 00000000 			.word	0x00000000
 2832 57dc 00000000 			.word	0x00000000
 2833 57e0 00000000 			.word	0x00000000
 2834 57e4 0000FCFF 			.word	0xFFFC0000
 2835 57e8 0000FCFF 			.word	0xFFFC0000
 2836 57ec 0000FCFF 			.word	0xFFFC0000
 2837 57f0 0000FCFF 			.word	0xFFFC0000
 2838 57f4 0000FCFF 			.word	0xFFFC0000
 2839 57f8 0000FCFF 			.word	0xFFFC0000
 2840 57fc 0000FCFF 			.word	0xFFFC0000
 2841 5800 0000FCFF 			.word	0xFFFC0000
 2842 5804 0000FCFF 			.word	0xFFFC0000
 2843 5808 0000FCFF 			.word	0xFFFC0000
 2844 580c 0000FCFF 			.word	0xFFFC0000
 2845 5810 0000FCFF 			.word	0xFFFC0000
 2846              	
 2847              	SEMI_COLON:
 2848 5814 3B000000 			.word	';			// ASCII ";" character
 2849 5818 27000000 			.word	39			// cell pixel width
 2850 581c 82000000 			.word	CELLHGHT		// cell pixel height
 2851 5820 0E000000 			.word	14			// glyph pixel width
 2852 5824 5E000000 			.word	94			// glyph pixel height
 2853 5828 0C000000 			.word	12			// blank horizontal pixels before glyph
 2854 582c 0D000000 			.word	13			// blank horizontal pixels after glyph
 2855 5830 1B000000 			.word	27			// blank horizontal lines before glyph
 2856 5834 09000000 			.word	9			// blank horizontal lines after glyph
 2857              							// bit mapped glyph
 2858 5838 0000FC7F 			.word	0x7FFC0000
 2859 583c 0000FC7F 			.word	0x7FFC0000
 2860 5840 0000FC7F 			.word	0x7FFC0000
ARM GAS  font_arial104.s 			page 103


 2861 5844 0000FC7F 			.word	0x7FFC0000
 2862 5848 0000FC7F 			.word	0x7FFC0000
 2863 584c 0000FC7F 			.word	0x7FFC0000
 2864 5850 0000FC7F 			.word	0x7FFC0000
 2865 5854 0000FC7F 			.word	0x7FFC0000
 2866 5858 0000FC7F 			.word	0x7FFC0000
 2867 585c 0000FC7F 			.word	0x7FFC0000
 2868 5860 0000FC7F 			.word	0x7FFC0000
 2869 5864 0000FC7F 			.word	0x7FFC0000
 2870 5868 00000000 			.word	0x00000000
 2871 586c 00000000 			.word	0x00000000
 2872 5870 00000000 			.word	0x00000000
 2873 5874 00000000 			.word	0x00000000
 2874 5878 00000000 			.word	0x00000000
 2875 587c 00000000 			.word	0x00000000
 2876 5880 00000000 			.word	0x00000000
 2877 5884 00000000 			.word	0x00000000
 2878 5888 00000000 			.word	0x00000000
 2879 588c 00000000 			.word	0x00000000
 2880 5890 00000000 			.word	0x00000000
 2881 5894 00000000 			.word	0x00000000
 2882 5898 00000000 			.word	0x00000000
 2883 589c 00000000 			.word	0x00000000
 2884 58a0 00000000 			.word	0x00000000
 2885 58a4 00000000 			.word	0x00000000
 2886 58a8 00000000 			.word	0x00000000
 2887 58ac 00000000 			.word	0x00000000
 2888 58b0 00000000 			.word	0x00000000
 2889 58b4 00000000 			.word	0x00000000
 2890 58b8 00000000 			.word	0x00000000
 2891 58bc 00000000 			.word	0x00000000
 2892 58c0 00000000 			.word	0x00000000
 2893 58c4 00000000 			.word	0x00000000
 2894 58c8 00000000 			.word	0x00000000
 2895 58cc 00000000 			.word	0x00000000
 2896 58d0 00000000 			.word	0x00000000
 2897 58d4 00000000 			.word	0x00000000
 2898 58d8 00000000 			.word	0x00000000
 2899 58dc 00000000 			.word	0x00000000
 2900 58e0 00000000 			.word	0x00000000
 2901 58e4 00000000 			.word	0x00000000
 2902 58e8 00000000 			.word	0x00000000
 2903 58ec 00000000 			.word	0x00000000
 2904 58f0 00000000 			.word	0x00000000
 2905 58f4 00000000 			.word	0x00000000
 2906 58f8 00000000 			.word	0x00000000
 2907 58fc 00000000 			.word	0x00000000
 2908 5900 00000000 			.word	0x00000000
 2909 5904 00000000 			.word	0x00000000
 2910 5908 00000000 			.word	0x00000000
 2911 590c 00000000 			.word	0x00000000
 2912 5910 00000000 			.word	0x00000000
 2913 5914 00000000 			.word	0x00000000
 2914 5918 00000000 			.word	0x00000000
 2915 591c 00000000 			.word	0x00000000
 2916 5920 00000000 			.word	0x00000000
 2917 5924 00000000 			.word	0x00000000
ARM GAS  font_arial104.s 			page 104


 2918 5928 00000000 			.word	0x00000000
 2919 592c 0000FC7F 			.word	0x7FFC0000
 2920 5930 0000FC7F 			.word	0x7FFC0000
 2921 5934 0000FC7F 			.word	0x7FFC0000
 2922 5938 0000FC7F 			.word	0x7FFC0000
 2923 593c 0000FC7F 			.word	0x7FFC0000
 2924 5940 0000FC7F 			.word	0x7FFC0000
 2925 5944 0000FC7F 			.word	0x7FFC0000
 2926 5948 0000FC7F 			.word	0x7FFC0000
 2927 594c 0000FC7F 			.word	0x7FFC0000
 2928 5950 0000FC7F 			.word	0x7FFC0000
 2929 5954 0000FC7F 			.word	0x7FFC0000
 2930 5958 0000FC7F 			.word	0x7FFC0000
 2931 595c 0000FC00 			.word	0x00FC0000
 2932 5960 0000FC00 			.word	0x00FC0000
 2933 5964 0000FC00 			.word	0x00FC0000
 2934 5968 0000FC01 			.word	0x01FC0000
 2935 596c 0000FC01 			.word	0x01FC0000
 2936 5970 0000FC01 			.word	0x01FC0000
 2937 5974 0000FC01 			.word	0x01FC0000
 2938 5978 0000FC01 			.word	0x01FC0000
 2939 597c 0000F803 			.word	0x03F80000
 2940 5980 0000F803 			.word	0x03F80000
 2941 5984 0000F807 			.word	0x07F80000
 2942 5988 0000F807 			.word	0x07F80000
 2943 598c 0000F00F 			.word	0x0FF00000
 2944 5990 0000F01F 			.word	0x1FF00000
 2945 5994 0000E03F 			.word	0x3FE00000
 2946 5998 0000C0FF 			.word	0xFFC00000
 2947 599c 000080FF 			.word	0xFF800000
 2948 59a0 0000007F 			.word	0x7F000000
 2949 59a4 0000003E 			.word	0x3E000000
 2950 59a8 0000003C 			.word	0x3C000000
 2951 59ac 00000010 			.word	0x10000000
 2952              	
 2953              	LESS_THAN_SIGN:
 2954 59b0 3C000000 			.word	'<			// ASCII "<" character
 2955 59b4 51000000 			.word	81			// cell pixel width
 2956 59b8 82000000 			.word	CELLHGHT		// cell pixel height
 2957 59bc 41000000 			.word	65			// glyph pixel width
 2958 59c0 43000000 			.word	67			// glyph pixel height
 2959 59c4 08000000 			.word	8			// blank horizontal pixels before glyph
 2960 59c8 08000000 			.word	8			// blank horizontal pixels after glyph
 2961 59cc 11000000 			.word	17			// blank horizontal lines before glyph
 2962 59d0 2E000000 			.word	46			// blank horizontal lines after glyph
 2963              							// bit mapped glyph
 2964 59d4 00000000 			.word	0x00000000, 0x00000000, 0x80000000
 2964      00000000 
 2964      00000080 
 2965 59e0 00000000 			.word	0x00000000, 0x00000003, 0x80000000
 2965      03000000 
 2965      00000080 
 2966 59ec 00000000 			.word	0x00000000, 0x0000000F, 0x80000000
 2966      0F000000 
 2966      00000080 
 2967 59f8 00000000 			.word	0x00000000, 0x0000007F, 0x80000000
 2967      7F000000 
ARM GAS  font_arial104.s 			page 105


 2967      00000080 
 2968 5a04 00000000 			.word	0x00000000, 0x000001FF, 0x80000000
 2968      FF010000 
 2968      00000080 
 2969 5a10 00000000 			.word	0x00000000, 0x000007FF, 0x80000000
 2969      FF070000 
 2969      00000080 
 2970 5a1c 00000000 			.word	0x00000000, 0x00001FFF, 0x80000000
 2970      FF1F0000 
 2970      00000080 
 2971 5a28 00000000 			.word	0x00000000, 0x0000FFFF, 0x80000000
 2971      FFFF0000 
 2971      00000080 
 2972 5a34 00000000 			.word	0x00000000, 0x0003FFFF, 0x80000000
 2972      FFFF0300 
 2972      00000080 
 2973 5a40 00000000 			.word	0x00000000, 0x000FFFFF, 0x80000000
 2973      FFFF0F00 
 2973      00000080 
 2974 5a4c 00000000 			.word	0x00000000, 0x003FFFFF, 0x80000000
 2974      FFFF3F00 
 2974      00000080 
 2975 5a58 00000000 			.word	0x00000000, 0x01FFFFFF, 0x80000000
 2975      FFFFFF01 
 2975      00000080 
 2976 5a64 00000000 			.word	0x00000000, 0x07FFFFFF, 0x00000000
 2976      FFFFFF07 
 2976      00000000 
 2977 5a70 00000000 			.word	0x00000000, 0x1FFFFFFC, 0x00000000
 2977      FCFFFF1F 
 2977      00000000 
 2978 5a7c 00000000 			.word	0x00000000, 0x7FFFFFE0, 0x00000000
 2978      E0FFFF7F 
 2978      00000000 
 2979 5a88 03000000 			.word	0x00000003, 0xFFFFFF80, 0x00000000
 2979      80FFFFFF 
 2979      00000000 
 2980 5a94 0F000000 			.word	0x0000000F, 0xFFFFFC00, 0x00000000
 2980      00FCFFFF 
 2980      00000000 
 2981 5aa0 3F000000 			.word	0x0000003F, 0xFFFFF000, 0x00000000
 2981      00F0FFFF 
 2981      00000000 
 2982 5aac FF000000 			.word	0x000000FF, 0xFFFF8000, 0x00000000
 2982      0080FFFF 
 2982      00000000 
 2983 5ab8 FF070000 			.word	0x000007FF, 0xFFFE0000, 0x00000000
 2983      0000FEFF 
 2983      00000000 
 2984 5ac4 FF1F0000 			.word	0x00001FFF, 0xFFF80000, 0x00000000
 2984      0000F8FF 
 2984      00000000 
 2985 5ad0 FF7F0000 			.word	0x00007FFF, 0xFFC00000, 0x00000000
 2985      0000C0FF 
 2985      00000000 
 2986 5adc FFFF0300 			.word	0x0003FFFF, 0xFF000000, 0x00000000
 2986      000000FF 
ARM GAS  font_arial104.s 			page 106


 2986      00000000 
 2987 5ae8 FFFF0F00 			.word	0x000FFFFF, 0xF8000000, 0x00000000
 2987      000000F8 
 2987      00000000 
 2988 5af4 FFFF3F00 			.word	0x003FFFFF, 0xE0000000, 0x00000000
 2988      000000E0 
 2988      00000000 
 2989 5b00 FFFFFF00 			.word	0x00FFFFFF, 0x80000000, 0x00000000
 2989      00000080 
 2989      00000000 
 2990 5b0c FCFFFF07 			.word	0x07FFFFFC, 0x00000000, 0x00000000
 2990      00000000 
 2990      00000000 
 2991 5b18 F0FFFF1F 			.word	0x1FFFFFF0, 0x00000000, 0x00000000
 2991      00000000 
 2991      00000000 
 2992 5b24 80FFFF7F 			.word	0x7FFFFF80, 0x00000000, 0x00000000
 2992      00000000 
 2992      00000000 
 2993 5b30 00FEFFFF 			.word	0xFFFFFE00, 0x00000000, 0x00000000
 2993      00000000 
 2993      00000000 
 2994 5b3c 00F8FFFF 			.word	0xFFFFF800, 0x00000000, 0x00000000
 2994      00000000 
 2994      00000000 
 2995 5b48 00C0FFFF 			.word	0xFFFFC000, 0x00000000, 0x00000000
 2995      00000000 
 2995      00000000 
 2996 5b54 0000FFFF 			.word	0xFFFF0000, 0x00000000, 0x00000000
 2996      00000000 
 2996      00000000 
 2997 5b60 0000F8FF 			.word	0xFFF80000, 0x00000000, 0x00000000
 2997      00000000 
 2997      00000000 
 2998 5b6c 0000FFFF 			.word	0xFFFF0000, 0x00000000, 0x00000000
 2998      00000000 
 2998      00000000 
 2999 5b78 00C0FFFF 			.word	0xFFFFC000, 0x00000000, 0x00000000
 2999      00000000 
 2999      00000000 
 3000 5b84 00F8FFFF 			.word	0xFFFFF800, 0x00000000, 0x00000000
 3000      00000000 
 3000      00000000 
 3001 5b90 00FEFFFF 			.word	0xFFFFFE00, 0x00000000, 0x00000000
 3001      00000000 
 3001      00000000 
 3002 5b9c 80FFFF7F 			.word	0x7FFFFF80, 0x00000000, 0x00000000
 3002      00000000 
 3002      00000000 
 3003 5ba8 F0FFFF1F 			.word	0x1FFFFFF0, 0x00000000, 0x00000000
 3003      00000000 
 3003      00000000 
 3004 5bb4 FCFFFF07 			.word	0x07FFFFFC, 0x00000000, 0x00000000
 3004      00000000 
 3004      00000000 
 3005 5bc0 FFFFFF00 			.word	0x00FFFFFF, 0x80000000, 0x00000000
 3005      00000080 
ARM GAS  font_arial104.s 			page 107


 3005      00000000 
 3006 5bcc FFFF3F00 			.word	0x003FFFFF, 0xE0000000, 0x00000000
 3006      000000E0 
 3006      00000000 
 3007 5bd8 FFFF0F00 			.word	0x000FFFFF, 0xF8000000, 0x00000000
 3007      000000F8 
 3007      00000000 
 3008 5be4 FFFF0300 			.word	0x0003FFFF, 0xFF000000, 0x00000000
 3008      000000FF 
 3008      00000000 
 3009 5bf0 FF7F0000 			.word	0x00007FFF, 0xFFC00000, 0x00000000
 3009      0000C0FF 
 3009      00000000 
 3010 5bfc FF1F0000 			.word	0x00001FFF, 0xFFF80000, 0x00000000
 3010      0000F8FF 
 3010      00000000 
 3011 5c08 FF070000 			.word	0x000007FF, 0xFFFE0000, 0x00000000
 3011      0000FEFF 
 3011      00000000 
 3012 5c14 FF000000 			.word	0x000000FF, 0xFFFF8000, 0x00000000
 3012      0080FFFF 
 3012      00000000 
 3013 5c20 3F000000 			.word	0x0000003F, 0xFFFFF000, 0x00000000
 3013      00F0FFFF 
 3013      00000000 
 3014 5c2c 0F000000 			.word	0x0000000F, 0xFFFFFC00, 0x00000000
 3014      00FCFFFF 
 3014      00000000 
 3015 5c38 03000000 			.word	0x00000003, 0xFFFFFF80, 0x00000000
 3015      80FFFFFF 
 3015      00000000 
 3016 5c44 00000000 			.word	0x00000000, 0x7FFFFFE0, 0x00000000
 3016      E0FFFF7F 
 3016      00000000 
 3017 5c50 00000000 			.word	0x00000000, 0x1FFFFFFC, 0x00000000
 3017      FCFFFF1F 
 3017      00000000 
 3018 5c5c 00000000 			.word	0x00000000, 0x07FFFFFF, 0x00000000
 3018      FFFFFF07 
 3018      00000000 
 3019 5c68 00000000 			.word	0x00000000, 0x01FFFFFF, 0x80000000
 3019      FFFFFF01 
 3019      00000080 
 3020 5c74 00000000 			.word	0x00000000, 0x003FFFFF, 0x80000000
 3020      FFFF3F00 
 3020      00000080 
 3021 5c80 00000000 			.word	0x00000000, 0x000FFFFF, 0x80000000
 3021      FFFF0F00 
 3021      00000080 
 3022 5c8c 00000000 			.word	0x00000000, 0x0003FFFF, 0x80000000
 3022      FFFF0300 
 3022      00000080 
 3023 5c98 00000000 			.word	0x00000000, 0x0000FFFF, 0x80000000
 3023      FFFF0000 
 3023      00000080 
 3024 5ca4 00000000 			.word	0x00000000, 0x00001FFF, 0x80000000
 3024      FF1F0000 
ARM GAS  font_arial104.s 			page 108


 3024      00000080 
 3025 5cb0 00000000 			.word	0x00000000, 0x000007FF, 0x80000000
 3025      FF070000 
 3025      00000080 
 3026 5cbc 00000000 			.word	0x00000000, 0x000001FF, 0x80000000
 3026      FF010000 
 3026      00000080 
 3027 5cc8 00000000 			.word	0x00000000, 0x0000007F, 0x80000000
 3027      7F000000 
 3027      00000080 
 3028 5cd4 00000000 			.word	0x00000000, 0x0000000F, 0x80000000
 3028      0F000000 
 3028      00000080 
 3029 5ce0 00000000 			.word	0x00000000, 0x00000003, 0x80000000
 3029      03000000 
 3029      00000080 
 3030 5cec 00000000 			.word	0x00000000, 0x00000000, 0x80000000
 3030      00000000 
 3030      00000080 
 3031              	
 3032              	EQUAL_SIGN:
 3033 5cf8 3D000000 			.word	'=			// ASCII "=" character
 3034 5cfc 51000000 			.word	81			// cell pixel width
 3035 5d00 82000000 			.word	CELLHGHT		// cell pixel height
 3036 5d04 41000000 			.word	65			// glyph pixel width
 3037 5d08 2A000000 			.word	42			// glyph pixel height
 3038 5d0c 08000000 			.word	8			// blank horizontal pixels before glyph
 3039 5d10 08000000 			.word	8			// blank horizontal pixels after glyph
 3040 5d14 1E000000 			.word	30			// blank horizontal lines before glyph
 3041 5d18 3A000000 			.word	58			// blank horizontal lines after glyph
 3042              							// bit mapped glyph
 3043 5d1c FFFFFFFF 			.word	0xFFFFFFFF, 0xFFFFFFFF, 0x80000000
 3043      FFFFFFFF 
 3043      00000080 
 3044 5d28 FFFFFFFF 			.word	0xFFFFFFFF, 0xFFFFFFFF, 0x80000000
 3044      FFFFFFFF 
 3044      00000080 
 3045 5d34 FFFFFFFF 			.word	0xFFFFFFFF, 0xFFFFFFFF, 0x80000000
 3045      FFFFFFFF 
 3045      00000080 
 3046 5d40 FFFFFFFF 			.word	0xFFFFFFFF, 0xFFFFFFFF, 0x80000000
 3046      FFFFFFFF 
 3046      00000080 
 3047 5d4c FFFFFFFF 			.word	0xFFFFFFFF, 0xFFFFFFFF, 0x80000000
 3047      FFFFFFFF 
 3047      00000080 
 3048 5d58 FFFFFFFF 			.word	0xFFFFFFFF, 0xFFFFFFFF, 0x80000000
 3048      FFFFFFFF 
 3048      00000080 
 3049 5d64 FFFFFFFF 			.word	0xFFFFFFFF, 0xFFFFFFFF, 0x80000000
 3049      FFFFFFFF 
 3049      00000080 
 3050 5d70 FFFFFFFF 			.word	0xFFFFFFFF, 0xFFFFFFFF, 0x80000000
 3050      FFFFFFFF 
 3050      00000080 
 3051 5d7c FFFFFFFF 			.word	0xFFFFFFFF, 0xFFFFFFFF, 0x80000000
 3051      FFFFFFFF 
ARM GAS  font_arial104.s 			page 109


 3051      00000080 
 3052 5d88 FFFFFFFF 			.word	0xFFFFFFFF, 0xFFFFFFFF, 0x80000000
 3052      FFFFFFFF 
 3052      00000080 
 3053 5d94 FFFFFFFF 			.word	0xFFFFFFFF, 0xFFFFFFFF, 0x80000000
 3053      FFFFFFFF 
 3053      00000080 
 3054 5da0 FFFFFFFF 			.word	0xFFFFFFFF, 0xFFFFFFFF, 0x80000000
 3054      FFFFFFFF 
 3054      00000080 
 3055 5dac 00000000 			.word	0x00000000, 0x00000000, 0x00000000
 3055      00000000 
 3055      00000000 
 3056 5db8 00000000 			.word	0x00000000, 0x00000000, 0x00000000
 3056      00000000 
 3056      00000000 
 3057 5dc4 00000000 			.word	0x00000000, 0x00000000, 0x00000000
 3057      00000000 
 3057      00000000 
 3058 5dd0 00000000 			.word	0x00000000, 0x00000000, 0x00000000
 3058      00000000 
 3058      00000000 
 3059 5ddc 00000000 			.word	0x00000000, 0x00000000, 0x00000000
 3059      00000000 
 3059      00000000 
 3060 5de8 00000000 			.word	0x00000000, 0x00000000, 0x00000000
 3060      00000000 
 3060      00000000 
 3061 5df4 00000000 			.word	0x00000000, 0x00000000, 0x00000000
 3061      00000000 
 3061      00000000 
 3062 5e00 00000000 			.word	0x00000000, 0x00000000, 0x00000000
 3062      00000000 
 3062      00000000 
 3063 5e0c 00000000 			.word	0x00000000, 0x00000000, 0x00000000
 3063      00000000 
 3063      00000000 
 3064 5e18 00000000 			.word	0x00000000, 0x00000000, 0x00000000
 3064      00000000 
 3064      00000000 
 3065 5e24 00000000 			.word	0x00000000, 0x00000000, 0x00000000
 3065      00000000 
 3065      00000000 
 3066 5e30 00000000 			.word	0x00000000, 0x00000000, 0x00000000
 3066      00000000 
 3066      00000000 
 3067 5e3c 00000000 			.word	0x00000000, 0x00000000, 0x00000000
 3067      00000000 
 3067      00000000 
 3068 5e48 00000000 			.word	0x00000000, 0x00000000, 0x00000000
 3068      00000000 
 3068      00000000 
 3069 5e54 00000000 			.word	0x00000000, 0x00000000, 0x00000000
 3069      00000000 
 3069      00000000 
 3070 5e60 00000000 			.word	0x00000000, 0x00000000, 0x00000000
 3070      00000000 
ARM GAS  font_arial104.s 			page 110


 3070      00000000 
 3071 5e6c 00000000 			.word	0x00000000, 0x00000000, 0x00000000
 3071      00000000 
 3071      00000000 
 3072 5e78 00000000 			.word	0x00000000, 0x00000000, 0x00000000
 3072      00000000 
 3072      00000000 
 3073 5e84 FFFFFFFF 			.word	0xFFFFFFFF, 0xFFFFFFFF, 0x80000000
 3073      FFFFFFFF 
 3073      00000080 
 3074 5e90 FFFFFFFF 			.word	0xFFFFFFFF, 0xFFFFFFFF, 0x80000000
 3074      FFFFFFFF 
 3074      00000080 
 3075 5e9c FFFFFFFF 			.word	0xFFFFFFFF, 0xFFFFFFFF, 0x80000000
 3075      FFFFFFFF 
 3075      00000080 
 3076 5ea8 FFFFFFFF 			.word	0xFFFFFFFF, 0xFFFFFFFF, 0x80000000
 3076      FFFFFFFF 
 3076      00000080 
 3077 5eb4 FFFFFFFF 			.word	0xFFFFFFFF, 0xFFFFFFFF, 0x80000000
 3077      FFFFFFFF 
 3077      00000080 
 3078 5ec0 FFFFFFFF 			.word	0xFFFFFFFF, 0xFFFFFFFF, 0x80000000
 3078      FFFFFFFF 
 3078      00000080 
 3079 5ecc FFFFFFFF 			.word	0xFFFFFFFF, 0xFFFFFFFF, 0x80000000
 3079      FFFFFFFF 
 3079      00000080 
 3080 5ed8 FFFFFFFF 			.word	0xFFFFFFFF, 0xFFFFFFFF, 0x80000000
 3080      FFFFFFFF 
 3080      00000080 
 3081 5ee4 FFFFFFFF 			.word	0xFFFFFFFF, 0xFFFFFFFF, 0x80000000
 3081      FFFFFFFF 
 3081      00000080 
 3082 5ef0 FFFFFFFF 			.word	0xFFFFFFFF, 0xFFFFFFFF, 0x80000000
 3082      FFFFFFFF 
 3082      00000080 
 3083 5efc FFFFFFFF 			.word	0xFFFFFFFF, 0xFFFFFFFF, 0x80000000
 3083      FFFFFFFF 
 3083      00000080 
 3084 5f08 FFFFFFFF 			.word	0xFFFFFFFF, 0xFFFFFFFF, 0x80000000
 3084      FFFFFFFF 
 3084      00000080 
 3085              	
 3086              	GREATER_THAN_SIGN:
 3087 5f14 3E000000 			.word	'>			// ASCII ">" character
 3088 5f18 51000000 			.word	81			// cell pixel width
 3089 5f1c 82000000 			.word	CELLHGHT		// cell pixel height
 3090 5f20 41000000 			.word	65			// glyph pixel width
 3091 5f24 43000000 			.word	67			// glyph pixel height
 3092 5f28 08000000 			.word	8			// blank horizontal pixels before glyph
 3093 5f2c 08000000 			.word	8			// blank horizontal pixels after glyph
 3094 5f30 11000000 			.word	17			// blank horizontal lines before glyph
 3095 5f34 2E000000 			.word	46			// blank horizontal lines after glyph
 3096              							// bit mapped glyph
 3097 5f38 00000080 			.word	0x80000000, 0x00000000, 0x00000000
 3097      00000000 
ARM GAS  font_arial104.s 			page 111


 3097      00000000 
 3098 5f44 000000E0 			.word	0xE0000000, 0x00000000, 0x00000000
 3098      00000000 
 3098      00000000 
 3099 5f50 000000F8 			.word	0xF8000000, 0x00000000, 0x00000000
 3099      00000000 
 3099      00000000 
 3100 5f5c 000000FF 			.word	0xFF000000, 0x00000000, 0x00000000
 3100      00000000 
 3100      00000000 
 3101 5f68 0000C0FF 			.word	0xFFC00000, 0x00000000, 0x00000000
 3101      00000000 
 3101      00000000 
 3102 5f74 0000F0FF 			.word	0xFFF00000, 0x00000000, 0x00000000
 3102      00000000 
 3102      00000000 
 3103 5f80 0000FCFF 			.word	0xFFFC0000, 0x00000000, 0x00000000
 3103      00000000 
 3103      00000000 
 3104 5f8c 0080FFFF 			.word	0xFFFF8000, 0x00000000, 0x00000000
 3104      00000000 
 3104      00000000 
 3105 5f98 00E0FFFF 			.word	0xFFFFE000, 0x00000000, 0x00000000
 3105      00000000 
 3105      00000000 
 3106 5fa4 00F8FFFF 			.word	0xFFFFF800, 0x00000000, 0x00000000
 3106      00000000 
 3106      00000000 
 3107 5fb0 00FEFFFF 			.word	0xFFFFFE00, 0x00000000, 0x00000000
 3107      00000000 
 3107      00000000 
 3108 5fbc C0FFFFFF 			.word	0xFFFFFFC0, 0x00000000, 0x00000000
 3108      00000000 
 3108      00000000 
 3109 5fc8 F0FFFF7F 			.word	0x7FFFFFF0, 0x00000000, 0x00000000
 3109      00000000 
 3109      00000000 
 3110 5fd4 FCFFFF1F 			.word	0x1FFFFFFC, 0x00000000, 0x00000000
 3110      00000000 
 3110      00000000 
 3111 5fe0 FFFFFF03 			.word	0x03FFFFFF, 0x00000000, 0x00000000
 3111      00000000 
 3111      00000000 
 3112 5fec FFFFFF00 			.word	0x00FFFFFF, 0xE0000000, 0x00000000
 3112      000000E0 
 3112      00000000 
 3113 5ff8 FFFF1F00 			.word	0x001FFFFF, 0xF8000000, 0x00000000
 3113      000000F8 
 3113      00000000 
 3114 6004 FFFF0700 			.word	0x0007FFFF, 0xFE000000, 0x00000000
 3114      000000FE 
 3114      00000000 
 3115 6010 FFFF0000 			.word	0x0000FFFF, 0xFF800000, 0x00000000
 3115      000080FF 
 3115      00000000 
 3116 601c FF3F0000 			.word	0x00003FFF, 0xFFF00000, 0x00000000
 3116      0000F0FF 
ARM GAS  font_arial104.s 			page 112


 3116      00000000 
 3117 6028 FF0F0000 			.word	0x00000FFF, 0xFFFC0000, 0x00000000
 3117      0000FCFF 
 3117      00000000 
 3118 6034 FF010000 			.word	0x000001FF, 0xFFFF0000, 0x00000000
 3118      0000FFFF 
 3118      00000000 
 3119 6040 7F000000 			.word	0x0000007F, 0xFFFFE000, 0x00000000
 3119      00E0FFFF 
 3119      00000000 
 3120 604c 0F000000 			.word	0x0000000F, 0xFFFFF800, 0x00000000
 3120      00F8FFFF 
 3120      00000000 
 3121 6058 03000000 			.word	0x00000003, 0xFFFFFE00, 0x00000000
 3121      00FEFFFF 
 3121      00000000 
 3122 6064 00000000 			.word	0x00000000, 0xFFFFFF80, 0x00000000
 3122      80FFFFFF 
 3122      00000000 
 3123 6070 00000000 			.word	0x00000000, 0x1FFFFFF0, 0x00000000
 3123      F0FFFF1F 
 3123      00000000 
 3124 607c 00000000 			.word	0x00000000, 0x07FFFFFC, 0x00000000
 3124      FCFFFF07 
 3124      00000000 
 3125 6088 00000000 			.word	0x00000000, 0x00FFFFFF, 0x00000000
 3125      FFFFFF00 
 3125      00000000 
 3126 6094 00000000 			.word	0x00000000, 0x003FFFFF, 0x80000000
 3126      FFFF3F00 
 3126      00000080 
 3127 60a0 00000000 			.word	0x00000000, 0x000FFFFF, 0x80000000
 3127      FFFF0F00 
 3127      00000080 
 3128 60ac 00000000 			.word	0x00000000, 0x0001FFFF, 0x80000000
 3128      FFFF0100 
 3128      00000080 
 3129 60b8 00000000 			.word	0x00000000, 0x00007FFF, 0x80000000
 3129      FF7F0000 
 3129      00000080 
 3130 60c4 00000000 			.word	0x00000000, 0x00000FFF, 0x80000000
 3130      FF0F0000 
 3130      00000080 
 3131 60d0 00000000 			.word	0x00000000, 0x00007FFF, 0x80000000
 3131      FF7F0000 
 3131      00000080 
 3132 60dc 00000000 			.word	0x00000000, 0x0001FFFF, 0x80000000
 3132      FFFF0100 
 3132      00000080 
 3133 60e8 00000000 			.word	0x00000000, 0x000FFFFF, 0x80000000
 3133      FFFF0F00 
 3133      00000080 
 3134 60f4 00000000 			.word	0x00000000, 0x003FFFFF, 0x80000000
 3134      FFFF3F00 
 3134      00000080 
 3135 6100 00000000 			.word	0x00000000, 0x00FFFFFF, 0x00000000
 3135      FFFFFF00 
ARM GAS  font_arial104.s 			page 113


 3135      00000000 
 3136 610c 00000000 			.word	0x00000000, 0x07FFFFFC, 0x00000000
 3136      FCFFFF07 
 3136      00000000 
 3137 6118 00000000 			.word	0x00000000, 0x1FFFFFF0, 0x00000000
 3137      F0FFFF1F 
 3137      00000000 
 3138 6124 00000000 			.word	0x00000000, 0xFFFFFF80, 0x00000000
 3138      80FFFFFF 
 3138      00000000 
 3139 6130 03000000 			.word	0x00000003, 0xFFFFFE00, 0x00000000
 3139      00FEFFFF 
 3139      00000000 
 3140 613c 0F000000 			.word	0x0000000F, 0xFFFFF800, 0x00000000
 3140      00F8FFFF 
 3140      00000000 
 3141 6148 7F000000 			.word	0x0000007F, 0xFFFFE000, 0x00000000
 3141      00E0FFFF 
 3141      00000000 
 3142 6154 FF010000 			.word	0x000001FF, 0xFFFF0000, 0x00000000
 3142      0000FFFF 
 3142      00000000 
 3143 6160 FF0F0000 			.word	0x00000FFF, 0xFFFC0000, 0x00000000
 3143      0000FCFF 
 3143      00000000 
 3144 616c FF3F0000 			.word	0x00003FFF, 0xFFF00000, 0x00000000
 3144      0000F0FF 
 3144      00000000 
 3145 6178 FFFF0000 			.word	0x0000FFFF, 0xFF800000, 0x00000000
 3145      000080FF 
 3145      00000000 
 3146 6184 FFFF0700 			.word	0x0007FFFF, 0xFE000000, 0x00000000
 3146      000000FE 
 3146      00000000 
 3147 6190 FFFF1F00 			.word	0x001FFFFF, 0xF8000000, 0x00000000
 3147      000000F8 
 3147      00000000 
 3148 619c FFFFFF00 			.word	0x00FFFFFF, 0xE0000000, 0x00000000
 3148      000000E0 
 3148      00000000 
 3149 61a8 FFFFFF03 			.word	0x03FFFFFF, 0x00000000, 0x00000000
 3149      00000000 
 3149      00000000 
 3150 61b4 FCFFFF1F 			.word	0x1FFFFFFC, 0x00000000, 0x00000000
 3150      00000000 
 3150      00000000 
 3151 61c0 F0FFFF7F 			.word	0x7FFFFFF0, 0x00000000, 0x00000000
 3151      00000000 
 3151      00000000 
 3152 61cc C0FFFFFF 			.word	0xFFFFFFC0, 0x00000000, 0x00000000
 3152      00000000 
 3152      00000000 
 3153 61d8 00FEFFFF 			.word	0xFFFFFE00, 0x00000000, 0x00000000
 3153      00000000 
 3153      00000000 
 3154 61e4 00F8FFFF 			.word	0xFFFFF800, 0x00000000, 0x00000000
 3154      00000000 
ARM GAS  font_arial104.s 			page 114


 3154      00000000 
 3155 61f0 00E0FFFF 			.word	0xFFFFE000, 0x00000000, 0x00000000
 3155      00000000 
 3155      00000000 
 3156 61fc 0080FFFF 			.word	0xFFFF8000, 0x00000000, 0x00000000
 3156      00000000 
 3156      00000000 
 3157 6208 0000FCFF 			.word	0xFFFC0000, 0x00000000, 0x00000000
 3157      00000000 
 3157      00000000 
 3158 6214 0000F0FF 			.word	0xFFF00000, 0x00000000, 0x00000000
 3158      00000000 
 3158      00000000 
 3159 6220 0000C0FF 			.word	0xFFC00000, 0x00000000, 0x00000000
 3159      00000000 
 3159      00000000 
 3160 622c 000000FF 			.word	0xFF000000, 0x00000000, 0x00000000
 3160      00000000 
 3160      00000000 
 3161 6238 000000F8 			.word	0xF8000000, 0x00000000, 0x00000000
 3161      00000000 
 3161      00000000 
 3162 6244 000000E0 			.word	0xE0000000, 0x00000000, 0x00000000
 3162      00000000 
 3162      00000000 
 3163 6250 00000080 			.word	0x80000000, 0x00000000, 0x00000000
 3163      00000000 
 3163      00000000 
 3164              	
 3165              	QUESTION_MARK:
 3166 625c 3F000000 			.word	'?			// ASCII "?" character
 3167 6260 4D000000 			.word	77			// cell pixel width
 3168 6264 82000000 			.word	CELLHGHT		// cell pixel height
 3169 6268 40000000 			.word	64			// glyph pixel width
 3170 626c 65000000 			.word	101			// glyph pixel height
 3171 6270 06000000 			.word	6			// blank horizontal pixels before glyph
 3172 6274 07000000 			.word	7			// blank horizontal pixels after glyph
 3173 6278 00000000 			.word	0			// blank horizontal lines before glyph
 3174 627c 1D000000 			.word	29			// blank horizontal lines after glyph
 3175              							// bit mapped glyph
 3176 6280 3F000000 			.word	0x0000003F, 0xFE000000
 3176      000000FE 
 3177 6288 FF070000 			.word	0x000007FF, 0xFFE00000
 3177      0000E0FF 
 3178 6290 FF1F0000 			.word	0x00001FFF, 0xFFFC0000
 3178      0000FCFF 
 3179 6298 FFFF0000 			.word	0x0000FFFF, 0xFFFF8000
 3179      0080FFFF 
 3180 62a0 FFFF0100 			.word	0x0001FFFF, 0xFFFFC000
 3180      00C0FFFF 
 3181 62a8 FFFF0700 			.word	0x0007FFFF, 0xFFFFF000
 3181      00F0FFFF 
 3182 62b0 FFFF0F00 			.word	0x000FFFFF, 0xFFFFF800
 3182      00F8FFFF 
 3183 62b8 FFFF1F00 			.word	0x001FFFFF, 0xFFFFFC00
 3183      00FCFFFF 
 3184 62c0 FFFF3F00 			.word	0x003FFFFF, 0xFFFFFF00
ARM GAS  font_arial104.s 			page 115


 3184      00FFFFFF 
 3185 62c8 FFFF7F00 			.word	0x007FFFFF, 0xFFFFFF80
 3185      80FFFFFF 
 3186 62d0 FFFFFF00 			.word	0x00FFFFFF, 0xFFFFFF80
 3186      80FFFFFF 
 3187 62d8 FFFFFF01 			.word	0x01FFFFFF, 0xFFFFFFC0
 3187      C0FFFFFF 
 3188 62e0 F0FFFF03 			.word	0x03FFFFF0, 0x07FFFFE0
 3188      E0FFFF07 
 3189 62e8 80FFFF03 			.word	0x03FFFF80, 0x00FFFFF0
 3189      F0FFFF00 
 3190 62f0 00FEFF07 			.word	0x07FFFE00, 0x003FFFF0
 3190      F0FF3F00 
 3191 62f8 00F8FF0F 			.word	0x0FFFF800, 0x000FFFF8
 3191      F8FF0F00 
 3192 6300 00F0FF0F 			.word	0x0FFFF000, 0x0007FFF8
 3192      F8FF0700 
 3193 6308 00E0FF1F 			.word	0x1FFFE000, 0x0003FFFC
 3193      FCFF0300 
 3194 6310 00C0FF1F 			.word	0x1FFFC000, 0x0001FFFC
 3194      FCFF0100 
 3195 6318 0080FF1F 			.word	0x1FFF8000, 0x0000FFFE
 3195      FEFF0000 
 3196 6320 0080FF3F 			.word	0x3FFF8000, 0x00007FFE
 3196      FE7F0000 
 3197 6328 0000FF3F 			.word	0x3FFF0000, 0x00007FFE
 3197      FE7F0000 
 3198 6330 0000FE3F 			.word	0x3FFE0000, 0x00003FFE
 3198      FE3F0000 
 3199 6338 0000FE7F 			.word	0x7FFE0000, 0x00003FFF
 3199      FF3F0000 
 3200 6340 0000FE7F 			.word	0x7FFE0000, 0x00001FFF
 3200      FF1F0000 
 3201 6348 0000FC7F 			.word	0x7FFC0000, 0x00001FFF
 3201      FF1F0000 
 3202 6350 0000FC7F 			.word	0x7FFC0000, 0x00001FFF
 3202      FF1F0000 
 3203 6358 0000FC7F 			.word	0x7FFC0000, 0x00001FFF
 3203      FF1F0000 
 3204 6360 0000F8FF 			.word	0xFFF80000, 0x00000FFF
 3204      FF0F0000 
 3205 6368 0000F8FF 			.word	0xFFF80000, 0x00000FFF
 3205      FF0F0000 
 3206 6370 0000F81F 			.word	0x1FF80000, 0x00000FFF
 3206      FF0F0000 
 3207 6378 00003800 			.word	0x00380000, 0x00001FFF
 3207      FF1F0000 
 3208 6380 00000000 			.word	0x00000000, 0x00001FFF
 3208      FF1F0000 
 3209 6388 00000000 			.word	0x00000000, 0x00001FFE
 3209      FE1F0000 
 3210 6390 00000000 			.word	0x00000000, 0x00001FFE
 3210      FE1F0000 
 3211 6398 00000000 			.word	0x00000000, 0x00003FFE
 3211      FE3F0000 
 3212 63a0 00000000 			.word	0x00000000, 0x00003FFE
 3212      FE3F0000 
ARM GAS  font_arial104.s 			page 116


 3213 63a8 00000000 			.word	0x00000000, 0x00007FFC
 3213      FC7F0000 
 3214 63b0 00000000 			.word	0x00000000, 0x00007FFC
 3214      FC7F0000 
 3215 63b8 00000000 			.word	0x00000000, 0x0000FFFC
 3215      FCFF0000 
 3216 63c0 00000000 			.word	0x00000000, 0x0001FFF8
 3216      F8FF0100 
 3217 63c8 00000000 			.word	0x00000000, 0x0003FFF8
 3217      F8FF0300 
 3218 63d0 00000000 			.word	0x00000000, 0x0007FFF0
 3218      F0FF0700 
 3219 63d8 00000000 			.word	0x00000000, 0x000FFFE0
 3219      E0FF0F00 
 3220 63e0 00000000 			.word	0x00000000, 0x001FFFE0
 3220      E0FF1F00 
 3221 63e8 00000000 			.word	0x00000000, 0x003FFFC0
 3221      C0FF3F00 
 3222 63f0 00000000 			.word	0x00000000, 0x007FFF80
 3222      80FF7F00 
 3223 63f8 00000000 			.word	0x00000000, 0x00FFFF00
 3223      00FFFF00 
 3224 6400 00000000 			.word	0x00000000, 0x01FFFE00
 3224      00FEFF01 
 3225 6408 00000000 			.word	0x00000000, 0x03FFFC00
 3225      00FCFF03 
 3226 6410 00000000 			.word	0x00000000, 0x07FFF800
 3226      00F8FF07 
 3227 6418 00000000 			.word	0x00000000, 0x0FFFF000
 3227      00F0FF0F 
 3228 6420 00000000 			.word	0x00000000, 0x1FFFE000
 3228      00E0FF1F 
 3229 6428 00000000 			.word	0x00000000, 0x3FFFC000
 3229      00C0FF3F 
 3230 6430 00000000 			.word	0x00000000, 0x7FFF8000
 3230      0080FF7F 
 3231 6438 00000000 			.word	0x00000000, 0xFFFF0000
 3231      0000FFFF 
 3232 6440 01000000 			.word	0x00000001, 0xFFFE0000
 3232      0000FEFF 
 3233 6448 01000000 			.word	0x00000001, 0xFFFC0000
 3233      0000FCFF 
 3234 6450 03000000 			.word	0x00000003, 0xFFF80000
 3234      0000F8FF 
 3235 6458 07000000 			.word	0x00000007, 0xFFF00000
 3235      0000F0FF 
 3236 6460 07000000 			.word	0x00000007, 0xFFE00000
 3236      0000E0FF 
 3237 6468 0F000000 			.word	0x0000000F, 0xFFC00000
 3237      0000C0FF 
 3238 6470 0F000000 			.word	0x0000000F, 0xFF800000
 3238      000080FF 
 3239 6478 0F000000 			.word	0x0000000F, 0xFF800000
 3239      000080FF 
 3240 6480 1F000000 			.word	0x0000001F, 0xFF000000
 3240      000000FF 
 3241 6488 1F000000 			.word	0x0000001F, 0xFE000000
ARM GAS  font_arial104.s 			page 117


 3241      000000FE 
 3242 6490 1F000000 			.word	0x0000001F, 0xFE000000
 3242      000000FE 
 3243 6498 1F000000 			.word	0x0000001F, 0xFE000000
 3243      000000FE 
 3244 64a0 3F000000 			.word	0x0000003F, 0xFC000000
 3244      000000FC 
 3245 64a8 3F000000 			.word	0x0000003F, 0xFC000000
 3245      000000FC 
 3246 64b0 3F000000 			.word	0x0000003F, 0xFC000000
 3246      000000FC 
 3247 64b8 3F000000 			.word	0x0000003F, 0xFC000000
 3247      000000FC 
 3248 64c0 3F000000 			.word	0x0000003F, 0xFC000000
 3248      000000FC 
 3249 64c8 3F000000 			.word	0x0000003F, 0xFC000000
 3249      000000FC 
 3250 64d0 3F000000 			.word	0x0000003F, 0xFC000000
 3250      000000FC 
 3251 64d8 3F000000 			.word	0x0000003F, 0xFC000000
 3251      000000FC 
 3252 64e0 3F000000 			.word	0x0000003F, 0xFC000000
 3252      000000FC 
 3253 64e8 3F000000 			.word	0x0000003F, 0xFC000000
 3253      000000FC 
 3254 64f0 3F000000 			.word	0x0000003F, 0xFC000000
 3254      000000FC 
 3255 64f8 00000000 			.word	0x00000000, 0x00000000
 3255      00000000 
 3256 6500 00000000 			.word	0x00000000, 0x00000000
 3256      00000000 
 3257 6508 00000000 			.word	0x00000000, 0x00000000
 3257      00000000 
 3258 6510 00000000 			.word	0x00000000, 0x00000000
 3258      00000000 
 3259 6518 00000000 			.word	0x00000000, 0x00000000
 3259      00000000 
 3260 6520 00000000 			.word	0x00000000, 0x00000000
 3260      00000000 
 3261 6528 00000000 			.word	0x00000000, 0x00000000
 3261      00000000 
 3262 6530 00000000 			.word	0x00000000, 0x00000000
 3262      00000000 
 3263 6538 00000000 			.word	0x00000000, 0x00000000
 3263      00000000 
 3264 6540 00000000 			.word	0x00000000, 0x00000000
 3264      00000000 
 3265 6548 FF000000 			.word	0x000000FF, 0xFC000000
 3265      000000FC 
 3266 6550 FF000000 			.word	0x000000FF, 0xFC000000
 3266      000000FC 
 3267 6558 FF000000 			.word	0x000000FF, 0xFC000000
 3267      000000FC 
 3268 6560 FF000000 			.word	0x000000FF, 0xFC000000
 3268      000000FC 
 3269 6568 FF000000 			.word	0x000000FF, 0xFC000000
 3269      000000FC 
ARM GAS  font_arial104.s 			page 118


 3270 6570 FF000000 			.word	0x000000FF, 0xFC000000
 3270      000000FC 
 3271 6578 FF000000 			.word	0x000000FF, 0xFC000000
 3271      000000FC 
 3272 6580 FF000000 			.word	0x000000FF, 0xFC000000
 3272      000000FC 
 3273 6588 FF000000 			.word	0x000000FF, 0xFC000000
 3273      000000FC 
 3274 6590 FF000000 			.word	0x000000FF, 0xFC000000
 3274      000000FC 
 3275 6598 FF000000 			.word	0x000000FF, 0xFC000000
 3275      000000FC 
 3276 65a0 FF000000 			.word	0x000000FF, 0xFC000000
 3276      000000FC 
 3277              	
 3278              	AT_SIGN:
 3279 65a8 40000000 			.word	'@			// ASCII "@" character
 3280 65ac 66000000 			.word	102			// cell pixel width
 3281 65b0 82000000 			.word	CELLHGHT		// cell pixel height
 3282 65b4 5C000000 			.word	92			// glyph pixel width
 3283 65b8 5E000000 			.word	94			// glyph pixel height
 3284 65bc 06000000 			.word	6			// blank horizontal pixels before glyph
 3285 65c0 04000000 			.word	4			// blank horizontal pixels after glyph
 3286 65c4 03000000 			.word	3			// blank horizontal lines before glyph
 3287 65c8 21000000 			.word	33			// blank horizontal lines after glyph
 3288              							// bit mapped glyph
 3289 65cc 00000000 			.word	0x00000000, 0x00FFFF00, 0x00000000
 3289      00FFFF00 
 3289      00000000 
 3290 65d8 00000000 			.word	0x00000000, 0x1FFFFFF8, 0x00000000
 3290      F8FFFF1F 
 3290      00000000 
 3291 65e4 01000000 			.word	0x00000001, 0xFFFFFFFF, 0x00000000
 3291      FFFFFFFF 
 3291      00000000 
 3292 65f0 0F000000 			.word	0x0000000F, 0xFFFFFFFF, 0xE0000000
 3292      FFFFFFFF 
 3292      000000E0 
 3293 65fc 3F000000 			.word	0x0000003F, 0xFFFFFFFF, 0xF8000000
 3293      FFFFFFFF 
 3293      000000F8 
 3294 6608 FF000000 			.word	0x000000FF, 0xFFFFFFFF, 0xFE000000
 3294      FFFFFFFF 
 3294      000000FE 
 3295 6614 FF030000 			.word	0x000003FF, 0xFFFFFFFF, 0xFF800000
 3295      FFFFFFFF 
 3295      000080FF 
 3296 6620 FF070000 			.word	0x000007FF, 0xFFFFFFFF, 0xFFC00000
 3296      FFFFFFFF 
 3296      0000C0FF 
 3297 662c FF1F0000 			.word	0x00001FFF, 0xFFFFFFFF, 0xFFF00000
 3297      FFFFFFFF 
 3297      0000F0FF 
 3298 6638 FF3F0000 			.word	0x00003FFF, 0xFF8001FF, 0xFFF80000
 3298      FF0180FF 
 3298      0000F8FF 
 3299 6644 FF7F0000 			.word	0x00007FFF, 0xF000001F, 0xFFFC0000
ARM GAS  font_arial104.s 			page 119


 3299      1F0000F0 
 3299      0000FCFF 
 3300 6650 FFFF0000 			.word	0x0000FFFF, 0x80000001, 0xFFFE0000
 3300      01000080 
 3300      0000FEFF 
 3301 665c FCFF0100 			.word	0x0001FFFC, 0x00000000, 0x7FFF0000
 3301      00000000 
 3301      0000FF7F 
 3302 6668 F0FF0300 			.word	0x0003FFF0, 0x00000000, 0x1FFF8000
 3302      00000000 
 3302      0080FF1F 
 3303 6674 C0FF0700 			.word	0x0007FFC0, 0x00000000, 0x07FFC000
 3303      00000000 
 3303      00C0FF07 
 3304 6680 00FF0F00 			.word	0x000FFF00, 0x00000000, 0x03FFC000
 3304      00000000 
 3304      00C0FF03 
 3305 668c 00FE1F00 			.word	0x001FFE00, 0x00000000, 0x00FFE000
 3305      00000000 
 3305      00E0FF00 
 3306 6698 00F83F00 			.word	0x003FF800, 0x00000000, 0x007FF000
 3306      00000000 
 3306      00F07F00 
 3307 66a4 00F03F00 			.word	0x003FF000, 0x00000000, 0x003FF000
 3307      00000000 
 3307      00F03F00 
 3308 66b0 00E07F00 			.word	0x007FE000, 0x00000000, 0x001FF800
 3308      00000000 
 3308      00F81F00 
 3309 66bc 00C0FF00 			.word	0x00FFC000, 0x00FF0000, 0x000FFC00
 3309      0000FF00 
 3309      00FC0F00 
 3310 66c8 0080FF00 			.word	0x00FF8000, 0x07FFC00F, 0xF807FC00
 3310      0FC0FF07 
 3310      00FC07F8 
 3311 66d4 0000FF01 			.word	0x01FF0000, 0x1FFFF00F, 0xF803FE00
 3311      0FF0FF1F 
 3311      00FE03F8 
 3312 66e0 0000FE03 			.word	0x03FE0000, 0x7FFFFC0F, 0xF003FE00
 3312      0FFCFF7F 
 3312      00FE03F0 
 3313 66ec 0100FE03 			.word	0x03FE0001, 0xFFFFFE1F, 0xF001FE00
 3313      1FFEFFFF 
 3313      00FE01F0 
 3314 66f8 0300FC07 			.word	0x07FC0003, 0xFFFFFF1F, 0xF000FF00
 3314      1FFFFFFF 
 3314      00FF00F0 
 3315 6704 0700F807 			.word	0x07F80007, 0xFFFFFF9F, 0xF000FF00
 3315      9FFFFFFF 
 3315      00FF00F0 
 3316 6710 0F00F80F 			.word	0x0FF8000F, 0xFFFFFF9F, 0xE0007F80
 3316      9FFFFFFF 
 3316      807F00E0 
 3317 671c 1F00F00F 			.word	0x0FF0001F, 0xFFFFFFFF, 0xE0007F80
 3317      FFFFFFFF 
 3317      807F00E0 
 3318 6728 3F00E00F 			.word	0x0FE0003F, 0xFF80FFFF, 0xE0007F80
ARM GAS  font_arial104.s 			page 120


 3318      FFFF80FF 
 3318      807F00E0 
 3319 6734 7F00E01F 			.word	0x1FE0007F, 0xFC003FFF, 0xE0003F80
 3319      FF3F00FC 
 3319      803F00E0 
 3320 6740 7F00C01F 			.word	0x1FC0007F, 0xF8000FFF, 0xE0003F80
 3320      FF0F00F8 
 3320      803F00E0 
 3321 674c FF00C03F 			.word	0x3FC000FF, 0xE00007FF, 0xC0003FC0
 3321      FF0700E0 
 3321      C03F00C0 
 3322 6758 FF01C03F 			.word	0x3FC001FF, 0xC00007FF, 0xC0003FC0
 3322      FF0700C0 
 3322      C03F00C0 
 3323 6764 FF01803F 			.word	0x3F8001FF, 0x800003FF, 0xC0001FC0
 3323      FF030080 
 3323      C01F00C0 
 3324 6770 FF03803F 			.word	0x3F8003FF, 0x000001FF, 0xC0001FC0
 3324      FF010000 
 3324      C01F00C0 
 3325 677c FF03807F 			.word	0x7F8003FF, 0x000001FF, 0x80001FC0
 3325      FF010000 
 3325      C01F0080 
 3326 6788 FE07007F 			.word	0x7F0007FE, 0x000001FF, 0x80001FC0
 3326      FF010000 
 3326      C01F0080 
 3327 6794 FE07007F 			.word	0x7F0007FE, 0x000000FF, 0x80001FC0
 3327      FF000000 
 3327      C01F0080 
 3328 67a0 FC07007F 			.word	0x7F0007FC, 0x000000FF, 0x80001FC0
 3328      FF000000 
 3328      C01F0080 
 3329 67ac FC0F00FF 			.word	0xFF000FFC, 0x000000FF, 0x80001FC0
 3329      FF000000 
 3329      C01F0080 
 3330 67b8 F80F00FE 			.word	0xFE000FF8, 0x000000FF, 0x00001FC0
 3330      FF000000 
 3330      C01F0000 
 3331 67c4 F80F00FE 			.word	0xFE000FF8, 0x000000FF, 0x00001FC0
 3331      FF000000 
 3331      C01F0000 
 3332 67d0 F01F00FE 			.word	0xFE001FF0, 0x000000FF, 0x00003FC0
 3332      FF000000 
 3332      C03F0000 
 3333 67dc F01F00FE 			.word	0xFE001FF0, 0x000000FF, 0x00003F80
 3333      FF000000 
 3333      803F0000 
 3334 67e8 F01F00FE 			.word	0xFE001FF0, 0x000001FF, 0x00003F80
 3334      FF010000 
 3334      803F0000 
 3335 67f4 F01F00FE 			.word	0xFE001FF0, 0x000001FE, 0x00003F80
 3335      FE010000 
 3335      803F0000 
 3336 6800 E01F00FE 			.word	0xFE001FE0, 0x000001FE, 0x00007F80
 3336      FE010000 
 3336      807F0000 
 3337 680c E03F00FE 			.word	0xFE003FE0, 0x000001FE, 0x00007F00
ARM GAS  font_arial104.s 			page 121


 3337      FE010000 
 3337      007F0000 
 3338 6818 E03F00FE 			.word	0xFE003FE0, 0x000003FE, 0x0000FF00
 3338      FE030000 
 3338      00FF0000 
 3339 6824 E03F00FE 			.word	0xFE003FE0, 0x000003FC, 0x0000FF00
 3339      FC030000 
 3339      00FF0000 
 3340 6830 E03F00FE 			.word	0xFE003FE0, 0x000003FC, 0x0001FE00
 3340      FC030000 
 3340      00FE0100 
 3341 683c E03F00FE 			.word	0xFE003FE0, 0x000007FC, 0x0001FE00
 3341      FC070000 
 3341      00FE0100 
 3342 6848 E03F00FE 			.word	0xFE003FE0, 0x000007FC, 0x0003FE00
 3342      FC070000 
 3342      00FE0300 
 3343 6854 E01F00FE 			.word	0xFE001FE0, 0x00000FFC, 0x0003FC00
 3343      FC0F0000 
 3343      00FC0300 
 3344 6860 F01F00FE 			.word	0xFE001FF0, 0x00000FF8, 0x0007FC00
 3344      F80F0000 
 3344      00FC0700 
 3345 686c F01F00FE 			.word	0xFE001FF0, 0x00001FF8, 0x000FF800
 3345      F81F0000 
 3345      00F80F00 
 3346 6878 F01F00FE 			.word	0xFE001FF0, 0x00003FF8, 0x001FF000
 3346      F83F0000 
 3346      00F01F00 
 3347 6884 F81F00FF 			.word	0xFF001FF8, 0x00007FF8, 0x003FF000
 3347      F87F0000 
 3347      00F03F00 
 3348 6890 F80F00FF 			.word	0xFF000FF8, 0x0000FFF8, 0x007FE000
 3348      F8FF0000 
 3348      00E07F00 
 3349 689c FC0F007F 			.word	0x7F000FFC, 0x0001FFF0, 0x00FFC000
 3349      F0FF0100 
 3349      00C0FF00 
 3350 68a8 FE0F007F 			.word	0x7F000FFE, 0x0007FFF0, 0x03FF8000
 3350      F0FF0700 
 3350      0080FF03 
 3351 68b4 FF07807F 			.word	0x7F8007FF, 0x800FFFF8, 0x07FF8000
 3351      F8FF0F80 
 3351      0080FF07 
 3352 68c0 FF07807F 			.word	0x7F8007FF, 0xE07FFFFC, 0x3FFF0000
 3352      FCFF7FE0 
 3352      0000FF3F 
 3353 68cc FF03C03F 			.word	0x3FC003FF, 0xFFFFFFFF, 0xFFFE0000
 3353      FFFFFFFF 
 3353      0000FEFF 
 3354 68d8 FF01C03F 			.word	0x3FC001FF, 0xFFFFFFFF, 0xFFFC0000
 3354      FFFFFFFF 
 3354      0000FCFF 
 3355 68e4 FF01E03F 			.word	0x3FE001FF, 0xFFFFDFFF, 0xFFF80000
 3355      FFDFFFFF 
 3355      0000F8FF 
 3356 68f0 FF00E01F 			.word	0x1FE000FF, 0xFFFF0FFF, 0xFFE00000
ARM GAS  font_arial104.s 			page 122


 3356      FF0FFFFF 
 3356      0000E0FF 
 3357 68fc 7F00F01F 			.word	0x1FF0007F, 0xFFFE0FFF, 0xFFC00000
 3357      FF0FFEFF 
 3357      0000C0FF 
 3358 6908 3F00F01F 			.word	0x1FF0003F, 0xFFFC0FFF, 0xFF800000
 3358      FF0FFCFF 
 3358      000080FF 
 3359 6914 0F00F80F 			.word	0x0FF8000F, 0xFFF007FF, 0xFE000000
 3359      FF07F0FF 
 3359      000000FE 
 3360 6920 0300FC0F 			.word	0x0FFC0003, 0xFFC003FF, 0xF8001FF0
 3360      FF03C0FF 
 3360      F01F00F8 
 3361 692c 0000FE07 			.word	0x07FE0000, 0xFF00007F, 0x80003FF0
 3361      7F0000FF 
 3361      F03F0080 
 3362 6938 0000FF03 			.word	0x03FF0000, 0x00000000, 0x00007FE0
 3362      00000000 
 3362      E07F0000 
 3363 6944 0080FF03 			.word	0x03FF8000, 0x00000000, 0x0000FFC0
 3363      00000000 
 3363      C0FF0000 
 3364 6950 00C0FF01 			.word	0x01FFC000, 0x00000000, 0x0001FFC0
 3364      00000000 
 3364      C0FF0100 
 3365 695c 00E0FF00 			.word	0x00FFE000, 0x00000000, 0x0003FF80
 3365      00000000 
 3365      80FF0300 
 3366 6968 00F0FF00 			.word	0x00FFF000, 0x00000000, 0x0007FF00
 3366      00000000 
 3366      00FF0700 
 3367 6974 00FC7F00 			.word	0x007FFC00, 0x00000000, 0x001FFE00
 3367      00000000 
 3367      00FE1F00 
 3368 6980 00FF3F00 			.word	0x003FFF00, 0x00000000, 0x007FFC00
 3368      00000000 
 3368      00FC7F00 
 3369 698c C0FF1F00 			.word	0x001FFFC0, 0x00000000, 0x00FFF800
 3369      00000000 
 3369      00F8FF00 
 3370 6998 F0FF0F00 			.word	0x000FFFF0, 0x00000000, 0x07FFF000
 3370      00000000 
 3370      00F0FF07 
 3371 69a4 FEFF0700 			.word	0x0007FFFE, 0x00000000, 0x1FFFE000
 3371      00000000 
 3371      00E0FF1F 
 3372 69b0 FFFF0300 			.word	0x0003FFFF, 0xE0000001, 0xFFFFC000
 3372      010000E0 
 3372      00C0FFFF 
 3373 69bc FFFF0100 			.word	0x0001FFFF, 0xFF80003F, 0xFFFF8000
 3373      3F0080FF 
 3373      0080FFFF 
 3374 69c8 FF7F0000 			.word	0x00007FFF, 0xFFFFFFFF, 0xFFFE0000
 3374      FFFFFFFF 
 3374      0000FEFF 
 3375 69d4 FF3F0000 			.word	0x00003FFF, 0xFFFFFFFF, 0xFFFC0000
ARM GAS  font_arial104.s 			page 123


 3375      FFFFFFFF 
 3375      0000FCFF 
 3376 69e0 FF0F0000 			.word	0x00000FFF, 0xFFFFFFFF, 0xFFF00000
 3376      FFFFFFFF 
 3376      0000F0FF 
 3377 69ec FF030000 			.word	0x000003FF, 0xFFFFFFFF, 0xFFC00000
 3377      FFFFFFFF 
 3377      0000C0FF 
 3378 69f8 FF000000 			.word	0x000000FF, 0xFFFFFFFF, 0xFF000000
 3378      FFFFFFFF 
 3378      000000FF 
 3379 6a04 1F000000 			.word	0x0000001F, 0xFFFFFFFF, 0xFC000000
 3379      FFFFFFFF 
 3379      000000FC 
 3380 6a10 03000000 			.word	0x00000003, 0xFFFFFFFF, 0xE0000000
 3380      FFFFFFFF 
 3380      000000E0 
 3381 6a1c 00000000 			.word	0x00000000, 0x3FFFFFFF, 0x00000000
 3381      FFFFFF3F 
 3381      00000000 
 3382 6a28 00000000 			.word	0x00000000, 0x00FFFFC0, 0x00000000
 3382      C0FFFF00 
 3382      00000000 
 3383              	
 3384              	UPPERCASE_A:
 3385 6a34 41000000 			.word	'A			// ASCII "A" character
 3386 6a38 5D000000 			.word	93			// cell pixel width
 3387 6a3c 82000000 			.word	CELLHGHT		// cell pixel height
 3388 6a40 5D000000 			.word	93			// glyph pixel width
 3389 6a44 64000000 			.word	100			// glyph pixel height
 3390 6a48 00000000 			.word	0			// blank horizontal pixels before glyph
 3391 6a4c 00000000 			.word	0			// blank horizontal pixels after glyph
 3392 6a50 00000000 			.word	0			// blank horizontal lines before glyph
 3393 6a54 1E000000 			.word	30			// blank horizontal lines after glyph
 3394              							// bit mapped glyph
 3395 6a58 00000000 			.word	0x00000000, 0x01FFF000, 0x00000000
 3395      00F0FF01 
 3395      00000000 
 3396 6a64 00000000 			.word	0x00000000, 0x03FFF000, 0x00000000
 3396      00F0FF03 
 3396      00000000 
 3397 6a70 00000000 			.word	0x00000000, 0x03FFF800, 0x00000000
 3397      00F8FF03 
 3397      00000000 
 3398 6a7c 00000000 			.word	0x00000000, 0x07FFF800, 0x00000000
 3398      00F8FF07 
 3398      00000000 
 3399 6a88 00000000 			.word	0x00000000, 0x07FFFC00, 0x00000000
 3399      00FCFF07 
 3399      00000000 
 3400 6a94 00000000 			.word	0x00000000, 0x07FFFC00, 0x00000000
 3400      00FCFF07 
 3400      00000000 
 3401 6aa0 00000000 			.word	0x00000000, 0x0FFFFC00, 0x00000000
 3401      00FCFF0F 
 3401      00000000 
 3402 6aac 00000000 			.word	0x00000000, 0x0FFFFE00, 0x00000000
ARM GAS  font_arial104.s 			page 124


 3402      00FEFF0F 
 3402      00000000 
 3403 6ab8 00000000 			.word	0x00000000, 0x1FFFFE00, 0x00000000
 3403      00FEFF1F 
 3403      00000000 
 3404 6ac4 00000000 			.word	0x00000000, 0x1FFFFF00, 0x00000000
 3404      00FFFF1F 
 3404      00000000 
 3405 6ad0 00000000 			.word	0x00000000, 0x1FFFFF00, 0x00000000
 3405      00FFFF1F 
 3405      00000000 
 3406 6adc 00000000 			.word	0x00000000, 0x3FFFFF00, 0x00000000
 3406      00FFFF3F 
 3406      00000000 
 3407 6ae8 00000000 			.word	0x00000000, 0x3FFFFF80, 0x00000000
 3407      80FFFF3F 
 3407      00000000 
 3408 6af4 00000000 			.word	0x00000000, 0x3FFFFF80, 0x00000000
 3408      80FFFF3F 
 3408      00000000 
 3409 6b00 00000000 			.word	0x00000000, 0x7FF3FFC0, 0x00000000
 3409      C0FFF37F 
 3409      00000000 
 3410 6b0c 00000000 			.word	0x00000000, 0x7FF3FFC0, 0x00000000
 3410      C0FFF37F 
 3410      00000000 
 3411 6b18 00000000 			.word	0x00000000, 0xFFF3FFE0, 0x00000000
 3411      E0FFF3FF 
 3411      00000000 
 3412 6b24 00000000 			.word	0x00000000, 0xFFF1FFE0, 0x00000000
 3412      E0FFF1FF 
 3412      00000000 
 3413 6b30 00000000 			.word	0x00000000, 0xFFE1FFE0, 0x00000000
 3413      E0FFE1FF 
 3413      00000000 
 3414 6b3c 01000000 			.word	0x00000001, 0xFFE1FFF0, 0x00000000
 3414      F0FFE1FF 
 3414      00000000 
 3415 6b48 01000000 			.word	0x00000001, 0xFFE0FFF0, 0x00000000
 3415      F0FFE0FF 
 3415      00000000 
 3416 6b54 03000000 			.word	0x00000003, 0xFFE0FFF8, 0x00000000
 3416      F8FFE0FF 
 3416      00000000 
 3417 6b60 03000000 			.word	0x00000003, 0xFFC0FFF8, 0x00000000
 3417      F8FFC0FF 
 3417      00000000 
 3418 6b6c 03000000 			.word	0x00000003, 0xFFC07FF8, 0x00000000
 3418      F87FC0FF 
 3418      00000000 
 3419 6b78 07000000 			.word	0x00000007, 0xFFC07FFC, 0x00000000
 3419      FC7FC0FF 
 3419      00000000 
 3420 6b84 07000000 			.word	0x00000007, 0xFF803FFC, 0x00000000
 3420      FC3F80FF 
 3420      00000000 
 3421 6b90 0F000000 			.word	0x0000000F, 0xFF803FFE, 0x00000000
ARM GAS  font_arial104.s 			page 125


 3421      FE3F80FF 
 3421      00000000 
 3422 6b9c 0F000000 			.word	0x0000000F, 0xFF803FFE, 0x00000000
 3422      FE3F80FF 
 3422      00000000 
 3423 6ba8 0F000000 			.word	0x0000000F, 0xFF001FFF, 0x00000000
 3423      FF1F00FF 
 3423      00000000 
 3424 6bb4 1F000000 			.word	0x0000001F, 0xFF001FFF, 0x00000000
 3424      FF1F00FF 
 3424      00000000 
 3425 6bc0 1F000000 			.word	0x0000001F, 0xFF001FFF, 0x00000000
 3425      FF1F00FF 
 3425      00000000 
 3426 6bcc 3F000000 			.word	0x0000003F, 0xFE000FFF, 0x80000000
 3426      FF0F00FE 
 3426      00000080 
 3427 6bd8 3F000000 			.word	0x0000003F, 0xFE000FFF, 0x80000000
 3427      FF0F00FE 
 3427      00000080 
 3428 6be4 3F000000 			.word	0x0000003F, 0xFC0007FF, 0xC0000000
 3428      FF0700FC 
 3428      000000C0 
 3429 6bf0 7F000000 			.word	0x0000007F, 0xFC0007FF, 0xC0000000
 3429      FF0700FC 
 3429      000000C0 
 3430 6bfc 7F000000 			.word	0x0000007F, 0xFC0007FF, 0xC0000000
 3430      FF0700FC 
 3430      000000C0 
 3431 6c08 7F000000 			.word	0x0000007F, 0xF80003FF, 0xE0000000
 3431      FF0300F8 
 3431      000000E0 
 3432 6c14 FF000000 			.word	0x000000FF, 0xF80003FF, 0xE0000000
 3432      FF0300F8 
 3432      000000E0 
 3433 6c20 FF000000 			.word	0x000000FF, 0xF80001FF, 0xF0000000
 3433      FF0100F8 
 3433      000000F0 
 3434 6c2c FF010000 			.word	0x000001FF, 0xF00001FF, 0xF0000000
 3434      FF0100F0 
 3434      000000F0 
 3435 6c38 FF010000 			.word	0x000001FF, 0xF00001FF, 0xF8000000
 3435      FF0100F0 
 3435      000000F8 
 3436 6c44 FF010000 			.word	0x000001FF, 0xE00000FF, 0xF8000000
 3436      FF0000E0 
 3436      000000F8 
 3437 6c50 FF030000 			.word	0x000003FF, 0xE00000FF, 0xF8000000
 3437      FF0000E0 
 3437      000000F8 
 3438 6c5c FF030000 			.word	0x000003FF, 0xE00000FF, 0xFC000000
 3438      FF0000E0 
 3438      000000FC 
 3439 6c68 FF070000 			.word	0x000007FF, 0xC000007F, 0xFC000000
 3439      7F0000C0 
 3439      000000FC 
 3440 6c74 FF070000 			.word	0x000007FF, 0xC000007F, 0xFE000000
ARM GAS  font_arial104.s 			page 126


 3440      7F0000C0 
 3440      000000FE 
 3441 6c80 FF070000 			.word	0x000007FF, 0x8000003F, 0xFE000000
 3441      3F000080 
 3441      000000FE 
 3442 6c8c FF0F0000 			.word	0x00000FFF, 0x8000003F, 0xFE000000
 3442      3F000080 
 3442      000000FE 
 3443 6c98 FF0F0000 			.word	0x00000FFF, 0x8000003F, 0xFF000000
 3443      3F000080 
 3443      000000FF 
 3444 6ca4 FF1F0000 			.word	0x00001FFF, 0x0000001F, 0xFF000000
 3444      1F000000 
 3444      000000FF 
 3445 6cb0 FF1F0000 			.word	0x00001FFF, 0x0000001F, 0xFF800000
 3445      1F000000 
 3445      000080FF 
 3446 6cbc FF1F0000 			.word	0x00001FFF, 0x0000000F, 0xFF800000
 3446      0F000000 
 3446      000080FF 
 3447 6cc8 FE3F0000 			.word	0x00003FFE, 0x0000000F, 0xFFC00000
 3447      0F000000 
 3447      0000C0FF 
 3448 6cd4 FE3F0000 			.word	0x00003FFE, 0x0000000F, 0xFFC00000
 3448      0F000000 
 3448      0000C0FF 
 3449 6ce0 FC3F0000 			.word	0x00003FFC, 0x00000007, 0xFFC00000
 3449      07000000 
 3449      0000C0FF 
 3450 6cec FC7F0000 			.word	0x00007FFC, 0x00000007, 0xFFE00000
 3450      07000000 
 3450      0000E0FF 
 3451 6cf8 FC7F0000 			.word	0x00007FFC, 0x00000007, 0xFFE00000
 3451      07000000 
 3451      0000E0FF 
 3452 6d04 FFFF0000 			.word	0x0000FFFF, 0xFFFFFFFF, 0xFFF00000
 3452      FFFFFFFF 
 3452      0000F0FF 
 3453 6d10 FFFF0000 			.word	0x0000FFFF, 0xFFFFFFFF, 0xFFF00000
 3453      FFFFFFFF 
 3453      0000F0FF 
 3454 6d1c FFFF0000 			.word	0x0000FFFF, 0xFFFFFFFF, 0xFFF00000
 3454      FFFFFFFF 
 3454      0000F0FF 
 3455 6d28 FFFF0100 			.word	0x0001FFFF, 0xFFFFFFFF, 0xFFF80000
 3455      FFFFFFFF 
 3455      0000F8FF 
 3456 6d34 FFFF0100 			.word	0x0001FFFF, 0xFFFFFFFF, 0xFFF80000
 3456      FFFFFFFF 
 3456      0000F8FF 
 3457 6d40 FFFF0300 			.word	0x0003FFFF, 0xFFFFFFFF, 0xFFFC0000
 3457      FFFFFFFF 
 3457      0000FCFF 
 3458 6d4c FFFF0300 			.word	0x0003FFFF, 0xFFFFFFFF, 0xFFFC0000
 3458      FFFFFFFF 
 3458      0000FCFF 
 3459 6d58 FFFF0300 			.word	0x0003FFFF, 0xFFFFFFFF, 0xFFFC0000
ARM GAS  font_arial104.s 			page 127


 3459      FFFFFFFF 
 3459      0000FCFF 
 3460 6d64 FFFF0700 			.word	0x0007FFFF, 0xFFFFFFFF, 0xFFFE0000
 3460      FFFFFFFF 
 3460      0000FEFF 
 3461 6d70 FFFF0700 			.word	0x0007FFFF, 0xFFFFFFFF, 0xFFFE0000
 3461      FFFFFFFF 
 3461      0000FEFF 
 3462 6d7c FFFF0F00 			.word	0x000FFFFF, 0xFFFFFFFF, 0xFFFF0000
 3462      FFFFFFFF 
 3462      0000FFFF 
 3463 6d88 FFFF0F00 			.word	0x000FFFFF, 0xFFFFFFFF, 0xFFFF0000
 3463      FFFFFFFF 
 3463      0000FFFF 
 3464 6d94 80FF0F00 			.word	0x000FFF80, 0x00000000, 0x3FFF8000
 3464      00000000 
 3464      0080FF3F 
 3465 6da0 80FF1F00 			.word	0x001FFF80, 0x00000000, 0x1FFF8000
 3465      00000000 
 3465      0080FF1F 
 3466 6dac 00FF1F00 			.word	0x001FFF00, 0x00000000, 0x1FFF8000
 3466      00000000 
 3466      0080FF1F 
 3467 6db8 00FF1F00 			.word	0x001FFF00, 0x00000000, 0x0FFFC000
 3467      00000000 
 3467      00C0FF0F 
 3468 6dc4 00FE3F00 			.word	0x003FFE00, 0x00000000, 0x0FFFC000
 3468      00000000 
 3468      00C0FF0F 
 3469 6dd0 00FE3F00 			.word	0x003FFE00, 0x00000000, 0x0FFFE000
 3469      00000000 
 3469      00E0FF0F 
 3470 6ddc 00FE7F00 			.word	0x007FFE00, 0x00000000, 0x07FFE000
 3470      00000000 
 3470      00E0FF07 
 3471 6de8 00FC7F00 			.word	0x007FFC00, 0x00000000, 0x07FFE000
 3471      00000000 
 3471      00E0FF07 
 3472 6df4 00FC7F00 			.word	0x007FFC00, 0x00000000, 0x03FFF000
 3472      00000000 
 3472      00F0FF03 
 3473 6e00 00FCFF00 			.word	0x00FFFC00, 0x00000000, 0x03FFF000
 3473      00000000 
 3473      00F0FF03 
 3474 6e0c 00F8FF00 			.word	0x00FFF800, 0x00000000, 0x03FFF800
 3474      00000000 
 3474      00F8FF03 
 3475 6e18 00F8FF01 			.word	0x01FFF800, 0x00000000, 0x01FFF800
 3475      00000000 
 3475      00F8FF01 
 3476 6e24 00F8FF01 			.word	0x01FFF800, 0x00000000, 0x01FFFC00
 3476      00000000 
 3476      00FCFF01 
 3477 6e30 00F0FF01 			.word	0x01FFF000, 0x00000000, 0x00FFFC00
 3477      00000000 
 3477      00FCFF00 
 3478 6e3c 00F0FF03 			.word	0x03FFF000, 0x00000000, 0x00FFFC00
ARM GAS  font_arial104.s 			page 128


 3478      00000000 
 3478      00FCFF00 
 3479 6e48 00E0FF03 			.word	0x03FFE000, 0x00000000, 0x00FFFE00
 3479      00000000 
 3479      00FEFF00 
 3480 6e54 00E0FF07 			.word	0x07FFE000, 0x00000000, 0x007FFE00
 3480      00000000 
 3480      00FE7F00 
 3481 6e60 00E0FF07 			.word	0x07FFE000, 0x00000000, 0x007FFF00
 3481      00000000 
 3481      00FF7F00 
 3482 6e6c 00C0FF07 			.word	0x07FFC000, 0x00000000, 0x007FFF00
 3482      00000000 
 3482      00FF7F00 
 3483 6e78 00C0FF0F 			.word	0x0FFFC000, 0x00000000, 0x003FFF00
 3483      00000000 
 3483      00FF3F00 
 3484 6e84 00C0FF0F 			.word	0x0FFFC000, 0x00000000, 0x003FFF80
 3484      00000000 
 3484      80FF3F00 
 3485 6e90 0080FF0F 			.word	0x0FFF8000, 0x00000000, 0x001FFF80
 3485      00000000 
 3485      80FF1F00 
 3486 6e9c 0080FF1F 			.word	0x1FFF8000, 0x00000000, 0x001FFFC0
 3486      00000000 
 3486      C0FF1F00 
 3487 6ea8 0000FF1F 			.word	0x1FFF0000, 0x00000000, 0x001FFFC0
 3487      00000000 
 3487      C0FF1F00 
 3488 6eb4 0000FF3F 			.word	0x3FFF0000, 0x00000000, 0x000FFFE0
 3488      00000000 
 3488      E0FF0F00 
 3489 6ec0 0000FF3F 			.word	0x3FFF0000, 0x00000000, 0x000FFFE0
 3489      00000000 
 3489      E0FF0F00 
 3490 6ecc 0000FE3F 			.word	0x3FFE0000, 0x00000000, 0x0007FFE0
 3490      00000000 
 3490      E0FF0700 
 3491 6ed8 0000FE7F 			.word	0x7FFE0000, 0x00000000, 0x0007FFF0
 3491      00000000 
 3491      F0FF0700 
 3492 6ee4 0000FE7F 			.word	0x7FFE0000, 0x00000000, 0x0007FFF0
 3492      00000000 
 3492      F0FF0700 
 3493 6ef0 0000FCFF 			.word	0xFFFC0000, 0x00000000, 0x0003FFF8
 3493      00000000 
 3493      F8FF0300 
 3494 6efc 0000FCFF 			.word	0xFFFC0000, 0x00000000, 0x0003FFF8
 3494      00000000 
 3494      F8FF0300 
 3495              	
 3496              	UPPERCASE_B:
 3497 6f08 42000000 			.word	'B			// ASCII "B" character
 3498 6f0c 5D000000 			.word	93			// cell pixel width
 3499 6f10 82000000 			.word	CELLHGHT		// cell pixel height
 3500 6f14 4B000000 			.word	75			// glyph pixel width
 3501 6f18 64000000 			.word	100			// glyph pixel height
ARM GAS  font_arial104.s 			page 129


 3502 6f1c 0A000000 			.word	10			// blank horizontal pixels before glyph
 3503 6f20 08000000 			.word	8			// blank horizontal pixels after glyph
 3504 6f24 00000000 			.word	0			// blank horizontal lines before glyph
 3505 6f28 1E000000 			.word	30			// blank horizontal lines after glyph
 3506              							// bit mapped glyph
 3507 6f2c FFFFFFFF 			.word	0xFFFFFFFF, 0xFFFC0000, 0x00000000
 3507      0000FCFF 
 3507      00000000 
 3508 6f38 FFFFFFFF 			.word	0xFFFFFFFF, 0xFFFFE000, 0x00000000
 3508      00E0FFFF 
 3508      00000000 
 3509 6f44 FFFFFFFF 			.word	0xFFFFFFFF, 0xFFFFFE00, 0x00000000
 3509      00FEFFFF 
 3509      00000000 
 3510 6f50 FFFFFFFF 			.word	0xFFFFFFFF, 0xFFFFFF80, 0x00000000
 3510      80FFFFFF 
 3510      00000000 
 3511 6f5c FFFFFFFF 			.word	0xFFFFFFFF, 0xFFFFFFE0, 0x00000000
 3511      E0FFFFFF 
 3511      00000000 
 3512 6f68 FFFFFFFF 			.word	0xFFFFFFFF, 0xFFFFFFF0, 0x00000000
 3512      F0FFFFFF 
 3512      00000000 
 3513 6f74 FFFFFFFF 			.word	0xFFFFFFFF, 0xFFFFFFFC, 0x00000000
 3513      FCFFFFFF 
 3513      00000000 
 3514 6f80 FFFFFFFF 			.word	0xFFFFFFFF, 0xFFFFFFFE, 0x00000000
 3514      FEFFFFFF 
 3514      00000000 
 3515 6f8c FFFFFFFF 			.word	0xFFFFFFFF, 0xFFFFFFFF, 0x00000000
 3515      FFFFFFFF 
 3515      00000000 
 3516 6f98 FFFFFFFF 			.word	0xFFFFFFFF, 0xFFFFFFFF, 0x80000000
 3516      FFFFFFFF 
 3516      00000080 
 3517 6fa4 FFFFFFFF 			.word	0xFFFFFFFF, 0xFFFFFFFF, 0x80000000
 3517      FFFFFFFF 
 3517      00000080 
 3518 6fb0 FFFFFFFF 			.word	0xFFFFFFFF, 0xFFFFFFFF, 0xC0000000
 3518      FFFFFFFF 
 3518      000000C0 
 3519 6fbc 0000F8FF 			.word	0xFFF80000, 0x000FFFFF, 0xE0000000
 3519      FFFF0F00 
 3519      000000E0 
 3520 6fc8 0000F8FF 			.word	0xFFF80000, 0x00007FFF, 0xE0000000
 3520      FF7F0000 
 3520      000000E0 
 3521 6fd4 0000F8FF 			.word	0xFFF80000, 0x00001FFF, 0xF0000000
 3521      FF1F0000 
 3521      000000F0 
 3522 6fe0 0000F8FF 			.word	0xFFF80000, 0x000007FF, 0xF0000000
 3522      FF070000 
 3522      000000F0 
 3523 6fec 0000F8FF 			.word	0xFFF80000, 0x000003FF, 0xF8000000
 3523      FF030000 
 3523      000000F8 
 3524 6ff8 0000F8FF 			.word	0xFFF80000, 0x000001FF, 0xF8000000
ARM GAS  font_arial104.s 			page 130


 3524      FF010000 
 3524      000000F8 
 3525 7004 0000F8FF 			.word	0xFFF80000, 0x000001FF, 0xFC000000
 3525      FF010000 
 3525      000000FC 
 3526 7010 0000F8FF 			.word	0xFFF80000, 0x000000FF, 0xFC000000
 3526      FF000000 
 3526      000000FC 
 3527 701c 0000F8FF 			.word	0xFFF80000, 0x000000FF, 0xFC000000
 3527      FF000000 
 3527      000000FC 
 3528 7028 0000F8FF 			.word	0xFFF80000, 0x0000007F, 0xFC000000
 3528      7F000000 
 3528      000000FC 
 3529 7034 0000F8FF 			.word	0xFFF80000, 0x0000007F, 0xFC000000
 3529      7F000000 
 3529      000000FC 
 3530 7040 0000F8FF 			.word	0xFFF80000, 0x0000007F, 0xFE000000
 3530      7F000000 
 3530      000000FE 
 3531 704c 0000F8FF 			.word	0xFFF80000, 0x0000003F, 0xFE000000
 3531      3F000000 
 3531      000000FE 
 3532 7058 0000F8FF 			.word	0xFFF80000, 0x0000003F, 0xFE000000
 3532      3F000000 
 3532      000000FE 
 3533 7064 0000F8FF 			.word	0xFFF80000, 0x0000003F, 0xFE000000
 3533      3F000000 
 3533      000000FE 
 3534 7070 0000F8FF 			.word	0xFFF80000, 0x0000003F, 0xFE000000
 3534      3F000000 
 3534      000000FE 
 3535 707c 0000F8FF 			.word	0xFFF80000, 0x0000003F, 0xFC000000
 3535      3F000000 
 3535      000000FC 
 3536 7088 0000F8FF 			.word	0xFFF80000, 0x0000003F, 0xFC000000
 3536      3F000000 
 3536      000000FC 
 3537 7094 0000F8FF 			.word	0xFFF80000, 0x0000003F, 0xFC000000
 3537      3F000000 
 3537      000000FC 
 3538 70a0 0000F8FF 			.word	0xFFF80000, 0x0000007F, 0xFC000000
 3538      7F000000 
 3538      000000FC 
 3539 70ac 0000F8FF 			.word	0xFFF80000, 0x0000007F, 0xFC000000
 3539      7F000000 
 3539      000000FC 
 3540 70b8 0000F8FF 			.word	0xFFF80000, 0x0000007F, 0xF8000000
 3540      7F000000 
 3540      000000F8 
 3541 70c4 0000F8FF 			.word	0xFFF80000, 0x000000FF, 0xF8000000
 3541      FF000000 
 3541      000000F8 
 3542 70d0 0000F8FF 			.word	0xFFF80000, 0x000000FF, 0xF0000000
 3542      FF000000 
 3542      000000F0 
 3543 70dc 0000F8FF 			.word	0xFFF80000, 0x000001FF, 0xF0000000
ARM GAS  font_arial104.s 			page 131


 3543      FF010000 
 3543      000000F0 
 3544 70e8 0000F8FF 			.word	0xFFF80000, 0x000003FF, 0xE0000000
 3544      FF030000 
 3544      000000E0 
 3545 70f4 0000F8FF 			.word	0xFFF80000, 0x000007FF, 0xE0000000
 3545      FF070000 
 3545      000000E0 
 3546 7100 0000F8FF 			.word	0xFFF80000, 0x00001FFF, 0xC0000000
 3546      FF1F0000 
 3546      000000C0 
 3547 710c 0000F8FF 			.word	0xFFF80000, 0x00007FFF, 0x80000000
 3547      FF7F0000 
 3547      00000080 
 3548 7118 0000F8FF 			.word	0xFFF80000, 0x000FFFFF, 0x00000000
 3548      FFFF0F00 
 3548      00000000 
 3549 7124 FFFFFFFF 			.word	0xFFFFFFFF, 0xFFFFFFFE, 0x00000000
 3549      FEFFFFFF 
 3549      00000000 
 3550 7130 FFFFFFFF 			.word	0xFFFFFFFF, 0xFFFFFFFC, 0x00000000
 3550      FCFFFFFF 
 3550      00000000 
 3551 713c FFFFFFFF 			.word	0xFFFFFFFF, 0xFFFFFFF8, 0x00000000
 3551      F8FFFFFF 
 3551      00000000 
 3552 7148 FFFFFFFF 			.word	0xFFFFFFFF, 0xFFFFFFE0, 0x00000000
 3552      E0FFFFFF 
 3552      00000000 
 3553 7154 FFFFFFFF 			.word	0xFFFFFFFF, 0xFFFFFFC0, 0x00000000
 3553      C0FFFFFF 
 3553      00000000 
 3554 7160 FFFFFFFF 			.word	0xFFFFFFFF, 0xFFFFFFC0, 0x00000000
 3554      C0FFFFFF 
 3554      00000000 
 3555 716c FFFFFFFF 			.word	0xFFFFFFFF, 0xFFFFFFF8, 0x00000000
 3555      F8FFFFFF 
 3555      00000000 
 3556 7178 FFFFFFFF 			.word	0xFFFFFFFF, 0xFFFFFFFE, 0x00000000
 3556      FEFFFFFF 
 3556      00000000 
 3557 7184 FFFFFFFF 			.word	0xFFFFFFFF, 0xFFFFFFFF, 0x80000000
 3557      FFFFFFFF 
 3557      00000080 
 3558 7190 FFFFFFFF 			.word	0xFFFFFFFF, 0xFFFFFFFF, 0xC0000000
 3558      FFFFFFFF 
 3558      000000C0 
 3559 719c FFFFFFFF 			.word	0xFFFFFFFF, 0xFFFFFFFF, 0xE0000000
 3559      FFFFFFFF 
 3559      000000E0 
 3560 71a8 FFFFFFFF 			.word	0xFFFFFFFF, 0xFFFFFFFF, 0xF0000000
 3560      FFFFFFFF 
 3560      000000F0 
 3561 71b4 0000F8FF 			.word	0xFFF80000, 0x0003FFFF, 0xF8000000
 3561      FFFF0300 
 3561      000000F8 
 3562 71c0 0000F8FF 			.word	0xFFF80000, 0x00001FFF, 0xFC000000
ARM GAS  font_arial104.s 			page 132


 3562      FF1F0000 
 3562      000000FC 
 3563 71cc 0000F8FF 			.word	0xFFF80000, 0x000007FF, 0xFE000000
 3563      FF070000 
 3563      000000FE 
 3564 71d8 0000F8FF 			.word	0xFFF80000, 0x000001FF, 0xFF000000
 3564      FF010000 
 3564      000000FF 
 3565 71e4 0000F8FF 			.word	0xFFF80000, 0x000000FF, 0xFF000000
 3565      FF000000 
 3565      000000FF 
 3566 71f0 0000F8FF 			.word	0xFFF80000, 0x0000003F, 0xFF800000
 3566      3F000000 
 3566      000080FF 
 3567 71fc 0000F8FF 			.word	0xFFF80000, 0x0000003F, 0xFF800000
 3567      3F000000 
 3567      000080FF 
 3568 7208 0000F8FF 			.word	0xFFF80000, 0x0000001F, 0xFFC00000
 3568      1F000000 
 3568      0000C0FF 
 3569 7214 0000F8FF 			.word	0xFFF80000, 0x0000000F, 0xFFC00000
 3569      0F000000 
 3569      0000C0FF 
 3570 7220 0000F8FF 			.word	0xFFF80000, 0x0000000F, 0xFFC00000
 3570      0F000000 
 3570      0000C0FF 
 3571 722c 0000F8FF 			.word	0xFFF80000, 0x00000007, 0xFFE00000
 3571      07000000 
 3571      0000E0FF 
 3572 7238 0000F8FF 			.word	0xFFF80000, 0x00000007, 0xFFE00000
 3572      07000000 
 3572      0000E0FF 
 3573 7244 0000F8FF 			.word	0xFFF80000, 0x00000007, 0xFFE00000
 3573      07000000 
 3573      0000E0FF 
 3574 7250 0000F8FF 			.word	0xFFF80000, 0x00000003, 0xFFE00000
 3574      03000000 
 3574      0000E0FF 
 3575 725c 0000F8FF 			.word	0xFFF80000, 0x00000003, 0xFFE00000
 3575      03000000 
 3575      0000E0FF 
 3576 7268 0000F8FF 			.word	0xFFF80000, 0x00000003, 0xFFE00000
 3576      03000000 
 3576      0000E0FF 
 3577 7274 0000F8FF 			.word	0xFFF80000, 0x00000003, 0xFFE00000
 3577      03000000 
 3577      0000E0FF 
 3578 7280 0000F8FF 			.word	0xFFF80000, 0x00000003, 0xFFE00000
 3578      03000000 
 3578      0000E0FF 
 3579 728c 0000F8FF 			.word	0xFFF80000, 0x00000003, 0xFFE00000
 3579      03000000 
 3579      0000E0FF 
 3580 7298 0000F8FF 			.word	0xFFF80000, 0x00000003, 0xFFE00000
 3580      03000000 
 3580      0000E0FF 
 3581 72a4 0000F8FF 			.word	0xFFF80000, 0x00000003, 0xFFE00000
ARM GAS  font_arial104.s 			page 133


 3581      03000000 
 3581      0000E0FF 
 3582 72b0 0000F8FF 			.word	0xFFF80000, 0x00000007, 0xFFE00000
 3582      07000000 
 3582      0000E0FF 
 3583 72bc 0000F8FF 			.word	0xFFF80000, 0x00000007, 0xFFE00000
 3583      07000000 
 3583      0000E0FF 
 3584 72c8 0000F8FF 			.word	0xFFF80000, 0x00000007, 0xFFE00000
 3584      07000000 
 3584      0000E0FF 
 3585 72d4 0000F8FF 			.word	0xFFF80000, 0x0000000F, 0xFFE00000
 3585      0F000000 
 3585      0000E0FF 
 3586 72e0 0000F8FF 			.word	0xFFF80000, 0x0000000F, 0xFFC00000
 3586      0F000000 
 3586      0000C0FF 
 3587 72ec 0000F8FF 			.word	0xFFF80000, 0x0000001F, 0xFFC00000
 3587      1F000000 
 3587      0000C0FF 
 3588 72f8 0000F8FF 			.word	0xFFF80000, 0x0000001F, 0xFFC00000
 3588      1F000000 
 3588      0000C0FF 
 3589 7304 0000F8FF 			.word	0xFFF80000, 0x0000003F, 0xFF800000
 3589      3F000000 
 3589      000080FF 
 3590 7310 0000F8FF 			.word	0xFFF80000, 0x0000007F, 0xFF800000
 3590      7F000000 
 3590      000080FF 
 3591 731c 0000F8FF 			.word	0xFFF80000, 0x000000FF, 0xFF000000
 3591      FF000000 
 3591      000000FF 
 3592 7328 0000F8FF 			.word	0xFFF80000, 0x000003FF, 0xFF000000
 3592      FF030000 
 3592      000000FF 
 3593 7334 0000F8FF 			.word	0xFFF80000, 0x00001FFF, 0xFE000000
 3593      FF1F0000 
 3593      000000FE 
 3594 7340 0000F8FF 			.word	0xFFF80000, 0x0000FFFF, 0xFE000000
 3594      FFFF0000 
 3594      000000FE 
 3595 734c FFFFFFFF 			.word	0xFFFFFFFF, 0xFFFFFFFF, 0xFC000000
 3595      FFFFFFFF 
 3595      000000FC 
 3596 7358 FFFFFFFF 			.word	0xFFFFFFFF, 0xFFFFFFFF, 0xF8000000
 3596      FFFFFFFF 
 3596      000000F8 
 3597 7364 FFFFFFFF 			.word	0xFFFFFFFF, 0xFFFFFFFF, 0xF0000000
 3597      FFFFFFFF 
 3597      000000F0 
 3598 7370 FFFFFFFF 			.word	0xFFFFFFFF, 0xFFFFFFFF, 0xE0000000
 3598      FFFFFFFF 
 3598      000000E0 
 3599 737c FFFFFFFF 			.word	0xFFFFFFFF, 0xFFFFFFFF, 0xC0000000
 3599      FFFFFFFF 
 3599      000000C0 
 3600 7388 FFFFFFFF 			.word	0xFFFFFFFF, 0xFFFFFFFF, 0x80000000
ARM GAS  font_arial104.s 			page 134


 3600      FFFFFFFF 
 3600      00000080 
 3601 7394 FFFFFFFF 			.word	0xFFFFFFFF, 0xFFFFFFFF, 0x00000000
 3601      FFFFFFFF 
 3601      00000000 
 3602 73a0 FFFFFFFF 			.word	0xFFFFFFFF, 0xFFFFFFFC, 0x00000000
 3602      FCFFFFFF 
 3602      00000000 
 3603 73ac FFFFFFFF 			.word	0xFFFFFFFF, 0xFFFFFFF0, 0x00000000
 3603      F0FFFFFF 
 3603      00000000 
 3604 73b8 FFFFFFFF 			.word	0xFFFFFFFF, 0xFFFFFF80, 0x00000000
 3604      80FFFFFF 
 3604      00000000 
 3605 73c4 FFFFFFFF 			.word	0xFFFFFFFF, 0xFFFFFC00, 0x00000000
 3605      00FCFFFF 
 3605      00000000 
 3606 73d0 FFFFFFFF 			.word	0xFFFFFFFF, 0xFFFF0000, 0x00000000
 3606      0000FFFF 
 3606      00000000 
 3607              	
 3608              	UPPERCASE_C:
 3609 73dc 43000000 			.word	'C			// ASCII "C" character
 3610 73e0 63000000 			.word	99			// cell pixel width
 3611 73e4 82000000 			.word	CELLHGHT		// cell pixel height
 3612 73e8 56000000 			.word	86			// glyph pixel width
 3613 73ec 64000000 			.word	100			// glyph pixel height
 3614 73f0 06000000 			.word	6			// blank horizontal pixels before glyph
 3615 73f4 07000000 			.word	7			// blank horizontal pixels after glyph
 3616 73f8 00000000 			.word	0			// blank horizontal lines before glyph
 3617 73fc 1E000000 			.word	30			// blank horizontal lines after glyph
 3618              							// bit mapped glyph
 3619 7400 00000000 			.word	0x00000000, 0x03FFF800, 0x00000000
 3619      00F8FF03 
 3619      00000000 
 3620 740c 00000000 			.word	0x00000000, 0x7FFFFFC0, 0x00000000
 3620      C0FFFF7F 
 3620      00000000 
 3621 7418 03000000 			.word	0x00000003, 0xFFFFFFF8, 0x00000000
 3621      F8FFFFFF 
 3621      00000000 
 3622 7424 1F000000 			.word	0x0000001F, 0xFFFFFFFE, 0x00000000
 3622      FEFFFFFF 
 3622      00000000 
 3623 7430 7F000000 			.word	0x0000007F, 0xFFFFFFFF, 0x80000000
 3623      FFFFFFFF 
 3623      00000080 
 3624 743c FF010000 			.word	0x000001FF, 0xFFFFFFFF, 0xE0000000
 3624      FFFFFFFF 
 3624      000000E0 
 3625 7448 FF070000 			.word	0x000007FF, 0xFFFFFFFF, 0xF8000000
 3625      FFFFFFFF 
 3625      000000F8 
 3626 7454 FF1F0000 			.word	0x00001FFF, 0xFFFFFFFF, 0xFC000000
 3626      FFFFFFFF 
 3626      000000FC 
 3627 7460 FF3F0000 			.word	0x00003FFF, 0xFFFFFFFF, 0xFE000000
ARM GAS  font_arial104.s 			page 135


 3627      FFFFFFFF 
 3627      000000FE 
 3628 746c FF7F0000 			.word	0x00007FFF, 0xFFFFFFFF, 0xFF800000
 3628      FFFFFFFF 
 3628      000080FF 
 3629 7478 FFFF0100 			.word	0x0001FFFF, 0xFFFFFFFF, 0xFFC00000
 3629      FFFFFFFF 
 3629      0000C0FF 
 3630 7484 FFFF0300 			.word	0x0003FFFF, 0xFFFFFFFF, 0xFFE00000
 3630      FFFFFFFF 
 3630      0000E0FF 
 3631 7490 FFFF0700 			.word	0x0007FFFF, 0xFE001FFF, 0xFFE00000
 3631      FF1F00FE 
 3631      0000E0FF 
 3632 749c FFFF0F00 			.word	0x000FFFFF, 0xC00001FF, 0xFFF00000
 3632      FF0100C0 
 3632      0000F0FF 
 3633 74a8 FEFF1F00 			.word	0x001FFFFE, 0x0000003F, 0xFFF80000
 3633      3F000000 
 3633      0000F8FF 
 3634 74b4 F8FF1F00 			.word	0x001FFFF8, 0x0000001F, 0xFFFC0000
 3634      1F000000 
 3634      0000FCFF 
 3635 74c0 F0FF3F00 			.word	0x003FFFF0, 0x00000007, 0xFFFE0000
 3635      07000000 
 3635      0000FEFF 
 3636 74cc C0FF7F00 			.word	0x007FFFC0, 0x00000003, 0xFFFE0000
 3636      03000000 
 3636      0000FEFF 
 3637 74d8 80FFFF00 			.word	0x00FFFF80, 0x00000001, 0xFFFF0000
 3637      01000000 
 3637      0000FFFF 
 3638 74e4 00FFFF00 			.word	0x00FFFF00, 0x00000000, 0xFFFF0000
 3638      00000000 
 3638      0000FFFF 
 3639 74f0 00FEFF01 			.word	0x01FFFE00, 0x00000000, 0x7FFF8000
 3639      00000000 
 3639      0080FF7F 
 3640 74fc 00FCFF01 			.word	0x01FFFC00, 0x00000000, 0x3FFF8000
 3640      00000000 
 3640      0080FF3F 
 3641 7508 00F8FF03 			.word	0x03FFF800, 0x00000000, 0x1FFFC000
 3641      00000000 
 3641      00C0FF1F 
 3642 7514 00F0FF07 			.word	0x07FFF000, 0x00000000, 0x1FFFC000
 3642      00000000 
 3642      00C0FF1F 
 3643 7520 00E0FF07 			.word	0x07FFE000, 0x00000000, 0x0FFFE000
 3643      00000000 
 3643      00E0FF0F 
 3644 752c 00E0FF07 			.word	0x07FFE000, 0x00000000, 0x0FFFE000
 3644      00000000 
 3644      00E0FF0F 
 3645 7538 00C0FF0F 			.word	0x0FFFC000, 0x00000000, 0x07FFE000
 3645      00000000 
 3645      00E0FF07 
 3646 7544 00C0FF0F 			.word	0x0FFFC000, 0x00000000, 0x07FFF000
ARM GAS  font_arial104.s 			page 136


 3646      00000000 
 3646      00F0FF07 
 3647 7550 0080FF1F 			.word	0x1FFF8000, 0x00000000, 0x03FFF000
 3647      00000000 
 3647      00F0FF03 
 3648 755c 0080FF1F 			.word	0x1FFF8000, 0x00000000, 0x03FF8000
 3648      00000000 
 3648      0080FF03 
 3649 7568 0000FF1F 			.word	0x1FFF0000, 0x00000000, 0x01F00000
 3649      00000000 
 3649      0000F001 
 3650 7574 0000FF3F 			.word	0x3FFF0000, 0x00000000, 0x01000000
 3650      00000000 
 3650      00000001 
 3651 7580 0000FF3F 			.word	0x3FFF0000, 0x00000000, 0x00000000
 3651      00000000 
 3651      00000000 
 3652 758c 0000FE3F 			.word	0x3FFE0000, 0x00000000, 0x00000000
 3652      00000000 
 3652      00000000 
 3653 7598 0000FE3F 			.word	0x3FFE0000, 0x00000000, 0x00000000
 3653      00000000 
 3653      00000000 
 3654 75a4 0000FE7F 			.word	0x7FFE0000, 0x00000000, 0x00000000
 3654      00000000 
 3654      00000000 
 3655 75b0 0000FC7F 			.word	0x7FFC0000, 0x00000000, 0x00000000
 3655      00000000 
 3655      00000000 
 3656 75bc 0000FC7F 			.word	0x7FFC0000, 0x00000000, 0x00000000
 3656      00000000 
 3656      00000000 
 3657 75c8 0000FC7F 			.word	0x7FFC0000, 0x00000000, 0x00000000
 3657      00000000 
 3657      00000000 
 3658 75d4 0000FC7F 			.word	0x7FFC0000, 0x00000000, 0x00000000
 3658      00000000 
 3658      00000000 
 3659 75e0 0000FC7F 			.word	0x7FFC0000, 0x00000000, 0x00000000
 3659      00000000 
 3659      00000000 
 3660 75ec 0000FCFF 			.word	0xFFFC0000, 0x00000000, 0x00000000
 3660      00000000 
 3660      00000000 
 3661 75f8 0000F8FF 			.word	0xFFF80000, 0x00000000, 0x00000000
 3661      00000000 
 3661      00000000 
 3662 7604 0000F8FF 			.word	0xFFF80000, 0x00000000, 0x00000000
 3662      00000000 
 3662      00000000 
 3663 7610 0000F8FF 			.word	0xFFF80000, 0x00000000, 0x00000000
 3663      00000000 
 3663      00000000 
 3664 761c 0000F8FF 			.word	0xFFF80000, 0x00000000, 0x00000000
 3664      00000000 
 3664      00000000 
 3665 7628 0000F8FF 			.word	0xFFF80000, 0x00000000, 0x00000000
ARM GAS  font_arial104.s 			page 137


 3665      00000000 
 3665      00000000 
 3666 7634 0000F8FF 			.word	0xFFF80000, 0x00000000, 0x00000000
 3666      00000000 
 3666      00000000 
 3667 7640 0000F8FF 			.word	0xFFF80000, 0x00000000, 0x00000000
 3667      00000000 
 3667      00000000 
 3668 764c 0000F8FF 			.word	0xFFF80000, 0x00000000, 0x00000000
 3668      00000000 
 3668      00000000 
 3669 7658 0000F8FF 			.word	0xFFF80000, 0x00000000, 0x00000000
 3669      00000000 
 3669      00000000 
 3670 7664 0000F8FF 			.word	0xFFF80000, 0x00000000, 0x00000000
 3670      00000000 
 3670      00000000 
 3671 7670 0000F8FF 			.word	0xFFF80000, 0x00000000, 0x00000000
 3671      00000000 
 3671      00000000 
 3672 767c 0000F8FF 			.word	0xFFF80000, 0x00000000, 0x00000000
 3672      00000000 
 3672      00000000 
 3673 7688 0000F8FF 			.word	0xFFF80000, 0x00000000, 0x00000000
 3673      00000000 
 3673      00000000 
 3674 7694 0000F8FF 			.word	0xFFF80000, 0x00000000, 0x00000000
 3674      00000000 
 3674      00000000 
 3675 76a0 0000F8FF 			.word	0xFFF80000, 0x00000000, 0x00000000
 3675      00000000 
 3675      00000000 
 3676 76ac 0000F8FF 			.word	0xFFF80000, 0x00000000, 0x00000000
 3676      00000000 
 3676      00000000 
 3677 76b8 0000FC7F 			.word	0x7FFC0000, 0x00000000, 0x00000000
 3677      00000000 
 3677      00000000 
 3678 76c4 0000FC7F 			.word	0x7FFC0000, 0x00000000, 0x00000000
 3678      00000000 
 3678      00000000 
 3679 76d0 0000FC7F 			.word	0x7FFC0000, 0x00000000, 0x00000000
 3679      00000000 
 3679      00000000 
 3680 76dc 0000FC7F 			.word	0x7FFC0000, 0x00000000, 0x00000000
 3680      00000000 
 3680      00000000 
 3681 76e8 0000FC7F 			.word	0x7FFC0000, 0x00000000, 0x00000000
 3681      00000000 
 3681      00000000 
 3682 76f4 0000FE7F 			.word	0x7FFE0000, 0x00000000, 0x00000000
 3682      00000000 
 3682      00000000 
 3683 7700 0000FE3F 			.word	0x3FFE0000, 0x00000000, 0x00600000
 3683      00000000 
 3683      00006000 
 3684 770c 0000FE3F 			.word	0x3FFE0000, 0x00000000, 0x007E0000
ARM GAS  font_arial104.s 			page 138


 3684      00000000 
 3684      00007E00 
 3685 7718 0000FE3F 			.word	0x3FFE0000, 0x00000000, 0x00FFE000
 3685      00000000 
 3685      00E0FF00 
 3686 7724 0000FF3F 			.word	0x3FFF0000, 0x00000000, 0x00FFFC00
 3686      00000000 
 3686      00FCFF00 
 3687 7730 0000FF1F 			.word	0x1FFF0000, 0x00000000, 0x00FFFC00
 3687      00000000 
 3687      00FCFF00 
 3688 773c 0000FF1F 			.word	0x1FFF0000, 0x00000000, 0x01FFF800
 3688      00000000 
 3688      00F8FF01 
 3689 7748 0080FF1F 			.word	0x1FFF8000, 0x00000000, 0x01FFF800
 3689      00000000 
 3689      00F8FF01 
 3690 7754 0080FF0F 			.word	0x0FFF8000, 0x00000000, 0x01FFF800
 3690      00000000 
 3690      00F8FF01 
 3691 7760 00C0FF0F 			.word	0x0FFFC000, 0x00000000, 0x03FFF000
 3691      00000000 
 3691      00F0FF03 
 3692 776c 00C0FF0F 			.word	0x0FFFC000, 0x00000000, 0x03FFF000
 3692      00000000 
 3692      00F0FF03 
 3693 7778 00E0FF07 			.word	0x07FFE000, 0x00000000, 0x07FFF000
 3693      00000000 
 3693      00F0FF07 
 3694 7784 00E0FF07 			.word	0x07FFE000, 0x00000000, 0x07FFE000
 3694      00000000 
 3694      00E0FF07 
 3695 7790 00F0FF03 			.word	0x03FFF000, 0x00000000, 0x0FFFE000
 3695      00000000 
 3695      00E0FF0F 
 3696 779c 00F8FF03 			.word	0x03FFF800, 0x00000000, 0x1FFFC000
 3696      00000000 
 3696      00C0FF1F 
 3697 77a8 00FCFF01 			.word	0x01FFFC00, 0x00000000, 0x3FFFC000
 3697      00000000 
 3697      00C0FF3F 
 3698 77b4 00FEFF01 			.word	0x01FFFE00, 0x00000000, 0x7FFF8000
 3698      00000000 
 3698      0080FF7F 
 3699 77c0 00FFFF00 			.word	0x00FFFF00, 0x00000000, 0xFFFF8000
 3699      00000000 
 3699      0080FFFF 
 3700 77cc 80FFFF00 			.word	0x00FFFF80, 0x00000001, 0xFFFF0000
 3700      01000000 
 3700      0000FFFF 
 3701 77d8 C0FF7F00 			.word	0x007FFFC0, 0x00000003, 0xFFFF0000
 3701      03000000 
 3701      0000FFFF 
 3702 77e4 F0FF3F00 			.word	0x003FFFF0, 0x00000007, 0xFFFE0000
 3702      07000000 
 3702      0000FEFF 
 3703 77f0 FCFF3F00 			.word	0x003FFFFC, 0x0000001F, 0xFFFC0000
ARM GAS  font_arial104.s 			page 139


 3703      1F000000 
 3703      0000FCFF 
 3704 77fc FFFF1F00 			.word	0x001FFFFF, 0x0000007F, 0xFFF80000
 3704      7F000000 
 3704      0000F8FF 
 3705 7808 FFFF0F00 			.word	0x000FFFFF, 0xE00003FF, 0xFFF80000
 3705      FF0300E0 
 3705      0000F8FF 
 3706 7814 FFFF0700 			.word	0x0007FFFF, 0xFE003FFF, 0xFFF00000
 3706      FF3F00FE 
 3706      0000F0FF 
 3707 7820 FFFF0300 			.word	0x0003FFFF, 0xFFFFFFFF, 0xFFE00000
 3707      FFFFFFFF 
 3707      0000E0FF 
 3708 782c FFFF0100 			.word	0x0001FFFF, 0xFFFFFFFF, 0xFFC00000
 3708      FFFFFFFF 
 3708      0000C0FF 
 3709 7838 FFFF0000 			.word	0x0000FFFF, 0xFFFFFFFF, 0xFF800000
 3709      FFFFFFFF 
 3709      000080FF 
 3710 7844 FF7F0000 			.word	0x00007FFF, 0xFFFFFFFF, 0xFF000000
 3710      FFFFFFFF 
 3710      000000FF 
 3711 7850 FF1F0000 			.word	0x00001FFF, 0xFFFFFFFF, 0xFC000000
 3711      FFFFFFFF 
 3711      000000FC 
 3712 785c FF0F0000 			.word	0x00000FFF, 0xFFFFFFFF, 0xF8000000
 3712      FFFFFFFF 
 3712      000000F8 
 3713 7868 FF030000 			.word	0x000003FF, 0xFFFFFFFF, 0xE0000000
 3713      FFFFFFFF 
 3713      000000E0 
 3714 7874 FF010000 			.word	0x000001FF, 0xFFFFFFFF, 0x80000000
 3714      FFFFFFFF 
 3714      00000080 
 3715 7880 3F000000 			.word	0x0000003F, 0xFFFFFFFE, 0x00000000
 3715      FEFFFFFF 
 3715      00000000 
 3716 788c 0F000000 			.word	0x0000000F, 0xFFFFFFF8, 0x00000000
 3716      F8FFFFFF 
 3716      00000000 
 3717 7898 00000000 			.word	0x00000000, 0xFFFFFFC0, 0x00000000
 3717      C0FFFFFF 
 3717      00000000 
 3718 78a4 00000000 			.word	0x00000000, 0x07FFF800, 0x00000000
 3718      00F8FF07 
 3718      00000000 
 3719              	
 3720              	UPPERCASE_D:
 3721 78b0 44000000 			.word	'D			// ASCII "D" character
 3722 78b4 64000000 			.word	100			// cell pixel width
 3723 78b8 82000000 			.word	CELLHGHT		// cell pixel height
 3724 78bc 52000000 			.word	82			// glyph pixel width
 3725 78c0 64000000 			.word	100			// glyph pixel height
 3726 78c4 0B000000 			.word	11			// blank horizontal pixels before glyph
 3727 78c8 07000000 			.word	7			// blank horizontal pixels after glyph
 3728 78cc 00000000 			.word	0			// blank horizontal lines before glyph
ARM GAS  font_arial104.s 			page 140


 3729 78d0 1E000000 			.word	30			// blank horizontal lines after glyph
 3730              							// bit mapped glyph
 3731 78d4 FFFFFFFF 			.word	0xFFFFFFFF, 0xFFFC0000, 0x00000000
 3731      0000FCFF 
 3731      00000000 
 3732 78e0 FFFFFFFF 			.word	0xFFFFFFFF, 0xFFFFF000, 0x00000000
 3732      00F0FFFF 
 3732      00000000 
 3733 78ec FFFFFFFF 			.word	0xFFFFFFFF, 0xFFFFFE00, 0x00000000
 3733      00FEFFFF 
 3733      00000000 
 3734 78f8 FFFFFFFF 			.word	0xFFFFFFFF, 0xFFFFFFC0, 0x00000000
 3734      C0FFFFFF 
 3734      00000000 
 3735 7904 FFFFFFFF 			.word	0xFFFFFFFF, 0xFFFFFFF0, 0x00000000
 3735      F0FFFFFF 
 3735      00000000 
 3736 7910 FFFFFFFF 			.word	0xFFFFFFFF, 0xFFFFFFFC, 0x00000000
 3736      FCFFFFFF 
 3736      00000000 
 3737 791c FFFFFFFF 			.word	0xFFFFFFFF, 0xFFFFFFFE, 0x00000000
 3737      FEFFFFFF 
 3737      00000000 
 3738 7928 FFFFFFFF 			.word	0xFFFFFFFF, 0xFFFFFFFF, 0x80000000
 3738      FFFFFFFF 
 3738      00000080 
 3739 7934 FFFFFFFF 			.word	0xFFFFFFFF, 0xFFFFFFFF, 0xC0000000
 3739      FFFFFFFF 
 3739      000000C0 
 3740 7940 FFFFFFFF 			.word	0xFFFFFFFF, 0xFFFFFFFF, 0xE0000000
 3740      FFFFFFFF 
 3740      000000E0 
 3741 794c FFFFFFFF 			.word	0xFFFFFFFF, 0xFFFFFFFF, 0xF0000000
 3741      FFFFFFFF 
 3741      000000F0 
 3742 7958 FFFFFFFF 			.word	0xFFFFFFFF, 0xFFFFFFFF, 0xF8000000
 3742      FFFFFFFF 
 3742      000000F8 
 3743 7964 0000F8FF 			.word	0xFFF80000, 0x000FFFFF, 0xFC000000
 3743      FFFF0F00 
 3743      000000FC 
 3744 7970 0000F8FF 			.word	0xFFF80000, 0x00007FFF, 0xFE000000
 3744      FF7F0000 
 3744      000000FE 
 3745 797c 0000F8FF 			.word	0xFFF80000, 0x00000FFF, 0xFF000000
 3745      FF0F0000 
 3745      000000FF 
 3746 7988 0000F8FF 			.word	0xFFF80000, 0x000003FF, 0xFF000000
 3746      FF030000 
 3746      000000FF 
 3747 7994 0000F8FF 			.word	0xFFF80000, 0x000001FF, 0xFF800000
 3747      FF010000 
 3747      000080FF 
 3748 79a0 0000F8FF 			.word	0xFFF80000, 0x0000007F, 0xFFC00000
 3748      7F000000 
 3748      0000C0FF 
 3749 79ac 0000F8FF 			.word	0xFFF80000, 0x0000003F, 0xFFC00000
ARM GAS  font_arial104.s 			page 141


 3749      3F000000 
 3749      0000C0FF 
 3750 79b8 0000F8FF 			.word	0xFFF80000, 0x0000001F, 0xFFE00000
 3750      1F000000 
 3750      0000E0FF 
 3751 79c4 0000F8FF 			.word	0xFFF80000, 0x0000000F, 0xFFE00000
 3751      0F000000 
 3751      0000E0FF 
 3752 79d0 0000F8FF 			.word	0xFFF80000, 0x0000000F, 0xFFF00000
 3752      0F000000 
 3752      0000F0FF 
 3753 79dc 0000F8FF 			.word	0xFFF80000, 0x00000007, 0xFFF00000
 3753      07000000 
 3753      0000F0FF 
 3754 79e8 0000F8FF 			.word	0xFFF80000, 0x00000003, 0xFFF80000
 3754      03000000 
 3754      0000F8FF 
 3755 79f4 0000F8FF 			.word	0xFFF80000, 0x00000001, 0xFFF80000
 3755      01000000 
 3755      0000F8FF 
 3756 7a00 0000F8FF 			.word	0xFFF80000, 0x00000001, 0xFFFC0000
 3756      01000000 
 3756      0000FCFF 
 3757 7a0c 0000F8FF 			.word	0xFFF80000, 0x00000000, 0xFFFC0000
 3757      00000000 
 3757      0000FCFF 
 3758 7a18 0000F8FF 			.word	0xFFF80000, 0x00000000, 0xFFFC0000
 3758      00000000 
 3758      0000FCFF 
 3759 7a24 0000F8FF 			.word	0xFFF80000, 0x00000000, 0x7FFE0000
 3759      00000000 
 3759      0000FE7F 
 3760 7a30 0000F8FF 			.word	0xFFF80000, 0x00000000, 0x7FFE0000
 3760      00000000 
 3760      0000FE7F 
 3761 7a3c 0000F8FF 			.word	0xFFF80000, 0x00000000, 0x3FFE0000
 3761      00000000 
 3761      0000FE3F 
 3762 7a48 0000F8FF 			.word	0xFFF80000, 0x00000000, 0x3FFF0000
 3762      00000000 
 3762      0000FF3F 
 3763 7a54 0000F8FF 			.word	0xFFF80000, 0x00000000, 0x3FFF0000
 3763      00000000 
 3763      0000FF3F 
 3764 7a60 0000F8FF 			.word	0xFFF80000, 0x00000000, 0x3FFF0000
 3764      00000000 
 3764      0000FF3F 
 3765 7a6c 0000F8FF 			.word	0xFFF80000, 0x00000000, 0x1FFF0000
 3765      00000000 
 3765      0000FF1F 
 3766 7a78 0000F8FF 			.word	0xFFF80000, 0x00000000, 0x1FFF0000
 3766      00000000 
 3766      0000FF1F 
 3767 7a84 0000F8FF 			.word	0xFFF80000, 0x00000000, 0x1FFF8000
 3767      00000000 
 3767      0080FF1F 
 3768 7a90 0000F8FF 			.word	0xFFF80000, 0x00000000, 0x1FFF8000
ARM GAS  font_arial104.s 			page 142


 3768      00000000 
 3768      0080FF1F 
 3769 7a9c 0000F8FF 			.word	0xFFF80000, 0x00000000, 0x1FFF8000
 3769      00000000 
 3769      0080FF1F 
 3770 7aa8 0000F8FF 			.word	0xFFF80000, 0x00000000, 0x0FFF8000
 3770      00000000 
 3770      0080FF0F 
 3771 7ab4 0000F8FF 			.word	0xFFF80000, 0x00000000, 0x0FFF8000
 3771      00000000 
 3771      0080FF0F 
 3772 7ac0 0000F8FF 			.word	0xFFF80000, 0x00000000, 0x0FFF8000
 3772      00000000 
 3772      0080FF0F 
 3773 7acc 0000F8FF 			.word	0xFFF80000, 0x00000000, 0x0FFF8000
 3773      00000000 
 3773      0080FF0F 
 3774 7ad8 0000F8FF 			.word	0xFFF80000, 0x00000000, 0x0FFF8000
 3774      00000000 
 3774      0080FF0F 
 3775 7ae4 0000F8FF 			.word	0xFFF80000, 0x00000000, 0x0FFF8000
 3775      00000000 
 3775      0080FF0F 
 3776 7af0 0000F8FF 			.word	0xFFF80000, 0x00000000, 0x0FFFC000
 3776      00000000 
 3776      00C0FF0F 
 3777 7afc 0000F8FF 			.word	0xFFF80000, 0x00000000, 0x0FFFC000
 3777      00000000 
 3777      00C0FF0F 
 3778 7b08 0000F8FF 			.word	0xFFF80000, 0x00000000, 0x0FFFC000
 3778      00000000 
 3778      00C0FF0F 
 3779 7b14 0000F8FF 			.word	0xFFF80000, 0x00000000, 0x0FFFC000
 3779      00000000 
 3779      00C0FF0F 
 3780 7b20 0000F8FF 			.word	0xFFF80000, 0x00000000, 0x0FFFC000
 3780      00000000 
 3780      00C0FF0F 
 3781 7b2c 0000F8FF 			.word	0xFFF80000, 0x00000000, 0x0FFFC000
 3781      00000000 
 3781      00C0FF0F 
 3782 7b38 0000F8FF 			.word	0xFFF80000, 0x00000000, 0x0FFFC000
 3782      00000000 
 3782      00C0FF0F 
 3783 7b44 0000F8FF 			.word	0xFFF80000, 0x00000000, 0x0FFFC000
 3783      00000000 
 3783      00C0FF0F 
 3784 7b50 0000F8FF 			.word	0xFFF80000, 0x00000000, 0x0FFFC000
 3784      00000000 
 3784      00C0FF0F 
 3785 7b5c 0000F8FF 			.word	0xFFF80000, 0x00000000, 0x0FFF8000
 3785      00000000 
 3785      0080FF0F 
 3786 7b68 0000F8FF 			.word	0xFFF80000, 0x00000000, 0x0FFF8000
 3786      00000000 
 3786      0080FF0F 
 3787 7b74 0000F8FF 			.word	0xFFF80000, 0x00000000, 0x0FFF8000
ARM GAS  font_arial104.s 			page 143


 3787      00000000 
 3787      0080FF0F 
 3788 7b80 0000F8FF 			.word	0xFFF80000, 0x00000000, 0x0FFF8000
 3788      00000000 
 3788      0080FF0F 
 3789 7b8c 0000F8FF 			.word	0xFFF80000, 0x00000000, 0x0FFF8000
 3789      00000000 
 3789      0080FF0F 
 3790 7b98 0000F8FF 			.word	0xFFF80000, 0x00000000, 0x0FFF8000
 3790      00000000 
 3790      0080FF0F 
 3791 7ba4 0000F8FF 			.word	0xFFF80000, 0x00000000, 0x1FFF8000
 3791      00000000 
 3791      0080FF1F 
 3792 7bb0 0000F8FF 			.word	0xFFF80000, 0x00000000, 0x1FFF8000
 3792      00000000 
 3792      0080FF1F 
 3793 7bbc 0000F8FF 			.word	0xFFF80000, 0x00000000, 0x1FFF8000
 3793      00000000 
 3793      0080FF1F 
 3794 7bc8 0000F8FF 			.word	0xFFF80000, 0x00000000, 0x1FFF0000
 3794      00000000 
 3794      0000FF1F 
 3795 7bd4 0000F8FF 			.word	0xFFF80000, 0x00000000, 0x1FFF0000
 3795      00000000 
 3795      0000FF1F 
 3796 7be0 0000F8FF 			.word	0xFFF80000, 0x00000000, 0x3FFF0000
 3796      00000000 
 3796      0000FF3F 
 3797 7bec 0000F8FF 			.word	0xFFF80000, 0x00000000, 0x3FFF0000
 3797      00000000 
 3797      0000FF3F 
 3798 7bf8 0000F8FF 			.word	0xFFF80000, 0x00000000, 0x3FFF0000
 3798      00000000 
 3798      0000FF3F 
 3799 7c04 0000F8FF 			.word	0xFFF80000, 0x00000000, 0x3FFE0000
 3799      00000000 
 3799      0000FE3F 
 3800 7c10 0000F8FF 			.word	0xFFF80000, 0x00000000, 0x7FFE0000
 3800      00000000 
 3800      0000FE7F 
 3801 7c1c 0000F8FF 			.word	0xFFF80000, 0x00000000, 0x7FFE0000
 3801      00000000 
 3801      0000FE7F 
 3802 7c28 0000F8FF 			.word	0xFFF80000, 0x00000000, 0xFFFC0000
 3802      00000000 
 3802      0000FCFF 
 3803 7c34 0000F8FF 			.word	0xFFF80000, 0x00000000, 0xFFFC0000
 3803      00000000 
 3803      0000FCFF 
 3804 7c40 0000F8FF 			.word	0xFFF80000, 0x00000000, 0xFFFC0000
 3804      00000000 
 3804      0000FCFF 
 3805 7c4c 0000F8FF 			.word	0xFFF80000, 0x00000001, 0xFFF80000
 3805      01000000 
 3805      0000F8FF 
 3806 7c58 0000F8FF 			.word	0xFFF80000, 0x00000003, 0xFFF80000
ARM GAS  font_arial104.s 			page 144


 3806      03000000 
 3806      0000F8FF 
 3807 7c64 0000F8FF 			.word	0xFFF80000, 0x00000003, 0xFFF00000
 3807      03000000 
 3807      0000F0FF 
 3808 7c70 0000F8FF 			.word	0xFFF80000, 0x00000007, 0xFFF00000
 3808      07000000 
 3808      0000F0FF 
 3809 7c7c 0000F8FF 			.word	0xFFF80000, 0x0000000F, 0xFFF00000
 3809      0F000000 
 3809      0000F0FF 
 3810 7c88 0000F8FF 			.word	0xFFF80000, 0x0000000F, 0xFFE00000
 3810      0F000000 
 3810      0000E0FF 
 3811 7c94 0000F8FF 			.word	0xFFF80000, 0x0000001F, 0xFFE00000
 3811      1F000000 
 3811      0000E0FF 
 3812 7ca0 0000F8FF 			.word	0xFFF80000, 0x0000003F, 0xFFC00000
 3812      3F000000 
 3812      0000C0FF 
 3813 7cac 0000F8FF 			.word	0xFFF80000, 0x0000007F, 0xFF800000
 3813      7F000000 
 3813      000080FF 
 3814 7cb8 0000F8FF 			.word	0xFFF80000, 0x000001FF, 0xFF800000
 3814      FF010000 
 3814      000080FF 
 3815 7cc4 0000F8FF 			.word	0xFFF80000, 0x000007FF, 0xFF000000
 3815      FF070000 
 3815      000000FF 
 3816 7cd0 0000F8FF 			.word	0xFFF80000, 0x00001FFF, 0xFE000000
 3816      FF1F0000 
 3816      000000FE 
 3817 7cdc 0000F8FF 			.word	0xFFF80000, 0x0000FFFF, 0xFC000000
 3817      FFFF0000 
 3817      000000FC 
 3818 7ce8 0000F8FF 			.word	0xFFF80000, 0x001FFFFF, 0xFC000000
 3818      FFFF1F00 
 3818      000000FC 
 3819 7cf4 FFFFFFFF 			.word	0xFFFFFFFF, 0xFFFFFFFF, 0xF8000000
 3819      FFFFFFFF 
 3819      000000F8 
 3820 7d00 FFFFFFFF 			.word	0xFFFFFFFF, 0xFFFFFFFF, 0xF0000000
 3820      FFFFFFFF 
 3820      000000F0 
 3821 7d0c FFFFFFFF 			.word	0xFFFFFFFF, 0xFFFFFFFF, 0xE0000000
 3821      FFFFFFFF 
 3821      000000E0 
 3822 7d18 FFFFFFFF 			.word	0xFFFFFFFF, 0xFFFFFFFF, 0xC0000000
 3822      FFFFFFFF 
 3822      000000C0 
 3823 7d24 FFFFFFFF 			.word	0xFFFFFFFF, 0xFFFFFFFF, 0x00000000
 3823      FFFFFFFF 
 3823      00000000 
 3824 7d30 FFFFFFFF 			.word	0xFFFFFFFF, 0xFFFFFFFE, 0x00000000
 3824      FEFFFFFF 
 3824      00000000 
 3825 7d3c FFFFFFFF 			.word	0xFFFFFFFF, 0xFFFFFFF8, 0x00000000
ARM GAS  font_arial104.s 			page 145


 3825      F8FFFFFF 
 3825      00000000 
 3826 7d48 FFFFFFFF 			.word	0xFFFFFFFF, 0xFFFFFFE0, 0x00000000
 3826      E0FFFFFF 
 3826      00000000 
 3827 7d54 FFFFFFFF 			.word	0xFFFFFFFF, 0xFFFFFF80, 0x00000000
 3827      80FFFFFF 
 3827      00000000 
 3828 7d60 FFFFFFFF 			.word	0xFFFFFFFF, 0xFFFFFC00, 0x00000000
 3828      00FCFFFF 
 3828      00000000 
 3829 7d6c FFFFFFFF 			.word	0xFFFFFFFF, 0xFFFFC000, 0x00000000
 3829      00C0FFFF 
 3829      00000000 
 3830 7d78 FFFFFFFF 			.word	0xFFFFFFFF, 0xFFF80000, 0x00000000
 3830      0000F8FF 
 3830      00000000 
 3831              	
 3832              	UPPERCASE_E:
 3833 7d84 45000000 			.word	'E			// ASCII "E" character
 3834 7d88 5D000000 			.word	93			// cell pixel width
 3835 7d8c 82000000 			.word	CELLHGHT		// cell pixel height
 3836 7d90 4A000000 			.word	74			// glyph pixel width
 3837 7d94 64000000 			.word	100			// glyph pixel height
 3838 7d98 0B000000 			.word	11			// blank horizontal pixels before glyph
 3839 7d9c 08000000 			.word	8			// blank horizontal pixels after glyph
 3840 7da0 00000000 			.word	0			// blank horizontal lines before glyph
 3841 7da4 1E000000 			.word	30			// blank horizontal lines after glyph
 3842              							// bit mapped glyph
 3843 7da8 FFFFFFFF 			.word	0xFFFFFFFF, 0xFFFFFFFF, 0xFF000000
 3843      FFFFFFFF 
 3843      000000FF 
 3844 7db4 FFFFFFFF 			.word	0xFFFFFFFF, 0xFFFFFFFF, 0xFF000000
 3844      FFFFFFFF 
 3844      000000FF 
 3845 7dc0 FFFFFFFF 			.word	0xFFFFFFFF, 0xFFFFFFFF, 0xFF000000
 3845      FFFFFFFF 
 3845      000000FF 
 3846 7dcc FFFFFFFF 			.word	0xFFFFFFFF, 0xFFFFFFFF, 0xFF000000
 3846      FFFFFFFF 
 3846      000000FF 
 3847 7dd8 FFFFFFFF 			.word	0xFFFFFFFF, 0xFFFFFFFF, 0xFF000000
 3847      FFFFFFFF 
 3847      000000FF 
 3848 7de4 FFFFFFFF 			.word	0xFFFFFFFF, 0xFFFFFFFF, 0xFF000000
 3848      FFFFFFFF 
 3848      000000FF 
 3849 7df0 FFFFFFFF 			.word	0xFFFFFFFF, 0xFFFFFFFF, 0xFF000000
 3849      FFFFFFFF 
 3849      000000FF 
 3850 7dfc FFFFFFFF 			.word	0xFFFFFFFF, 0xFFFFFFFF, 0xFF000000
 3850      FFFFFFFF 
 3850      000000FF 
 3851 7e08 FFFFFFFF 			.word	0xFFFFFFFF, 0xFFFFFFFF, 0xFF000000
 3851      FFFFFFFF 
 3851      000000FF 
 3852 7e14 FFFFFFFF 			.word	0xFFFFFFFF, 0xFFFFFFFF, 0xFF000000
ARM GAS  font_arial104.s 			page 146


 3852      FFFFFFFF 
 3852      000000FF 
 3853 7e20 FFFFFFFF 			.word	0xFFFFFFFF, 0xFFFFFFFF, 0xFF000000
 3853      FFFFFFFF 
 3853      000000FF 
 3854 7e2c FFFFFFFF 			.word	0xFFFFFFFF, 0xFFFFFFFF, 0xFF000000
 3854      FFFFFFFF 
 3854      000000FF 
 3855 7e38 0000F8FF 			.word	0xFFF80000, 0x00000000, 0x00000000
 3855      00000000 
 3855      00000000 
 3856 7e44 0000F8FF 			.word	0xFFF80000, 0x00000000, 0x00000000
 3856      00000000 
 3856      00000000 
 3857 7e50 0000F8FF 			.word	0xFFF80000, 0x00000000, 0x00000000
 3857      00000000 
 3857      00000000 
 3858 7e5c 0000F8FF 			.word	0xFFF80000, 0x00000000, 0x00000000
 3858      00000000 
 3858      00000000 
 3859 7e68 0000F8FF 			.word	0xFFF80000, 0x00000000, 0x00000000
 3859      00000000 
 3859      00000000 
 3860 7e74 0000F8FF 			.word	0xFFF80000, 0x00000000, 0x00000000
 3860      00000000 
 3860      00000000 
 3861 7e80 0000F8FF 			.word	0xFFF80000, 0x00000000, 0x00000000
 3861      00000000 
 3861      00000000 
 3862 7e8c 0000F8FF 			.word	0xFFF80000, 0x00000000, 0x00000000
 3862      00000000 
 3862      00000000 
 3863 7e98 0000F8FF 			.word	0xFFF80000, 0x00000000, 0x00000000
 3863      00000000 
 3863      00000000 
 3864 7ea4 0000F8FF 			.word	0xFFF80000, 0x00000000, 0x00000000
 3864      00000000 
 3864      00000000 
 3865 7eb0 0000F8FF 			.word	0xFFF80000, 0x00000000, 0x00000000
 3865      00000000 
 3865      00000000 
 3866 7ebc 0000F8FF 			.word	0xFFF80000, 0x00000000, 0x00000000
 3866      00000000 
 3866      00000000 
 3867 7ec8 0000F8FF 			.word	0xFFF80000, 0x00000000, 0x00000000
 3867      00000000 
 3867      00000000 
 3868 7ed4 0000F8FF 			.word	0xFFF80000, 0x00000000, 0x00000000
 3868      00000000 
 3868      00000000 
 3869 7ee0 0000F8FF 			.word	0xFFF80000, 0x00000000, 0x00000000
 3869      00000000 
 3869      00000000 
 3870 7eec 0000F8FF 			.word	0xFFF80000, 0x00000000, 0x00000000
 3870      00000000 
 3870      00000000 
 3871 7ef8 0000F8FF 			.word	0xFFF80000, 0x00000000, 0x00000000
ARM GAS  font_arial104.s 			page 147


 3871      00000000 
 3871      00000000 
 3872 7f04 0000F8FF 			.word	0xFFF80000, 0x00000000, 0x00000000
 3872      00000000 
 3872      00000000 
 3873 7f10 0000F8FF 			.word	0xFFF80000, 0x00000000, 0x00000000
 3873      00000000 
 3873      00000000 
 3874 7f1c 0000F8FF 			.word	0xFFF80000, 0x00000000, 0x00000000
 3874      00000000 
 3874      00000000 
 3875 7f28 0000F8FF 			.word	0xFFF80000, 0x00000000, 0x00000000
 3875      00000000 
 3875      00000000 
 3876 7f34 0000F8FF 			.word	0xFFF80000, 0x00000000, 0x00000000
 3876      00000000 
 3876      00000000 
 3877 7f40 0000F8FF 			.word	0xFFF80000, 0x00000000, 0x00000000
 3877      00000000 
 3877      00000000 
 3878 7f4c 0000F8FF 			.word	0xFFF80000, 0x00000000, 0x00000000
 3878      00000000 
 3878      00000000 
 3879 7f58 0000F8FF 			.word	0xFFF80000, 0x00000000, 0x00000000
 3879      00000000 
 3879      00000000 
 3880 7f64 0000F8FF 			.word	0xFFF80000, 0x00000000, 0x00000000
 3880      00000000 
 3880      00000000 
 3881 7f70 0000F8FF 			.word	0xFFF80000, 0x00000000, 0x00000000
 3881      00000000 
 3881      00000000 
 3882 7f7c 0000F8FF 			.word	0xFFF80000, 0x00000000, 0x00000000
 3882      00000000 
 3882      00000000 
 3883 7f88 0000F8FF 			.word	0xFFF80000, 0x00000000, 0x00000000
 3883      00000000 
 3883      00000000 
 3884 7f94 0000F8FF 			.word	0xFFF80000, 0x00000000, 0x00000000
 3884      00000000 
 3884      00000000 
 3885 7fa0 FFFFFFFF 			.word	0xFFFFFFFF, 0xFFFFFFFF, 0xF0000000
 3885      FFFFFFFF 
 3885      000000F0 
 3886 7fac FFFFFFFF 			.word	0xFFFFFFFF, 0xFFFFFFFF, 0xF0000000
 3886      FFFFFFFF 
 3886      000000F0 
 3887 7fb8 FFFFFFFF 			.word	0xFFFFFFFF, 0xFFFFFFFF, 0xF0000000
 3887      FFFFFFFF 
 3887      000000F0 
 3888 7fc4 FFFFFFFF 			.word	0xFFFFFFFF, 0xFFFFFFFF, 0xF0000000
 3888      FFFFFFFF 
 3888      000000F0 
 3889 7fd0 FFFFFFFF 			.word	0xFFFFFFFF, 0xFFFFFFFF, 0xF0000000
 3889      FFFFFFFF 
 3889      000000F0 
 3890 7fdc FFFFFFFF 			.word	0xFFFFFFFF, 0xFFFFFFFF, 0xF0000000
ARM GAS  font_arial104.s 			page 148


 3890      FFFFFFFF 
 3890      000000F0 
 3891 7fe8 FFFFFFFF 			.word	0xFFFFFFFF, 0xFFFFFFFF, 0xF0000000
 3891      FFFFFFFF 
 3891      000000F0 
 3892 7ff4 FFFFFFFF 			.word	0xFFFFFFFF, 0xFFFFFFFF, 0xF0000000
 3892      FFFFFFFF 
 3892      000000F0 
 3893 8000 FFFFFFFF 			.word	0xFFFFFFFF, 0xFFFFFFFF, 0xF0000000
 3893      FFFFFFFF 
 3893      000000F0 
 3894 800c FFFFFFFF 			.word	0xFFFFFFFF, 0xFFFFFFFF, 0xF0000000
 3894      FFFFFFFF 
 3894      000000F0 
 3895 8018 FFFFFFFF 			.word	0xFFFFFFFF, 0xFFFFFFFF, 0xF0000000
 3895      FFFFFFFF 
 3895      000000F0 
 3896 8024 FFFFFFFF 			.word	0xFFFFFFFF, 0xFFFFFFFF, 0xF0000000
 3896      FFFFFFFF 
 3896      000000F0 
 3897 8030 0000F8FF 			.word	0xFFF80000, 0x00000000, 0x00000000
 3897      00000000 
 3897      00000000 
 3898 803c 0000F8FF 			.word	0xFFF80000, 0x00000000, 0x00000000
 3898      00000000 
 3898      00000000 
 3899 8048 0000F8FF 			.word	0xFFF80000, 0x00000000, 0x00000000
 3899      00000000 
 3899      00000000 
 3900 8054 0000F8FF 			.word	0xFFF80000, 0x00000000, 0x00000000
 3900      00000000 
 3900      00000000 
 3901 8060 0000F8FF 			.word	0xFFF80000, 0x00000000, 0x00000000
 3901      00000000 
 3901      00000000 
 3902 806c 0000F8FF 			.word	0xFFF80000, 0x00000000, 0x00000000
 3902      00000000 
 3902      00000000 
 3903 8078 0000F8FF 			.word	0xFFF80000, 0x00000000, 0x00000000
 3903      00000000 
 3903      00000000 
 3904 8084 0000F8FF 			.word	0xFFF80000, 0x00000000, 0x00000000
 3904      00000000 
 3904      00000000 
 3905 8090 0000F8FF 			.word	0xFFF80000, 0x00000000, 0x00000000
 3905      00000000 
 3905      00000000 
 3906 809c 0000F8FF 			.word	0xFFF80000, 0x00000000, 0x00000000
 3906      00000000 
 3906      00000000 
 3907 80a8 0000F8FF 			.word	0xFFF80000, 0x00000000, 0x00000000
 3907      00000000 
 3907      00000000 
 3908 80b4 0000F8FF 			.word	0xFFF80000, 0x00000000, 0x00000000
 3908      00000000 
 3908      00000000 
 3909 80c0 0000F8FF 			.word	0xFFF80000, 0x00000000, 0x00000000
ARM GAS  font_arial104.s 			page 149


 3909      00000000 
 3909      00000000 
 3910 80cc 0000F8FF 			.word	0xFFF80000, 0x00000000, 0x00000000
 3910      00000000 
 3910      00000000 
 3911 80d8 0000F8FF 			.word	0xFFF80000, 0x00000000, 0x00000000
 3911      00000000 
 3911      00000000 
 3912 80e4 0000F8FF 			.word	0xFFF80000, 0x00000000, 0x00000000
 3912      00000000 
 3912      00000000 
 3913 80f0 0000F8FF 			.word	0xFFF80000, 0x00000000, 0x00000000
 3913      00000000 
 3913      00000000 
 3914 80fc 0000F8FF 			.word	0xFFF80000, 0x00000000, 0x00000000
 3914      00000000 
 3914      00000000 
 3915 8108 0000F8FF 			.word	0xFFF80000, 0x00000000, 0x00000000
 3915      00000000 
 3915      00000000 
 3916 8114 0000F8FF 			.word	0xFFF80000, 0x00000000, 0x00000000
 3916      00000000 
 3916      00000000 
 3917 8120 0000F8FF 			.word	0xFFF80000, 0x00000000, 0x00000000
 3917      00000000 
 3917      00000000 
 3918 812c 0000F8FF 			.word	0xFFF80000, 0x00000000, 0x00000000
 3918      00000000 
 3918      00000000 
 3919 8138 0000F8FF 			.word	0xFFF80000, 0x00000000, 0x00000000
 3919      00000000 
 3919      00000000 
 3920 8144 0000F8FF 			.word	0xFFF80000, 0x00000000, 0x00000000
 3920      00000000 
 3920      00000000 
 3921 8150 0000F8FF 			.word	0xFFF80000, 0x00000000, 0x00000000
 3921      00000000 
 3921      00000000 
 3922 815c 0000F8FF 			.word	0xFFF80000, 0x00000000, 0x00000000
 3922      00000000 
 3922      00000000 
 3923 8168 0000F8FF 			.word	0xFFF80000, 0x00000000, 0x00000000
 3923      00000000 
 3923      00000000 
 3924 8174 0000F8FF 			.word	0xFFF80000, 0x00000000, 0x00000000
 3924      00000000 
 3924      00000000 
 3925 8180 0000F8FF 			.word	0xFFF80000, 0x00000000, 0x00000000
 3925      00000000 
 3925      00000000 
 3926 818c 0000F8FF 			.word	0xFFF80000, 0x00000000, 0x00000000
 3926      00000000 
 3926      00000000 
 3927 8198 0000F8FF 			.word	0xFFF80000, 0x00000000, 0x00000000
 3927      00000000 
 3927      00000000 
 3928 81a4 0000F8FF 			.word	0xFFF80000, 0x00000000, 0x00000000
ARM GAS  font_arial104.s 			page 150


 3928      00000000 
 3928      00000000 
 3929 81b0 0000F8FF 			.word	0xFFF80000, 0x00000000, 0x00000000
 3929      00000000 
 3929      00000000 
 3930 81bc 0000F8FF 			.word	0xFFF80000, 0x00000000, 0x00000000
 3930      00000000 
 3930      00000000 
 3931 81c8 FFFFFFFF 			.word	0xFFFFFFFF, 0xFFFFFFFF, 0xFFC00000
 3931      FFFFFFFF 
 3931      0000C0FF 
 3932 81d4 FFFFFFFF 			.word	0xFFFFFFFF, 0xFFFFFFFF, 0xFFC00000
 3932      FFFFFFFF 
 3932      0000C0FF 
 3933 81e0 FFFFFFFF 			.word	0xFFFFFFFF, 0xFFFFFFFF, 0xFFC00000
 3933      FFFFFFFF 
 3933      0000C0FF 
 3934 81ec FFFFFFFF 			.word	0xFFFFFFFF, 0xFFFFFFFF, 0xFFC00000
 3934      FFFFFFFF 
 3934      0000C0FF 
 3935 81f8 FFFFFFFF 			.word	0xFFFFFFFF, 0xFFFFFFFF, 0xFFC00000
 3935      FFFFFFFF 
 3935      0000C0FF 
 3936 8204 FFFFFFFF 			.word	0xFFFFFFFF, 0xFFFFFFFF, 0xFFC00000
 3936      FFFFFFFF 
 3936      0000C0FF 
 3937 8210 FFFFFFFF 			.word	0xFFFFFFFF, 0xFFFFFFFF, 0xFFC00000
 3937      FFFFFFFF 
 3937      0000C0FF 
 3938 821c FFFFFFFF 			.word	0xFFFFFFFF, 0xFFFFFFFF, 0xFFC00000
 3938      FFFFFFFF 
 3938      0000C0FF 
 3939 8228 FFFFFFFF 			.word	0xFFFFFFFF, 0xFFFFFFFF, 0xFFC00000
 3939      FFFFFFFF 
 3939      0000C0FF 
 3940 8234 FFFFFFFF 			.word	0xFFFFFFFF, 0xFFFFFFFF, 0xFFC00000
 3940      FFFFFFFF 
 3940      0000C0FF 
 3941 8240 FFFFFFFF 			.word	0xFFFFFFFF, 0xFFFFFFFF, 0xFFC00000
 3941      FFFFFFFF 
 3941      0000C0FF 
 3942 824c FFFFFFFF 			.word	0xFFFFFFFF, 0xFFFFFFFF, 0xFFC00000
 3942      FFFFFFFF 
 3942      0000C0FF 
 3943              	
 3944              	UPPERCASE_F:
 3945 8258 46000000 			.word	'F			// ASCII "F" character
 3946 825c 55000000 			.word	85			// cell pixel width
 3947 8260 82000000 			.word	CELLHGHT		// cell pixel height
 3948 8264 43000000 			.word	67			// glyph pixel width
 3949 8268 64000000 			.word	100			// glyph pixel height
 3950 826c 0C000000 			.word	12			// blank horizontal pixels before glyph
 3951 8270 06000000 			.word	6			// blank horizontal pixels after glyph
 3952 8274 00000000 			.word	0			// blank horizontal lines before glyph
 3953 8278 1E000000 			.word	30			// blank horizontal lines after glyph
 3954              							// bit mapped glyph
 3955 827c FFFFFFFF 			.word	0xFFFFFFFF, 0xFFFFFFFF, 0xE0000000
ARM GAS  font_arial104.s 			page 151


 3955      FFFFFFFF 
 3955      000000E0 
 3956 8288 FFFFFFFF 			.word	0xFFFFFFFF, 0xFFFFFFFF, 0xE0000000
 3956      FFFFFFFF 
 3956      000000E0 
 3957 8294 FFFFFFFF 			.word	0xFFFFFFFF, 0xFFFFFFFF, 0xE0000000
 3957      FFFFFFFF 
 3957      000000E0 
 3958 82a0 FFFFFFFF 			.word	0xFFFFFFFF, 0xFFFFFFFF, 0xE0000000
 3958      FFFFFFFF 
 3958      000000E0 
 3959 82ac FFFFFFFF 			.word	0xFFFFFFFF, 0xFFFFFFFF, 0xE0000000
 3959      FFFFFFFF 
 3959      000000E0 
 3960 82b8 FFFFFFFF 			.word	0xFFFFFFFF, 0xFFFFFFFF, 0xE0000000
 3960      FFFFFFFF 
 3960      000000E0 
 3961 82c4 FFFFFFFF 			.word	0xFFFFFFFF, 0xFFFFFFFF, 0xE0000000
 3961      FFFFFFFF 
 3961      000000E0 
 3962 82d0 FFFFFFFF 			.word	0xFFFFFFFF, 0xFFFFFFFF, 0xE0000000
 3962      FFFFFFFF 
 3962      000000E0 
 3963 82dc FFFFFFFF 			.word	0xFFFFFFFF, 0xFFFFFFFF, 0xE0000000
 3963      FFFFFFFF 
 3963      000000E0 
 3964 82e8 FFFFFFFF 			.word	0xFFFFFFFF, 0xFFFFFFFF, 0xE0000000
 3964      FFFFFFFF 
 3964      000000E0 
 3965 82f4 FFFFFFFF 			.word	0xFFFFFFFF, 0xFFFFFFFF, 0xE0000000
 3965      FFFFFFFF 
 3965      000000E0 
 3966 8300 FFFFFFFF 			.word	0xFFFFFFFF, 0xFFFFFFFF, 0xE0000000
 3966      FFFFFFFF 
 3966      000000E0 
 3967 830c 0000F8FF 			.word	0xFFF80000, 0x00000000, 0x00000000
 3967      00000000 
 3967      00000000 
 3968 8318 0000F8FF 			.word	0xFFF80000, 0x00000000, 0x00000000
 3968      00000000 
 3968      00000000 
 3969 8324 0000F8FF 			.word	0xFFF80000, 0x00000000, 0x00000000
 3969      00000000 
 3969      00000000 
 3970 8330 0000F8FF 			.word	0xFFF80000, 0x00000000, 0x00000000
 3970      00000000 
 3970      00000000 
 3971 833c 0000F8FF 			.word	0xFFF80000, 0x00000000, 0x00000000
 3971      00000000 
 3971      00000000 
 3972 8348 0000F8FF 			.word	0xFFF80000, 0x00000000, 0x00000000
 3972      00000000 
 3972      00000000 
 3973 8354 0000F8FF 			.word	0xFFF80000, 0x00000000, 0x00000000
 3973      00000000 
 3973      00000000 
 3974 8360 0000F8FF 			.word	0xFFF80000, 0x00000000, 0x00000000
ARM GAS  font_arial104.s 			page 152


 3974      00000000 
 3974      00000000 
 3975 836c 0000F8FF 			.word	0xFFF80000, 0x00000000, 0x00000000
 3975      00000000 
 3975      00000000 
 3976 8378 0000F8FF 			.word	0xFFF80000, 0x00000000, 0x00000000
 3976      00000000 
 3976      00000000 
 3977 8384 0000F8FF 			.word	0xFFF80000, 0x00000000, 0x00000000
 3977      00000000 
 3977      00000000 
 3978 8390 0000F8FF 			.word	0xFFF80000, 0x00000000, 0x00000000
 3978      00000000 
 3978      00000000 
 3979 839c 0000F8FF 			.word	0xFFF80000, 0x00000000, 0x00000000
 3979      00000000 
 3979      00000000 
 3980 83a8 0000F8FF 			.word	0xFFF80000, 0x00000000, 0x00000000
 3980      00000000 
 3980      00000000 
 3981 83b4 0000F8FF 			.word	0xFFF80000, 0x00000000, 0x00000000
 3981      00000000 
 3981      00000000 
 3982 83c0 0000F8FF 			.word	0xFFF80000, 0x00000000, 0x00000000
 3982      00000000 
 3982      00000000 
 3983 83cc 0000F8FF 			.word	0xFFF80000, 0x00000000, 0x00000000
 3983      00000000 
 3983      00000000 
 3984 83d8 0000F8FF 			.word	0xFFF80000, 0x00000000, 0x00000000
 3984      00000000 
 3984      00000000 
 3985 83e4 0000F8FF 			.word	0xFFF80000, 0x00000000, 0x00000000
 3985      00000000 
 3985      00000000 
 3986 83f0 0000F8FF 			.word	0xFFF80000, 0x00000000, 0x00000000
 3986      00000000 
 3986      00000000 
 3987 83fc 0000F8FF 			.word	0xFFF80000, 0x00000000, 0x00000000
 3987      00000000 
 3987      00000000 
 3988 8408 0000F8FF 			.word	0xFFF80000, 0x00000000, 0x00000000
 3988      00000000 
 3988      00000000 
 3989 8414 0000F8FF 			.word	0xFFF80000, 0x00000000, 0x00000000
 3989      00000000 
 3989      00000000 
 3990 8420 0000F8FF 			.word	0xFFF80000, 0x00000000, 0x00000000
 3990      00000000 
 3990      00000000 
 3991 842c 0000F8FF 			.word	0xFFF80000, 0x00000000, 0x00000000
 3991      00000000 
 3991      00000000 
 3992 8438 0000F8FF 			.word	0xFFF80000, 0x00000000, 0x00000000
 3992      00000000 
 3992      00000000 
 3993 8444 0000F8FF 			.word	0xFFF80000, 0x00000000, 0x00000000
ARM GAS  font_arial104.s 			page 153


 3993      00000000 
 3993      00000000 
 3994 8450 0000F8FF 			.word	0xFFF80000, 0x00000000, 0x00000000
 3994      00000000 
 3994      00000000 
 3995 845c 0000F8FF 			.word	0xFFF80000, 0x00000000, 0x00000000
 3995      00000000 
 3995      00000000 
 3996 8468 0000F8FF 			.word	0xFFF80000, 0x00000000, 0x00000000
 3996      00000000 
 3996      00000000 
 3997 8474 0000F8FF 			.word	0xFFF80000, 0x00000000, 0x00000000
 3997      00000000 
 3997      00000000 
 3998 8480 FFFFFFFF 			.word	0xFFFFFFFF, 0xFFFFFFE0, 0x00000000
 3998      E0FFFFFF 
 3998      00000000 
 3999 848c FFFFFFFF 			.word	0xFFFFFFFF, 0xFFFFFFE0, 0x00000000
 3999      E0FFFFFF 
 3999      00000000 
 4000 8498 FFFFFFFF 			.word	0xFFFFFFFF, 0xFFFFFFE0, 0x00000000
 4000      E0FFFFFF 
 4000      00000000 
 4001 84a4 FFFFFFFF 			.word	0xFFFFFFFF, 0xFFFFFFE0, 0x00000000
 4001      E0FFFFFF 
 4001      00000000 
 4002 84b0 FFFFFFFF 			.word	0xFFFFFFFF, 0xFFFFFFE0, 0x00000000
 4002      E0FFFFFF 
 4002      00000000 
 4003 84bc FFFFFFFF 			.word	0xFFFFFFFF, 0xFFFFFFE0, 0x00000000
 4003      E0FFFFFF 
 4003      00000000 
 4004 84c8 FFFFFFFF 			.word	0xFFFFFFFF, 0xFFFFFFE0, 0x00000000
 4004      E0FFFFFF 
 4004      00000000 
 4005 84d4 FFFFFFFF 			.word	0xFFFFFFFF, 0xFFFFFFE0, 0x00000000
 4005      E0FFFFFF 
 4005      00000000 
 4006 84e0 FFFFFFFF 			.word	0xFFFFFFFF, 0xFFFFFFE0, 0x00000000
 4006      E0FFFFFF 
 4006      00000000 
 4007 84ec FFFFFFFF 			.word	0xFFFFFFFF, 0xFFFFFFE0, 0x00000000
 4007      E0FFFFFF 
 4007      00000000 
 4008 84f8 FFFFFFFF 			.word	0xFFFFFFFF, 0xFFFFFFE0, 0x00000000
 4008      E0FFFFFF 
 4008      00000000 
 4009 8504 FFFFFFFF 			.word	0xFFFFFFFF, 0xFFFFFFE0, 0x00000000
 4009      E0FFFFFF 
 4009      00000000 
 4010 8510 0000F8FF 			.word	0xFFF80000, 0x00000000, 0x00000000
 4010      00000000 
 4010      00000000 
 4011 851c 0000F8FF 			.word	0xFFF80000, 0x00000000, 0x00000000
 4011      00000000 
 4011      00000000 
 4012 8528 0000F8FF 			.word	0xFFF80000, 0x00000000, 0x00000000
ARM GAS  font_arial104.s 			page 154


 4012      00000000 
 4012      00000000 
 4013 8534 0000F8FF 			.word	0xFFF80000, 0x00000000, 0x00000000
 4013      00000000 
 4013      00000000 
 4014 8540 0000F8FF 			.word	0xFFF80000, 0x00000000, 0x00000000
 4014      00000000 
 4014      00000000 
 4015 854c 0000F8FF 			.word	0xFFF80000, 0x00000000, 0x00000000
 4015      00000000 
 4015      00000000 
 4016 8558 0000F8FF 			.word	0xFFF80000, 0x00000000, 0x00000000
 4016      00000000 
 4016      00000000 
 4017 8564 0000F8FF 			.word	0xFFF80000, 0x00000000, 0x00000000
 4017      00000000 
 4017      00000000 
 4018 8570 0000F8FF 			.word	0xFFF80000, 0x00000000, 0x00000000
 4018      00000000 
 4018      00000000 
 4019 857c 0000F8FF 			.word	0xFFF80000, 0x00000000, 0x00000000
 4019      00000000 
 4019      00000000 
 4020 8588 0000F8FF 			.word	0xFFF80000, 0x00000000, 0x00000000
 4020      00000000 
 4020      00000000 
 4021 8594 0000F8FF 			.word	0xFFF80000, 0x00000000, 0x00000000
 4021      00000000 
 4021      00000000 
 4022 85a0 0000F8FF 			.word	0xFFF80000, 0x00000000, 0x00000000
 4022      00000000 
 4022      00000000 
 4023 85ac 0000F8FF 			.word	0xFFF80000, 0x00000000, 0x00000000
 4023      00000000 
 4023      00000000 
 4024 85b8 0000F8FF 			.word	0xFFF80000, 0x00000000, 0x00000000
 4024      00000000 
 4024      00000000 
 4025 85c4 0000F8FF 			.word	0xFFF80000, 0x00000000, 0x00000000
 4025      00000000 
 4025      00000000 
 4026 85d0 0000F8FF 			.word	0xFFF80000, 0x00000000, 0x00000000
 4026      00000000 
 4026      00000000 
 4027 85dc 0000F8FF 			.word	0xFFF80000, 0x00000000, 0x00000000
 4027      00000000 
 4027      00000000 
 4028 85e8 0000F8FF 			.word	0xFFF80000, 0x00000000, 0x00000000
 4028      00000000 
 4028      00000000 
 4029 85f4 0000F8FF 			.word	0xFFF80000, 0x00000000, 0x00000000
 4029      00000000 
 4029      00000000 
 4030 8600 0000F8FF 			.word	0xFFF80000, 0x00000000, 0x00000000
 4030      00000000 
 4030      00000000 
 4031 860c 0000F8FF 			.word	0xFFF80000, 0x00000000, 0x00000000
ARM GAS  font_arial104.s 			page 155


 4031      00000000 
 4031      00000000 
 4032 8618 0000F8FF 			.word	0xFFF80000, 0x00000000, 0x00000000
 4032      00000000 
 4032      00000000 
 4033 8624 0000F8FF 			.word	0xFFF80000, 0x00000000, 0x00000000
 4033      00000000 
 4033      00000000 
 4034 8630 0000F8FF 			.word	0xFFF80000, 0x00000000, 0x00000000
 4034      00000000 
 4034      00000000 
 4035 863c 0000F8FF 			.word	0xFFF80000, 0x00000000, 0x00000000
 4035      00000000 
 4035      00000000 
 4036 8648 0000F8FF 			.word	0xFFF80000, 0x00000000, 0x00000000
 4036      00000000 
 4036      00000000 
 4037 8654 0000F8FF 			.word	0xFFF80000, 0x00000000, 0x00000000
 4037      00000000 
 4037      00000000 
 4038 8660 0000F8FF 			.word	0xFFF80000, 0x00000000, 0x00000000
 4038      00000000 
 4038      00000000 
 4039 866c 0000F8FF 			.word	0xFFF80000, 0x00000000, 0x00000000
 4039      00000000 
 4039      00000000 
 4040 8678 0000F8FF 			.word	0xFFF80000, 0x00000000, 0x00000000
 4040      00000000 
 4040      00000000 
 4041 8684 0000F8FF 			.word	0xFFF80000, 0x00000000, 0x00000000
 4041      00000000 
 4041      00000000 
 4042 8690 0000F8FF 			.word	0xFFF80000, 0x00000000, 0x00000000
 4042      00000000 
 4042      00000000 
 4043 869c 0000F8FF 			.word	0xFFF80000, 0x00000000, 0x00000000
 4043      00000000 
 4043      00000000 
 4044 86a8 0000F8FF 			.word	0xFFF80000, 0x00000000, 0x00000000
 4044      00000000 
 4044      00000000 
 4045 86b4 0000F8FF 			.word	0xFFF80000, 0x00000000, 0x00000000
 4045      00000000 
 4045      00000000 
 4046 86c0 0000F8FF 			.word	0xFFF80000, 0x00000000, 0x00000000
 4046      00000000 
 4046      00000000 
 4047 86cc 0000F8FF 			.word	0xFFF80000, 0x00000000, 0x00000000
 4047      00000000 
 4047      00000000 
 4048 86d8 0000F8FF 			.word	0xFFF80000, 0x00000000, 0x00000000
 4048      00000000 
 4048      00000000 
 4049 86e4 0000F8FF 			.word	0xFFF80000, 0x00000000, 0x00000000
 4049      00000000 
 4049      00000000 
 4050 86f0 0000F8FF 			.word	0xFFF80000, 0x00000000, 0x00000000
ARM GAS  font_arial104.s 			page 156


 4050      00000000 
 4050      00000000 
 4051 86fc 0000F8FF 			.word	0xFFF80000, 0x00000000, 0x00000000
 4051      00000000 
 4051      00000000 
 4052 8708 0000F8FF 			.word	0xFFF80000, 0x00000000, 0x00000000
 4052      00000000 
 4052      00000000 
 4053 8714 0000F8FF 			.word	0xFFF80000, 0x00000000, 0x00000000
 4053      00000000 
 4053      00000000 
 4054 8720 0000F8FF 			.word	0xFFF80000, 0x00000000, 0x00000000
 4054      00000000 
 4054      00000000 
 4055              	
 4056              	UPPERCASE_G:
 4057 872c 47000000 			.word	'G			// ASCII "G" character
 4058 8730 6B000000 			.word	107			// cell pixel width
 4059 8734 82000000 			.word	CELLHGHT		// cell pixel height
 4060 8738 5C000000 			.word	92			// glyph pixel width
 4061 873c 64000000 			.word	100			// glyph pixel height
 4062 8740 06000000 			.word	6			// blank horizontal pixels before glyph
 4063 8744 09000000 			.word	9			// blank horizontal pixels after glyph
 4064 8748 00000000 			.word	0			// blank horizontal lines before glyph
 4065 874c 1E000000 			.word	30			// blank horizontal lines after glyph
 4066              							// bit mapped glyph
 4067 8750 00000000 			.word	0x00000000, 0x007FFFC0, 0x00000000
 4067      C0FF7F00 
 4067      00000000 
 4068 875c 00000000 			.word	0x00000000, 0x0FFFFFFE, 0x00000000
 4068      FEFFFF0F 
 4068      00000000 
 4069 8768 00000000 			.word	0x00000000, 0xFFFFFFFF, 0xE0000000
 4069      FFFFFFFF 
 4069      000000E0 
 4070 8774 07000000 			.word	0x00000007, 0xFFFFFFFF, 0xF8000000
 4070      FFFFFFFF 
 4070      000000F8 
 4071 8780 1F000000 			.word	0x0000001F, 0xFFFFFFFF, 0xFF000000
 4071      FFFFFFFF 
 4071      000000FF 
 4072 878c FF000000 			.word	0x000000FF, 0xFFFFFFFF, 0xFFC00000
 4072      FFFFFFFF 
 4072      0000C0FF 
 4073 8798 FF030000 			.word	0x000003FF, 0xFFFFFFFF, 0xFFE00000
 4073      FFFFFFFF 
 4073      0000E0FF 
 4074 87a4 FF070000 			.word	0x000007FF, 0xFFFFFFFF, 0xFFF80000
 4074      FFFFFFFF 
 4074      0000F8FF 
 4075 87b0 FF1F0000 			.word	0x00001FFF, 0xFFFFFFFF, 0xFFFC0000
 4075      FFFFFFFF 
 4075      0000FCFF 
 4076 87bc FF3F0000 			.word	0x00003FFF, 0xFFFFFFFF, 0xFFFE0000
 4076      FFFFFFFF 
 4076      0000FEFF 
 4077 87c8 FF7F0000 			.word	0x00007FFF, 0xFFFFFFFF, 0xFFFF8000
ARM GAS  font_arial104.s 			page 157


 4077      FFFFFFFF 
 4077      0080FFFF 
 4078 87d4 FFFF0100 			.word	0x0001FFFF, 0xFFFFFFFF, 0xFFFFC000
 4078      FFFFFFFF 
 4078      00C0FFFF 
 4079 87e0 FFFF0300 			.word	0x0003FFFF, 0xFFC000FF, 0xFFFFC000
 4079      FF00C0FF 
 4079      00C0FFFF 
 4080 87ec FFFF0700 			.word	0x0007FFFF, 0xF8000007, 0xFFFFE000
 4080      070000F8 
 4080      00E0FFFF 
 4081 87f8 FFFF0F00 			.word	0x000FFFFF, 0xC0000001, 0xFFFFF000
 4081      010000C0 
 4081      00F0FFFF 
 4082 8804 FFFF0F00 			.word	0x000FFFFF, 0x00000000, 0x3FFFF800
 4082      00000000 
 4082      00F8FF3F 
 4083 8810 FCFF1F00 			.word	0x001FFFFC, 0x00000000, 0x0FFFF800
 4083      00000000 
 4083      00F8FF0F 
 4084 881c F0FF3F00 			.word	0x003FFFF0, 0x00000000, 0x07FFFC00
 4084      00000000 
 4084      00FCFF07 
 4085 8828 E0FF7F00 			.word	0x007FFFE0, 0x00000000, 0x03FFFC00
 4085      00000000 
 4085      00FCFF03 
 4086 8834 80FF7F00 			.word	0x007FFF80, 0x00000000, 0x00FFFE00
 4086      00000000 
 4086      00FEFF00 
 4087 8840 00FFFF00 			.word	0x00FFFF00, 0x00000000, 0x00FFFE00
 4087      00000000 
 4087      00FEFF00 
 4088 884c 00FEFF01 			.word	0x01FFFE00, 0x00000000, 0x007FFF00
 4088      00000000 
 4088      00FF7F00 
 4089 8858 00FCFF01 			.word	0x01FFFC00, 0x00000000, 0x003FFF00
 4089      00000000 
 4089      00FF3F00 
 4090 8864 00F8FF03 			.word	0x03FFF800, 0x00000000, 0x001FFF80
 4090      00000000 
 4090      80FF1F00 
 4091 8870 00F8FF03 			.word	0x03FFF800, 0x00000000, 0x001FFF80
 4091      00000000 
 4091      80FF1F00 
 4092 887c 00F0FF07 			.word	0x07FFF000, 0x00000000, 0x000FFF80
 4092      00000000 
 4092      80FF0F00 
 4093 8888 00E0FF07 			.word	0x07FFE000, 0x00000000, 0x000FFFC0
 4093      00000000 
 4093      C0FF0F00 
 4094 8894 00E0FF07 			.word	0x07FFE000, 0x00000000, 0x0007FFC0
 4094      00000000 
 4094      C0FF0700 
 4095 88a0 00C0FF0F 			.word	0x0FFFC000, 0x00000000, 0x0007FFC0
 4095      00000000 
 4095      C0FF0700 
 4096 88ac 0080FF0F 			.word	0x0FFF8000, 0x00000000, 0x0003FFC0
ARM GAS  font_arial104.s 			page 158


 4096      00000000 
 4096      C0FF0300 
 4097 88b8 0080FF1F 			.word	0x1FFF8000, 0x00000000, 0x0003FC00
 4097      00000000 
 4097      00FC0300 
 4098 88c4 0080FF1F 			.word	0x1FFF8000, 0x00000000, 0x0003C000
 4098      00000000 
 4098      00C00300 
 4099 88d0 0000FF1F 			.word	0x1FFF0000, 0x00000000, 0x00000000
 4099      00000000 
 4099      00000000 
 4100 88dc 0000FF3F 			.word	0x3FFF0000, 0x00000000, 0x00000000
 4100      00000000 
 4100      00000000 
 4101 88e8 0000FE3F 			.word	0x3FFE0000, 0x00000000, 0x00000000
 4101      00000000 
 4101      00000000 
 4102 88f4 0000FE3F 			.word	0x3FFE0000, 0x00000000, 0x00000000
 4102      00000000 
 4102      00000000 
 4103 8900 0000FE3F 			.word	0x3FFE0000, 0x00000000, 0x00000000
 4103      00000000 
 4103      00000000 
 4104 890c 0000FE7F 			.word	0x7FFE0000, 0x00000000, 0x00000000
 4104      00000000 
 4104      00000000 
 4105 8918 0000FC7F 			.word	0x7FFC0000, 0x00000000, 0x00000000
 4105      00000000 
 4105      00000000 
 4106 8924 0000FC7F 			.word	0x7FFC0000, 0x00000000, 0x00000000
 4106      00000000 
 4106      00000000 
 4107 8930 0000FC7F 			.word	0x7FFC0000, 0x00000000, 0x00000000
 4107      00000000 
 4107      00000000 
 4108 893c 0000FC7F 			.word	0x7FFC0000, 0x00000000, 0x00000000
 4108      00000000 
 4108      00000000 
 4109 8948 0000FC7F 			.word	0x7FFC0000, 0x00000000, 0x00000000
 4109      00000000 
 4109      00000000 
 4110 8954 0000F8FF 			.word	0xFFF80000, 0x00000000, 0x00000000
 4110      00000000 
 4110      00000000 
 4111 8960 0000F8FF 			.word	0xFFF80000, 0x00000000, 0x00000000
 4111      00000000 
 4111      00000000 
 4112 896c 0000F8FF 			.word	0xFFF80000, 0x00000000, 0x00000000
 4112      00000000 
 4112      00000000 
 4113 8978 0000F8FF 			.word	0xFFF80000, 0x00000000, 0x00000000
 4113      00000000 
 4113      00000000 
 4114 8984 0000F8FF 			.word	0xFFF80000, 0x00000000, 0x00000000
 4114      00000000 
 4114      00000000 
 4115 8990 0000F8FF 			.word	0xFFF80000, 0x00000000, 0x00000000
ARM GAS  font_arial104.s 			page 159


 4115      00000000 
 4115      00000000 
 4116 899c 0000F8FF 			.word	0xFFF80000, 0x00001FFF, 0xFFFFFFF0
 4116      FF1F0000 
 4116      F0FFFFFF 
 4117 89a8 0000F8FF 			.word	0xFFF80000, 0x00001FFF, 0xFFFFFFF0
 4117      FF1F0000 
 4117      F0FFFFFF 
 4118 89b4 0000F8FF 			.word	0xFFF80000, 0x00001FFF, 0xFFFFFFF0
 4118      FF1F0000 
 4118      F0FFFFFF 
 4119 89c0 0000F8FF 			.word	0xFFF80000, 0x00001FFF, 0xFFFFFFF0
 4119      FF1F0000 
 4119      F0FFFFFF 
 4120 89cc 0000F8FF 			.word	0xFFF80000, 0x00001FFF, 0xFFFFFFF0
 4120      FF1F0000 
 4120      F0FFFFFF 
 4121 89d8 0000F8FF 			.word	0xFFF80000, 0x00001FFF, 0xFFFFFFF0
 4121      FF1F0000 
 4121      F0FFFFFF 
 4122 89e4 0000F8FF 			.word	0xFFF80000, 0x00001FFF, 0xFFFFFFF0
 4122      FF1F0000 
 4122      F0FFFFFF 
 4123 89f0 0000F8FF 			.word	0xFFF80000, 0x00001FFF, 0xFFFFFFF0
 4123      FF1F0000 
 4123      F0FFFFFF 
 4124 89fc 0000F8FF 			.word	0xFFF80000, 0x00001FFF, 0xFFFFFFF0
 4124      FF1F0000 
 4124      F0FFFFFF 
 4125 8a08 0000FC7F 			.word	0x7FFC0000, 0x00001FFF, 0xFFFFFFF0
 4125      FF1F0000 
 4125      F0FFFFFF 
 4126 8a14 0000FC7F 			.word	0x7FFC0000, 0x00001FFF, 0xFFFFFFF0
 4126      FF1F0000 
 4126      F0FFFFFF 
 4127 8a20 0000FC7F 			.word	0x7FFC0000, 0x00001FFF, 0xFFFFFFF0
 4127      FF1F0000 
 4127      F0FFFFFF 
 4128 8a2c 0000FC7F 			.word	0x7FFC0000, 0x00000000, 0x0001FFF0
 4128      00000000 
 4128      F0FF0100 
 4129 8a38 0000FC7F 			.word	0x7FFC0000, 0x00000000, 0x0001FFF0
 4129      00000000 
 4129      F0FF0100 
 4130 8a44 0000FE7F 			.word	0x7FFE0000, 0x00000000, 0x0001FFF0
 4130      00000000 
 4130      F0FF0100 
 4131 8a50 0000FE3F 			.word	0x3FFE0000, 0x00000000, 0x0001FFF0
 4131      00000000 
 4131      F0FF0100 
 4132 8a5c 0000FE3F 			.word	0x3FFE0000, 0x00000000, 0x0001FFF0
 4132      00000000 
 4132      F0FF0100 
 4133 8a68 0000FF3F 			.word	0x3FFF0000, 0x00000000, 0x0001FFF0
 4133      00000000 
 4133      F0FF0100 
 4134 8a74 0000FF3F 			.word	0x3FFF0000, 0x00000000, 0x0001FFF0
ARM GAS  font_arial104.s 			page 160


 4134      00000000 
 4134      F0FF0100 
 4135 8a80 0000FF1F 			.word	0x1FFF0000, 0x00000000, 0x0001FFF0
 4135      00000000 
 4135      F0FF0100 
 4136 8a8c 0080FF1F 			.word	0x1FFF8000, 0x00000000, 0x0001FFF0
 4136      00000000 
 4136      F0FF0100 
 4137 8a98 0080FF0F 			.word	0x0FFF8000, 0x00000000, 0x0001FFF0
 4137      00000000 
 4137      F0FF0100 
 4138 8aa4 00C0FF0F 			.word	0x0FFFC000, 0x00000000, 0x0001FFF0
 4138      00000000 
 4138      F0FF0100 
 4139 8ab0 00C0FF0F 			.word	0x0FFFC000, 0x00000000, 0x0001FFF0
 4139      00000000 
 4139      F0FF0100 
 4140 8abc 00E0FF07 			.word	0x07FFE000, 0x00000000, 0x0001FFF0
 4140      00000000 
 4140      F0FF0100 
 4141 8ac8 00F0FF07 			.word	0x07FFF000, 0x00000000, 0x0001FFF0
 4141      00000000 
 4141      F0FF0100 
 4142 8ad4 00F0FF03 			.word	0x03FFF000, 0x00000000, 0x0001FFF0
 4142      00000000 
 4142      F0FF0100 
 4143 8ae0 00F8FF03 			.word	0x03FFF800, 0x00000000, 0x0001FFF0
 4143      00000000 
 4143      F0FF0100 
 4144 8aec 00FCFF01 			.word	0x01FFFC00, 0x00000000, 0x0001FFF0
 4144      00000000 
 4144      F0FF0100 
 4145 8af8 00FEFF01 			.word	0x01FFFE00, 0x00000000, 0x0001FFF0
 4145      00000000 
 4145      F0FF0100 
 4146 8b04 00FFFF00 			.word	0x00FFFF00, 0x00000000, 0x0007FFF0
 4146      00000000 
 4146      F0FF0700 
 4147 8b10 80FF7F00 			.word	0x007FFF80, 0x00000000, 0x000FFFF0
 4147      00000000 
 4147      F0FF0F00 
 4148 8b1c E0FF7F00 			.word	0x007FFFE0, 0x00000000, 0x003FFFF0
 4148      00000000 
 4148      F0FF3F00 
 4149 8b28 F0FF3F00 			.word	0x003FFFF0, 0x00000000, 0x00FFFFF0
 4149      00000000 
 4149      F0FFFF00 
 4150 8b34 FCFF1F00 			.word	0x001FFFFC, 0x00000000, 0x03FFFFF0
 4150      00000000 
 4150      F0FFFF03 
 4151 8b40 FFFF0F00 			.word	0x000FFFFF, 0x00000000, 0x0FFFFFF0
 4151      00000000 
 4151      F0FFFF0F 
 4152 8b4c FFFF0700 			.word	0x0007FFFF, 0xE0000000, 0x7FFFFFE0
 4152      000000E0 
 4152      E0FFFF7F 
 4153 8b58 FFFF0300 			.word	0x0003FFFF, 0xFC000003, 0xFFFFFFC0
ARM GAS  font_arial104.s 			page 161


 4153      030000FC 
 4153      C0FFFFFF 
 4154 8b64 FFFF0100 			.word	0x0001FFFF, 0xFFE0007F, 0xFFFFFF00
 4154      7F00E0FF 
 4154      00FFFFFF 
 4155 8b70 FFFF0000 			.word	0x0000FFFF, 0xFFFFFFFF, 0xFFFFFE00
 4155      FFFFFFFF 
 4155      00FEFFFF 
 4156 8b7c FF7F0000 			.word	0x00007FFF, 0xFFFFFFFF, 0xFFFFF800
 4156      FFFFFFFF 
 4156      00F8FFFF 
 4157 8b88 FF1F0000 			.word	0x00001FFF, 0xFFFFFFFF, 0xFFFFF000
 4157      FFFFFFFF 
 4157      00F0FFFF 
 4158 8b94 FF0F0000 			.word	0x00000FFF, 0xFFFFFFFF, 0xFFFFC000
 4158      FFFFFFFF 
 4158      00C0FFFF 
 4159 8ba0 FF030000 			.word	0x000003FF, 0xFFFFFFFF, 0xFFFF0000
 4159      FFFFFFFF 
 4159      0000FFFF 
 4160 8bac FF010000 			.word	0x000001FF, 0xFFFFFFFF, 0xFFFC0000
 4160      FFFFFFFF 
 4160      0000FCFF 
 4161 8bb8 7F000000 			.word	0x0000007F, 0xFFFFFFFF, 0xFFF00000
 4161      FFFFFFFF 
 4161      0000F0FF 
 4162 8bc4 0F000000 			.word	0x0000000F, 0xFFFFFFFF, 0xFFC00000
 4162      FFFFFFFF 
 4162      0000C0FF 
 4163 8bd0 03000000 			.word	0x00000003, 0xFFFFFFFF, 0xFE000000
 4163      FFFFFFFF 
 4163      000000FE 
 4164 8bdc 00000000 			.word	0x00000000, 0x7FFFFFFF, 0xF0000000
 4164      FFFFFF7F 
 4164      000000F0 
 4165 8be8 00000000 			.word	0x00000000, 0x07FFFFFF, 0x00000000
 4165      FFFFFF07 
 4165      00000000 
 4166 8bf4 00000000 			.word	0x00000000, 0x001FFFE0, 0x00000000
 4166      E0FF1F00 
 4166      00000000 
 4167              	
 4168              	UPPERCASE_H:
 4169 8c00 48000000 			.word	'H			// ASCII "H" character
 4170 8c04 64000000 			.word	100			// cell pixel width
 4171 8c08 82000000 			.word	CELLHGHT		// cell pixel height
 4172 8c0c 4E000000 			.word	78			// glyph pixel width
 4173 8c10 64000000 			.word	100			// glyph pixel height
 4174 8c14 0B000000 			.word	11			// blank horizontal pixels before glyph
 4175 8c18 0B000000 			.word	11			// blank horizontal pixels after glyph
 4176 8c1c 00000000 			.word	0			// blank horizontal lines before glyph
 4177 8c20 1E000000 			.word	30			// blank horizontal lines after glyph
 4178              							// bit mapped glyph
 4179 8c24 0000F8FF 			.word	0xFFF80000, 0x00000000, 0x7FFC0000
 4179      00000000 
 4179      0000FC7F 
 4180 8c30 0000F8FF 			.word	0xFFF80000, 0x00000000, 0x7FFC0000
ARM GAS  font_arial104.s 			page 162


 4180      00000000 
 4180      0000FC7F 
 4181 8c3c 0000F8FF 			.word	0xFFF80000, 0x00000000, 0x7FFC0000
 4181      00000000 
 4181      0000FC7F 
 4182 8c48 0000F8FF 			.word	0xFFF80000, 0x00000000, 0x7FFC0000
 4182      00000000 
 4182      0000FC7F 
 4183 8c54 0000F8FF 			.word	0xFFF80000, 0x00000000, 0x7FFC0000
 4183      00000000 
 4183      0000FC7F 
 4184 8c60 0000F8FF 			.word	0xFFF80000, 0x00000000, 0x7FFC0000
 4184      00000000 
 4184      0000FC7F 
 4185 8c6c 0000F8FF 			.word	0xFFF80000, 0x00000000, 0x7FFC0000
 4185      00000000 
 4185      0000FC7F 
 4186 8c78 0000F8FF 			.word	0xFFF80000, 0x00000000, 0x7FFC0000
 4186      00000000 
 4186      0000FC7F 
 4187 8c84 0000F8FF 			.word	0xFFF80000, 0x00000000, 0x7FFC0000
 4187      00000000 
 4187      0000FC7F 
 4188 8c90 0000F8FF 			.word	0xFFF80000, 0x00000000, 0x7FFC0000
 4188      00000000 
 4188      0000FC7F 
 4189 8c9c 0000F8FF 			.word	0xFFF80000, 0x00000000, 0x7FFC0000
 4189      00000000 
 4189      0000FC7F 
 4190 8ca8 0000F8FF 			.word	0xFFF80000, 0x00000000, 0x7FFC0000
 4190      00000000 
 4190      0000FC7F 
 4191 8cb4 0000F8FF 			.word	0xFFF80000, 0x00000000, 0x7FFC0000
 4191      00000000 
 4191      0000FC7F 
 4192 8cc0 0000F8FF 			.word	0xFFF80000, 0x00000000, 0x7FFC0000
 4192      00000000 
 4192      0000FC7F 
 4193 8ccc 0000F8FF 			.word	0xFFF80000, 0x00000000, 0x7FFC0000
 4193      00000000 
 4193      0000FC7F 
 4194 8cd8 0000F8FF 			.word	0xFFF80000, 0x00000000, 0x7FFC0000
 4194      00000000 
 4194      0000FC7F 
 4195 8ce4 0000F8FF 			.word	0xFFF80000, 0x00000000, 0x7FFC0000
 4195      00000000 
 4195      0000FC7F 
 4196 8cf0 0000F8FF 			.word	0xFFF80000, 0x00000000, 0x7FFC0000
 4196      00000000 
 4196      0000FC7F 
 4197 8cfc 0000F8FF 			.word	0xFFF80000, 0x00000000, 0x7FFC0000
 4197      00000000 
 4197      0000FC7F 
 4198 8d08 0000F8FF 			.word	0xFFF80000, 0x00000000, 0x7FFC0000
 4198      00000000 
 4198      0000FC7F 
 4199 8d14 0000F8FF 			.word	0xFFF80000, 0x00000000, 0x7FFC0000
ARM GAS  font_arial104.s 			page 163


 4199      00000000 
 4199      0000FC7F 
 4200 8d20 0000F8FF 			.word	0xFFF80000, 0x00000000, 0x7FFC0000
 4200      00000000 
 4200      0000FC7F 
 4201 8d2c 0000F8FF 			.word	0xFFF80000, 0x00000000, 0x7FFC0000
 4201      00000000 
 4201      0000FC7F 
 4202 8d38 0000F8FF 			.word	0xFFF80000, 0x00000000, 0x7FFC0000
 4202      00000000 
 4202      0000FC7F 
 4203 8d44 0000F8FF 			.word	0xFFF80000, 0x00000000, 0x7FFC0000
 4203      00000000 
 4203      0000FC7F 
 4204 8d50 0000F8FF 			.word	0xFFF80000, 0x00000000, 0x7FFC0000
 4204      00000000 
 4204      0000FC7F 
 4205 8d5c 0000F8FF 			.word	0xFFF80000, 0x00000000, 0x7FFC0000
 4205      00000000 
 4205      0000FC7F 
 4206 8d68 0000F8FF 			.word	0xFFF80000, 0x00000000, 0x7FFC0000
 4206      00000000 
 4206      0000FC7F 
 4207 8d74 0000F8FF 			.word	0xFFF80000, 0x00000000, 0x7FFC0000
 4207      00000000 
 4207      0000FC7F 
 4208 8d80 0000F8FF 			.word	0xFFF80000, 0x00000000, 0x7FFC0000
 4208      00000000 
 4208      0000FC7F 
 4209 8d8c 0000F8FF 			.word	0xFFF80000, 0x00000000, 0x7FFC0000
 4209      00000000 
 4209      0000FC7F 
 4210 8d98 0000F8FF 			.word	0xFFF80000, 0x00000000, 0x7FFC0000
 4210      00000000 
 4210      0000FC7F 
 4211 8da4 0000F8FF 			.word	0xFFF80000, 0x00000000, 0x7FFC0000
 4211      00000000 
 4211      0000FC7F 
 4212 8db0 0000F8FF 			.word	0xFFF80000, 0x00000000, 0x7FFC0000
 4212      00000000 
 4212      0000FC7F 
 4213 8dbc 0000F8FF 			.word	0xFFF80000, 0x00000000, 0x7FFC0000
 4213      00000000 
 4213      0000FC7F 
 4214 8dc8 0000F8FF 			.word	0xFFF80000, 0x00000000, 0x7FFC0000
 4214      00000000 
 4214      0000FC7F 
 4215 8dd4 0000F8FF 			.word	0xFFF80000, 0x00000000, 0x7FFC0000
 4215      00000000 
 4215      0000FC7F 
 4216 8de0 0000F8FF 			.word	0xFFF80000, 0x00000000, 0x7FFC0000
 4216      00000000 
 4216      0000FC7F 
 4217 8dec 0000F8FF 			.word	0xFFF80000, 0x00000000, 0x7FFC0000
 4217      00000000 
 4217      0000FC7F 
 4218 8df8 0000F8FF 			.word	0xFFF80000, 0x00000000, 0x7FFC0000
ARM GAS  font_arial104.s 			page 164


 4218      00000000 
 4218      0000FC7F 
 4219 8e04 0000F8FF 			.word	0xFFF80000, 0x00000000, 0x7FFC0000
 4219      00000000 
 4219      0000FC7F 
 4220 8e10 FFFFFFFF 			.word	0xFFFFFFFF, 0xFFFFFFFF, 0xFFFC0000
 4220      FFFFFFFF 
 4220      0000FCFF 
 4221 8e1c FFFFFFFF 			.word	0xFFFFFFFF, 0xFFFFFFFF, 0xFFFC0000
 4221      FFFFFFFF 
 4221      0000FCFF 
 4222 8e28 FFFFFFFF 			.word	0xFFFFFFFF, 0xFFFFFFFF, 0xFFFC0000
 4222      FFFFFFFF 
 4222      0000FCFF 
 4223 8e34 FFFFFFFF 			.word	0xFFFFFFFF, 0xFFFFFFFF, 0xFFFC0000
 4223      FFFFFFFF 
 4223      0000FCFF 
 4224 8e40 FFFFFFFF 			.word	0xFFFFFFFF, 0xFFFFFFFF, 0xFFFC0000
 4224      FFFFFFFF 
 4224      0000FCFF 
 4225 8e4c FFFFFFFF 			.word	0xFFFFFFFF, 0xFFFFFFFF, 0xFFFC0000
 4225      FFFFFFFF 
 4225      0000FCFF 
 4226 8e58 FFFFFFFF 			.word	0xFFFFFFFF, 0xFFFFFFFF, 0xFFFC0000
 4226      FFFFFFFF 
 4226      0000FCFF 
 4227 8e64 FFFFFFFF 			.word	0xFFFFFFFF, 0xFFFFFFFF, 0xFFFC0000
 4227      FFFFFFFF 
 4227      0000FCFF 
 4228 8e70 FFFFFFFF 			.word	0xFFFFFFFF, 0xFFFFFFFF, 0xFFFC0000
 4228      FFFFFFFF 
 4228      0000FCFF 
 4229 8e7c FFFFFFFF 			.word	0xFFFFFFFF, 0xFFFFFFFF, 0xFFFC0000
 4229      FFFFFFFF 
 4229      0000FCFF 
 4230 8e88 FFFFFFFF 			.word	0xFFFFFFFF, 0xFFFFFFFF, 0xFFFC0000
 4230      FFFFFFFF 
 4230      0000FCFF 
 4231 8e94 FFFFFFFF 			.word	0xFFFFFFFF, 0xFFFFFFFF, 0xFFFC0000
 4231      FFFFFFFF 
 4231      0000FCFF 
 4232 8ea0 0000F8FF 			.word	0xFFF80000, 0x00000000, 0x7FFC0000
 4232      00000000 
 4232      0000FC7F 
 4233 8eac 0000F8FF 			.word	0xFFF80000, 0x00000000, 0x7FFC0000
 4233      00000000 
 4233      0000FC7F 
 4234 8eb8 0000F8FF 			.word	0xFFF80000, 0x00000000, 0x7FFC0000
 4234      00000000 
 4234      0000FC7F 
 4235 8ec4 0000F8FF 			.word	0xFFF80000, 0x00000000, 0x7FFC0000
 4235      00000000 
 4235      0000FC7F 
 4236 8ed0 0000F8FF 			.word	0xFFF80000, 0x00000000, 0x7FFC0000
 4236      00000000 
 4236      0000FC7F 
 4237 8edc 0000F8FF 			.word	0xFFF80000, 0x00000000, 0x7FFC0000
ARM GAS  font_arial104.s 			page 165


 4237      00000000 
 4237      0000FC7F 
 4238 8ee8 0000F8FF 			.word	0xFFF80000, 0x00000000, 0x7FFC0000
 4238      00000000 
 4238      0000FC7F 
 4239 8ef4 0000F8FF 			.word	0xFFF80000, 0x00000000, 0x7FFC0000
 4239      00000000 
 4239      0000FC7F 
 4240 8f00 0000F8FF 			.word	0xFFF80000, 0x00000000, 0x7FFC0000
 4240      00000000 
 4240      0000FC7F 
 4241 8f0c 0000F8FF 			.word	0xFFF80000, 0x00000000, 0x7FFC0000
 4241      00000000 
 4241      0000FC7F 
 4242 8f18 0000F8FF 			.word	0xFFF80000, 0x00000000, 0x7FFC0000
 4242      00000000 
 4242      0000FC7F 
 4243 8f24 0000F8FF 			.word	0xFFF80000, 0x00000000, 0x7FFC0000
 4243      00000000 
 4243      0000FC7F 
 4244 8f30 0000F8FF 			.word	0xFFF80000, 0x00000000, 0x7FFC0000
 4244      00000000 
 4244      0000FC7F 
 4245 8f3c 0000F8FF 			.word	0xFFF80000, 0x00000000, 0x7FFC0000
 4245      00000000 
 4245      0000FC7F 
 4246 8f48 0000F8FF 			.word	0xFFF80000, 0x00000000, 0x7FFC0000
 4246      00000000 
 4246      0000FC7F 
 4247 8f54 0000F8FF 			.word	0xFFF80000, 0x00000000, 0x7FFC0000
 4247      00000000 
 4247      0000FC7F 
 4248 8f60 0000F8FF 			.word	0xFFF80000, 0x00000000, 0x7FFC0000
 4248      00000000 
 4248      0000FC7F 
 4249 8f6c 0000F8FF 			.word	0xFFF80000, 0x00000000, 0x7FFC0000
 4249      00000000 
 4249      0000FC7F 
 4250 8f78 0000F8FF 			.word	0xFFF80000, 0x00000000, 0x7FFC0000
 4250      00000000 
 4250      0000FC7F 
 4251 8f84 0000F8FF 			.word	0xFFF80000, 0x00000000, 0x7FFC0000
 4251      00000000 
 4251      0000FC7F 
 4252 8f90 0000F8FF 			.word	0xFFF80000, 0x00000000, 0x7FFC0000
 4252      00000000 
 4252      0000FC7F 
 4253 8f9c 0000F8FF 			.word	0xFFF80000, 0x00000000, 0x7FFC0000
 4253      00000000 
 4253      0000FC7F 
 4254 8fa8 0000F8FF 			.word	0xFFF80000, 0x00000000, 0x7FFC0000
 4254      00000000 
 4254      0000FC7F 
 4255 8fb4 0000F8FF 			.word	0xFFF80000, 0x00000000, 0x7FFC0000
 4255      00000000 
 4255      0000FC7F 
 4256 8fc0 0000F8FF 			.word	0xFFF80000, 0x00000000, 0x7FFC0000
ARM GAS  font_arial104.s 			page 166


 4256      00000000 
 4256      0000FC7F 
 4257 8fcc 0000F8FF 			.word	0xFFF80000, 0x00000000, 0x7FFC0000
 4257      00000000 
 4257      0000FC7F 
 4258 8fd8 0000F8FF 			.word	0xFFF80000, 0x00000000, 0x7FFC0000
 4258      00000000 
 4258      0000FC7F 
 4259 8fe4 0000F8FF 			.word	0xFFF80000, 0x00000000, 0x7FFC0000
 4259      00000000 
 4259      0000FC7F 
 4260 8ff0 0000F8FF 			.word	0xFFF80000, 0x00000000, 0x7FFC0000
 4260      00000000 
 4260      0000FC7F 
 4261 8ffc 0000F8FF 			.word	0xFFF80000, 0x00000000, 0x7FFC0000
 4261      00000000 
 4261      0000FC7F 
 4262 9008 0000F8FF 			.word	0xFFF80000, 0x00000000, 0x7FFC0000
 4262      00000000 
 4262      0000FC7F 
 4263 9014 0000F8FF 			.word	0xFFF80000, 0x00000000, 0x7FFC0000
 4263      00000000 
 4263      0000FC7F 
 4264 9020 0000F8FF 			.word	0xFFF80000, 0x00000000, 0x7FFC0000
 4264      00000000 
 4264      0000FC7F 
 4265 902c 0000F8FF 			.word	0xFFF80000, 0x00000000, 0x7FFC0000
 4265      00000000 
 4265      0000FC7F 
 4266 9038 0000F8FF 			.word	0xFFF80000, 0x00000000, 0x7FFC0000
 4266      00000000 
 4266      0000FC7F 
 4267 9044 0000F8FF 			.word	0xFFF80000, 0x00000000, 0x7FFC0000
 4267      00000000 
 4267      0000FC7F 
 4268 9050 0000F8FF 			.word	0xFFF80000, 0x00000000, 0x7FFC0000
 4268      00000000 
 4268      0000FC7F 
 4269 905c 0000F8FF 			.word	0xFFF80000, 0x00000000, 0x7FFC0000
 4269      00000000 
 4269      0000FC7F 
 4270 9068 0000F8FF 			.word	0xFFF80000, 0x00000000, 0x7FFC0000
 4270      00000000 
 4270      0000FC7F 
 4271 9074 0000F8FF 			.word	0xFFF80000, 0x00000000, 0x7FFC0000
 4271      00000000 
 4271      0000FC7F 
 4272 9080 0000F8FF 			.word	0xFFF80000, 0x00000000, 0x7FFC0000
 4272      00000000 
 4272      0000FC7F 
 4273 908c 0000F8FF 			.word	0xFFF80000, 0x00000000, 0x7FFC0000
 4273      00000000 
 4273      0000FC7F 
 4274 9098 0000F8FF 			.word	0xFFF80000, 0x00000000, 0x7FFC0000
 4274      00000000 
 4274      0000FC7F 
 4275 90a4 0000F8FF 			.word	0xFFF80000, 0x00000000, 0x7FFC0000
ARM GAS  font_arial104.s 			page 167


 4275      00000000 
 4275      0000FC7F 
 4276 90b0 0000F8FF 			.word	0xFFF80000, 0x00000000, 0x7FFC0000
 4276      00000000 
 4276      0000FC7F 
 4277 90bc 0000F8FF 			.word	0xFFF80000, 0x00000000, 0x7FFC0000
 4277      00000000 
 4277      0000FC7F 
 4278 90c8 0000F8FF 			.word	0xFFF80000, 0x00000000, 0x7FFC0000
 4278      00000000 
 4278      0000FC7F 
 4279              	
 4280              	UPPERCASE_I:
 4281 90d4 49000000 			.word	'I			// ASCII "I" character
 4282 90d8 27000000 			.word	39			// cell pixel width
 4283 90dc 82000000 			.word	CELLHGHT		// cell pixel height
 4284 90e0 0D000000 			.word	13			// glyph pixel width
 4285 90e4 64000000 			.word	100			// glyph pixel height
 4286 90e8 0D000000 			.word	13			// blank horizontal pixels before glyph
 4287 90ec 0D000000 			.word	13			// blank horizontal pixels after glyph
 4288 90f0 00000000 			.word	0			// blank horizontal lines before glyph
 4289 90f4 1E000000 			.word	30			// blank horizontal lines after glyph
 4290              							// bit mapped glyph
 4291 90f8 0000F8FF 			.word	0xFFF80000
 4292 90fc 0000F8FF 			.word	0xFFF80000
 4293 9100 0000F8FF 			.word	0xFFF80000
 4294 9104 0000F8FF 			.word	0xFFF80000
 4295 9108 0000F8FF 			.word	0xFFF80000
 4296 910c 0000F8FF 			.word	0xFFF80000
 4297 9110 0000F8FF 			.word	0xFFF80000
 4298 9114 0000F8FF 			.word	0xFFF80000
 4299 9118 0000F8FF 			.word	0xFFF80000
 4300 911c 0000F8FF 			.word	0xFFF80000
 4301 9120 0000F8FF 			.word	0xFFF80000
 4302 9124 0000F8FF 			.word	0xFFF80000
 4303 9128 0000F8FF 			.word	0xFFF80000
 4304 912c 0000F8FF 			.word	0xFFF80000
 4305 9130 0000F8FF 			.word	0xFFF80000
 4306 9134 0000F8FF 			.word	0xFFF80000
 4307 9138 0000F8FF 			.word	0xFFF80000
 4308 913c 0000F8FF 			.word	0xFFF80000
 4309 9140 0000F8FF 			.word	0xFFF80000
 4310 9144 0000F8FF 			.word	0xFFF80000
 4311 9148 0000F8FF 			.word	0xFFF80000
 4312 914c 0000F8FF 			.word	0xFFF80000
 4313 9150 0000F8FF 			.word	0xFFF80000
 4314 9154 0000F8FF 			.word	0xFFF80000
 4315 9158 0000F8FF 			.word	0xFFF80000
 4316 915c 0000F8FF 			.word	0xFFF80000
 4317 9160 0000F8FF 			.word	0xFFF80000
 4318 9164 0000F8FF 			.word	0xFFF80000
 4319 9168 0000F8FF 			.word	0xFFF80000
 4320 916c 0000F8FF 			.word	0xFFF80000
 4321 9170 0000F8FF 			.word	0xFFF80000
 4322 9174 0000F8FF 			.word	0xFFF80000
 4323 9178 0000F8FF 			.word	0xFFF80000
 4324 917c 0000F8FF 			.word	0xFFF80000
ARM GAS  font_arial104.s 			page 168


 4325 9180 0000F8FF 			.word	0xFFF80000
 4326 9184 0000F8FF 			.word	0xFFF80000
 4327 9188 0000F8FF 			.word	0xFFF80000
 4328 918c 0000F8FF 			.word	0xFFF80000
 4329 9190 0000F8FF 			.word	0xFFF80000
 4330 9194 0000F8FF 			.word	0xFFF80000
 4331 9198 0000F8FF 			.word	0xFFF80000
 4332 919c 0000F8FF 			.word	0xFFF80000
 4333 91a0 0000F8FF 			.word	0xFFF80000
 4334 91a4 0000F8FF 			.word	0xFFF80000
 4335 91a8 0000F8FF 			.word	0xFFF80000
 4336 91ac 0000F8FF 			.word	0xFFF80000
 4337 91b0 0000F8FF 			.word	0xFFF80000
 4338 91b4 0000F8FF 			.word	0xFFF80000
 4339 91b8 0000F8FF 			.word	0xFFF80000
 4340 91bc 0000F8FF 			.word	0xFFF80000
 4341 91c0 0000F8FF 			.word	0xFFF80000
 4342 91c4 0000F8FF 			.word	0xFFF80000
 4343 91c8 0000F8FF 			.word	0xFFF80000
 4344 91cc 0000F8FF 			.word	0xFFF80000
 4345 91d0 0000F8FF 			.word	0xFFF80000
 4346 91d4 0000F8FF 			.word	0xFFF80000
 4347 91d8 0000F8FF 			.word	0xFFF80000
 4348 91dc 0000F8FF 			.word	0xFFF80000
 4349 91e0 0000F8FF 			.word	0xFFF80000
 4350 91e4 0000F8FF 			.word	0xFFF80000
 4351 91e8 0000F8FF 			.word	0xFFF80000
 4352 91ec 0000F8FF 			.word	0xFFF80000
 4353 91f0 0000F8FF 			.word	0xFFF80000
 4354 91f4 0000F8FF 			.word	0xFFF80000
 4355 91f8 0000F8FF 			.word	0xFFF80000
 4356 91fc 0000F8FF 			.word	0xFFF80000
 4357 9200 0000F8FF 			.word	0xFFF80000
 4358 9204 0000F8FF 			.word	0xFFF80000
 4359 9208 0000F8FF 			.word	0xFFF80000
 4360 920c 0000F8FF 			.word	0xFFF80000
 4361 9210 0000F8FF 			.word	0xFFF80000
 4362 9214 0000F8FF 			.word	0xFFF80000
 4363 9218 0000F8FF 			.word	0xFFF80000
 4364 921c 0000F8FF 			.word	0xFFF80000
 4365 9220 0000F8FF 			.word	0xFFF80000
 4366 9224 0000F8FF 			.word	0xFFF80000
 4367 9228 0000F8FF 			.word	0xFFF80000
 4368 922c 0000F8FF 			.word	0xFFF80000
 4369 9230 0000F8FF 			.word	0xFFF80000
 4370 9234 0000F8FF 			.word	0xFFF80000
 4371 9238 0000F8FF 			.word	0xFFF80000
 4372 923c 0000F8FF 			.word	0xFFF80000
 4373 9240 0000F8FF 			.word	0xFFF80000
 4374 9244 0000F8FF 			.word	0xFFF80000
 4375 9248 0000F8FF 			.word	0xFFF80000
 4376 924c 0000F8FF 			.word	0xFFF80000
 4377 9250 0000F8FF 			.word	0xFFF80000
 4378 9254 0000F8FF 			.word	0xFFF80000
 4379 9258 0000F8FF 			.word	0xFFF80000
 4380 925c 0000F8FF 			.word	0xFFF80000
 4381 9260 0000F8FF 			.word	0xFFF80000
ARM GAS  font_arial104.s 			page 169


 4382 9264 0000F8FF 			.word	0xFFF80000
 4383 9268 0000F8FF 			.word	0xFFF80000
 4384 926c 0000F8FF 			.word	0xFFF80000
 4385 9270 0000F8FF 			.word	0xFFF80000
 4386 9274 0000F8FF 			.word	0xFFF80000
 4387 9278 0000F8FF 			.word	0xFFF80000
 4388 927c 0000F8FF 			.word	0xFFF80000
 4389 9280 0000F8FF 			.word	0xFFF80000
 4390 9284 0000F8FF 			.word	0xFFF80000
 4391              	
 4392              	UPPERCASE_J:
 4393 9288 4A000000 			.word	'J			// ASCII "J" character
 4394 928c 46000000 			.word	70			// cell pixel width
 4395 9290 82000000 			.word	CELLHGHT		// cell pixel height
 4396 9294 37000000 			.word	55			// glyph pixel width
 4397 9298 64000000 			.word	100			// glyph pixel height
 4398 929c 04000000 			.word	4			// blank horizontal pixels before glyph
 4399 92a0 0B000000 			.word	11			// blank horizontal pixels after glyph
 4400 92a4 00000000 			.word	0			// blank horizontal lines before glyph
 4401 92a8 1E000000 			.word	30			// blank horizontal lines after glyph
 4402              							// bit mapped glyph
 4403 92ac 00000000 			.word	0x00000000, 0x003FFE00
 4403      00FE3F00 
 4404 92b4 00000000 			.word	0x00000000, 0x003FFE00
 4404      00FE3F00 
 4405 92bc 00000000 			.word	0x00000000, 0x003FFE00
 4405      00FE3F00 
 4406 92c4 00000000 			.word	0x00000000, 0x003FFE00
 4406      00FE3F00 
 4407 92cc 00000000 			.word	0x00000000, 0x003FFE00
 4407      00FE3F00 
 4408 92d4 00000000 			.word	0x00000000, 0x003FFE00
 4408      00FE3F00 
 4409 92dc 00000000 			.word	0x00000000, 0x003FFE00
 4409      00FE3F00 
 4410 92e4 00000000 			.word	0x00000000, 0x003FFE00
 4410      00FE3F00 
 4411 92ec 00000000 			.word	0x00000000, 0x003FFE00
 4411      00FE3F00 
 4412 92f4 00000000 			.word	0x00000000, 0x003FFE00
 4412      00FE3F00 
 4413 92fc 00000000 			.word	0x00000000, 0x003FFE00
 4413      00FE3F00 
 4414 9304 00000000 			.word	0x00000000, 0x003FFE00
 4414      00FE3F00 
 4415 930c 00000000 			.word	0x00000000, 0x003FFE00
 4415      00FE3F00 
 4416 9314 00000000 			.word	0x00000000, 0x003FFE00
 4416      00FE3F00 
 4417 931c 00000000 			.word	0x00000000, 0x003FFE00
 4417      00FE3F00 
 4418 9324 00000000 			.word	0x00000000, 0x003FFE00
 4418      00FE3F00 
 4419 932c 00000000 			.word	0x00000000, 0x003FFE00
 4419      00FE3F00 
 4420 9334 00000000 			.word	0x00000000, 0x003FFE00
 4420      00FE3F00 
ARM GAS  font_arial104.s 			page 170


 4421 933c 00000000 			.word	0x00000000, 0x003FFE00
 4421      00FE3F00 
 4422 9344 00000000 			.word	0x00000000, 0x003FFE00
 4422      00FE3F00 
 4423 934c 00000000 			.word	0x00000000, 0x003FFE00
 4423      00FE3F00 
 4424 9354 00000000 			.word	0x00000000, 0x003FFE00
 4424      00FE3F00 
 4425 935c 00000000 			.word	0x00000000, 0x003FFE00
 4425      00FE3F00 
 4426 9364 00000000 			.word	0x00000000, 0x003FFE00
 4426      00FE3F00 
 4427 936c 00000000 			.word	0x00000000, 0x003FFE00
 4427      00FE3F00 
 4428 9374 00000000 			.word	0x00000000, 0x003FFE00
 4428      00FE3F00 
 4429 937c 00000000 			.word	0x00000000, 0x003FFE00
 4429      00FE3F00 
 4430 9384 00000000 			.word	0x00000000, 0x003FFE00
 4430      00FE3F00 
 4431 938c 00000000 			.word	0x00000000, 0x003FFE00
 4431      00FE3F00 
 4432 9394 00000000 			.word	0x00000000, 0x003FFE00
 4432      00FE3F00 
 4433 939c 00000000 			.word	0x00000000, 0x003FFE00
 4433      00FE3F00 
 4434 93a4 00000000 			.word	0x00000000, 0x003FFE00
 4434      00FE3F00 
 4435 93ac 00000000 			.word	0x00000000, 0x003FFE00
 4435      00FE3F00 
 4436 93b4 00000000 			.word	0x00000000, 0x003FFE00
 4436      00FE3F00 
 4437 93bc 00000000 			.word	0x00000000, 0x003FFE00
 4437      00FE3F00 
 4438 93c4 00000000 			.word	0x00000000, 0x003FFE00
 4438      00FE3F00 
 4439 93cc 00000000 			.word	0x00000000, 0x003FFE00
 4439      00FE3F00 
 4440 93d4 00000000 			.word	0x00000000, 0x003FFE00
 4440      00FE3F00 
 4441 93dc 00000000 			.word	0x00000000, 0x003FFE00
 4441      00FE3F00 
 4442 93e4 00000000 			.word	0x00000000, 0x003FFE00
 4442      00FE3F00 
 4443 93ec 00000000 			.word	0x00000000, 0x003FFE00
 4443      00FE3F00 
 4444 93f4 00000000 			.word	0x00000000, 0x003FFE00
 4444      00FE3F00 
 4445 93fc 00000000 			.word	0x00000000, 0x003FFE00
 4445      00FE3F00 
 4446 9404 00000000 			.word	0x00000000, 0x003FFE00
 4446      00FE3F00 
 4447 940c 00000000 			.word	0x00000000, 0x003FFE00
 4447      00FE3F00 
 4448 9414 00000000 			.word	0x00000000, 0x003FFE00
 4448      00FE3F00 
 4449 941c 00000000 			.word	0x00000000, 0x003FFE00
ARM GAS  font_arial104.s 			page 171


 4449      00FE3F00 
 4450 9424 00000000 			.word	0x00000000, 0x003FFE00
 4450      00FE3F00 
 4451 942c 00000000 			.word	0x00000000, 0x003FFE00
 4451      00FE3F00 
 4452 9434 00000000 			.word	0x00000000, 0x003FFE00
 4452      00FE3F00 
 4453 943c 00000000 			.word	0x00000000, 0x003FFE00
 4453      00FE3F00 
 4454 9444 00000000 			.word	0x00000000, 0x003FFE00
 4454      00FE3F00 
 4455 944c 00000000 			.word	0x00000000, 0x003FFE00
 4455      00FE3F00 
 4456 9454 00000000 			.word	0x00000000, 0x003FFE00
 4456      00FE3F00 
 4457 945c 00000000 			.word	0x00000000, 0x003FFE00
 4457      00FE3F00 
 4458 9464 00000000 			.word	0x00000000, 0x003FFE00
 4458      00FE3F00 
 4459 946c 00000000 			.word	0x00000000, 0x003FFE00
 4459      00FE3F00 
 4460 9474 00000000 			.word	0x00000000, 0x003FFE00
 4460      00FE3F00 
 4461 947c 00000000 			.word	0x00000000, 0x003FFE00
 4461      00FE3F00 
 4462 9484 00000000 			.word	0x00000000, 0x003FFE00
 4462      00FE3F00 
 4463 948c 00000000 			.word	0x00000000, 0x003FFE00
 4463      00FE3F00 
 4464 9494 00000000 			.word	0x00000000, 0x003FFE00
 4464      00FE3F00 
 4465 949c 00000000 			.word	0x00000000, 0x003FFE00
 4465      00FE3F00 
 4466 94a4 00000000 			.word	0x00000000, 0x003FFE00
 4466      00FE3F00 
 4467 94ac 00000000 			.word	0x00000000, 0x003FFE00
 4467      00FE3F00 
 4468 94b4 00000000 			.word	0x00000000, 0x003FFE00
 4468      00FE3F00 
 4469 94bc 00000000 			.word	0x00000000, 0x003FFE00
 4469      00FE3F00 
 4470 94c4 00000000 			.word	0x00000000, 0x003FFE00
 4470      00FE3F00 
 4471 94cc 0000F000 			.word	0x00F00000, 0x003FFE00
 4471      00FE3F00 
 4472 94d4 0000F07F 			.word	0x7FF00000, 0x003FFE00
 4472      00FE3F00 
 4473 94dc 0000F0FF 			.word	0xFFF00000, 0x003FFE00
 4473      00FE3F00 
 4474 94e4 0000F0FF 			.word	0xFFF00000, 0x003FFE00
 4474      00FE3F00 
 4475 94ec 0000F0FF 			.word	0xFFF00000, 0x003FFE00
 4475      00FE3F00 
 4476 94f4 0000F0FF 			.word	0xFFF00000, 0x003FFE00
 4476      00FE3F00 
 4477 94fc 0000F8FF 			.word	0xFFF80000, 0x003FFE00
 4477      00FE3F00 
ARM GAS  font_arial104.s 			page 172


 4478 9504 0000F8FF 			.word	0xFFF80000, 0x003FFE00
 4478      00FE3F00 
 4479 950c 0000F8FF 			.word	0xFFF80000, 0x007FFC00
 4479      00FC7F00 
 4480 9514 0000F87F 			.word	0x7FF80000, 0x007FFC00
 4480      00FC7F00 
 4481 951c 0000F87F 			.word	0x7FF80000, 0x007FFC00
 4481      00FC7F00 
 4482 9524 0000FC7F 			.word	0x7FFC0000, 0x007FFC00
 4482      00FC7F00 
 4483 952c 0000FC7F 			.word	0x7FFC0000, 0x00FFFC00
 4483      00FCFF00 
 4484 9534 0000FE7F 			.word	0x7FFE0000, 0x00FFF800
 4484      00F8FF00 
 4485 953c 0000FE3F 			.word	0x3FFE0000, 0x01FFF800
 4485      00F8FF01 
 4486 9544 0000FF3F 			.word	0x3FFF0000, 0x03FFF800
 4486      00F8FF03 
 4487 954c 0080FF3F 			.word	0x3FFF8000, 0x07FFF800
 4487      00F8FF07 
 4488 9554 00C0FF1F 			.word	0x1FFFC000, 0x0FFFF000
 4488      00F0FF0F 
 4489 955c 00F0FF1F 			.word	0x1FFFF000, 0x3FFFF000
 4489      00F0FF3F 
 4490 9564 01FCFF0F 			.word	0x0FFFFC01, 0xFFFFE000
 4490      00E0FFFF 
 4491 956c FFFFFF0F 			.word	0x0FFFFFFF, 0xFFFFE000
 4491      00E0FFFF 
 4492 9574 FFFFFF07 			.word	0x07FFFFFF, 0xFFFFC000
 4492      00C0FFFF 
 4493 957c FFFFFF07 			.word	0x07FFFFFF, 0xFFFF8000
 4493      0080FFFF 
 4494 9584 FFFFFF03 			.word	0x03FFFFFF, 0xFFFF0000
 4494      0000FFFF 
 4495 958c FFFFFF01 			.word	0x01FFFFFF, 0xFFFF0000
 4495      0000FFFF 
 4496 9594 FFFFFF00 			.word	0x00FFFFFF, 0xFFFC0000
 4496      0000FCFF 
 4497 959c FFFF7F00 			.word	0x007FFFFF, 0xFFF80000
 4497      0000F8FF 
 4498 95a4 FFFF3F00 			.word	0x003FFFFF, 0xFFF00000
 4498      0000F0FF 
 4499 95ac FFFF0F00 			.word	0x000FFFFF, 0xFFC00000
 4499      0000C0FF 
 4500 95b4 FFFF0300 			.word	0x0003FFFF, 0xFF000000
 4500      000000FF 
 4501 95bc FF7F0000 			.word	0x00007FFF, 0xF8000000
 4501      000000F8 
 4502 95c4 FF070000 			.word	0x000007FF, 0x80000000
 4502      00000080 
 4503              	
 4504              	UPPERCASE_K:
 4505 95cc 4B000000 			.word	'K			// ASCII "K" character
 4506 95d0 5D000000 			.word	93			// cell pixel width
 4507 95d4 82000000 			.word	CELLHGHT		// cell pixel height
 4508 95d8 52000000 			.word	82			// glyph pixel width
 4509 95dc 64000000 			.word	100			// glyph pixel height
ARM GAS  font_arial104.s 			page 173


 4510 95e0 0A000000 			.word	10			// blank horizontal pixels before glyph
 4511 95e4 01000000 			.word	1			// blank horizontal pixels after glyph
 4512 95e8 00000000 			.word	0			// blank horizontal lines before glyph
 4513 95ec 1E000000 			.word	30			// blank horizontal lines after glyph
 4514              							// bit mapped glyph
 4515 95f0 0000F8FF 			.word	0xFFF80000, 0x00000001, 0xFFFF0000
 4515      01000000 
 4515      0000FFFF 
 4516 95fc 0000F8FF 			.word	0xFFF80000, 0x00000003, 0xFFFE0000
 4516      03000000 
 4516      0000FEFF 
 4517 9608 0000F8FF 			.word	0xFFF80000, 0x00000007, 0xFFFC0000
 4517      07000000 
 4517      0000FCFF 
 4518 9614 0000F8FF 			.word	0xFFF80000, 0x0000000F, 0xFFF80000
 4518      0F000000 
 4518      0000F8FF 
 4519 9620 0000F8FF 			.word	0xFFF80000, 0x0000001F, 0xFFF00000
 4519      1F000000 
 4519      0000F0FF 
 4520 962c 0000F8FF 			.word	0xFFF80000, 0x0000003F, 0xFFE00000
 4520      3F000000 
 4520      0000E0FF 
 4521 9638 0000F8FF 			.word	0xFFF80000, 0x0000007F, 0xFFC00000
 4521      7F000000 
 4521      0000C0FF 
 4522 9644 0000F8FF 			.word	0xFFF80000, 0x000000FF, 0xFF800000
 4522      FF000000 
 4522      000080FF 
 4523 9650 0000F8FF 			.word	0xFFF80000, 0x000001FF, 0xFF000000
 4523      FF010000 
 4523      000000FF 
 4524 965c 0000F8FF 			.word	0xFFF80000, 0x000003FF, 0xFE000000
 4524      FF030000 
 4524      000000FE 
 4525 9668 0000F8FF 			.word	0xFFF80000, 0x000007FF, 0xFC000000
 4525      FF070000 
 4525      000000FC 
 4526 9674 0000F8FF 			.word	0xFFF80000, 0x00000FFF, 0xF8000000
 4526      FF0F0000 
 4526      000000F8 
 4527 9680 0000F8FF 			.word	0xFFF80000, 0x00001FFF, 0xF0000000
 4527      FF1F0000 
 4527      000000F0 
 4528 968c 0000F8FF 			.word	0xFFF80000, 0x00003FFF, 0xE0000000
 4528      FF3F0000 
 4528      000000E0 
 4529 9698 0000F8FF 			.word	0xFFF80000, 0x00007FFF, 0xC0000000
 4529      FF7F0000 
 4529      000000C0 
 4530 96a4 0000F8FF 			.word	0xFFF80000, 0x0000FFFF, 0x80000000
 4530      FFFF0000 
 4530      00000080 
 4531 96b0 0000F8FF 			.word	0xFFF80000, 0x0003FFFF, 0x00000000
 4531      FFFF0300 
 4531      00000000 
 4532 96bc 0000F8FF 			.word	0xFFF80000, 0x0007FFFE, 0x00000000
ARM GAS  font_arial104.s 			page 174


 4532      FEFF0700 
 4532      00000000 
 4533 96c8 0000F8FF 			.word	0xFFF80000, 0x000FFFFC, 0x00000000
 4533      FCFF0F00 
 4533      00000000 
 4534 96d4 0000F8FF 			.word	0xFFF80000, 0x001FFFF8, 0x00000000
 4534      F8FF1F00 
 4534      00000000 
 4535 96e0 0000F8FF 			.word	0xFFF80000, 0x003FFFF0, 0x00000000
 4535      F0FF3F00 
 4535      00000000 
 4536 96ec 0000F8FF 			.word	0xFFF80000, 0x007FFFC0, 0x00000000
 4536      C0FF7F00 
 4536      00000000 
 4537 96f8 0000F8FF 			.word	0xFFF80000, 0x00FFFF80, 0x00000000
 4537      80FFFF00 
 4537      00000000 
 4538 9704 0000F8FF 			.word	0xFFF80000, 0x01FFFF00, 0x00000000
 4538      00FFFF01 
 4538      00000000 
 4539 9710 0000F8FF 			.word	0xFFF80000, 0x03FFFE00, 0x00000000
 4539      00FEFF03 
 4539      00000000 
 4540 971c 0000F8FF 			.word	0xFFF80000, 0x07FFFC00, 0x00000000
 4540      00FCFF07 
 4540      00000000 
 4541 9728 0000F8FF 			.word	0xFFF80000, 0x0FFFF800, 0x00000000
 4541      00F8FF0F 
 4541      00000000 
 4542 9734 0000F8FF 			.word	0xFFF80000, 0x1FFFF000, 0x00000000
 4542      00F0FF1F 
 4542      00000000 
 4543 9740 0000F8FF 			.word	0xFFF80000, 0x3FFFE000, 0x00000000
 4543      00E0FF3F 
 4543      00000000 
 4544 974c 0000F8FF 			.word	0xFFF80000, 0x7FFFC000, 0x00000000
 4544      00C0FF7F 
 4544      00000000 
 4545 9758 0000F8FF 			.word	0xFFF80000, 0xFFFF8000, 0x00000000
 4545      0080FFFF 
 4545      00000000 
 4546 9764 0100F8FF 			.word	0xFFF80001, 0xFFFF0000, 0x00000000
 4546      0000FFFF 
 4546      00000000 
 4547 9770 0300F8FF 			.word	0xFFF80003, 0xFFFE0000, 0x00000000
 4547      0000FEFF 
 4547      00000000 
 4548 977c 0700F8FF 			.word	0xFFF80007, 0xFFFC0000, 0x00000000
 4548      0000FCFF 
 4548      00000000 
 4549 9788 0F00F8FF 			.word	0xFFF8000F, 0xFFF80000, 0x00000000
 4549      0000F8FF 
 4549      00000000 
 4550 9794 1F00F8FF 			.word	0xFFF8001F, 0xFFF00000, 0x00000000
 4550      0000F0FF 
 4550      00000000 
 4551 97a0 3F00F8FF 			.word	0xFFF8003F, 0xFFE00000, 0x00000000
ARM GAS  font_arial104.s 			page 175


 4551      0000E0FF 
 4551      00000000 
 4552 97ac 7F00F8FF 			.word	0xFFF8007F, 0xFFC00000, 0x00000000
 4552      0000C0FF 
 4552      00000000 
 4553 97b8 FF00F8FF 			.word	0xFFF800FF, 0xFF800000, 0x00000000
 4553      000080FF 
 4553      00000000 
 4554 97c4 FF01F8FF 			.word	0xFFF801FF, 0xFF000000, 0x00000000
 4554      000000FF 
 4554      00000000 
 4555 97d0 FF03F8FF 			.word	0xFFF803FF, 0xFE000000, 0x00000000
 4555      000000FE 
 4555      00000000 
 4556 97dc FF07F8FF 			.word	0xFFF807FF, 0xFE000000, 0x00000000
 4556      000000FE 
 4556      00000000 
 4557 97e8 FF0FF8FF 			.word	0xFFF80FFF, 0xFF000000, 0x00000000
 4557      000000FF 
 4557      00000000 
 4558 97f4 FF1FF8FF 			.word	0xFFF81FFF, 0xFF800000, 0x00000000
 4558      000080FF 
 4558      00000000 
 4559 9800 FF3FF8FF 			.word	0xFFF83FFF, 0xFFC00000, 0x00000000
 4559      0000C0FF 
 4559      00000000 
 4560 980c FF7FF8FF 			.word	0xFFF87FFF, 0xFFC00000, 0x00000000
 4560      0000C0FF 
 4560      00000000 
 4561 9818 FFFFF8FF 			.word	0xFFF8FFFF, 0xFFE00000, 0x00000000
 4561      0000E0FF 
 4561      00000000 
 4562 9824 FFFFF9FF 			.word	0xFFF9FFFF, 0xFFF00000, 0x00000000
 4562      0000F0FF 
 4562      00000000 
 4563 9830 FFFFFFFF 			.word	0xFFFFFFFF, 0xFFF80000, 0x00000000
 4563      0000F8FF 
 4563      00000000 
 4564 983c FFFFFFFF 			.word	0xFFFFFFFF, 0xFFF80000, 0x00000000
 4564      0000F8FF 
 4564      00000000 
 4565 9848 F9FFFFFF 			.word	0xFFFFFFF9, 0xFFFC0000, 0x00000000
 4565      0000FCFF 
 4565      00000000 
 4566 9854 E1FFFFFF 			.word	0xFFFFFFE1, 0xFFFE0000, 0x00000000
 4566      0000FEFF 
 4566      00000000 
 4567 9860 C0FFFFFF 			.word	0xFFFFFFC0, 0xFFFF0000, 0x00000000
 4567      0000FFFF 
 4567      00000000 
 4568 986c 80FFFFFF 			.word	0xFFFFFF80, 0x7FFF0000, 0x00000000
 4568      0000FF7F 
 4568      00000000 
 4569 9878 00FFFFFF 			.word	0xFFFFFF00, 0x7FFF8000, 0x00000000
 4569      0080FF7F 
 4569      00000000 
 4570 9884 00FEFFFF 			.word	0xFFFFFE00, 0x3FFFC000, 0x00000000
ARM GAS  font_arial104.s 			page 176


 4570      00C0FF3F 
 4570      00000000 
 4571 9890 00FCFFFF 			.word	0xFFFFFC00, 0x1FFFC000, 0x00000000
 4571      00C0FF1F 
 4571      00000000 
 4572 989c 00F8FFFF 			.word	0xFFFFF800, 0x1FFFE000, 0x00000000
 4572      00E0FF1F 
 4572      00000000 
 4573 98a8 00F0FFFF 			.word	0xFFFFF000, 0x0FFFF000, 0x00000000
 4573      00F0FF0F 
 4573      00000000 
 4574 98b4 00E0FFFF 			.word	0xFFFFE000, 0x07FFF800, 0x00000000
 4574      00F8FF07 
 4574      00000000 
 4575 98c0 00C0FFFF 			.word	0xFFFFC000, 0x03FFF800, 0x00000000
 4575      00F8FF03 
 4575      00000000 
 4576 98cc 0080FFFF 			.word	0xFFFF8000, 0x03FFFC00, 0x00000000
 4576      00FCFF03 
 4576      00000000 
 4577 98d8 0000FFFF 			.word	0xFFFF0000, 0x01FFFE00, 0x00000000
 4577      00FEFF01 
 4577      00000000 
 4578 98e4 0000FEFF 			.word	0xFFFE0000, 0x00FFFF00, 0x00000000
 4578      00FFFF00 
 4578      00000000 
 4579 98f0 0000FCFF 			.word	0xFFFC0000, 0x00FFFF00, 0x00000000
 4579      00FFFF00 
 4579      00000000 
 4580 98fc 0000F8FF 			.word	0xFFF80000, 0x007FFF80, 0x00000000
 4580      80FF7F00 
 4580      00000000 
 4581 9908 0000F8FF 			.word	0xFFF80000, 0x003FFFC0, 0x00000000
 4581      C0FF3F00 
 4581      00000000 
 4582 9914 0000F8FF 			.word	0xFFF80000, 0x001FFFE0, 0x00000000
 4582      E0FF1F00 
 4582      00000000 
 4583 9920 0000F8FF 			.word	0xFFF80000, 0x001FFFE0, 0x00000000
 4583      E0FF1F00 
 4583      00000000 
 4584 992c 0000F8FF 			.word	0xFFF80000, 0x000FFFF0, 0x00000000
 4584      F0FF0F00 
 4584      00000000 
 4585 9938 0000F8FF 			.word	0xFFF80000, 0x0007FFF8, 0x00000000
 4585      F8FF0700 
 4585      00000000 
 4586 9944 0000F8FF 			.word	0xFFF80000, 0x0007FFFC, 0x00000000
 4586      FCFF0700 
 4586      00000000 
 4587 9950 0000F8FF 			.word	0xFFF80000, 0x0003FFFC, 0x00000000
 4587      FCFF0300 
 4587      00000000 
 4588 995c 0000F8FF 			.word	0xFFF80000, 0x0001FFFE, 0x00000000
 4588      FEFF0100 
 4588      00000000 
 4589 9968 0000F8FF 			.word	0xFFF80000, 0x0001FFFF, 0x00000000
ARM GAS  font_arial104.s 			page 177


 4589      FFFF0100 
 4589      00000000 
 4590 9974 0000F8FF 			.word	0xFFF80000, 0x0000FFFF, 0x80000000
 4590      FFFF0000 
 4590      00000080 
 4591 9980 0000F8FF 			.word	0xFFF80000, 0x00007FFF, 0x80000000
 4591      FF7F0000 
 4591      00000080 
 4592 998c 0000F8FF 			.word	0xFFF80000, 0x00003FFF, 0xC0000000
 4592      FF3F0000 
 4592      000000C0 
 4593 9998 0000F8FF 			.word	0xFFF80000, 0x00003FFF, 0xE0000000
 4593      FF3F0000 
 4593      000000E0 
 4594 99a4 0000F8FF 			.word	0xFFF80000, 0x00001FFF, 0xE0000000
 4594      FF1F0000 
 4594      000000E0 
 4595 99b0 0000F8FF 			.word	0xFFF80000, 0x00000FFF, 0xF0000000
 4595      FF0F0000 
 4595      000000F0 
 4596 99bc 0000F8FF 			.word	0xFFF80000, 0x00000FFF, 0xF8000000
 4596      FF0F0000 
 4596      000000F8 
 4597 99c8 0000F8FF 			.word	0xFFF80000, 0x000007FF, 0xFC000000
 4597      FF070000 
 4597      000000FC 
 4598 99d4 0000F8FF 			.word	0xFFF80000, 0x000003FF, 0xFC000000
 4598      FF030000 
 4598      000000FC 
 4599 99e0 0000F8FF 			.word	0xFFF80000, 0x000003FF, 0xFE000000
 4599      FF030000 
 4599      000000FE 
 4600 99ec 0000F8FF 			.word	0xFFF80000, 0x000001FF, 0xFF000000
 4600      FF010000 
 4600      000000FF 
 4601 99f8 0000F8FF 			.word	0xFFF80000, 0x000000FF, 0xFF800000
 4601      FF000000 
 4601      000080FF 
 4602 9a04 0000F8FF 			.word	0xFFF80000, 0x0000007F, 0xFF800000
 4602      7F000000 
 4602      000080FF 
 4603 9a10 0000F8FF 			.word	0xFFF80000, 0x0000007F, 0xFFC00000
 4603      7F000000 
 4603      0000C0FF 
 4604 9a1c 0000F8FF 			.word	0xFFF80000, 0x0000003F, 0xFFE00000
 4604      3F000000 
 4604      0000E0FF 
 4605 9a28 0000F8FF 			.word	0xFFF80000, 0x0000001F, 0xFFF00000
 4605      1F000000 
 4605      0000F0FF 
 4606 9a34 0000F8FF 			.word	0xFFF80000, 0x0000001F, 0xFFF00000
 4606      1F000000 
 4606      0000F0FF 
 4607 9a40 0000F8FF 			.word	0xFFF80000, 0x0000000F, 0xFFF80000
 4607      0F000000 
 4607      0000F8FF 
 4608 9a4c 0000F8FF 			.word	0xFFF80000, 0x00000007, 0xFFFC0000
ARM GAS  font_arial104.s 			page 178


 4608      07000000 
 4608      0000FCFF 
 4609 9a58 0000F8FF 			.word	0xFFF80000, 0x00000003, 0xFFFE0000
 4609      03000000 
 4609      0000FEFF 
 4610 9a64 0000F8FF 			.word	0xFFF80000, 0x00000003, 0xFFFE0000
 4610      03000000 
 4610      0000FEFF 
 4611 9a70 0000F8FF 			.word	0xFFF80000, 0x00000001, 0xFFFF0000
 4611      01000000 
 4611      0000FFFF 
 4612 9a7c 0000F8FF 			.word	0xFFF80000, 0x00000000, 0xFFFF8000
 4612      00000000 
 4612      0080FFFF 
 4613 9a88 0000F8FF 			.word	0xFFF80000, 0x00000000, 0xFFFF8000
 4613      00000000 
 4613      0080FFFF 
 4614 9a94 0000F8FF 			.word	0xFFF80000, 0x00000000, 0x7FFFC000
 4614      00000000 
 4614      00C0FF7F 
 4615              	
 4616              	UPPERCASE_L:
 4617 9aa0 4C000000 			.word	'L			// ASCII "L" character
 4618 9aa4 4D000000 			.word	77			// cell pixel width
 4619 9aa8 82000000 			.word	CELLHGHT		// cell pixel height
 4620 9aac 3E000000 			.word	62			// glyph pixel width
 4621 9ab0 64000000 			.word	100			// glyph pixel height
 4622 9ab4 0A000000 			.word	10			// blank horizontal pixels before glyph
 4623 9ab8 05000000 			.word	5			// blank horizontal pixels after glyph
 4624 9abc 00000000 			.word	0			// blank horizontal lines before glyph
 4625 9ac0 1E000000 			.word	30			// blank horizontal lines after glyph
 4626              							// bit mapped glyph
 4627 9ac4 0000F8FF 			.word	0xFFF80000, 0x00000000
 4627      00000000 
 4628 9acc 0000F8FF 			.word	0xFFF80000, 0x00000000
 4628      00000000 
 4629 9ad4 0000F8FF 			.word	0xFFF80000, 0x00000000
 4629      00000000 
 4630 9adc 0000F8FF 			.word	0xFFF80000, 0x00000000
 4630      00000000 
 4631 9ae4 0000F8FF 			.word	0xFFF80000, 0x00000000
 4631      00000000 
 4632 9aec 0000F8FF 			.word	0xFFF80000, 0x00000000
 4632      00000000 
 4633 9af4 0000F8FF 			.word	0xFFF80000, 0x00000000
 4633      00000000 
 4634 9afc 0000F8FF 			.word	0xFFF80000, 0x00000000
 4634      00000000 
 4635 9b04 0000F8FF 			.word	0xFFF80000, 0x00000000
 4635      00000000 
 4636 9b0c 0000F8FF 			.word	0xFFF80000, 0x00000000
 4636      00000000 
 4637 9b14 0000F8FF 			.word	0xFFF80000, 0x00000000
 4637      00000000 
 4638 9b1c 0000F8FF 			.word	0xFFF80000, 0x00000000
 4638      00000000 
 4639 9b24 0000F8FF 			.word	0xFFF80000, 0x00000000
ARM GAS  font_arial104.s 			page 179


 4639      00000000 
 4640 9b2c 0000F8FF 			.word	0xFFF80000, 0x00000000
 4640      00000000 
 4641 9b34 0000F8FF 			.word	0xFFF80000, 0x00000000
 4641      00000000 
 4642 9b3c 0000F8FF 			.word	0xFFF80000, 0x00000000
 4642      00000000 
 4643 9b44 0000F8FF 			.word	0xFFF80000, 0x00000000
 4643      00000000 
 4644 9b4c 0000F8FF 			.word	0xFFF80000, 0x00000000
 4644      00000000 
 4645 9b54 0000F8FF 			.word	0xFFF80000, 0x00000000
 4645      00000000 
 4646 9b5c 0000F8FF 			.word	0xFFF80000, 0x00000000
 4646      00000000 
 4647 9b64 0000F8FF 			.word	0xFFF80000, 0x00000000
 4647      00000000 
 4648 9b6c 0000F8FF 			.word	0xFFF80000, 0x00000000
 4648      00000000 
 4649 9b74 0000F8FF 			.word	0xFFF80000, 0x00000000
 4649      00000000 
 4650 9b7c 0000F8FF 			.word	0xFFF80000, 0x00000000
 4650      00000000 
 4651 9b84 0000F8FF 			.word	0xFFF80000, 0x00000000
 4651      00000000 
 4652 9b8c 0000F8FF 			.word	0xFFF80000, 0x00000000
 4652      00000000 
 4653 9b94 0000F8FF 			.word	0xFFF80000, 0x00000000
 4653      00000000 
 4654 9b9c 0000F8FF 			.word	0xFFF80000, 0x00000000
 4654      00000000 
 4655 9ba4 0000F8FF 			.word	0xFFF80000, 0x00000000
 4655      00000000 
 4656 9bac 0000F8FF 			.word	0xFFF80000, 0x00000000
 4656      00000000 
 4657 9bb4 0000F8FF 			.word	0xFFF80000, 0x00000000
 4657      00000000 
 4658 9bbc 0000F8FF 			.word	0xFFF80000, 0x00000000
 4658      00000000 
 4659 9bc4 0000F8FF 			.word	0xFFF80000, 0x00000000
 4659      00000000 
 4660 9bcc 0000F8FF 			.word	0xFFF80000, 0x00000000
 4660      00000000 
 4661 9bd4 0000F8FF 			.word	0xFFF80000, 0x00000000
 4661      00000000 
 4662 9bdc 0000F8FF 			.word	0xFFF80000, 0x00000000
 4662      00000000 
 4663 9be4 0000F8FF 			.word	0xFFF80000, 0x00000000
 4663      00000000 
 4664 9bec 0000F8FF 			.word	0xFFF80000, 0x00000000
 4664      00000000 
 4665 9bf4 0000F8FF 			.word	0xFFF80000, 0x00000000
 4665      00000000 
 4666 9bfc 0000F8FF 			.word	0xFFF80000, 0x00000000
 4666      00000000 
 4667 9c04 0000F8FF 			.word	0xFFF80000, 0x00000000
 4667      00000000 
ARM GAS  font_arial104.s 			page 180


 4668 9c0c 0000F8FF 			.word	0xFFF80000, 0x00000000
 4668      00000000 
 4669 9c14 0000F8FF 			.word	0xFFF80000, 0x00000000
 4669      00000000 
 4670 9c1c 0000F8FF 			.word	0xFFF80000, 0x00000000
 4670      00000000 
 4671 9c24 0000F8FF 			.word	0xFFF80000, 0x00000000
 4671      00000000 
 4672 9c2c 0000F8FF 			.word	0xFFF80000, 0x00000000
 4672      00000000 
 4673 9c34 0000F8FF 			.word	0xFFF80000, 0x00000000
 4673      00000000 
 4674 9c3c 0000F8FF 			.word	0xFFF80000, 0x00000000
 4674      00000000 
 4675 9c44 0000F8FF 			.word	0xFFF80000, 0x00000000
 4675      00000000 
 4676 9c4c 0000F8FF 			.word	0xFFF80000, 0x00000000
 4676      00000000 
 4677 9c54 0000F8FF 			.word	0xFFF80000, 0x00000000
 4677      00000000 
 4678 9c5c 0000F8FF 			.word	0xFFF80000, 0x00000000
 4678      00000000 
 4679 9c64 0000F8FF 			.word	0xFFF80000, 0x00000000
 4679      00000000 
 4680 9c6c 0000F8FF 			.word	0xFFF80000, 0x00000000
 4680      00000000 
 4681 9c74 0000F8FF 			.word	0xFFF80000, 0x00000000
 4681      00000000 
 4682 9c7c 0000F8FF 			.word	0xFFF80000, 0x00000000
 4682      00000000 
 4683 9c84 0000F8FF 			.word	0xFFF80000, 0x00000000
 4683      00000000 
 4684 9c8c 0000F8FF 			.word	0xFFF80000, 0x00000000
 4684      00000000 
 4685 9c94 0000F8FF 			.word	0xFFF80000, 0x00000000
 4685      00000000 
 4686 9c9c 0000F8FF 			.word	0xFFF80000, 0x00000000
 4686      00000000 
 4687 9ca4 0000F8FF 			.word	0xFFF80000, 0x00000000
 4687      00000000 
 4688 9cac 0000F8FF 			.word	0xFFF80000, 0x00000000
 4688      00000000 
 4689 9cb4 0000F8FF 			.word	0xFFF80000, 0x00000000
 4689      00000000 
 4690 9cbc 0000F8FF 			.word	0xFFF80000, 0x00000000
 4690      00000000 
 4691 9cc4 0000F8FF 			.word	0xFFF80000, 0x00000000
 4691      00000000 
 4692 9ccc 0000F8FF 			.word	0xFFF80000, 0x00000000
 4692      00000000 
 4693 9cd4 0000F8FF 			.word	0xFFF80000, 0x00000000
 4693      00000000 
 4694 9cdc 0000F8FF 			.word	0xFFF80000, 0x00000000
 4694      00000000 
 4695 9ce4 0000F8FF 			.word	0xFFF80000, 0x00000000
 4695      00000000 
 4696 9cec 0000F8FF 			.word	0xFFF80000, 0x00000000
ARM GAS  font_arial104.s 			page 181


 4696      00000000 
 4697 9cf4 0000F8FF 			.word	0xFFF80000, 0x00000000
 4697      00000000 
 4698 9cfc 0000F8FF 			.word	0xFFF80000, 0x00000000
 4698      00000000 
 4699 9d04 0000F8FF 			.word	0xFFF80000, 0x00000000
 4699      00000000 
 4700 9d0c 0000F8FF 			.word	0xFFF80000, 0x00000000
 4700      00000000 
 4701 9d14 0000F8FF 			.word	0xFFF80000, 0x00000000
 4701      00000000 
 4702 9d1c 0000F8FF 			.word	0xFFF80000, 0x00000000
 4702      00000000 
 4703 9d24 0000F8FF 			.word	0xFFF80000, 0x00000000
 4703      00000000 
 4704 9d2c 0000F8FF 			.word	0xFFF80000, 0x00000000
 4704      00000000 
 4705 9d34 0000F8FF 			.word	0xFFF80000, 0x00000000
 4705      00000000 
 4706 9d3c 0000F8FF 			.word	0xFFF80000, 0x00000000
 4706      00000000 
 4707 9d44 0000F8FF 			.word	0xFFF80000, 0x00000000
 4707      00000000 
 4708 9d4c 0000F8FF 			.word	0xFFF80000, 0x00000000
 4708      00000000 
 4709 9d54 0000F8FF 			.word	0xFFF80000, 0x00000000
 4709      00000000 
 4710 9d5c 0000F8FF 			.word	0xFFF80000, 0x00000000
 4710      00000000 
 4711 9d64 0000F8FF 			.word	0xFFF80000, 0x00000000
 4711      00000000 
 4712 9d6c 0000F8FF 			.word	0xFFF80000, 0x00000000
 4712      00000000 
 4713 9d74 0000F8FF 			.word	0xFFF80000, 0x00000000
 4713      00000000 
 4714 9d7c 0000F8FF 			.word	0xFFF80000, 0x00000000
 4714      00000000 
 4715 9d84 FFFFFFFF 			.word	0xFFFFFFFF, 0xFFFFFFFC
 4715      FCFFFFFF 
 4716 9d8c FFFFFFFF 			.word	0xFFFFFFFF, 0xFFFFFFFC
 4716      FCFFFFFF 
 4717 9d94 FFFFFFFF 			.word	0xFFFFFFFF, 0xFFFFFFFC
 4717      FCFFFFFF 
 4718 9d9c FFFFFFFF 			.word	0xFFFFFFFF, 0xFFFFFFFC
 4718      FCFFFFFF 
 4719 9da4 FFFFFFFF 			.word	0xFFFFFFFF, 0xFFFFFFFC
 4719      FCFFFFFF 
 4720 9dac FFFFFFFF 			.word	0xFFFFFFFF, 0xFFFFFFFC
 4720      FCFFFFFF 
 4721 9db4 FFFFFFFF 			.word	0xFFFFFFFF, 0xFFFFFFFC
 4721      FCFFFFFF 
 4722 9dbc FFFFFFFF 			.word	0xFFFFFFFF, 0xFFFFFFFC
 4722      FCFFFFFF 
 4723 9dc4 FFFFFFFF 			.word	0xFFFFFFFF, 0xFFFFFFFC
 4723      FCFFFFFF 
 4724 9dcc FFFFFFFF 			.word	0xFFFFFFFF, 0xFFFFFFFC
 4724      FCFFFFFF 
ARM GAS  font_arial104.s 			page 182


 4725 9dd4 FFFFFFFF 			.word	0xFFFFFFFF, 0xFFFFFFFC
 4725      FCFFFFFF 
 4726 9ddc FFFFFFFF 			.word	0xFFFFFFFF, 0xFFFFFFFC
 4726      FCFFFFFF 
 4727              	
 4728              	UPPERCASE_M:
 4729 9de4 4D000000 			.word	'M			// ASCII "M" character
 4730 9de8 74000000 			.word	116			// cell pixel width
 4731 9dec 82000000 			.word	CELLHGHT		// cell pixel height
 4732 9df0 5E000000 			.word	94			// glyph pixel width
 4733 9df4 64000000 			.word	100			// glyph pixel height
 4734 9df8 0A000000 			.word	10			// blank horizontal pixels before glyph
 4735 9dfc 0C000000 			.word	12			// blank horizontal pixels after glyph
 4736 9e00 00000000 			.word	0			// blank horizontal lines before glyph
 4737 9e04 1E000000 			.word	30			// blank horizontal lines after glyph
 4738              							// bit mapped glyph
 4739 9e08 00F0FFFF 			.word	0xFFFFF000, 0x00000000, 0x0007FFFC
 4739      00000000 
 4739      FCFF0700 
 4740 9e14 00F0FFFF 			.word	0xFFFFF000, 0x00000000, 0x0007FFFC
 4740      00000000 
 4740      FCFF0700 
 4741 9e20 00F8FFFF 			.word	0xFFFFF800, 0x00000000, 0x000FFFFC
 4741      00000000 
 4741      FCFF0F00 
 4742 9e2c 00F8FFFF 			.word	0xFFFFF800, 0x00000000, 0x000FFFFC
 4742      00000000 
 4742      FCFF0F00 
 4743 9e38 00F8FFFF 			.word	0xFFFFF800, 0x00000000, 0x001FFFFC
 4743      00000000 
 4743      FCFF1F00 
 4744 9e44 00FCFFFF 			.word	0xFFFFFC00, 0x00000000, 0x001FFFFC
 4744      00000000 
 4744      FCFF1F00 
 4745 9e50 00FCFFFF 			.word	0xFFFFFC00, 0x00000000, 0x001FFFFC
 4745      00000000 
 4745      FCFF1F00 
 4746 9e5c 00FCFFFF 			.word	0xFFFFFC00, 0x00000000, 0x003FFFFC
 4746      00000000 
 4746      FCFF3F00 
 4747 9e68 00FEFFFF 			.word	0xFFFFFE00, 0x00000000, 0x003FFFFC
 4747      00000000 
 4747      FCFF3F00 
 4748 9e74 00FEFFFF 			.word	0xFFFFFE00, 0x00000000, 0x003FFFFC
 4748      00000000 
 4748      FCFF3F00 
 4749 9e80 00FEFFFF 			.word	0xFFFFFE00, 0x00000000, 0x007FFFFC
 4749      00000000 
 4749      FCFF7F00 
 4750 9e8c 00FFFFFF 			.word	0xFFFFFF00, 0x00000000, 0x007FFFFC
 4750      00000000 
 4750      FCFF7F00 
 4751 9e98 00FFFFFF 			.word	0xFFFFFF00, 0x00000000, 0x007FFFFC
 4751      00000000 
 4751      FCFF7F00 
 4752 9ea4 00FFFFFF 			.word	0xFFFFFF00, 0x00000000, 0x00FFFFFC
 4752      00000000 
ARM GAS  font_arial104.s 			page 183


 4752      FCFFFF00 
 4753 9eb0 80FFFFFF 			.word	0xFFFFFF80, 0x00000000, 0x00FFFFFC
 4753      00000000 
 4753      FCFFFF00 
 4754 9ebc 80FFFFFF 			.word	0xFFFFFF80, 0x00000000, 0x00FFFFFC
 4754      00000000 
 4754      FCFFFF00 
 4755 9ec8 80FFFFFF 			.word	0xFFFFFF80, 0x00000000, 0x01FFFFFC
 4755      00000000 
 4755      FCFFFF01 
 4756 9ed4 C0FFFBFF 			.word	0xFFFBFFC0, 0x00000000, 0x01FFFFFC
 4756      00000000 
 4756      FCFFFF01 
 4757 9ee0 C0FFFBFF 			.word	0xFFFBFFC0, 0x00000000, 0x01FFBFFC
 4757      00000000 
 4757      FCBFFF01 
 4758 9eec C0FFF9FF 			.word	0xFFF9FFC0, 0x00000000, 0x03FFBFFC
 4758      00000000 
 4758      FCBFFF03 
 4759 9ef8 E0FFF9FF 			.word	0xFFF9FFE0, 0x00000000, 0x03FF3FFC
 4759      00000000 
 4759      FC3FFF03 
 4760 9f04 E0FFF9FF 			.word	0xFFF9FFE0, 0x00000000, 0x03FF3FFC
 4760      00000000 
 4760      FC3FFF03 
 4761 9f10 E0FFF8FF 			.word	0xFFF8FFE0, 0x00000000, 0x07FF3FFC
 4761      00000000 
 4761      FC3FFF07 
 4762 9f1c F0FFF8FF 			.word	0xFFF8FFF0, 0x00000000, 0x07FE3FFC
 4762      00000000 
 4762      FC3FFE07 
 4763 9f28 F0FFF8FF 			.word	0xFFF8FFF0, 0x00000000, 0x07FE3FFC
 4763      00000000 
 4763      FC3FFE07 
 4764 9f34 F07FF8FF 			.word	0xFFF87FF0, 0x00000000, 0x0FFE3FFC
 4764      00000000 
 4764      FC3FFE0F 
 4765 9f40 F87FF8FF 			.word	0xFFF87FF8, 0x00000000, 0x0FFC3FFC
 4765      00000000 
 4765      FC3FFC0F 
 4766 9f4c F87FF8FF 			.word	0xFFF87FF8, 0x00000000, 0x0FFC3FFC
 4766      00000000 
 4766      FC3FFC0F 
 4767 9f58 F83FF8FF 			.word	0xFFF83FF8, 0x00000000, 0x1FFC3FFC
 4767      00000000 
 4767      FC3FFC1F 
 4768 9f64 FC3FF8FF 			.word	0xFFF83FFC, 0x00000000, 0x1FF83FFC
 4768      00000000 
 4768      FC3FF81F 
 4769 9f70 FC3FF8FF 			.word	0xFFF83FFC, 0x00000000, 0x1FF83FFC
 4769      00000000 
 4769      FC3FF81F 
 4770 9f7c FC1FF8FF 			.word	0xFFF81FFC, 0x00000000, 0x3FF83FFC
 4770      00000000 
 4770      FC3FF83F 
 4771 9f88 FE1FF8FF 			.word	0xFFF81FFE, 0x00000000, 0x3FF03FFC
 4771      00000000 
ARM GAS  font_arial104.s 			page 184


 4771      FC3FF03F 
 4772 9f94 FE1FF8FF 			.word	0xFFF81FFE, 0x00000000, 0x3FF03FFC
 4772      00000000 
 4772      FC3FF03F 
 4773 9fa0 FE0FF8FF 			.word	0xFFF80FFE, 0x00000000, 0x7FF03FFC
 4773      00000000 
 4773      FC3FF07F 
 4774 9fac FF0FF8FF 			.word	0xFFF80FFF, 0x00000000, 0x7FE03FFC
 4774      00000000 
 4774      FC3FE07F 
 4775 9fb8 FF0FF8FF 			.word	0xFFF80FFF, 0x00000000, 0x7FE03FFC
 4775      00000000 
 4775      FC3FE07F 
 4776 9fc4 FF07F8FF 			.word	0xFFF807FF, 0x00000000, 0xFFE03FFC
 4776      00000000 
 4776      FC3FE0FF 
 4777 9fd0 FF07F8FF 			.word	0xFFF807FF, 0x80000000, 0xFFC03FFC
 4777      00000080 
 4777      FC3FC0FF 
 4778 9fdc FF07F8FF 			.word	0xFFF807FF, 0x80000000, 0xFFC03FFC
 4778      00000080 
 4778      FC3FC0FF 
 4779 9fe8 FF03F8FF 			.word	0xFFF803FF, 0x80000001, 0xFFC03FFC
 4779      01000080 
 4779      FC3FC0FF 
 4780 9ff4 FF03F8FF 			.word	0xFFF803FF, 0xC0000001, 0xFF803FFC
 4780      010000C0 
 4780      FC3F80FF 
 4781 a000 FF03F8FF 			.word	0xFFF803FF, 0xC0000001, 0xFF803FFC
 4781      010000C0 
 4781      FC3F80FF 
 4782 a00c FF01F8FF 			.word	0xFFF801FF, 0xC0000003, 0xFF803FFC
 4782      030000C0 
 4782      FC3F80FF 
 4783 a018 FF01F8FF 			.word	0xFFF801FF, 0xE0000003, 0xFF003FFC
 4783      030000E0 
 4783      FC3F00FF 
 4784 a024 FF01F8FF 			.word	0xFFF801FF, 0xE0000003, 0xFF003FFC
 4784      030000E0 
 4784      FC3F00FF 
 4785 a030 FF00F8FF 			.word	0xFFF800FF, 0xE0000007, 0xFE003FFC
 4785      070000E0 
 4785      FC3F00FE 
 4786 a03c FF00F8FF 			.word	0xFFF800FF, 0xE0000007, 0xFE003FFC
 4786      070000E0 
 4786      FC3F00FE 
 4787 a048 FF00F8FF 			.word	0xFFF800FF, 0xF0000007, 0xFE003FFC
 4787      070000F0 
 4787      FC3F00FE 
 4788 a054 7F00F8FF 			.word	0xFFF8007F, 0xF000000F, 0xFC003FFC
 4788      0F0000F0 
 4788      FC3F00FC 
 4789 a060 7F00F8FF 			.word	0xFFF8007F, 0xF000000F, 0xFC003FFC
 4789      0F0000F0 
 4789      FC3F00FC 
 4790 a06c 7F00F8FF 			.word	0xFFF8007F, 0xF800001F, 0xFC003FFC
 4790      1F0000F8 
ARM GAS  font_arial104.s 			page 185


 4790      FC3F00FC 
 4791 a078 3F00F8FF 			.word	0xFFF8003F, 0xF800001F, 0xF8003FFC
 4791      1F0000F8 
 4791      FC3F00F8 
 4792 a084 3F00F8FF 			.word	0xFFF8003F, 0xF800001F, 0xF8003FFC
 4792      1F0000F8 
 4792      FC3F00F8 
 4793 a090 3F00F8FF 			.word	0xFFF8003F, 0xFC00003F, 0xF8003FFC
 4793      3F0000FC 
 4793      FC3F00F8 
 4794 a09c 1F00F8FF 			.word	0xFFF8001F, 0xFC00003F, 0xF0003FFC
 4794      3F0000FC 
 4794      FC3F00F0 
 4795 a0a8 1F00F8FF 			.word	0xFFF8001F, 0xFC00003F, 0xF0003FFC
 4795      3F0000FC 
 4795      FC3F00F0 
 4796 a0b4 1F00F8FF 			.word	0xFFF8001F, 0xFE00007F, 0xF0003FFC
 4796      7F0000FE 
 4796      FC3F00F0 
 4797 a0c0 0F00F8FF 			.word	0xFFF8000F, 0xFE00007F, 0xE0003FFC
 4797      7F0000FE 
 4797      FC3F00E0 
 4798 a0cc 0F00F8FF 			.word	0xFFF8000F, 0xFE00007F, 0xE0003FFC
 4798      7F0000FE 
 4798      FC3F00E0 
 4799 a0d8 0F00F8FF 			.word	0xFFF8000F, 0xFF0000FF, 0xE0003FFC
 4799      FF0000FF 
 4799      FC3F00E0 
 4800 a0e4 0700F8FF 			.word	0xFFF80007, 0xFF0000FF, 0xC0003FFC
 4800      FF0000FF 
 4800      FC3F00C0 
 4801 a0f0 0700F8FF 			.word	0xFFF80007, 0xFF0000FF, 0xC0003FFC
 4801      FF0000FF 
 4801      FC3F00C0 
 4802 a0fc 0700F8FF 			.word	0xFFF80007, 0xFF8001FF, 0xC0003FFC
 4802      FF0180FF 
 4802      FC3F00C0 
 4803 a108 0300F8FF 			.word	0xFFF80003, 0xFF8001FF, 0x80003FFC
 4803      FF0180FF 
 4803      FC3F0080 
 4804 a114 0300F8FF 			.word	0xFFF80003, 0xFF8001FF, 0x80003FFC
 4804      FF0180FF 
 4804      FC3F0080 
 4805 a120 0300F8FF 			.word	0xFFF80003, 0xFFC003FF, 0x80003FFC
 4805      FF03C0FF 
 4805      FC3F0080 
 4806 a12c 0100F8FF 			.word	0xFFF80001, 0xFFC003FF, 0x00003FFC
 4806      FF03C0FF 
 4806      FC3F0000 
 4807 a138 0100F8FF 			.word	0xFFF80001, 0xFFC003FF, 0x00003FFC
 4807      FF03C0FF 
 4807      FC3F0000 
 4808 a144 0100F8FF 			.word	0xFFF80001, 0xFFE007FF, 0x00003FFC
 4808      FF07E0FF 
 4808      FC3F0000 
 4809 a150 0000F8FF 			.word	0xFFF80000, 0xFFE007FE, 0x00003FFC
 4809      FE07E0FF 
ARM GAS  font_arial104.s 			page 186


 4809      FC3F0000 
 4810 a15c 0000F8FF 			.word	0xFFF80000, 0xFFE007FE, 0x00003FFC
 4810      FE07E0FF 
 4810      FC3F0000 
 4811 a168 0000F8FF 			.word	0xFFF80000, 0xFFF00FFE, 0x00003FFC
 4811      FE0FF0FF 
 4811      FC3F0000 
 4812 a174 0000F8FF 			.word	0xFFF80000, 0x7FF00FFC, 0x00003FFC
 4812      FC0FF07F 
 4812      FC3F0000 
 4813 a180 0000F8FF 			.word	0xFFF80000, 0x7FF00FFC, 0x00003FFC
 4813      FC0FF07F 
 4813      FC3F0000 
 4814 a18c 0000F8FF 			.word	0xFFF80000, 0x7FF81FFC, 0x00003FFC
 4814      FC1FF87F 
 4814      FC3F0000 
 4815 a198 0000F8FF 			.word	0xFFF80000, 0x3FF81FF8, 0x00003FFC
 4815      F81FF83F 
 4815      FC3F0000 
 4816 a1a4 0000F8FF 			.word	0xFFF80000, 0x3FF81FF8, 0x00003FFC
 4816      F81FF83F 
 4816      FC3F0000 
 4817 a1b0 0000F8FF 			.word	0xFFF80000, 0x3FFC3FF8, 0x00003FFC
 4817      F83FFC3F 
 4817      FC3F0000 
 4818 a1bc 0000F8FF 			.word	0xFFF80000, 0x1FFC3FF0, 0x00003FFC
 4818      F03FFC1F 
 4818      FC3F0000 
 4819 a1c8 0000F8FF 			.word	0xFFF80000, 0x1FFC3FF0, 0x00003FFC
 4819      F03FFC1F 
 4819      FC3F0000 
 4820 a1d4 0000F8FF 			.word	0xFFF80000, 0x1FFE7FE0, 0x00003FFC
 4820      E07FFE1F 
 4820      FC3F0000 
 4821 a1e0 0000F8FF 			.word	0xFFF80000, 0x0FFE7FE0, 0x00003FFC
 4821      E07FFE0F 
 4821      FC3F0000 
 4822 a1ec 0000F8FF 			.word	0xFFF80000, 0x0FFE7FE0, 0x00003FFC
 4822      E07FFE0F 
 4822      FC3F0000 
 4823 a1f8 0000F8FF 			.word	0xFFF80000, 0x0FFFFFC0, 0x00003FFC
 4823      C0FFFF0F 
 4823      FC3F0000 
 4824 a204 0000F8FF 			.word	0xFFF80000, 0x07FFFFC0, 0x00003FFC
 4824      C0FFFF07 
 4824      FC3F0000 
 4825 a210 0000F8FF 			.word	0xFFF80000, 0x07FFFFC0, 0x00003FFC
 4825      C0FFFF07 
 4825      FC3F0000 
 4826 a21c 0000F8FF 			.word	0xFFF80000, 0x07FFFF80, 0x00003FFC
 4826      80FFFF07 
 4826      FC3F0000 
 4827 a228 0000F8FF 			.word	0xFFF80000, 0x03FFFF80, 0x00003FFC
 4827      80FFFF03 
 4827      FC3F0000 
 4828 a234 0000F8FF 			.word	0xFFF80000, 0x03FFFF80, 0x00003FFC
 4828      80FFFF03 
ARM GAS  font_arial104.s 			page 187


 4828      FC3F0000 
 4829 a240 0000F8FF 			.word	0xFFF80000, 0x03FFFF00, 0x00003FFC
 4829      00FFFF03 
 4829      FC3F0000 
 4830 a24c 0000F8FF 			.word	0xFFF80000, 0x01FFFF00, 0x00003FFC
 4830      00FFFF01 
 4830      FC3F0000 
 4831 a258 0000F8FF 			.word	0xFFF80000, 0x01FFFF00, 0x00003FFC
 4831      00FFFF01 
 4831      FC3F0000 
 4832 a264 0000F8FF 			.word	0xFFF80000, 0x01FFFE00, 0x00003FFC
 4832      00FEFF01 
 4832      FC3F0000 
 4833 a270 0000F8FF 			.word	0xFFF80000, 0x00FFFE00, 0x00003FFC
 4833      00FEFF00 
 4833      FC3F0000 
 4834 a27c 0000F8FF 			.word	0xFFF80000, 0x00FFFE00, 0x00003FFC
 4834      00FEFF00 
 4834      FC3F0000 
 4835 a288 0000F8FF 			.word	0xFFF80000, 0x00FFFC00, 0x00003FFC
 4835      00FCFF00 
 4835      FC3F0000 
 4836 a294 0000F8FF 			.word	0xFFF80000, 0x007FFC00, 0x00003FFC
 4836      00FC7F00 
 4836      FC3F0000 
 4837 a2a0 0000F8FF 			.word	0xFFF80000, 0x007FFC00, 0x00003FFC
 4837      00FC7F00 
 4837      FC3F0000 
 4838 a2ac 0000F8FF 			.word	0xFFF80000, 0x007FF800, 0x00003FFC
 4838      00F87F00 
 4838      FC3F0000 
 4839              	
 4840              	UPPERCASE_N:
 4841 a2b8 4E000000 			.word	'N			// ASCII "N" character
 4842 a2bc 64000000 			.word	100			// cell pixel width
 4843 a2c0 82000000 			.word	CELLHGHT		// cell pixel height
 4844 a2c4 4E000000 			.word	78			// glyph pixel width
 4845 a2c8 64000000 			.word	100			// glyph pixel height
 4846 a2cc 0B000000 			.word	11			// blank horizontal pixels before glyph
 4847 a2d0 0B000000 			.word	11			// blank horizontal pixels after glyph
 4848 a2d4 00000000 			.word	0			// blank horizontal lines before glyph
 4849 a2d8 1E000000 			.word	30			// blank horizontal lines after glyph
 4850              							// bit mapped glyph
 4851 a2dc 0000F8FF 			.word	0xFFF80000, 0x00000000, 0x7FFC0000
 4851      00000000 
 4851      0000FC7F 
 4852 a2e8 0000FCFF 			.word	0xFFFC0000, 0x00000000, 0x7FFC0000
 4852      00000000 
 4852      0000FC7F 
 4853 a2f4 0000FEFF 			.word	0xFFFE0000, 0x00000000, 0x7FFC0000
 4853      00000000 
 4853      0000FC7F 
 4854 a300 0000FEFF 			.word	0xFFFE0000, 0x00000000, 0x7FFC0000
 4854      00000000 
 4854      0000FC7F 
 4855 a30c 0000FFFF 			.word	0xFFFF0000, 0x00000000, 0x7FFC0000
 4855      00000000 
ARM GAS  font_arial104.s 			page 188


 4855      0000FC7F 
 4856 a318 0080FFFF 			.word	0xFFFF8000, 0x00000000, 0x7FFC0000
 4856      00000000 
 4856      0000FC7F 
 4857 a324 0080FFFF 			.word	0xFFFF8000, 0x00000000, 0x7FFC0000
 4857      00000000 
 4857      0000FC7F 
 4858 a330 00C0FFFF 			.word	0xFFFFC000, 0x00000000, 0x7FFC0000
 4858      00000000 
 4858      0000FC7F 
 4859 a33c 00E0FFFF 			.word	0xFFFFE000, 0x00000000, 0x7FFC0000
 4859      00000000 
 4859      0000FC7F 
 4860 a348 00E0FFFF 			.word	0xFFFFE000, 0x00000000, 0x7FFC0000
 4860      00000000 
 4860      0000FC7F 
 4861 a354 00F0FFFF 			.word	0xFFFFF000, 0x00000000, 0x7FFC0000
 4861      00000000 
 4861      0000FC7F 
 4862 a360 00F8FFFF 			.word	0xFFFFF800, 0x00000000, 0x7FFC0000
 4862      00000000 
 4862      0000FC7F 
 4863 a36c 00F8FFFF 			.word	0xFFFFF800, 0x00000000, 0x7FFC0000
 4863      00000000 
 4863      0000FC7F 
 4864 a378 00FCFFFF 			.word	0xFFFFFC00, 0x00000000, 0x7FFC0000
 4864      00000000 
 4864      0000FC7F 
 4865 a384 00FEFFFF 			.word	0xFFFFFE00, 0x00000000, 0x7FFC0000
 4865      00000000 
 4865      0000FC7F 
 4866 a390 00FEFFFF 			.word	0xFFFFFE00, 0x00000000, 0x7FFC0000
 4866      00000000 
 4866      0000FC7F 
 4867 a39c 00FFFFFF 			.word	0xFFFFFF00, 0x00000000, 0x7FFC0000
 4867      00000000 
 4867      0000FC7F 
 4868 a3a8 80FFFFFF 			.word	0xFFFFFF80, 0x00000000, 0x7FFC0000
 4868      00000000 
 4868      0000FC7F 
 4869 a3b4 80FFFFFF 			.word	0xFFFFFF80, 0x00000000, 0x7FFC0000
 4869      00000000 
 4869      0000FC7F 
 4870 a3c0 C0FFFFFF 			.word	0xFFFFFFC0, 0x00000000, 0x7FFC0000
 4870      00000000 
 4870      0000FC7F 
 4871 a3cc E0FFFFFF 			.word	0xFFFFFFE0, 0x00000000, 0x7FFC0000
 4871      00000000 
 4871      0000FC7F 
 4872 a3d8 E0FFFFFF 			.word	0xFFFFFFE0, 0x00000000, 0x7FFC0000
 4872      00000000 
 4872      0000FC7F 
 4873 a3e4 F0FFF7FF 			.word	0xFFF7FFF0, 0x00000000, 0x7FFC0000
 4873      00000000 
 4873      0000FC7F 
 4874 a3f0 F8FFF3FF 			.word	0xFFF3FFF8, 0x00000000, 0x7FFC0000
 4874      00000000 
ARM GAS  font_arial104.s 			page 189


 4874      0000FC7F 
 4875 a3fc F8FFF3FF 			.word	0xFFF3FFF8, 0x00000000, 0x7FFC0000
 4875      00000000 
 4875      0000FC7F 
 4876 a408 FCFFF1FF 			.word	0xFFF1FFFC, 0x00000000, 0x7FFC0000
 4876      00000000 
 4876      0000FC7F 
 4877 a414 FEFFF0FF 			.word	0xFFF0FFFE, 0x00000000, 0x7FFC0000
 4877      00000000 
 4877      0000FC7F 
 4878 a420 FEFFF0FF 			.word	0xFFF0FFFE, 0x00000000, 0x7FFC0000
 4878      00000000 
 4878      0000FC7F 
 4879 a42c FF7FF0FF 			.word	0xFFF07FFF, 0x00000000, 0x7FFC0000
 4879      00000000 
 4879      0000FC7F 
 4880 a438 FF3FF0FF 			.word	0xFFF03FFF, 0x80000000, 0x7FFC0000
 4880      00000080 
 4880      0000FC7F 
 4881 a444 FF3FF0FF 			.word	0xFFF03FFF, 0x80000000, 0x7FFC0000
 4881      00000080 
 4881      0000FC7F 
 4882 a450 FF1FF0FF 			.word	0xFFF01FFF, 0xC0000000, 0x7FFC0000
 4882      000000C0 
 4882      0000FC7F 
 4883 a45c FF0FF0FF 			.word	0xFFF00FFF, 0xC0000000, 0x7FFC0000
 4883      000000C0 
 4883      0000FC7F 
 4884 a468 FF0FF0FF 			.word	0xFFF00FFF, 0xE0000000, 0x7FFC0000
 4884      000000E0 
 4884      0000FC7F 
 4885 a474 FF07F0FF 			.word	0xFFF007FF, 0xF0000000, 0x7FFC0000
 4885      000000F0 
 4885      0000FC7F 
 4886 a480 FF03F0FF 			.word	0xFFF003FF, 0xF0000000, 0x7FFC0000
 4886      000000F0 
 4886      0000FC7F 
 4887 a48c FF03F0FF 			.word	0xFFF003FF, 0xF8000000, 0x7FFC0000
 4887      000000F8 
 4887      0000FC7F 
 4888 a498 FF01F0FF 			.word	0xFFF001FF, 0xFC000000, 0x7FFC0000
 4888      000000FC 
 4888      0000FC7F 
 4889 a4a4 FF00F0FF 			.word	0xFFF000FF, 0xFC000000, 0x7FFC0000
 4889      000000FC 
 4889      0000FC7F 
 4890 a4b0 FF00F0FF 			.word	0xFFF000FF, 0xFE000000, 0x7FFC0000
 4890      000000FE 
 4890      0000FC7F 
 4891 a4bc 7F00F0FF 			.word	0xFFF0007F, 0xFF000000, 0x7FFC0000
 4891      000000FF 
 4891      0000FC7F 
 4892 a4c8 3F00F0FF 			.word	0xFFF0003F, 0xFF000000, 0x7FFC0000
 4892      000000FF 
 4892      0000FC7F 
 4893 a4d4 3F00F0FF 			.word	0xFFF0003F, 0xFF800000, 0x7FFC0000
 4893      000080FF 
ARM GAS  font_arial104.s 			page 190


 4893      0000FC7F 
 4894 a4e0 1F00F0FF 			.word	0xFFF0001F, 0xFFC00000, 0x7FFC0000
 4894      0000C0FF 
 4894      0000FC7F 
 4895 a4ec 0F00F0FF 			.word	0xFFF0000F, 0xFFC00000, 0x7FFC0000
 4895      0000C0FF 
 4895      0000FC7F 
 4896 a4f8 0F00F0FF 			.word	0xFFF0000F, 0xFFE00000, 0x7FFC0000
 4896      0000E0FF 
 4896      0000FC7F 
 4897 a504 0700F0FF 			.word	0xFFF00007, 0xFFF00000, 0x7FFC0000
 4897      0000F0FF 
 4897      0000FC7F 
 4898 a510 0300F0FF 			.word	0xFFF00003, 0xFFF00000, 0x7FFC0000
 4898      0000F0FF 
 4898      0000FC7F 
 4899 a51c 0300F0FF 			.word	0xFFF00003, 0xFFF80000, 0x7FFC0000
 4899      0000F8FF 
 4899      0000FC7F 
 4900 a528 0100F0FF 			.word	0xFFF00001, 0xFFFC0000, 0x7FFC0000
 4900      0000FCFF 
 4900      0000FC7F 
 4901 a534 0000F0FF 			.word	0xFFF00000, 0xFFFC0000, 0x7FFC0000
 4901      0000FCFF 
 4901      0000FC7F 
 4902 a540 0000F0FF 			.word	0xFFF00000, 0xFFFE0000, 0x7FFC0000
 4902      0000FEFF 
 4902      0000FC7F 
 4903 a54c 0000F0FF 			.word	0xFFF00000, 0x7FFF0000, 0x7FFC0000
 4903      0000FF7F 
 4903      0000FC7F 
 4904 a558 0000F0FF 			.word	0xFFF00000, 0x3FFF0000, 0x7FFC0000
 4904      0000FF3F 
 4904      0000FC7F 
 4905 a564 0000F0FF 			.word	0xFFF00000, 0x3FFF8000, 0x7FFC0000
 4905      0080FF3F 
 4905      0000FC7F 
 4906 a570 0000F0FF 			.word	0xFFF00000, 0x1FFFC000, 0x7FFC0000
 4906      00C0FF1F 
 4906      0000FC7F 
 4907 a57c 0000F0FF 			.word	0xFFF00000, 0x0FFFC000, 0x7FFC0000
 4907      00C0FF0F 
 4907      0000FC7F 
 4908 a588 0000F0FF 			.word	0xFFF00000, 0x0FFFE000, 0x7FFC0000
 4908      00E0FF0F 
 4908      0000FC7F 
 4909 a594 0000F0FF 			.word	0xFFF00000, 0x07FFF000, 0x7FFC0000
 4909      00F0FF07 
 4909      0000FC7F 
 4910 a5a0 0000F0FF 			.word	0xFFF00000, 0x03FFF000, 0x7FFC0000
 4910      00F0FF03 
 4910      0000FC7F 
 4911 a5ac 0000F0FF 			.word	0xFFF00000, 0x03FFF800, 0x7FFC0000
 4911      00F8FF03 
 4911      0000FC7F 
 4912 a5b8 0000F0FF 			.word	0xFFF00000, 0x01FFFC00, 0x7FFC0000
 4912      00FCFF01 
ARM GAS  font_arial104.s 			page 191


 4912      0000FC7F 
 4913 a5c4 0000F0FF 			.word	0xFFF00000, 0x01FFFC00, 0x7FFC0000
 4913      00FCFF01 
 4913      0000FC7F 
 4914 a5d0 0000F0FF 			.word	0xFFF00000, 0x00FFFE00, 0x7FFC0000
 4914      00FEFF00 
 4914      0000FC7F 
 4915 a5dc 0000F0FF 			.word	0xFFF00000, 0x007FFF00, 0x7FFC0000
 4915      00FF7F00 
 4915      0000FC7F 
 4916 a5e8 0000F0FF 			.word	0xFFF00000, 0x007FFF00, 0x7FFC0000
 4916      00FF7F00 
 4916      0000FC7F 
 4917 a5f4 0000F0FF 			.word	0xFFF00000, 0x003FFF80, 0x7FFC0000
 4917      80FF3F00 
 4917      0000FC7F 
 4918 a600 0000F0FF 			.word	0xFFF00000, 0x001FFFC0, 0x7FFC0000
 4918      C0FF1F00 
 4918      0000FC7F 
 4919 a60c 0000F0FF 			.word	0xFFF00000, 0x001FFFC0, 0x7FFC0000
 4919      C0FF1F00 
 4919      0000FC7F 
 4920 a618 0000F0FF 			.word	0xFFF00000, 0x000FFFE0, 0x7FFC0000
 4920      E0FF0F00 
 4920      0000FC7F 
 4921 a624 0000F0FF 			.word	0xFFF00000, 0x0007FFF0, 0x7FFC0000
 4921      F0FF0700 
 4921      0000FC7F 
 4922 a630 0000F0FF 			.word	0xFFF00000, 0x0007FFF0, 0x7FFC0000
 4922      F0FF0700 
 4922      0000FC7F 
 4923 a63c 0000F0FF 			.word	0xFFF00000, 0x0003FFF8, 0x7FFC0000
 4923      F8FF0300 
 4923      0000FC7F 
 4924 a648 0000F0FF 			.word	0xFFF00000, 0x0001FFFC, 0x7FFC0000
 4924      FCFF0100 
 4924      0000FC7F 
 4925 a654 0000F0FF 			.word	0xFFF00000, 0x0001FFFC, 0x7FFC0000
 4925      FCFF0100 
 4925      0000FC7F 
 4926 a660 0000F0FF 			.word	0xFFF00000, 0x0000FFFE, 0x7FFC0000
 4926      FEFF0000 
 4926      0000FC7F 
 4927 a66c 0000F0FF 			.word	0xFFF00000, 0x00007FFF, 0x7FFC0000
 4927      FF7F0000 
 4927      0000FC7F 
 4928 a678 0000F0FF 			.word	0xFFF00000, 0x00007FFF, 0x7FFC0000
 4928      FF7F0000 
 4928      0000FC7F 
 4929 a684 0000F0FF 			.word	0xFFF00000, 0x00003FFF, 0xFFFC0000
 4929      FF3F0000 
 4929      0000FCFF 
 4930 a690 0000F0FF 			.word	0xFFF00000, 0x00001FFF, 0xFFFC0000
 4930      FF1F0000 
 4930      0000FCFF 
 4931 a69c 0000F0FF 			.word	0xFFF00000, 0x00001FFF, 0xFFFC0000
 4931      FF1F0000 
ARM GAS  font_arial104.s 			page 192


 4931      0000FCFF 
 4932 a6a8 0000F0FF 			.word	0xFFF00000, 0x00000FFF, 0xFFFC0000
 4932      FF0F0000 
 4932      0000FCFF 
 4933 a6b4 0000F0FF 			.word	0xFFF00000, 0x000007FF, 0xFFFC0000
 4933      FF070000 
 4933      0000FCFF 
 4934 a6c0 0000F0FF 			.word	0xFFF00000, 0x000007FF, 0xFFFC0000
 4934      FF070000 
 4934      0000FCFF 
 4935 a6cc 0000F0FF 			.word	0xFFF00000, 0x000003FF, 0xFFFC0000
 4935      FF030000 
 4935      0000FCFF 
 4936 a6d8 0000F0FF 			.word	0xFFF00000, 0x000001FF, 0xFFFC0000
 4936      FF010000 
 4936      0000FCFF 
 4937 a6e4 0000F0FF 			.word	0xFFF00000, 0x000001FF, 0xFFFC0000
 4937      FF010000 
 4937      0000FCFF 
 4938 a6f0 0000F0FF 			.word	0xFFF00000, 0x000000FF, 0xFFFC0000
 4938      FF000000 
 4938      0000FCFF 
 4939 a6fc 0000F0FF 			.word	0xFFF00000, 0x0000007F, 0xFFFC0000
 4939      7F000000 
 4939      0000FCFF 
 4940 a708 0000F0FF 			.word	0xFFF00000, 0x0000007F, 0xFFFC0000
 4940      7F000000 
 4940      0000FCFF 
 4941 a714 0000F0FF 			.word	0xFFF00000, 0x0000003F, 0xFFFC0000
 4941      3F000000 
 4941      0000FCFF 
 4942 a720 0000F0FF 			.word	0xFFF00000, 0x0000001F, 0xFFFC0000
 4942      1F000000 
 4942      0000FCFF 
 4943 a72c 0000F0FF 			.word	0xFFF00000, 0x0000001F, 0xFFFC0000
 4943      1F000000 
 4943      0000FCFF 
 4944 a738 0000F0FF 			.word	0xFFF00000, 0x0000000F, 0xFFFC0000
 4944      0F000000 
 4944      0000FCFF 
 4945 a744 0000F0FF 			.word	0xFFF00000, 0x00000007, 0xFFFC0000
 4945      07000000 
 4945      0000FCFF 
 4946 a750 0000F0FF 			.word	0xFFF00000, 0x00000007, 0xFFFC0000
 4946      07000000 
 4946      0000FCFF 
 4947 a75c 0000F0FF 			.word	0xFFF00000, 0x00000003, 0xFFFC0000
 4947      03000000 
 4947      0000FCFF 
 4948 a768 0000F0FF 			.word	0xFFF00000, 0x00000001, 0xFFFC0000
 4948      01000000 
 4948      0000FCFF 
 4949 a774 0000F0FF 			.word	0xFFF00000, 0x00000001, 0xFFFC0000
 4949      01000000 
 4949      0000FCFF 
 4950 a780 0000F0FF 			.word	0xFFF00000, 0x00000000, 0xFFFC0000
 4950      00000000 
ARM GAS  font_arial104.s 			page 193


 4950      0000FCFF 
 4951              	
 4952              	UPPERCASE_O:
 4953 a78c 4F000000 			.word	'O			// ASCII "O" character
 4954 a790 6B000000 			.word	107			// cell pixel width
 4955 a794 82000000 			.word	CELLHGHT		// cell pixel height
 4956 a798 5E000000 			.word	94			// glyph pixel width
 4957 a79c 64000000 			.word	100			// glyph pixel height
 4958 a7a0 06000000 			.word	6			// blank horizontal pixels before glyph
 4959 a7a4 07000000 			.word	7			// blank horizontal pixels after glyph
 4960 a7a8 00000000 			.word	0			// blank horizontal lines before glyph
 4961 a7ac 1E000000 			.word	30			// blank horizontal lines after glyph
 4962              							// bit mapped glyph
 4963 a7b0 00000000 			.word	0x00000000, 0x01FFFC00, 0x00000000
 4963      00FCFF01 
 4963      00000000 
 4964 a7bc 00000000 			.word	0x00000000, 0x3FFFFFF0, 0x00000000
 4964      F0FFFF3F 
 4964      00000000 
 4965 a7c8 01000000 			.word	0x00000001, 0xFFFFFFFE, 0x00000000
 4965      FEFFFFFF 
 4965      00000000 
 4966 a7d4 0F000000 			.word	0x0000000F, 0xFFFFFFFF, 0xC0000000
 4966      FFFFFFFF 
 4966      000000C0 
 4967 a7e0 3F000000 			.word	0x0000003F, 0xFFFFFFFF, 0xF0000000
 4967      FFFFFFFF 
 4967      000000F0 
 4968 a7ec FF000000 			.word	0x000000FF, 0xFFFFFFFF, 0xFC000000
 4968      FFFFFFFF 
 4968      000000FC 
 4969 a7f8 FF030000 			.word	0x000003FF, 0xFFFFFFFF, 0xFF000000
 4969      FFFFFFFF 
 4969      000000FF 
 4970 a804 FF0F0000 			.word	0x00000FFF, 0xFFFFFFFF, 0xFF800000
 4970      FFFFFFFF 
 4970      000080FF 
 4971 a810 FF1F0000 			.word	0x00001FFF, 0xFFFFFFFF, 0xFFE00000
 4971      FFFFFFFF 
 4971      0000E0FF 
 4972 a81c FF3F0000 			.word	0x00003FFF, 0xFFFFFFFF, 0xFFF00000
 4972      FFFFFFFF 
 4972      0000F0FF 
 4973 a828 FFFF0000 			.word	0x0000FFFF, 0xFFFFFFFF, 0xFFF80000
 4973      FFFFFFFF 
 4973      0000F8FF 
 4974 a834 FFFF0100 			.word	0x0001FFFF, 0xFFFFFFFF, 0xFFFE0000
 4974      FFFFFFFF 
 4974      0000FEFF 
 4975 a840 FFFF0300 			.word	0x0003FFFF, 0xFF8007FF, 0xFFFF0000
 4975      FF0780FF 
 4975      0000FFFF 
 4976 a84c FFFF0700 			.word	0x0007FFFF, 0xF000003F, 0xFFFF8000
 4976      3F0000F0 
 4976      0080FFFF 
 4977 a858 FFFF0F00 			.word	0x000FFFFF, 0xC000000F, 0xFFFFC000
 4977      0F0000C0 
ARM GAS  font_arial104.s 			page 194


 4977      00C0FFFF 
 4978 a864 FEFF1F00 			.word	0x001FFFFE, 0x00000001, 0xFFFFE000
 4978      01000000 
 4978      00E0FFFF 
 4979 a870 F8FF1F00 			.word	0x001FFFF8, 0x00000000, 0x7FFFE000
 4979      00000000 
 4979      00E0FF7F 
 4980 a87c F0FF3F00 			.word	0x003FFFF0, 0x00000000, 0x3FFFF000
 4980      00000000 
 4980      00F0FF3F 
 4981 a888 C0FF7F00 			.word	0x007FFFC0, 0x00000000, 0x0FFFF800
 4981      00000000 
 4981      00F8FF0F 
 4982 a894 80FFFF00 			.word	0x00FFFF80, 0x00000000, 0x07FFFC00
 4982      00000000 
 4982      00FCFF07 
 4983 a8a0 00FFFF00 			.word	0x00FFFF00, 0x00000000, 0x03FFFC00
 4983      00000000 
 4983      00FCFF03 
 4984 a8ac 00FEFF01 			.word	0x01FFFE00, 0x00000000, 0x01FFFE00
 4984      00000000 
 4984      00FEFF01 
 4985 a8b8 00FCFF01 			.word	0x01FFFC00, 0x00000000, 0x00FFFE00
 4985      00000000 
 4985      00FEFF00 
 4986 a8c4 00F8FF03 			.word	0x03FFF800, 0x00000000, 0x007FFF00
 4986      00000000 
 4986      00FF7F00 
 4987 a8d0 00F0FF03 			.word	0x03FFF000, 0x00000000, 0x003FFF00
 4987      00000000 
 4987      00FF3F00 
 4988 a8dc 00E0FF07 			.word	0x07FFE000, 0x00000000, 0x003FFF80
 4988      00000000 
 4988      80FF3F00 
 4989 a8e8 00E0FF07 			.word	0x07FFE000, 0x00000000, 0x001FFF80
 4989      00000000 
 4989      80FF1F00 
 4990 a8f4 00C0FF0F 			.word	0x0FFFC000, 0x00000000, 0x000FFFC0
 4990      00000000 
 4990      C0FF0F00 
 4991 a900 0080FF0F 			.word	0x0FFF8000, 0x00000000, 0x000FFFC0
 4991      00000000 
 4991      C0FF0F00 
 4992 a90c 0080FF1F 			.word	0x1FFF8000, 0x00000000, 0x0007FFE0
 4992      00000000 
 4992      E0FF0700 
 4993 a918 0080FF1F 			.word	0x1FFF8000, 0x00000000, 0x0007FFE0
 4993      00000000 
 4993      E0FF0700 
 4994 a924 0000FF1F 			.word	0x1FFF0000, 0x00000000, 0x0003FFE0
 4994      00000000 
 4994      E0FF0300 
 4995 a930 0000FF3F 			.word	0x3FFF0000, 0x00000000, 0x0003FFF0
 4995      00000000 
 4995      F0FF0300 
 4996 a93c 0000FE3F 			.word	0x3FFE0000, 0x00000000, 0x0003FFF0
 4996      00000000 
ARM GAS  font_arial104.s 			page 195


 4996      F0FF0300 
 4997 a948 0000FE3F 			.word	0x3FFE0000, 0x00000000, 0x0001FFF0
 4997      00000000 
 4997      F0FF0100 
 4998 a954 0000FE3F 			.word	0x3FFE0000, 0x00000000, 0x0001FFF0
 4998      00000000 
 4998      F0FF0100 
 4999 a960 0000FE7F 			.word	0x7FFE0000, 0x00000000, 0x0001FFF8
 4999      00000000 
 4999      F8FF0100 
 5000 a96c 0000FC7F 			.word	0x7FFC0000, 0x00000000, 0x0000FFF8
 5000      00000000 
 5000      F8FF0000 
 5001 a978 0000FC7F 			.word	0x7FFC0000, 0x00000000, 0x0000FFF8
 5001      00000000 
 5001      F8FF0000 
 5002 a984 0000FC7F 			.word	0x7FFC0000, 0x00000000, 0x0000FFF8
 5002      00000000 
 5002      F8FF0000 
 5003 a990 0000FC7F 			.word	0x7FFC0000, 0x00000000, 0x0000FFF8
 5003      00000000 
 5003      F8FF0000 
 5004 a99c 0000FC7F 			.word	0x7FFC0000, 0x00000000, 0x0000FFF8
 5004      00000000 
 5004      F8FF0000 
 5005 a9a8 0000FCFF 			.word	0xFFFC0000, 0x00000000, 0x00007FFC
 5005      00000000 
 5005      FC7F0000 
 5006 a9b4 0000F8FF 			.word	0xFFF80000, 0x00000000, 0x00007FFC
 5006      00000000 
 5006      FC7F0000 
 5007 a9c0 0000F8FF 			.word	0xFFF80000, 0x00000000, 0x00007FFC
 5007      00000000 
 5007      FC7F0000 
 5008 a9cc 0000F8FF 			.word	0xFFF80000, 0x00000000, 0x00007FFC
 5008      00000000 
 5008      FC7F0000 
 5009 a9d8 0000F8FF 			.word	0xFFF80000, 0x00000000, 0x00007FFC
 5009      00000000 
 5009      FC7F0000 
 5010 a9e4 0000F8FF 			.word	0xFFF80000, 0x00000000, 0x00007FFC
 5010      00000000 
 5010      FC7F0000 
 5011 a9f0 0000F8FF 			.word	0xFFF80000, 0x00000000, 0x00007FFC
 5011      00000000 
 5011      FC7F0000 
 5012 a9fc 0000F8FF 			.word	0xFFF80000, 0x00000000, 0x00007FFC
 5012      00000000 
 5012      FC7F0000 
 5013 aa08 0000F8FF 			.word	0xFFF80000, 0x00000000, 0x00007FFC
 5013      00000000 
 5013      FC7F0000 
 5014 aa14 0000F8FF 			.word	0xFFF80000, 0x00000000, 0x00007FFC
 5014      00000000 
 5014      FC7F0000 
 5015 aa20 0000F8FF 			.word	0xFFF80000, 0x00000000, 0x00007FFC
 5015      00000000 
ARM GAS  font_arial104.s 			page 196


 5015      FC7F0000 
 5016 aa2c 0000F8FF 			.word	0xFFF80000, 0x00000000, 0x00007FFC
 5016      00000000 
 5016      FC7F0000 
 5017 aa38 0000F8FF 			.word	0xFFF80000, 0x00000000, 0x00007FFC
 5017      00000000 
 5017      FC7F0000 
 5018 aa44 0000F8FF 			.word	0xFFF80000, 0x00000000, 0x00007FFC
 5018      00000000 
 5018      FC7F0000 
 5019 aa50 0000F8FF 			.word	0xFFF80000, 0x00000000, 0x00007FFC
 5019      00000000 
 5019      FC7F0000 
 5020 aa5c 0000F8FF 			.word	0xFFF80000, 0x00000000, 0x00007FFC
 5020      00000000 
 5020      FC7F0000 
 5021 aa68 0000F8FF 			.word	0xFFF80000, 0x00000000, 0x0000FFF8
 5021      00000000 
 5021      F8FF0000 
 5022 aa74 0000FC7F 			.word	0x7FFC0000, 0x00000000, 0x0000FFF8
 5022      00000000 
 5022      F8FF0000 
 5023 aa80 0000FC7F 			.word	0x7FFC0000, 0x00000000, 0x0000FFF8
 5023      00000000 
 5023      F8FF0000 
 5024 aa8c 0000FC7F 			.word	0x7FFC0000, 0x00000000, 0x0000FFF8
 5024      00000000 
 5024      F8FF0000 
 5025 aa98 0000FC7F 			.word	0x7FFC0000, 0x00000000, 0x0000FFF8
 5025      00000000 
 5025      F8FF0000 
 5026 aaa4 0000FC7F 			.word	0x7FFC0000, 0x00000000, 0x0001FFF8
 5026      00000000 
 5026      F8FF0100 
 5027 aab0 0000FE3F 			.word	0x3FFE0000, 0x00000000, 0x0001FFF0
 5027      00000000 
 5027      F0FF0100 
 5028 aabc 0000FE3F 			.word	0x3FFE0000, 0x00000000, 0x0001FFF0
 5028      00000000 
 5028      F0FF0100 
 5029 aac8 0000FE3F 			.word	0x3FFE0000, 0x00000000, 0x0003FFF0
 5029      00000000 
 5029      F0FF0300 
 5030 aad4 0000FF3F 			.word	0x3FFF0000, 0x00000000, 0x0003FFF0
 5030      00000000 
 5030      F0FF0300 
 5031 aae0 0000FF1F 			.word	0x1FFF0000, 0x00000000, 0x0003FFE0
 5031      00000000 
 5031      E0FF0300 
 5032 aaec 0080FF1F 			.word	0x1FFF8000, 0x00000000, 0x0007FFE0
 5032      00000000 
 5032      E0FF0700 
 5033 aaf8 0080FF0F 			.word	0x0FFF8000, 0x00000000, 0x0007FFE0
 5033      00000000 
 5033      E0FF0700 
 5034 ab04 00C0FF0F 			.word	0x0FFFC000, 0x00000000, 0x000FFFC0
 5034      00000000 
ARM GAS  font_arial104.s 			page 197


 5034      C0FF0F00 
 5035 ab10 00C0FF0F 			.word	0x0FFFC000, 0x00000000, 0x000FFFC0
 5035      00000000 
 5035      C0FF0F00 
 5036 ab1c 00E0FF07 			.word	0x07FFE000, 0x00000000, 0x001FFF80
 5036      00000000 
 5036      80FF1F00 
 5037 ab28 00F0FF07 			.word	0x07FFF000, 0x00000000, 0x003FFF80
 5037      00000000 
 5037      80FF3F00 
 5038 ab34 00F0FF03 			.word	0x03FFF000, 0x00000000, 0x003FFF00
 5038      00000000 
 5038      00FF3F00 
 5039 ab40 00F8FF03 			.word	0x03FFF800, 0x00000000, 0x007FFF00
 5039      00000000 
 5039      00FF7F00 
 5040 ab4c 00FCFF01 			.word	0x01FFFC00, 0x00000000, 0x00FFFE00
 5040      00000000 
 5040      00FEFF00 
 5041 ab58 00FEFF01 			.word	0x01FFFE00, 0x00000000, 0x01FFFE00
 5041      00000000 
 5041      00FEFF01 
 5042 ab64 00FFFF00 			.word	0x00FFFF00, 0x00000000, 0x03FFFC00
 5042      00000000 
 5042      00FCFF03 
 5043 ab70 80FF7F00 			.word	0x007FFF80, 0x00000000, 0x07FFFC00
 5043      00000000 
 5043      00FCFF07 
 5044 ab7c C0FF7F00 			.word	0x007FFFC0, 0x00000000, 0x0FFFF800
 5044      00000000 
 5044      00F8FF0F 
 5045 ab88 F0FF3F00 			.word	0x003FFFF0, 0x00000000, 0x3FFFF000
 5045      00000000 
 5045      00F0FF3F 
 5046 ab94 F8FF1F00 			.word	0x001FFFF8, 0x00000000, 0x7FFFE000
 5046      00000000 
 5046      00E0FF7F 
 5047 aba0 FEFF0F00 			.word	0x000FFFFE, 0x00000001, 0xFFFFE000
 5047      01000000 
 5047      00E0FFFF 
 5048 abac FFFF0700 			.word	0x0007FFFF, 0x80000007, 0xFFFFC000
 5048      07000080 
 5048      00C0FFFF 
 5049 abb8 FFFF0700 			.word	0x0007FFFF, 0xF000003F, 0xFFFF8000
 5049      3F0000F0 
 5049      0080FFFF 
 5050 abc4 FFFF0300 			.word	0x0003FFFF, 0xFF8007FF, 0xFFFF0000
 5050      FF0780FF 
 5050      0000FFFF 
 5051 abd0 FFFF0000 			.word	0x0000FFFF, 0xFFFFFFFF, 0xFFFE0000
 5051      FFFFFFFF 
 5051      0000FEFF 
 5052 abdc FF7F0000 			.word	0x00007FFF, 0xFFFFFFFF, 0xFFFC0000
 5052      FFFFFFFF 
 5052      0000FCFF 
 5053 abe8 FF3F0000 			.word	0x00003FFF, 0xFFFFFFFF, 0xFFF00000
 5053      FFFFFFFF 
ARM GAS  font_arial104.s 			page 198


 5053      0000F0FF 
 5054 abf4 FF1F0000 			.word	0x00001FFF, 0xFFFFFFFF, 0xFFE00000
 5054      FFFFFFFF 
 5054      0000E0FF 
 5055 ac00 FF070000 			.word	0x000007FF, 0xFFFFFFFF, 0xFF800000
 5055      FFFFFFFF 
 5055      000080FF 
 5056 ac0c FF030000 			.word	0x000003FF, 0xFFFFFFFF, 0xFF000000
 5056      FFFFFFFF 
 5056      000000FF 
 5057 ac18 FF000000 			.word	0x000000FF, 0xFFFFFFFF, 0xFC000000
 5057      FFFFFFFF 
 5057      000000FC 
 5058 ac24 3F000000 			.word	0x0000003F, 0xFFFFFFFF, 0xF0000000
 5058      FFFFFFFF 
 5058      000000F0 
 5059 ac30 0F000000 			.word	0x0000000F, 0xFFFFFFFF, 0xC0000000
 5059      FFFFFFFF 
 5059      000000C0 
 5060 ac3c 01000000 			.word	0x00000001, 0xFFFFFFFE, 0x00000000
 5060      FEFFFFFF 
 5060      00000000 
 5061 ac48 00000000 			.word	0x00000000, 0x3FFFFFE0, 0x00000000
 5061      E0FFFF3F 
 5061      00000000 
 5062 ac54 00000000 			.word	0x00000000, 0x00FFFC00, 0x00000000
 5062      00FCFF00 
 5062      00000000 
 5063              	
 5064              	UPPERCASE_P:
 5065 ac60 50000000 			.word	'P			// ASCII "P" character
 5066 ac64 5D000000 			.word	93			// cell pixel width
 5067 ac68 82000000 			.word	CELLHGHT		// cell pixel height
 5068 ac6c 4C000000 			.word	76			// glyph pixel width
 5069 ac70 64000000 			.word	100			// glyph pixel height
 5070 ac74 0B000000 			.word	11			// blank horizontal pixels before glyph
 5071 ac78 06000000 			.word	6			// blank horizontal pixels after glyph
 5072 ac7c 00000000 			.word	0			// blank horizontal lines before glyph
 5073 ac80 1E000000 			.word	30			// blank horizontal lines after glyph
 5074              							// bit mapped glyph
 5075 ac84 FFFFFFFF 			.word	0xFFFFFFFF, 0xFFFF8000, 0x00000000
 5075      0080FFFF 
 5075      00000000 
 5076 ac90 FFFFFFFF 			.word	0xFFFFFFFF, 0xFFFFFE00, 0x00000000
 5076      00FEFFFF 
 5076      00000000 
 5077 ac9c FFFFFFFF 			.word	0xFFFFFFFF, 0xFFFFFFE0, 0x00000000
 5077      E0FFFFFF 
 5077      00000000 
 5078 aca8 FFFFFFFF 			.word	0xFFFFFFFF, 0xFFFFFFF8, 0x00000000
 5078      F8FFFFFF 
 5078      00000000 
 5079 acb4 FFFFFFFF 			.word	0xFFFFFFFF, 0xFFFFFFFE, 0x00000000
 5079      FEFFFFFF 
 5079      00000000 
 5080 acc0 FFFFFFFF 			.word	0xFFFFFFFF, 0xFFFFFFFF, 0x80000000
 5080      FFFFFFFF 
ARM GAS  font_arial104.s 			page 199


 5080      00000080 
 5081 accc FFFFFFFF 			.word	0xFFFFFFFF, 0xFFFFFFFF, 0xC0000000
 5081      FFFFFFFF 
 5081      000000C0 
 5082 acd8 FFFFFFFF 			.word	0xFFFFFFFF, 0xFFFFFFFF, 0xE0000000
 5082      FFFFFFFF 
 5082      000000E0 
 5083 ace4 FFFFFFFF 			.word	0xFFFFFFFF, 0xFFFFFFFF, 0xF0000000
 5083      FFFFFFFF 
 5083      000000F0 
 5084 acf0 FFFFFFFF 			.word	0xFFFFFFFF, 0xFFFFFFFF, 0xF8000000
 5084      FFFFFFFF 
 5084      000000F8 
 5085 acfc FFFFFFFF 			.word	0xFFFFFFFF, 0xFFFFFFFF, 0xFC000000
 5085      FFFFFFFF 
 5085      000000FC 
 5086 ad08 FFFFFFFF 			.word	0xFFFFFFFF, 0xFFFFFFFF, 0xFE000000
 5086      FFFFFFFF 
 5086      000000FE 
 5087 ad14 0000F8FF 			.word	0xFFF80000, 0x00007FFF, 0xFE000000
 5087      FF7F0000 
 5087      000000FE 
 5088 ad20 0000F8FF 			.word	0xFFF80000, 0x000007FF, 0xFF000000
 5088      FF070000 
 5088      000000FF 
 5089 ad2c 0000F8FF 			.word	0xFFF80000, 0x000001FF, 0xFF000000
 5089      FF010000 
 5089      000000FF 
 5090 ad38 0000F8FF 			.word	0xFFF80000, 0x000000FF, 0xFF800000
 5090      FF000000 
 5090      000080FF 
 5091 ad44 0000F8FF 			.word	0xFFF80000, 0x0000007F, 0xFF800000
 5091      7F000000 
 5091      000080FF 
 5092 ad50 0000F8FF 			.word	0xFFF80000, 0x0000003F, 0xFFC00000
 5092      3F000000 
 5092      0000C0FF 
 5093 ad5c 0000F8FF 			.word	0xFFF80000, 0x0000001F, 0xFFC00000
 5093      1F000000 
 5093      0000C0FF 
 5094 ad68 0000F8FF 			.word	0xFFF80000, 0x0000000F, 0xFFC00000
 5094      0F000000 
 5094      0000C0FF 
 5095 ad74 0000F8FF 			.word	0xFFF80000, 0x0000000F, 0xFFE00000
 5095      0F000000 
 5095      0000E0FF 
 5096 ad80 0000F8FF 			.word	0xFFF80000, 0x00000007, 0xFFE00000
 5096      07000000 
 5096      0000E0FF 
 5097 ad8c 0000F8FF 			.word	0xFFF80000, 0x00000007, 0xFFE00000
 5097      07000000 
 5097      0000E0FF 
 5098 ad98 0000F8FF 			.word	0xFFF80000, 0x00000003, 0xFFE00000
 5098      03000000 
 5098      0000E0FF 
 5099 ada4 0000F8FF 			.word	0xFFF80000, 0x00000003, 0xFFF00000
 5099      03000000 
ARM GAS  font_arial104.s 			page 200


 5099      0000F0FF 
 5100 adb0 0000F8FF 			.word	0xFFF80000, 0x00000003, 0xFFF00000
 5100      03000000 
 5100      0000F0FF 
 5101 adbc 0000F8FF 			.word	0xFFF80000, 0x00000003, 0xFFF00000
 5101      03000000 
 5101      0000F0FF 
 5102 adc8 0000F8FF 			.word	0xFFF80000, 0x00000003, 0xFFF00000
 5102      03000000 
 5102      0000F0FF 
 5103 add4 0000F8FF 			.word	0xFFF80000, 0x00000003, 0xFFF00000
 5103      03000000 
 5103      0000F0FF 
 5104 ade0 0000F8FF 			.word	0xFFF80000, 0x00000003, 0xFFF00000
 5104      03000000 
 5104      0000F0FF 
 5105 adec 0000F8FF 			.word	0xFFF80000, 0x00000003, 0xFFF00000
 5105      03000000 
 5105      0000F0FF 
 5106 adf8 0000F8FF 			.word	0xFFF80000, 0x00000003, 0xFFF00000
 5106      03000000 
 5106      0000F0FF 
 5107 ae04 0000F8FF 			.word	0xFFF80000, 0x00000003, 0xFFF00000
 5107      03000000 
 5107      0000F0FF 
 5108 ae10 0000F8FF 			.word	0xFFF80000, 0x00000003, 0xFFF00000
 5108      03000000 
 5108      0000F0FF 
 5109 ae1c 0000F8FF 			.word	0xFFF80000, 0x00000003, 0xFFE00000
 5109      03000000 
 5109      0000E0FF 
 5110 ae28 0000F8FF 			.word	0xFFF80000, 0x00000003, 0xFFE00000
 5110      03000000 
 5110      0000E0FF 
 5111 ae34 0000F8FF 			.word	0xFFF80000, 0x00000007, 0xFFE00000
 5111      07000000 
 5111      0000E0FF 
 5112 ae40 0000F8FF 			.word	0xFFF80000, 0x00000007, 0xFFE00000
 5112      07000000 
 5112      0000E0FF 
 5113 ae4c 0000F8FF 			.word	0xFFF80000, 0x00000007, 0xFFE00000
 5113      07000000 
 5113      0000E0FF 
 5114 ae58 0000F8FF 			.word	0xFFF80000, 0x0000000F, 0xFFC00000
 5114      0F000000 
 5114      0000C0FF 
 5115 ae64 0000F8FF 			.word	0xFFF80000, 0x0000001F, 0xFFC00000
 5115      1F000000 
 5115      0000C0FF 
 5116 ae70 0000F8FF 			.word	0xFFF80000, 0x0000001F, 0xFFC00000
 5116      1F000000 
 5116      0000C0FF 
 5117 ae7c 0000F8FF 			.word	0xFFF80000, 0x0000003F, 0xFF800000
 5117      3F000000 
 5117      000080FF 
 5118 ae88 0000F8FF 			.word	0xFFF80000, 0x0000007F, 0xFF800000
 5118      7F000000 
ARM GAS  font_arial104.s 			page 201


 5118      000080FF 
 5119 ae94 0000F8FF 			.word	0xFFF80000, 0x000001FF, 0xFF000000
 5119      FF010000 
 5119      000000FF 
 5120 aea0 0000F8FF 			.word	0xFFF80000, 0x000003FF, 0xFF000000
 5120      FF030000 
 5120      000000FF 
 5121 aeac 0000F8FF 			.word	0xFFF80000, 0x00001FFF, 0xFE000000
 5121      FF1F0000 
 5121      000000FE 
 5122 aeb8 0000F8FF 			.word	0xFFF80000, 0x0003FFFF, 0xFE000000
 5122      FFFF0300 
 5122      000000FE 
 5123 aec4 FFFFFFFF 			.word	0xFFFFFFFF, 0xFFFFFFFF, 0xFC000000
 5123      FFFFFFFF 
 5123      000000FC 
 5124 aed0 FFFFFFFF 			.word	0xFFFFFFFF, 0xFFFFFFFF, 0xF8000000
 5124      FFFFFFFF 
 5124      000000F8 
 5125 aedc FFFFFFFF 			.word	0xFFFFFFFF, 0xFFFFFFFF, 0xF0000000
 5125      FFFFFFFF 
 5125      000000F0 
 5126 aee8 FFFFFFFF 			.word	0xFFFFFFFF, 0xFFFFFFFF, 0xE0000000
 5126      FFFFFFFF 
 5126      000000E0 
 5127 aef4 FFFFFFFF 			.word	0xFFFFFFFF, 0xFFFFFFFF, 0xC0000000
 5127      FFFFFFFF 
 5127      000000C0 
 5128 af00 FFFFFFFF 			.word	0xFFFFFFFF, 0xFFFFFFFF, 0x80000000
 5128      FFFFFFFF 
 5128      00000080 
 5129 af0c FFFFFFFF 			.word	0xFFFFFFFF, 0xFFFFFFFF, 0x00000000
 5129      FFFFFFFF 
 5129      00000000 
 5130 af18 FFFFFFFF 			.word	0xFFFFFFFF, 0xFFFFFFFC, 0x00000000
 5130      FCFFFFFF 
 5130      00000000 
 5131 af24 FFFFFFFF 			.word	0xFFFFFFFF, 0xFFFFFFF0, 0x00000000
 5131      F0FFFFFF 
 5131      00000000 
 5132 af30 FFFFFFFF 			.word	0xFFFFFFFF, 0xFFFFFF80, 0x00000000
 5132      80FFFFFF 
 5132      00000000 
 5133 af3c FFFFFFFF 			.word	0xFFFFFFFF, 0xFFFFFC00, 0x00000000
 5133      00FCFFFF 
 5133      00000000 
 5134 af48 FFFFFFFF 			.word	0xFFFFFFFF, 0xFFFF0000, 0x00000000
 5134      0000FFFF 
 5134      00000000 
 5135 af54 0000F8FF 			.word	0xFFF80000, 0x00000000, 0x00000000
 5135      00000000 
 5135      00000000 
 5136 af60 0000F8FF 			.word	0xFFF80000, 0x00000000, 0x00000000
 5136      00000000 
 5136      00000000 
 5137 af6c 0000F8FF 			.word	0xFFF80000, 0x00000000, 0x00000000
 5137      00000000 
ARM GAS  font_arial104.s 			page 202


 5137      00000000 
 5138 af78 0000F8FF 			.word	0xFFF80000, 0x00000000, 0x00000000
 5138      00000000 
 5138      00000000 
 5139 af84 0000F8FF 			.word	0xFFF80000, 0x00000000, 0x00000000
 5139      00000000 
 5139      00000000 
 5140 af90 0000F8FF 			.word	0xFFF80000, 0x00000000, 0x00000000
 5140      00000000 
 5140      00000000 
 5141 af9c 0000F8FF 			.word	0xFFF80000, 0x00000000, 0x00000000
 5141      00000000 
 5141      00000000 
 5142 afa8 0000F8FF 			.word	0xFFF80000, 0x00000000, 0x00000000
 5142      00000000 
 5142      00000000 
 5143 afb4 0000F8FF 			.word	0xFFF80000, 0x00000000, 0x00000000
 5143      00000000 
 5143      00000000 
 5144 afc0 0000F8FF 			.word	0xFFF80000, 0x00000000, 0x00000000
 5144      00000000 
 5144      00000000 
 5145 afcc 0000F8FF 			.word	0xFFF80000, 0x00000000, 0x00000000
 5145      00000000 
 5145      00000000 
 5146 afd8 0000F8FF 			.word	0xFFF80000, 0x00000000, 0x00000000
 5146      00000000 
 5146      00000000 
 5147 afe4 0000F8FF 			.word	0xFFF80000, 0x00000000, 0x00000000
 5147      00000000 
 5147      00000000 
 5148 aff0 0000F8FF 			.word	0xFFF80000, 0x00000000, 0x00000000
 5148      00000000 
 5148      00000000 
 5149 affc 0000F8FF 			.word	0xFFF80000, 0x00000000, 0x00000000
 5149      00000000 
 5149      00000000 
 5150 b008 0000F8FF 			.word	0xFFF80000, 0x00000000, 0x00000000
 5150      00000000 
 5150      00000000 
 5151 b014 0000F8FF 			.word	0xFFF80000, 0x00000000, 0x00000000
 5151      00000000 
 5151      00000000 
 5152 b020 0000F8FF 			.word	0xFFF80000, 0x00000000, 0x00000000
 5152      00000000 
 5152      00000000 
 5153 b02c 0000F8FF 			.word	0xFFF80000, 0x00000000, 0x00000000
 5153      00000000 
 5153      00000000 
 5154 b038 0000F8FF 			.word	0xFFF80000, 0x00000000, 0x00000000
 5154      00000000 
 5154      00000000 
 5155 b044 0000F8FF 			.word	0xFFF80000, 0x00000000, 0x00000000
 5155      00000000 
 5155      00000000 
 5156 b050 0000F8FF 			.word	0xFFF80000, 0x00000000, 0x00000000
 5156      00000000 
ARM GAS  font_arial104.s 			page 203


 5156      00000000 
 5157 b05c 0000F8FF 			.word	0xFFF80000, 0x00000000, 0x00000000
 5157      00000000 
 5157      00000000 
 5158 b068 0000F8FF 			.word	0xFFF80000, 0x00000000, 0x00000000
 5158      00000000 
 5158      00000000 
 5159 b074 0000F8FF 			.word	0xFFF80000, 0x00000000, 0x00000000
 5159      00000000 
 5159      00000000 
 5160 b080 0000F8FF 			.word	0xFFF80000, 0x00000000, 0x00000000
 5160      00000000 
 5160      00000000 
 5161 b08c 0000F8FF 			.word	0xFFF80000, 0x00000000, 0x00000000
 5161      00000000 
 5161      00000000 
 5162 b098 0000F8FF 			.word	0xFFF80000, 0x00000000, 0x00000000
 5162      00000000 
 5162      00000000 
 5163 b0a4 0000F8FF 			.word	0xFFF80000, 0x00000000, 0x00000000
 5163      00000000 
 5163      00000000 
 5164 b0b0 0000F8FF 			.word	0xFFF80000, 0x00000000, 0x00000000
 5164      00000000 
 5164      00000000 
 5165 b0bc 0000F8FF 			.word	0xFFF80000, 0x00000000, 0x00000000
 5165      00000000 
 5165      00000000 
 5166 b0c8 0000F8FF 			.word	0xFFF80000, 0x00000000, 0x00000000
 5166      00000000 
 5166      00000000 
 5167 b0d4 0000F8FF 			.word	0xFFF80000, 0x00000000, 0x00000000
 5167      00000000 
 5167      00000000 
 5168 b0e0 0000F8FF 			.word	0xFFF80000, 0x00000000, 0x00000000
 5168      00000000 
 5168      00000000 
 5169 b0ec 0000F8FF 			.word	0xFFF80000, 0x00000000, 0x00000000
 5169      00000000 
 5169      00000000 
 5170 b0f8 0000F8FF 			.word	0xFFF80000, 0x00000000, 0x00000000
 5170      00000000 
 5170      00000000 
 5171 b104 0000F8FF 			.word	0xFFF80000, 0x00000000, 0x00000000
 5171      00000000 
 5171      00000000 
 5172 b110 0000F8FF 			.word	0xFFF80000, 0x00000000, 0x00000000
 5172      00000000 
 5172      00000000 
 5173 b11c 0000F8FF 			.word	0xFFF80000, 0x00000000, 0x00000000
 5173      00000000 
 5173      00000000 
 5174 b128 0000F8FF 			.word	0xFFF80000, 0x00000000, 0x00000000
 5174      00000000 
 5174      00000000 
 5175              	
 5176              	UPPERCASE_Q:
ARM GAS  font_arial104.s 			page 204


 5177 b134 51000000 			.word	'Q			// ASCII "Q" character
 5178 b138 6B000000 			.word	107			// cell pixel width
 5179 b13c 82000000 			.word	CELLHGHT		// cell pixel height
 5180 b140 5E000000 			.word	94			// glyph pixel width
 5181 b144 6A000000 			.word	106			// glyph pixel height
 5182 b148 06000000 			.word	6			// blank horizontal pixels before glyph
 5183 b14c 07000000 			.word	7			// blank horizontal pixels after glyph
 5184 b150 00000000 			.word	0			// blank horizontal lines before glyph
 5185 b154 18000000 			.word	24			// blank horizontal lines after glyph
 5186              							// bit mapped glyph
 5187 b158 00000000 			.word	0x00000000, 0x01FFF800, 0x00000000
 5187      00F8FF01 
 5187      00000000 
 5188 b164 00000000 			.word	0x00000000, 0x3FFFFFC0, 0x00000000
 5188      C0FFFF3F 
 5188      00000000 
 5189 b170 03000000 			.word	0x00000003, 0xFFFFFFFC, 0x00000000
 5189      FCFFFFFF 
 5189      00000000 
 5190 b17c 0F000000 			.word	0x0000000F, 0xFFFFFFFF, 0x80000000
 5190      FFFFFFFF 
 5190      00000080 
 5191 b188 7F000000 			.word	0x0000007F, 0xFFFFFFFF, 0xE0000000
 5191      FFFFFFFF 
 5191      000000E0 
 5192 b194 FF010000 			.word	0x000001FF, 0xFFFFFFFF, 0xF8000000
 5192      FFFFFFFF 
 5192      000000F8 
 5193 b1a0 FF030000 			.word	0x000003FF, 0xFFFFFFFF, 0xFC000000
 5193      FFFFFFFF 
 5193      000000FC 
 5194 b1ac FF0F0000 			.word	0x00000FFF, 0xFFFFFFFF, 0xFF000000
 5194      FFFFFFFF 
 5194      000000FF 
 5195 b1b8 FF1F0000 			.word	0x00001FFF, 0xFFFFFFFF, 0xFF800000
 5195      FFFFFFFF 
 5195      000080FF 
 5196 b1c4 FF7F0000 			.word	0x00007FFF, 0xFFFFFFFF, 0xFFE00000
 5196      FFFFFFFF 
 5196      0000E0FF 
 5197 b1d0 FFFF0000 			.word	0x0000FFFF, 0xFFFFFFFF, 0xFFF00000
 5197      FFFFFFFF 
 5197      0000F0FF 
 5198 b1dc FFFF0100 			.word	0x0001FFFF, 0xFFFFFFFF, 0xFFF80000
 5198      FFFFFFFF 
 5198      0000F8FF 
 5199 b1e8 FFFF0300 			.word	0x0003FFFF, 0xFF000FFF, 0xFFFC0000
 5199      FF0F00FF 
 5199      0000FCFF 
 5200 b1f4 FFFF0700 			.word	0x0007FFFF, 0xF00000FF, 0xFFFE0000
 5200      FF0000F0 
 5200      0000FEFF 
 5201 b200 FFFF0F00 			.word	0x000FFFFF, 0x8000001F, 0xFFFF0000
 5201      1F000080 
 5201      0000FFFF 
 5202 b20c FEFF1F00 			.word	0x001FFFFE, 0x00000007, 0xFFFF8000
 5202      07000000 
ARM GAS  font_arial104.s 			page 205


 5202      0080FFFF 
 5203 b218 F8FF3F00 			.word	0x003FFFF8, 0x00000001, 0xFFFFC000
 5203      01000000 
 5203      00C0FFFF 
 5204 b224 E0FF3F00 			.word	0x003FFFE0, 0x00000000, 0x7FFFE000
 5204      00000000 
 5204      00E0FF7F 
 5205 b230 C0FF7F00 			.word	0x007FFFC0, 0x00000000, 0x3FFFE000
 5205      00000000 
 5205      00E0FF3F 
 5206 b23c 80FFFF00 			.word	0x00FFFF80, 0x00000000, 0x1FFFF000
 5206      00000000 
 5206      00F0FF1F 
 5207 b248 00FEFF00 			.word	0x00FFFE00, 0x00000000, 0x0FFFF800
 5207      00000000 
 5207      00F8FF0F 
 5208 b254 00FCFF01 			.word	0x01FFFC00, 0x00000000, 0x07FFF800
 5208      00000000 
 5208      00F8FF07 
 5209 b260 00FCFF01 			.word	0x01FFFC00, 0x00000000, 0x03FFFC00
 5209      00000000 
 5209      00FCFF03 
 5210 b26c 00F8FF03 			.word	0x03FFF800, 0x00000000, 0x01FFFC00
 5210      00000000 
 5210      00FCFF01 
 5211 b278 00F0FF03 			.word	0x03FFF000, 0x00000000, 0x00FFFE00
 5211      00000000 
 5211      00FEFF00 
 5212 b284 00E0FF07 			.word	0x07FFE000, 0x00000000, 0x007FFE00
 5212      00000000 
 5212      00FE7F00 
 5213 b290 00E0FF07 			.word	0x07FFE000, 0x00000000, 0x007FFF00
 5213      00000000 
 5213      00FF7F00 
 5214 b29c 00C0FF0F 			.word	0x0FFFC000, 0x00000000, 0x003FFF00
 5214      00000000 
 5214      00FF3F00 
 5215 b2a8 0080FF0F 			.word	0x0FFF8000, 0x00000000, 0x003FFF00
 5215      00000000 
 5215      00FF3F00 
 5216 b2b4 0080FF1F 			.word	0x1FFF8000, 0x00000000, 0x001FFF80
 5216      00000000 
 5216      80FF1F00 
 5217 b2c0 0000FF1F 			.word	0x1FFF0000, 0x00000000, 0x001FFF80
 5217      00000000 
 5217      80FF1F00 
 5218 b2cc 0000FF1F 			.word	0x1FFF0000, 0x00000000, 0x000FFF80
 5218      00000000 
 5218      80FF0F00 
 5219 b2d8 0000FF3F 			.word	0x3FFF0000, 0x00000000, 0x000FFFC0
 5219      00000000 
 5219      C0FF0F00 
 5220 b2e4 0000FE3F 			.word	0x3FFE0000, 0x00000000, 0x000FFFC0
 5220      00000000 
 5220      C0FF0F00 
 5221 b2f0 0000FE3F 			.word	0x3FFE0000, 0x00000000, 0x0007FFC0
 5221      00000000 
ARM GAS  font_arial104.s 			page 206


 5221      C0FF0700 
 5222 b2fc 0000FE3F 			.word	0x3FFE0000, 0x00000000, 0x0007FFE0
 5222      00000000 
 5222      E0FF0700 
 5223 b308 0000FC7F 			.word	0x7FFC0000, 0x00000000, 0x0007FFE0
 5223      00000000 
 5223      E0FF0700 
 5224 b314 0000FC7F 			.word	0x7FFC0000, 0x00000000, 0x0003FFE0
 5224      00000000 
 5224      E0FF0300 
 5225 b320 0000FC7F 			.word	0x7FFC0000, 0x00000000, 0x0003FFE0
 5225      00000000 
 5225      E0FF0300 
 5226 b32c 0000FC7F 			.word	0x7FFC0000, 0x00000000, 0x0003FFE0
 5226      00000000 
 5226      E0FF0300 
 5227 b338 0000FC7F 			.word	0x7FFC0000, 0x00000000, 0x0003FFE0
 5227      00000000 
 5227      E0FF0300 
 5228 b344 0000FC7F 			.word	0x7FFC0000, 0x00000000, 0x0003FFF0
 5228      00000000 
 5228      F0FF0300 
 5229 b350 0000F8FF 			.word	0xFFF80000, 0x00000000, 0x0001FFF0
 5229      00000000 
 5229      F0FF0100 
 5230 b35c 0000F8FF 			.word	0xFFF80000, 0x00000000, 0x0001FFF0
 5230      00000000 
 5230      F0FF0100 
 5231 b368 0000F8FF 			.word	0xFFF80000, 0x00000000, 0x0001FFF0
 5231      00000000 
 5231      F0FF0100 
 5232 b374 0000F8FF 			.word	0xFFF80000, 0x00000000, 0x0001FFF0
 5232      00000000 
 5232      F0FF0100 
 5233 b380 0000F8FF 			.word	0xFFF80000, 0x00000000, 0x0001FFF0
 5233      00000000 
 5233      F0FF0100 
 5234 b38c 0000F8FF 			.word	0xFFF80000, 0x00000000, 0x0001FFF0
 5234      00000000 
 5234      F0FF0100 
 5235 b398 0000F8FF 			.word	0xFFF80000, 0x00000000, 0x0001FFF0
 5235      00000000 
 5235      F0FF0100 
 5236 b3a4 0000F8FF 			.word	0xFFF80000, 0x00000000, 0x0001FFF0
 5236      00000000 
 5236      F0FF0100 
 5237 b3b0 0000F8FF 			.word	0xFFF80000, 0x00000000, 0x0001FFF0
 5237      00000000 
 5237      F0FF0100 
 5238 b3bc 0000F8FF 			.word	0xFFF80000, 0x00000000, 0x0001FFF0
 5238      00000000 
 5238      F0FF0100 
 5239 b3c8 0000F8FF 			.word	0xFFF80000, 0x00000000, 0x0001FFF0
 5239      00000000 
 5239      F0FF0100 
 5240 b3d4 0000F8FF 			.word	0xFFF80000, 0x00000000, 0x0001FFF0
 5240      00000000 
ARM GAS  font_arial104.s 			page 207


 5240      F0FF0100 
 5241 b3e0 0000F8FF 			.word	0xFFF80000, 0x00000000, 0x0001FFF0
 5241      00000000 
 5241      F0FF0100 
 5242 b3ec 0000F8FF 			.word	0xFFF80000, 0x00000000, 0x0001FFF0
 5242      00000000 
 5242      F0FF0100 
 5243 b3f8 0000F8FF 			.word	0xFFF80000, 0x00000000, 0x0001FFF0
 5243      00000000 
 5243      F0FF0100 
 5244 b404 0000F8FF 			.word	0xFFF80000, 0x00000000, 0x0001FFF0
 5244      00000000 
 5244      F0FF0100 
 5245 b410 0000FC7F 			.word	0x7FFC0000, 0x00000000, 0x0003FFE0
 5245      00000000 
 5245      E0FF0300 
 5246 b41c 0000FC7F 			.word	0x7FFC0000, 0x00000000, 0x0003FFE0
 5246      00000000 
 5246      E0FF0300 
 5247 b428 0000FC7F 			.word	0x7FFC0000, 0x00000000, 0x0003FFE0
 5247      00000000 
 5247      E0FF0300 
 5248 b434 0000FC7F 			.word	0x7FFC0000, 0x00000000, 0x0003FFE0
 5248      00000000 
 5248      E0FF0300 
 5249 b440 0000FC7F 			.word	0x7FFC0000, 0x00000000, 0x0003FFE0
 5249      00000000 
 5249      E0FF0300 
 5250 b44c 0000FE7F 			.word	0x7FFE0000, 0x00000000, 0x0007FFE0
 5250      00000000 
 5250      E0FF0700 
 5251 b458 0000FE3F 			.word	0x3FFE0000, 0x00000000, 0x0007FFC0
 5251      00000000 
 5251      C0FF0700 
 5252 b464 0000FE3F 			.word	0x3FFE0000, 0x00000000, 0x0007FFC0
 5252      00000000 
 5252      C0FF0700 
 5253 b470 0000FE3F 			.word	0x3FFE0000, 0x00000000, 0x0007FFC0
 5253      00000000 
 5253      C0FF0700 
 5254 b47c 0000FF3F 			.word	0x3FFF0000, 0x00000000, 0x000FFF80
 5254      00000000 
 5254      80FF0F00 
 5255 b488 0000FF1F 			.word	0x1FFF0000, 0x00000000, 0x000FFF80
 5255      00000000 
 5255      80FF0F00 
 5256 b494 0080FF1F 			.word	0x1FFF8000, 0x00000000, 0x001FFF80
 5256      00000000 
 5256      80FF1F00 
 5257 b4a0 0080FF1F 			.word	0x1FFF8000, 0x00000000, 0x001FFF00
 5257      00000000 
 5257      00FF1F00 
 5258 b4ac 00C0FF0F 			.word	0x0FFFC000, 0x00007000, 0x003FFF00
 5258      00700000 
 5258      00FF3F00 
 5259 b4b8 00C0FF0F 			.word	0x0FFFC000, 0x00007E00, 0x003FFF00
 5259      007E0000 
ARM GAS  font_arial104.s 			page 208


 5259      00FF3F00 
 5260 b4c4 00E0FF07 			.word	0x07FFE000, 0x00007F80, 0x007FFE00
 5260      807F0000 
 5260      00FE7F00 
 5261 b4d0 00E0FF07 			.word	0x07FFE000, 0x0000FFE0, 0x007FFE00
 5261      E0FF0000 
 5261      00FE7F00 
 5262 b4dc 00F0FF03 			.word	0x03FFF000, 0x0000FFF8, 0x00FFFC00
 5262      F8FF0000 
 5262      00FCFF00 
 5263 b4e8 00F8FF03 			.word	0x03FFF800, 0x0000FFFE, 0x01FFFC00
 5263      FEFF0000 
 5263      00FCFF01 
 5264 b4f4 00FCFF01 			.word	0x01FFFC00, 0x0001FFFF, 0x03FFF800
 5264      FFFF0100 
 5264      00F8FF03 
 5265 b500 00FEFF01 			.word	0x01FFFE00, 0x0001FFFF, 0xC7FFF800
 5265      FFFF0100 
 5265      00F8FFC7 
 5266 b50c 00FFFF00 			.word	0x00FFFF00, 0x0001FFFF, 0xEFFFF000
 5266      FFFF0100 
 5266      00F0FFEF 
 5267 b518 80FFFF00 			.word	0x00FFFF80, 0x0000FFFF, 0xFFFFE000
 5267      FFFF0000 
 5267      00E0FFFF 
 5268 b524 C0FF7F00 			.word	0x007FFFC0, 0x00001FFF, 0xFFFFC000
 5268      FF1F0000 
 5268      00C0FFFF 
 5269 b530 E0FF3F00 			.word	0x003FFFE0, 0x000007FF, 0xFFFFC000
 5269      FF070000 
 5269      00C0FFFF 
 5270 b53c F8FF1F00 			.word	0x001FFFF8, 0x000000FF, 0xFFFF8000
 5270      FF000000 
 5270      0080FFFF 
 5271 b548 FEFF1F00 			.word	0x001FFFFE, 0x0000007F, 0xFFFF0000
 5271      7F000000 
 5271      0000FFFF 
 5272 b554 FFFF0F00 			.word	0x000FFFFF, 0x8000001F, 0xFFFE0000
 5272      1F000080 
 5272      0000FEFF 
 5273 b560 FFFF0700 			.word	0x0007FFFF, 0xF00000FF, 0xFFFC0000
 5273      FF0000F0 
 5273      0000FCFF 
 5274 b56c FFFF0300 			.word	0x0003FFFF, 0xFF000FFF, 0xFFFC0000
 5274      FF0F00FF 
 5274      0000FCFF 
 5275 b578 FFFF0100 			.word	0x0001FFFF, 0xFFFFFFFF, 0xFFFF0000
 5275      FFFFFFFF 
 5275      0000FFFF 
 5276 b584 FFFF0000 			.word	0x0000FFFF, 0xFFFFFFFF, 0xFFFF8000
 5276      FFFFFFFF 
 5276      0080FFFF 
 5277 b590 FF3F0000 			.word	0x00003FFF, 0xFFFFFFFF, 0xFFFFC000
 5277      FFFFFFFF 
 5277      00C0FFFF 
 5278 b59c FF1F0000 			.word	0x00001FFF, 0xFFFFFFFF, 0xFFFFF000
 5278      FFFFFFFF 
ARM GAS  font_arial104.s 			page 209


 5278      00F0FFFF 
 5279 b5a8 FF0F0000 			.word	0x00000FFF, 0xFFFFFFFF, 0xFFFFFC00
 5279      FFFFFFFF 
 5279      00FCFFFF 
 5280 b5b4 FF030000 			.word	0x000003FF, 0xFFFFFFFF, 0xFFFFFE00
 5280      FFFFFFFF 
 5280      00FEFFFF 
 5281 b5c0 FF000000 			.word	0x000000FF, 0xFFFFFFFF, 0xFFFFFF80
 5281      FFFFFFFF 
 5281      80FFFFFF 
 5282 b5cc 3F000000 			.word	0x0000003F, 0xFFFFFFFF, 0xF3FFFFE0
 5282      FFFFFFFF 
 5282      E0FFFFF3 
 5283 b5d8 0F000000 			.word	0x0000000F, 0xFFFFFFFF, 0xC0FFFFF8
 5283      FFFFFFFF 
 5283      F8FFFFC0 
 5284 b5e4 03000000 			.word	0x00000003, 0xFFFFFFFE, 0x007FFFFC
 5284      FEFFFFFF 
 5284      FCFF7F00 
 5285 b5f0 00000000 			.word	0x00000000, 0x3FFFFFE0, 0x001FFFF8
 5285      E0FFFF3F 
 5285      F8FF1F00 
 5286 b5fc 00000000 			.word	0x00000000, 0x01FFFC00, 0x000FFFF8
 5286      00FCFF01 
 5286      F8FF0F00 
 5287 b608 00000000 			.word	0x00000000, 0x00000000, 0x0003FFF0
 5287      00000000 
 5287      F0FF0300 
 5288 b614 00000000 			.word	0x00000000, 0x00000000, 0x0000FFF0
 5288      00000000 
 5288      F0FF0000 
 5289 b620 00000000 			.word	0x00000000, 0x00000000, 0x00003FF0
 5289      00000000 
 5289      F03F0000 
 5290 b62c 00000000 			.word	0x00000000, 0x00000000, 0x00000FE0
 5290      00000000 
 5290      E00F0000 
 5291 b638 00000000 			.word	0x00000000, 0x00000000, 0x000003E0
 5291      00000000 
 5291      E0030000 
 5292 b644 00000000 			.word	0x00000000, 0x00000000, 0x00000040
 5292      00000000 
 5292      40000000 
 5293              	
 5294              	UPPERCASE_R:
 5295 b650 52000000 			.word	'R			// ASCII "R" character
 5296 b654 64000000 			.word	100			// cell pixel width
 5297 b658 82000000 			.word	CELLHGHT		// cell pixel height
 5298 b65c 57000000 			.word	87			// glyph pixel width
 5299 b660 64000000 			.word	100			// glyph pixel height
 5300 b664 0B000000 			.word	11			// blank horizontal pixels before glyph
 5301 b668 02000000 			.word	2			// blank horizontal pixels after glyph
 5302 b66c 00000000 			.word	0			// blank horizontal lines before glyph
 5303 b670 1E000000 			.word	30			// blank horizontal lines after glyph
 5304              							// bit mapped glyph
 5305 b674 FFFFFFFF 			.word	0xFFFFFFFF, 0xFFFFFC00, 0x00000000
 5305      00FCFFFF 
ARM GAS  font_arial104.s 			page 210


 5305      00000000 
 5306 b680 FFFFFFFF 			.word	0xFFFFFFFF, 0xFFFFFFF0, 0x00000000
 5306      F0FFFFFF 
 5306      00000000 
 5307 b68c FFFFFFFF 			.word	0xFFFFFFFF, 0xFFFFFFFE, 0x00000000
 5307      FEFFFFFF 
 5307      00000000 
 5308 b698 FFFFFFFF 			.word	0xFFFFFFFF, 0xFFFFFFFF, 0xC0000000
 5308      FFFFFFFF 
 5308      000000C0 
 5309 b6a4 FFFFFFFF 			.word	0xFFFFFFFF, 0xFFFFFFFF, 0xE0000000
 5309      FFFFFFFF 
 5309      000000E0 
 5310 b6b0 FFFFFFFF 			.word	0xFFFFFFFF, 0xFFFFFFFF, 0xF8000000
 5310      FFFFFFFF 
 5310      000000F8 
 5311 b6bc FFFFFFFF 			.word	0xFFFFFFFF, 0xFFFFFFFF, 0xFC000000
 5311      FFFFFFFF 
 5311      000000FC 
 5312 b6c8 FFFFFFFF 			.word	0xFFFFFFFF, 0xFFFFFFFF, 0xFE000000
 5312      FFFFFFFF 
 5312      000000FE 
 5313 b6d4 FFFFFFFF 			.word	0xFFFFFFFF, 0xFFFFFFFF, 0xFF000000
 5313      FFFFFFFF 
 5313      000000FF 
 5314 b6e0 FFFFFFFF 			.word	0xFFFFFFFF, 0xFFFFFFFF, 0xFF800000
 5314      FFFFFFFF 
 5314      000080FF 
 5315 b6ec FFFFFFFF 			.word	0xFFFFFFFF, 0xFFFFFFFF, 0xFFC00000
 5315      FFFFFFFF 
 5315      0000C0FF 
 5316 b6f8 FFFFFFFF 			.word	0xFFFFFFFF, 0xFFFFFFFF, 0xFFC00000
 5316      FFFFFFFF 
 5316      0000C0FF 
 5317 b704 0000F8FF 			.word	0xFFF80000, 0x00001FFF, 0xFFE00000
 5317      FF1F0000 
 5317      0000E0FF 
 5318 b710 0000F8FF 			.word	0xFFF80000, 0x000001FF, 0xFFF00000
 5318      FF010000 
 5318      0000F0FF 
 5319 b71c 0000F8FF 			.word	0xFFF80000, 0x0000003F, 0xFFF00000
 5319      3F000000 
 5319      0000F0FF 
 5320 b728 0000F8FF 			.word	0xFFF80000, 0x0000001F, 0xFFF80000
 5320      1F000000 
 5320      0000F8FF 
 5321 b734 0000F8FF 			.word	0xFFF80000, 0x00000007, 0xFFF80000
 5321      07000000 
 5321      0000F8FF 
 5322 b740 0000F8FF 			.word	0xFFF80000, 0x00000003, 0xFFF80000
 5322      03000000 
 5322      0000F8FF 
 5323 b74c 0000F8FF 			.word	0xFFF80000, 0x00000001, 0xFFFC0000
 5323      01000000 
 5323      0000FCFF 
 5324 b758 0000F8FF 			.word	0xFFF80000, 0x00000001, 0xFFFC0000
 5324      01000000 
ARM GAS  font_arial104.s 			page 211


 5324      0000FCFF 
 5325 b764 0000F8FF 			.word	0xFFF80000, 0x00000000, 0xFFFC0000
 5325      00000000 
 5325      0000FCFF 
 5326 b770 0000F8FF 			.word	0xFFF80000, 0x00000000, 0xFFFC0000
 5326      00000000 
 5326      0000FCFF 
 5327 b77c 0000F8FF 			.word	0xFFF80000, 0x00000000, 0x7FFE0000
 5327      00000000 
 5327      0000FE7F 
 5328 b788 0000F8FF 			.word	0xFFF80000, 0x00000000, 0x7FFE0000
 5328      00000000 
 5328      0000FE7F 
 5329 b794 0000F8FF 			.word	0xFFF80000, 0x00000000, 0x7FFE0000
 5329      00000000 
 5329      0000FE7F 
 5330 b7a0 0000F8FF 			.word	0xFFF80000, 0x00000000, 0x3FFE0000
 5330      00000000 
 5330      0000FE3F 
 5331 b7ac 0000F8FF 			.word	0xFFF80000, 0x00000000, 0x3FFE0000
 5331      00000000 
 5331      0000FE3F 
 5332 b7b8 0000F8FF 			.word	0xFFF80000, 0x00000000, 0x3FFE0000
 5332      00000000 
 5332      0000FE3F 
 5333 b7c4 0000F8FF 			.word	0xFFF80000, 0x00000000, 0x3FFE0000
 5333      00000000 
 5333      0000FE3F 
 5334 b7d0 0000F8FF 			.word	0xFFF80000, 0x00000000, 0x3FFE0000
 5334      00000000 
 5334      0000FE3F 
 5335 b7dc 0000F8FF 			.word	0xFFF80000, 0x00000000, 0x7FFE0000
 5335      00000000 
 5335      0000FE7F 
 5336 b7e8 0000F8FF 			.word	0xFFF80000, 0x00000000, 0x7FFE0000
 5336      00000000 
 5336      0000FE7F 
 5337 b7f4 0000F8FF 			.word	0xFFF80000, 0x00000000, 0x7FFE0000
 5337      00000000 
 5337      0000FE7F 
 5338 b800 0000F8FF 			.word	0xFFF80000, 0x00000000, 0x7FFC0000
 5338      00000000 
 5338      0000FC7F 
 5339 b80c 0000F8FF 			.word	0xFFF80000, 0x00000000, 0xFFFC0000
 5339      00000000 
 5339      0000FCFF 
 5340 b818 0000F8FF 			.word	0xFFF80000, 0x00000000, 0xFFFC0000
 5340      00000000 
 5340      0000FCFF 
 5341 b824 0000F8FF 			.word	0xFFF80000, 0x00000001, 0xFFFC0000
 5341      01000000 
 5341      0000FCFF 
 5342 b830 0000F8FF 			.word	0xFFF80000, 0x00000003, 0xFFF80000
 5342      03000000 
 5342      0000F8FF 
 5343 b83c 0000F8FF 			.word	0xFFF80000, 0x00000007, 0xFFF80000
 5343      07000000 
ARM GAS  font_arial104.s 			page 212


 5343      0000F8FF 
 5344 b848 0000F8FF 			.word	0xFFF80000, 0x0000000F, 0xFFF00000
 5344      0F000000 
 5344      0000F0FF 
 5345 b854 0000F8FF 			.word	0xFFF80000, 0x0000001F, 0xFFF00000
 5345      1F000000 
 5345      0000F0FF 
 5346 b860 0000F8FF 			.word	0xFFF80000, 0x0000007F, 0xFFE00000
 5346      7F000000 
 5346      0000E0FF 
 5347 b86c 0000F8FF 			.word	0xFFF80000, 0x000003FF, 0xFFE00000
 5347      FF030000 
 5347      0000E0FF 
 5348 b878 0000F8FF 			.word	0xFFF80000, 0x00003FFF, 0xFFC00000
 5348      FF3F0000 
 5348      0000C0FF 
 5349 b884 FFFFFFFF 			.word	0xFFFFFFFF, 0xFFFFFFFF, 0xFF800000
 5349      FFFFFFFF 
 5349      000080FF 
 5350 b890 FFFFFFFF 			.word	0xFFFFFFFF, 0xFFFFFFFF, 0xFF000000
 5350      FFFFFFFF 
 5350      000000FF 
 5351 b89c FFFFFFFF 			.word	0xFFFFFFFF, 0xFFFFFFFF, 0xFE000000
 5351      FFFFFFFF 
 5351      000000FE 
 5352 b8a8 FFFFFFFF 			.word	0xFFFFFFFF, 0xFFFFFFFF, 0xFC000000
 5352      FFFFFFFF 
 5352      000000FC 
 5353 b8b4 FFFFFFFF 			.word	0xFFFFFFFF, 0xFFFFFFFF, 0xF8000000
 5353      FFFFFFFF 
 5353      000000F8 
 5354 b8c0 FFFFFFFF 			.word	0xFFFFFFFF, 0xFFFFFFFF, 0xF0000000
 5354      FFFFFFFF 
 5354      000000F0 
 5355 b8cc FFFFFFFF 			.word	0xFFFFFFFF, 0xFFFFFFFF, 0xC0000000
 5355      FFFFFFFF 
 5355      000000C0 
 5356 b8d8 FFFFFFFF 			.word	0xFFFFFFFF, 0xFFFFFFFF, 0x00000000
 5356      FFFFFFFF 
 5356      00000000 
 5357 b8e4 FFFFFFFF 			.word	0xFFFFFFFF, 0xFFFFFFF8, 0x00000000
 5357      F8FFFFFF 
 5357      00000000 
 5358 b8f0 FFFFFFFF 			.word	0xFFFFFFFF, 0xFFFFFFC0, 0x00000000
 5358      C0FFFFFF 
 5358      00000000 
 5359 b8fc FFFFFFFF 			.word	0xFFFFFFFF, 0xFFFFFC00, 0x00000000
 5359      00FCFFFF 
 5359      00000000 
 5360 b908 FFFFFFFF 			.word	0xFFFFFFFF, 0xFFFFF000, 0x00000000
 5360      00F0FFFF 
 5360      00000000 
 5361 b914 0000F8FF 			.word	0xFFF80000, 0x0FFFFC00, 0x00000000
 5361      00FCFF0F 
 5361      00000000 
 5362 b920 0000F8FF 			.word	0xFFF80000, 0x01FFFF00, 0x00000000
 5362      00FFFF01 
ARM GAS  font_arial104.s 			page 213


 5362      00000000 
 5363 b92c 0000F8FF 			.word	0xFFF80000, 0x007FFF80, 0x00000000
 5363      80FF7F00 
 5363      00000000 
 5364 b938 0000F8FF 			.word	0xFFF80000, 0x003FFFE0, 0x00000000
 5364      E0FF3F00 
 5364      00000000 
 5365 b944 0000F8FF 			.word	0xFFF80000, 0x001FFFF0, 0x00000000
 5365      F0FF1F00 
 5365      00000000 
 5366 b950 0000F8FF 			.word	0xFFF80000, 0x000FFFF8, 0x00000000
 5366      F8FF0F00 
 5366      00000000 
 5367 b95c 0000F8FF 			.word	0xFFF80000, 0x0007FFFC, 0x00000000
 5367      FCFF0700 
 5367      00000000 
 5368 b968 0000F8FF 			.word	0xFFF80000, 0x0003FFFE, 0x00000000
 5368      FEFF0300 
 5368      00000000 
 5369 b974 0000F8FF 			.word	0xFFF80000, 0x0001FFFF, 0x00000000
 5369      FFFF0100 
 5369      00000000 
 5370 b980 0000F8FF 			.word	0xFFF80000, 0x0000FFFF, 0x00000000
 5370      FFFF0000 
 5370      00000000 
 5371 b98c 0000F8FF 			.word	0xFFF80000, 0x00007FFF, 0x80000000
 5371      FF7F0000 
 5371      00000080 
 5372 b998 0000F8FF 			.word	0xFFF80000, 0x00003FFF, 0xC0000000
 5372      FF3F0000 
 5372      000000C0 
 5373 b9a4 0000F8FF 			.word	0xFFF80000, 0x00003FFF, 0xE0000000
 5373      FF3F0000 
 5373      000000E0 
 5374 b9b0 0000F8FF 			.word	0xFFF80000, 0x00001FFF, 0xF0000000
 5374      FF1F0000 
 5374      000000F0 
 5375 b9bc 0000F8FF 			.word	0xFFF80000, 0x00000FFF, 0xF0000000
 5375      FF0F0000 
 5375      000000F0 
 5376 b9c8 0000F8FF 			.word	0xFFF80000, 0x00000FFF, 0xF8000000
 5376      FF0F0000 
 5376      000000F8 
 5377 b9d4 0000F8FF 			.word	0xFFF80000, 0x000007FF, 0xFC000000
 5377      FF070000 
 5377      000000FC 
 5378 b9e0 0000F8FF 			.word	0xFFF80000, 0x000003FF, 0xFC000000
 5378      FF030000 
 5378      000000FC 
 5379 b9ec 0000F8FF 			.word	0xFFF80000, 0x000001FF, 0xFE000000
 5379      FF010000 
 5379      000000FE 
 5380 b9f8 0000F8FF 			.word	0xFFF80000, 0x000001FF, 0xFF000000
 5380      FF010000 
 5380      000000FF 
 5381 ba04 0000F8FF 			.word	0xFFF80000, 0x000000FF, 0xFF000000
 5381      FF000000 
ARM GAS  font_arial104.s 			page 214


 5381      000000FF 
 5382 ba10 0000F8FF 			.word	0xFFF80000, 0x000000FF, 0xFF800000
 5382      FF000000 
 5382      000080FF 
 5383 ba1c 0000F8FF 			.word	0xFFF80000, 0x0000007F, 0xFF800000
 5383      7F000000 
 5383      000080FF 
 5384 ba28 0000F8FF 			.word	0xFFF80000, 0x0000003F, 0xFFC00000
 5384      3F000000 
 5384      0000C0FF 
 5385 ba34 0000F8FF 			.word	0xFFF80000, 0x0000003F, 0xFFE00000
 5385      3F000000 
 5385      0000E0FF 
 5386 ba40 0000F8FF 			.word	0xFFF80000, 0x0000001F, 0xFFE00000
 5386      1F000000 
 5386      0000E0FF 
 5387 ba4c 0000F8FF 			.word	0xFFF80000, 0x0000000F, 0xFFF00000
 5387      0F000000 
 5387      0000F0FF 
 5388 ba58 0000F8FF 			.word	0xFFF80000, 0x0000000F, 0xFFF80000
 5388      0F000000 
 5388      0000F8FF 
 5389 ba64 0000F8FF 			.word	0xFFF80000, 0x00000007, 0xFFF80000
 5389      07000000 
 5389      0000F8FF 
 5390 ba70 0000F8FF 			.word	0xFFF80000, 0x00000003, 0xFFFC0000
 5390      03000000 
 5390      0000FCFF 
 5391 ba7c 0000F8FF 			.word	0xFFF80000, 0x00000003, 0xFFFE0000
 5391      03000000 
 5391      0000FEFF 
 5392 ba88 0000F8FF 			.word	0xFFF80000, 0x00000001, 0xFFFE0000
 5392      01000000 
 5392      0000FEFF 
 5393 ba94 0000F8FF 			.word	0xFFF80000, 0x00000000, 0xFFFF0000
 5393      00000000 
 5393      0000FFFF 
 5394 baa0 0000F8FF 			.word	0xFFF80000, 0x00000000, 0xFFFF0000
 5394      00000000 
 5394      0000FFFF 
 5395 baac 0000F8FF 			.word	0xFFF80000, 0x00000000, 0x7FFF8000
 5395      00000000 
 5395      0080FF7F 
 5396 bab8 0000F8FF 			.word	0xFFF80000, 0x00000000, 0x7FFFC000
 5396      00000000 
 5396      00C0FF7F 
 5397 bac4 0000F8FF 			.word	0xFFF80000, 0x00000000, 0x3FFFC000
 5397      00000000 
 5397      00C0FF3F 
 5398 bad0 0000F8FF 			.word	0xFFF80000, 0x00000000, 0x1FFFE000
 5398      00000000 
 5398      00E0FF1F 
 5399 badc 0000F8FF 			.word	0xFFF80000, 0x00000000, 0x1FFFF000
 5399      00000000 
 5399      00F0FF1F 
 5400 bae8 0000F8FF 			.word	0xFFF80000, 0x00000000, 0x0FFFF000
 5400      00000000 
ARM GAS  font_arial104.s 			page 215


 5400      00F0FF0F 
 5401 baf4 0000F8FF 			.word	0xFFF80000, 0x00000000, 0x07FFF800
 5401      00000000 
 5401      00F8FF07 
 5402 bb00 0000F8FF 			.word	0xFFF80000, 0x00000000, 0x07FFFC00
 5402      00000000 
 5402      00FCFF07 
 5403 bb0c 0000F8FF 			.word	0xFFF80000, 0x00000000, 0x03FFFC00
 5403      00000000 
 5403      00FCFF03 
 5404 bb18 0000F8FF 			.word	0xFFF80000, 0x00000000, 0x01FFFE00
 5404      00000000 
 5404      00FEFF01 
 5405              	
 5406              	UPPERCASE_S:
 5407 bb24 53000000 			.word	'S			// ASCII "S" character
 5408 bb28 5B000000 			.word	91			// cell pixel width
 5409 bb2c 82000000 			.word	CELLHGHT		// cell pixel height
 5410 bb30 4E000000 			.word	78			// glyph pixel width
 5411 bb34 64000000 			.word	100			// glyph pixel height
 5412 bb38 06000000 			.word	6			// blank horizontal pixels before glyph
 5413 bb3c 07000000 			.word	7			// blank horizontal pixels after glyph
 5414 bb40 00000000 			.word	0			// blank horizontal lines before glyph
 5415 bb44 1E000000 			.word	30			// blank horizontal lines after glyph
 5416              							// bit mapped glyph
 5417 bb48 01000000 			.word	0x00000001, 0xFFFE0000, 0x00000000
 5417      0000FEFF 
 5417      00000000 
 5418 bb54 3F000000 			.word	0x0000003F, 0xFFFFF000, 0x00000000
 5418      00F0FFFF 
 5418      00000000 
 5419 bb60 FF010000 			.word	0x000001FF, 0xFFFFFF00, 0x00000000
 5419      00FFFFFF 
 5419      00000000 
 5420 bb6c FF0F0000 			.word	0x00000FFF, 0xFFFFFFC0, 0x00000000
 5420      C0FFFFFF 
 5420      00000000 
 5421 bb78 FF3F0000 			.word	0x00003FFF, 0xFFFFFFF0, 0x00000000
 5421      F0FFFFFF 
 5421      00000000 
 5422 bb84 FFFF0000 			.word	0x0000FFFF, 0xFFFFFFFC, 0x00000000
 5422      FCFFFFFF 
 5422      00000000 
 5423 bb90 FFFF0100 			.word	0x0001FFFF, 0xFFFFFFFF, 0x00000000
 5423      FFFFFFFF 
 5423      00000000 
 5424 bb9c FFFF0700 			.word	0x0007FFFF, 0xFFFFFFFF, 0x80000000
 5424      FFFFFFFF 
 5424      00000080 
 5425 bba8 FFFF0F00 			.word	0x000FFFFF, 0xFFFFFFFF, 0xE0000000
 5425      FFFFFFFF 
 5425      000000E0 
 5426 bbb4 FFFF1F00 			.word	0x001FFFFF, 0xFFFFFFFF, 0xF0000000
 5426      FFFFFFFF 
 5426      000000F0 
 5427 bbc0 FFFF3F00 			.word	0x003FFFFF, 0xFFFFFFFF, 0xF8000000
 5427      FFFFFFFF 
ARM GAS  font_arial104.s 			page 216


 5427      000000F8 
 5428 bbcc FFFF7F00 			.word	0x007FFFFF, 0xFFFFFFFF, 0xF8000000
 5428      FFFFFFFF 
 5428      000000F8 
 5429 bbd8 FFFF7F00 			.word	0x007FFFFF, 0x0003FFFF, 0xFC000000
 5429      FFFF0300 
 5429      000000FC 
 5430 bbe4 F0FFFF00 			.word	0x00FFFFF0, 0x00001FFF, 0xFE000000
 5430      FF1F0000 
 5430      000000FE 
 5431 bbf0 80FFFF01 			.word	0x01FFFF80, 0x000007FF, 0xFF000000
 5431      FF070000 
 5431      000000FF 
 5432 bbfc 00FEFF01 			.word	0x01FFFE00, 0x000001FF, 0xFF000000
 5432      FF010000 
 5432      000000FF 
 5433 bc08 00FCFF03 			.word	0x03FFFC00, 0x0000007F, 0xFF800000
 5433      7F000000 
 5433      000080FF 
 5434 bc14 00F8FF03 			.word	0x03FFF800, 0x0000003F, 0xFF800000
 5434      3F000000 
 5434      000080FF 
 5435 bc20 00F0FF07 			.word	0x07FFF000, 0x0000001F, 0xFFC00000
 5435      1F000000 
 5435      0000C0FF 
 5436 bc2c 00E0FF07 			.word	0x07FFE000, 0x0000001F, 0xFFC00000
 5436      1F000000 
 5436      0000C0FF 
 5437 bc38 00E0FF07 			.word	0x07FFE000, 0x0000000F, 0xFFC00000
 5437      0F000000 
 5437      0000C0FF 
 5438 bc44 00C0FF07 			.word	0x07FFC000, 0x00000007, 0xFFE00000
 5438      07000000 
 5438      0000E0FF 
 5439 bc50 00C0FF0F 			.word	0x0FFFC000, 0x00000007, 0xFFE00000
 5439      07000000 
 5439      0000E0FF 
 5440 bc5c 0080FF0F 			.word	0x0FFF8000, 0x00000003, 0xFFE00000
 5440      03000000 
 5440      0000E0FF 
 5441 bc68 0080FF0F 			.word	0x0FFF8000, 0x00000003, 0xFFF00000
 5441      03000000 
 5441      0000F0FF 
 5442 bc74 0080FF0F 			.word	0x0FFF8000, 0x00000003, 0xFFF00000
 5442      03000000 
 5442      0000F0FF 
 5443 bc80 0080FF0F 			.word	0x0FFF8000, 0x00000001, 0xFFF00000
 5443      01000000 
 5443      0000F0FF 
 5444 bc8c 0080FF0F 			.word	0x0FFF8000, 0x00000001, 0xFFF00000
 5444      01000000 
 5444      0000F0FF 
 5445 bc98 0080FF0F 			.word	0x0FFF8000, 0x00000001, 0xFFF00000
 5445      01000000 
 5445      0000F0FF 
 5446 bca4 0080FF0F 			.word	0x0FFF8000, 0x00000000, 0x00000000
 5446      00000000 
ARM GAS  font_arial104.s 			page 217


 5446      00000000 
 5447 bcb0 00C0FF0F 			.word	0x0FFFC000, 0x00000000, 0x00000000
 5447      00000000 
 5447      00000000 
 5448 bcbc 00C0FF0F 			.word	0x0FFFC000, 0x00000000, 0x00000000
 5448      00000000 
 5448      00000000 
 5449 bcc8 00E0FF07 			.word	0x07FFE000, 0x00000000, 0x00000000
 5449      00000000 
 5449      00000000 
 5450 bcd4 00F0FF07 			.word	0x07FFF000, 0x00000000, 0x00000000
 5450      00000000 
 5450      00000000 
 5451 bce0 00F8FF07 			.word	0x07FFF800, 0x00000000, 0x00000000
 5451      00000000 
 5451      00000000 
 5452 bcec 00FCFF03 			.word	0x03FFFC00, 0x00000000, 0x00000000
 5452      00000000 
 5452      00000000 
 5453 bcf8 00FFFF03 			.word	0x03FFFF00, 0x00000000, 0x00000000
 5453      00000000 
 5453      00000000 
 5454 bd04 C0FFFF01 			.word	0x01FFFFC0, 0x00000000, 0x00000000
 5454      00000000 
 5454      00000000 
 5455 bd10 F8FFFF01 			.word	0x01FFFFF8, 0x00000000, 0x00000000
 5455      00000000 
 5455      00000000 
 5456 bd1c FFFFFF00 			.word	0x00FFFFFF, 0x00000000, 0x00000000
 5456      00000000 
 5456      00000000 
 5457 bd28 FFFF7F00 			.word	0x007FFFFF, 0xF0000000, 0x00000000
 5457      000000F0 
 5457      00000000 
 5458 bd34 FFFF3F00 			.word	0x003FFFFF, 0xFF000000, 0x00000000
 5458      000000FF 
 5458      00000000 
 5459 bd40 FFFF1F00 			.word	0x001FFFFF, 0xFFF80000, 0x00000000
 5459      0000F8FF 
 5459      00000000 
 5460 bd4c FFFF0F00 			.word	0x000FFFFF, 0xFFFF8000, 0x00000000
 5460      0080FFFF 
 5460      00000000 
 5461 bd58 FFFF0700 			.word	0x0007FFFF, 0xFFFFF000, 0x00000000
 5461      00F0FFFF 
 5461      00000000 
 5462 bd64 FFFF0300 			.word	0x0003FFFF, 0xFFFFFF00, 0x00000000
 5462      00FFFFFF 
 5462      00000000 
 5463 bd70 FFFF0000 			.word	0x0000FFFF, 0xFFFFFFE0, 0x00000000
 5463      E0FFFFFF 
 5463      00000000 
 5464 bd7c FF3F0000 			.word	0x00003FFF, 0xFFFFFFF8, 0x00000000
 5464      F8FFFFFF 
 5464      00000000 
 5465 bd88 FF0F0000 			.word	0x00000FFF, 0xFFFFFFFE, 0x00000000
 5465      FEFFFFFF 
ARM GAS  font_arial104.s 			page 218


 5465      00000000 
 5466 bd94 FF030000 			.word	0x000003FF, 0xFFFFFFFF, 0x80000000
 5466      FFFFFFFF 
 5466      00000080 
 5467 bda0 7F000000 			.word	0x0000007F, 0xFFFFFFFF, 0xE0000000
 5467      FFFFFFFF 
 5467      000000E0 
 5468 bdac 0F000000 			.word	0x0000000F, 0xFFFFFFFF, 0xF0000000
 5468      FFFFFFFF 
 5468      000000F0 
 5469 bdb8 00000000 			.word	0x00000000, 0xFFFFFFFF, 0xFC000000
 5469      FFFFFFFF 
 5469      000000FC 
 5470 bdc4 00000000 			.word	0x00000000, 0x0FFFFFFF, 0xFE000000
 5470      FFFFFF0F 
 5470      000000FE 
 5471 bdd0 00000000 			.word	0x00000000, 0x00FFFFFF, 0xFF000000
 5471      FFFFFF00 
 5471      000000FF 
 5472 bddc 00000000 			.word	0x00000000, 0x000FFFFF, 0xFF800000
 5472      FFFF0F00 
 5472      000080FF 
 5473 bde8 00000000 			.word	0x00000000, 0x0000FFFF, 0xFF800000
 5473      FFFF0000 
 5473      000080FF 
 5474 bdf4 00000000 			.word	0x00000000, 0x00000FFF, 0xFFC00000
 5474      FF0F0000 
 5474      0000C0FF 
 5475 be00 00000000 			.word	0x00000000, 0x000001FF, 0xFFE00000
 5475      FF010000 
 5475      0000E0FF 
 5476 be0c 00000000 			.word	0x00000000, 0x0000007F, 0xFFE00000
 5476      7F000000 
 5476      0000E0FF 
 5477 be18 00000000 			.word	0x00000000, 0x0000001F, 0xFFF00000
 5477      1F000000 
 5477      0000F0FF 
 5478 be24 00000000 			.word	0x00000000, 0x0000000F, 0xFFF00000
 5478      0F000000 
 5478      0000F0FF 
 5479 be30 00000000 			.word	0x00000000, 0x00000003, 0xFFF80000
 5479      03000000 
 5479      0000F8FF 
 5480 be3c 00000000 			.word	0x00000000, 0x00000003, 0xFFF80000
 5480      03000000 
 5480      0000F8FF 
 5481 be48 00000000 			.word	0x00000000, 0x00000001, 0xFFF80000
 5481      01000000 
 5481      0000F8FF 
 5482 be54 0000F8FF 			.word	0xFFF80000, 0x00000000, 0xFFF80000
 5482      00000000 
 5482      0000F8FF 
 5483 be60 0000F8FF 			.word	0xFFF80000, 0x00000000, 0xFFFC0000
 5483      00000000 
 5483      0000FCFF 
 5484 be6c 0000F8FF 			.word	0xFFF80000, 0x00000000, 0xFFFC0000
 5484      00000000 
ARM GAS  font_arial104.s 			page 219


 5484      0000FCFF 
 5485 be78 0000FCFF 			.word	0xFFFC0000, 0x00000000, 0x7FFC0000
 5485      00000000 
 5485      0000FC7F 
 5486 be84 0000FCFF 			.word	0xFFFC0000, 0x00000000, 0x7FFC0000
 5486      00000000 
 5486      0000FC7F 
 5487 be90 0000FC7F 			.word	0x7FFC0000, 0x00000000, 0x7FFC0000
 5487      00000000 
 5487      0000FC7F 
 5488 be9c 0000FC7F 			.word	0x7FFC0000, 0x00000000, 0x7FFC0000
 5488      00000000 
 5488      0000FC7F 
 5489 bea8 0000FE7F 			.word	0x7FFE0000, 0x00000000, 0x7FFC0000
 5489      00000000 
 5489      0000FC7F 
 5490 beb4 0000FE7F 			.word	0x7FFE0000, 0x00000000, 0x7FFC0000
 5490      00000000 
 5490      0000FC7F 
 5491 bec0 0000FE7F 			.word	0x7FFE0000, 0x00000000, 0x7FFC0000
 5491      00000000 
 5491      0000FC7F 
 5492 becc 0000FF3F 			.word	0x3FFF0000, 0x00000000, 0xFFFC0000
 5492      00000000 
 5492      0000FCFF 
 5493 bed8 0000FF3F 			.word	0x3FFF0000, 0x00000000, 0xFFF80000
 5493      00000000 
 5493      0000F8FF 
 5494 bee4 0080FF3F 			.word	0x3FFF8000, 0x00000000, 0xFFF80000
 5494      00000000 
 5494      0000F8FF 
 5495 bef0 00C0FF1F 			.word	0x1FFFC000, 0x00000001, 0xFFF80000
 5495      01000000 
 5495      0000F8FF 
 5496 befc 00E0FF1F 			.word	0x1FFFE000, 0x00000003, 0xFFF80000
 5496      03000000 
 5496      0000F8FF 
 5497 bf08 00F0FF0F 			.word	0x0FFFF000, 0x00000003, 0xFFF00000
 5497      03000000 
 5497      0000F0FF 
 5498 bf14 00F8FF0F 			.word	0x0FFFF800, 0x00000007, 0xFFF00000
 5498      07000000 
 5498      0000F0FF 
 5499 bf20 00FCFF07 			.word	0x07FFFC00, 0x0000000F, 0xFFE00000
 5499      0F000000 
 5499      0000E0FF 
 5500 bf2c 00FFFF07 			.word	0x07FFFF00, 0x0000003F, 0xFFE00000
 5500      3F000000 
 5500      0000E0FF 
 5501 bf38 80FFFF03 			.word	0x03FFFF80, 0x0000007F, 0xFFC00000
 5501      7F000000 
 5501      0000C0FF 
 5502 bf44 F0FFFF01 			.word	0x01FFFFF0, 0x000001FF, 0xFFC00000
 5502      FF010000 
 5502      0000C0FF 
 5503 bf50 FCFFFF01 			.word	0x01FFFFFC, 0x00000FFF, 0xFF800000
 5503      FF0F0000 
ARM GAS  font_arial104.s 			page 220


 5503      000080FF 
 5504 bf5c FFFFFF00 			.word	0x00FFFFFF, 0xE000FFFF, 0xFF000000
 5504      FFFF00E0 
 5504      000000FF 
 5505 bf68 FFFF7F00 			.word	0x007FFFFF, 0xFFFFFFFF, 0xFE000000
 5505      FFFFFFFF 
 5505      000000FE 
 5506 bf74 FFFF3F00 			.word	0x003FFFFF, 0xFFFFFFFF, 0xFC000000
 5506      FFFFFFFF 
 5506      000000FC 
 5507 bf80 FFFF1F00 			.word	0x001FFFFF, 0xFFFFFFFF, 0xF8000000
 5507      FFFFFFFF 
 5507      000000F8 
 5508 bf8c FFFF0F00 			.word	0x000FFFFF, 0xFFFFFFFF, 0xF0000000
 5508      FFFFFFFF 
 5508      000000F0 
 5509 bf98 FFFF0300 			.word	0x0003FFFF, 0xFFFFFFFF, 0xE0000000
 5509      FFFFFFFF 
 5509      000000E0 
 5510 bfa4 FFFF0100 			.word	0x0001FFFF, 0xFFFFFFFF, 0xC0000000
 5510      FFFFFFFF 
 5510      000000C0 
 5511 bfb0 FF7F0000 			.word	0x00007FFF, 0xFFFFFFFF, 0x00000000
 5511      FFFFFFFF 
 5511      00000000 
 5512 bfbc FF1F0000 			.word	0x00001FFF, 0xFFFFFFFC, 0x00000000
 5512      FCFFFFFF 
 5512      00000000 
 5513 bfc8 FF070000 			.word	0x000007FF, 0xFFFFFFF0, 0x00000000
 5513      F0FFFFFF 
 5513      00000000 
 5514 bfd4 FF000000 			.word	0x000000FF, 0xFFFFFF80, 0x00000000
 5514      80FFFFFF 
 5514      00000000 
 5515 bfe0 1F000000 			.word	0x0000001F, 0xFFFFFC00, 0x00000000
 5515      00FCFFFF 
 5515      00000000 
 5516 bfec 00000000 			.word	0x00000000, 0x7FFF8000, 0x00000000
 5516      0080FF7F 
 5516      00000000 
 5517              	
 5518              	UPPERCASE_T:
 5519 bff8 54000000 			.word	'T			// ASCII "T" character
 5520 bffc 55000000 			.word	85			// cell pixel width
 5521 c000 82000000 			.word	CELLHGHT		// cell pixel height
 5522 c004 4F000000 			.word	79			// glyph pixel width
 5523 c008 64000000 			.word	100			// glyph pixel height
 5524 c00c 03000000 			.word	3			// blank horizontal pixels before glyph
 5525 c010 03000000 			.word	3			// blank horizontal pixels after glyph
 5526 c014 00000000 			.word	0			// blank horizontal lines before glyph
 5527 c018 1E000000 			.word	30			// blank horizontal lines after glyph
 5528              							// bit mapped glyph
 5529 c01c FFFFFFFF 			.word	0xFFFFFFFF, 0xFFFFFFFF, 0xFFFE0000
 5529      FFFFFFFF 
 5529      0000FEFF 
 5530 c028 FFFFFFFF 			.word	0xFFFFFFFF, 0xFFFFFFFF, 0xFFFE0000
 5530      FFFFFFFF 
ARM GAS  font_arial104.s 			page 221


 5530      0000FEFF 
 5531 c034 FFFFFFFF 			.word	0xFFFFFFFF, 0xFFFFFFFF, 0xFFFE0000
 5531      FFFFFFFF 
 5531      0000FEFF 
 5532 c040 FFFFFFFF 			.word	0xFFFFFFFF, 0xFFFFFFFF, 0xFFFE0000
 5532      FFFFFFFF 
 5532      0000FEFF 
 5533 c04c FFFFFFFF 			.word	0xFFFFFFFF, 0xFFFFFFFF, 0xFFFE0000
 5533      FFFFFFFF 
 5533      0000FEFF 
 5534 c058 FFFFFFFF 			.word	0xFFFFFFFF, 0xFFFFFFFF, 0xFFFE0000
 5534      FFFFFFFF 
 5534      0000FEFF 
 5535 c064 FFFFFFFF 			.word	0xFFFFFFFF, 0xFFFFFFFF, 0xFFFE0000
 5535      FFFFFFFF 
 5535      0000FEFF 
 5536 c070 FFFFFFFF 			.word	0xFFFFFFFF, 0xFFFFFFFF, 0xFFFE0000
 5536      FFFFFFFF 
 5536      0000FEFF 
 5537 c07c FFFFFFFF 			.word	0xFFFFFFFF, 0xFFFFFFFF, 0xFFFE0000
 5537      FFFFFFFF 
 5537      0000FEFF 
 5538 c088 FFFFFFFF 			.word	0xFFFFFFFF, 0xFFFFFFFF, 0xFFFE0000
 5538      FFFFFFFF 
 5538      0000FEFF 
 5539 c094 FFFFFFFF 			.word	0xFFFFFFFF, 0xFFFFFFFF, 0xFFFE0000
 5539      FFFFFFFF 
 5539      0000FEFF 
 5540 c0a0 FFFFFFFF 			.word	0xFFFFFFFF, 0xFFFFFFFF, 0xFFFE0000
 5540      FFFFFFFF 
 5540      0000FEFF 
 5541 c0ac 00000000 			.word	0x00000000, 0x7FFC0000, 0x00000000
 5541      0000FC7F 
 5541      00000000 
 5542 c0b8 00000000 			.word	0x00000000, 0x7FFC0000, 0x00000000
 5542      0000FC7F 
 5542      00000000 
 5543 c0c4 00000000 			.word	0x00000000, 0x7FFC0000, 0x00000000
 5543      0000FC7F 
 5543      00000000 
 5544 c0d0 00000000 			.word	0x00000000, 0x7FFC0000, 0x00000000
 5544      0000FC7F 
 5544      00000000 
 5545 c0dc 00000000 			.word	0x00000000, 0x7FFC0000, 0x00000000
 5545      0000FC7F 
 5545      00000000 
 5546 c0e8 00000000 			.word	0x00000000, 0x7FFC0000, 0x00000000
 5546      0000FC7F 
 5546      00000000 
 5547 c0f4 00000000 			.word	0x00000000, 0x7FFC0000, 0x00000000
 5547      0000FC7F 
 5547      00000000 
 5548 c100 00000000 			.word	0x00000000, 0x7FFC0000, 0x00000000
 5548      0000FC7F 
 5548      00000000 
 5549 c10c 00000000 			.word	0x00000000, 0x7FFC0000, 0x00000000
 5549      0000FC7F 
ARM GAS  font_arial104.s 			page 222


 5549      00000000 
 5550 c118 00000000 			.word	0x00000000, 0x7FFC0000, 0x00000000
 5550      0000FC7F 
 5550      00000000 
 5551 c124 00000000 			.word	0x00000000, 0x7FFC0000, 0x00000000
 5551      0000FC7F 
 5551      00000000 
 5552 c130 00000000 			.word	0x00000000, 0x7FFC0000, 0x00000000
 5552      0000FC7F 
 5552      00000000 
 5553 c13c 00000000 			.word	0x00000000, 0x7FFC0000, 0x00000000
 5553      0000FC7F 
 5553      00000000 
 5554 c148 00000000 			.word	0x00000000, 0x7FFC0000, 0x00000000
 5554      0000FC7F 
 5554      00000000 
 5555 c154 00000000 			.word	0x00000000, 0x7FFC0000, 0x00000000
 5555      0000FC7F 
 5555      00000000 
 5556 c160 00000000 			.word	0x00000000, 0x7FFC0000, 0x00000000
 5556      0000FC7F 
 5556      00000000 
 5557 c16c 00000000 			.word	0x00000000, 0x7FFC0000, 0x00000000
 5557      0000FC7F 
 5557      00000000 
 5558 c178 00000000 			.word	0x00000000, 0x7FFC0000, 0x00000000
 5558      0000FC7F 
 5558      00000000 
 5559 c184 00000000 			.word	0x00000000, 0x7FFC0000, 0x00000000
 5559      0000FC7F 
 5559      00000000 
 5560 c190 00000000 			.word	0x00000000, 0x7FFC0000, 0x00000000
 5560      0000FC7F 
 5560      00000000 
 5561 c19c 00000000 			.word	0x00000000, 0x7FFC0000, 0x00000000
 5561      0000FC7F 
 5561      00000000 
 5562 c1a8 00000000 			.word	0x00000000, 0x7FFC0000, 0x00000000
 5562      0000FC7F 
 5562      00000000 
 5563 c1b4 00000000 			.word	0x00000000, 0x7FFC0000, 0x00000000
 5563      0000FC7F 
 5563      00000000 
 5564 c1c0 00000000 			.word	0x00000000, 0x7FFC0000, 0x00000000
 5564      0000FC7F 
 5564      00000000 
 5565 c1cc 00000000 			.word	0x00000000, 0x7FFC0000, 0x00000000
 5565      0000FC7F 
 5565      00000000 
 5566 c1d8 00000000 			.word	0x00000000, 0x7FFC0000, 0x00000000
 5566      0000FC7F 
 5566      00000000 
 5567 c1e4 00000000 			.word	0x00000000, 0x7FFC0000, 0x00000000
 5567      0000FC7F 
 5567      00000000 
 5568 c1f0 00000000 			.word	0x00000000, 0x7FFC0000, 0x00000000
 5568      0000FC7F 
ARM GAS  font_arial104.s 			page 223


 5568      00000000 
 5569 c1fc 00000000 			.word	0x00000000, 0x7FFC0000, 0x00000000
 5569      0000FC7F 
 5569      00000000 
 5570 c208 00000000 			.word	0x00000000, 0x7FFC0000, 0x00000000
 5570      0000FC7F 
 5570      00000000 
 5571 c214 00000000 			.word	0x00000000, 0x7FFC0000, 0x00000000
 5571      0000FC7F 
 5571      00000000 
 5572 c220 00000000 			.word	0x00000000, 0x7FFC0000, 0x00000000
 5572      0000FC7F 
 5572      00000000 
 5573 c22c 00000000 			.word	0x00000000, 0x7FFC0000, 0x00000000
 5573      0000FC7F 
 5573      00000000 
 5574 c238 00000000 			.word	0x00000000, 0x7FFC0000, 0x00000000
 5574      0000FC7F 
 5574      00000000 
 5575 c244 00000000 			.word	0x00000000, 0x7FFC0000, 0x00000000
 5575      0000FC7F 
 5575      00000000 
 5576 c250 00000000 			.word	0x00000000, 0x7FFC0000, 0x00000000
 5576      0000FC7F 
 5576      00000000 
 5577 c25c 00000000 			.word	0x00000000, 0x7FFC0000, 0x00000000
 5577      0000FC7F 
 5577      00000000 
 5578 c268 00000000 			.word	0x00000000, 0x7FFC0000, 0x00000000
 5578      0000FC7F 
 5578      00000000 
 5579 c274 00000000 			.word	0x00000000, 0x7FFC0000, 0x00000000
 5579      0000FC7F 
 5579      00000000 
 5580 c280 00000000 			.word	0x00000000, 0x7FFC0000, 0x00000000
 5580      0000FC7F 
 5580      00000000 
 5581 c28c 00000000 			.word	0x00000000, 0x7FFC0000, 0x00000000
 5581      0000FC7F 
 5581      00000000 
 5582 c298 00000000 			.word	0x00000000, 0x7FFC0000, 0x00000000
 5582      0000FC7F 
 5582      00000000 
 5583 c2a4 00000000 			.word	0x00000000, 0x7FFC0000, 0x00000000
 5583      0000FC7F 
 5583      00000000 
 5584 c2b0 00000000 			.word	0x00000000, 0x7FFC0000, 0x00000000
 5584      0000FC7F 
 5584      00000000 
 5585 c2bc 00000000 			.word	0x00000000, 0x7FFC0000, 0x00000000
 5585      0000FC7F 
 5585      00000000 
 5586 c2c8 00000000 			.word	0x00000000, 0x7FFC0000, 0x00000000
 5586      0000FC7F 
 5586      00000000 
 5587 c2d4 00000000 			.word	0x00000000, 0x7FFC0000, 0x00000000
 5587      0000FC7F 
ARM GAS  font_arial104.s 			page 224


 5587      00000000 
 5588 c2e0 00000000 			.word	0x00000000, 0x7FFC0000, 0x00000000
 5588      0000FC7F 
 5588      00000000 
 5589 c2ec 00000000 			.word	0x00000000, 0x7FFC0000, 0x00000000
 5589      0000FC7F 
 5589      00000000 
 5590 c2f8 00000000 			.word	0x00000000, 0x7FFC0000, 0x00000000
 5590      0000FC7F 
 5590      00000000 
 5591 c304 00000000 			.word	0x00000000, 0x7FFC0000, 0x00000000
 5591      0000FC7F 
 5591      00000000 
 5592 c310 00000000 			.word	0x00000000, 0x7FFC0000, 0x00000000
 5592      0000FC7F 
 5592      00000000 
 5593 c31c 00000000 			.word	0x00000000, 0x7FFC0000, 0x00000000
 5593      0000FC7F 
 5593      00000000 
 5594 c328 00000000 			.word	0x00000000, 0x7FFC0000, 0x00000000
 5594      0000FC7F 
 5594      00000000 
 5595 c334 00000000 			.word	0x00000000, 0x7FFC0000, 0x00000000
 5595      0000FC7F 
 5595      00000000 
 5596 c340 00000000 			.word	0x00000000, 0x7FFC0000, 0x00000000
 5596      0000FC7F 
 5596      00000000 
 5597 c34c 00000000 			.word	0x00000000, 0x7FFC0000, 0x00000000
 5597      0000FC7F 
 5597      00000000 
 5598 c358 00000000 			.word	0x00000000, 0x7FFC0000, 0x00000000
 5598      0000FC7F 
 5598      00000000 
 5599 c364 00000000 			.word	0x00000000, 0x7FFC0000, 0x00000000
 5599      0000FC7F 
 5599      00000000 
 5600 c370 00000000 			.word	0x00000000, 0x7FFC0000, 0x00000000
 5600      0000FC7F 
 5600      00000000 
 5601 c37c 00000000 			.word	0x00000000, 0x7FFC0000, 0x00000000
 5601      0000FC7F 
 5601      00000000 
 5602 c388 00000000 			.word	0x00000000, 0x7FFC0000, 0x00000000
 5602      0000FC7F 
 5602      00000000 
 5603 c394 00000000 			.word	0x00000000, 0x7FFC0000, 0x00000000
 5603      0000FC7F 
 5603      00000000 
 5604 c3a0 00000000 			.word	0x00000000, 0x7FFC0000, 0x00000000
 5604      0000FC7F 
 5604      00000000 
 5605 c3ac 00000000 			.word	0x00000000, 0x7FFC0000, 0x00000000
 5605      0000FC7F 
 5605      00000000 
 5606 c3b8 00000000 			.word	0x00000000, 0x7FFC0000, 0x00000000
 5606      0000FC7F 
ARM GAS  font_arial104.s 			page 225


 5606      00000000 
 5607 c3c4 00000000 			.word	0x00000000, 0x7FFC0000, 0x00000000
 5607      0000FC7F 
 5607      00000000 
 5608 c3d0 00000000 			.word	0x00000000, 0x7FFC0000, 0x00000000
 5608      0000FC7F 
 5608      00000000 
 5609 c3dc 00000000 			.word	0x00000000, 0x7FFC0000, 0x00000000
 5609      0000FC7F 
 5609      00000000 
 5610 c3e8 00000000 			.word	0x00000000, 0x7FFC0000, 0x00000000
 5610      0000FC7F 
 5610      00000000 
 5611 c3f4 00000000 			.word	0x00000000, 0x7FFC0000, 0x00000000
 5611      0000FC7F 
 5611      00000000 
 5612 c400 00000000 			.word	0x00000000, 0x7FFC0000, 0x00000000
 5612      0000FC7F 
 5612      00000000 
 5613 c40c 00000000 			.word	0x00000000, 0x7FFC0000, 0x00000000
 5613      0000FC7F 
 5613      00000000 
 5614 c418 00000000 			.word	0x00000000, 0x7FFC0000, 0x00000000
 5614      0000FC7F 
 5614      00000000 
 5615 c424 00000000 			.word	0x00000000, 0x7FFC0000, 0x00000000
 5615      0000FC7F 
 5615      00000000 
 5616 c430 00000000 			.word	0x00000000, 0x7FFC0000, 0x00000000
 5616      0000FC7F 
 5616      00000000 
 5617 c43c 00000000 			.word	0x00000000, 0x7FFC0000, 0x00000000
 5617      0000FC7F 
 5617      00000000 
 5618 c448 00000000 			.word	0x00000000, 0x7FFC0000, 0x00000000
 5618      0000FC7F 
 5618      00000000 
 5619 c454 00000000 			.word	0x00000000, 0x7FFC0000, 0x00000000
 5619      0000FC7F 
 5619      00000000 
 5620 c460 00000000 			.word	0x00000000, 0x7FFC0000, 0x00000000
 5620      0000FC7F 
 5620      00000000 
 5621 c46c 00000000 			.word	0x00000000, 0x7FFC0000, 0x00000000
 5621      0000FC7F 
 5621      00000000 
 5622 c478 00000000 			.word	0x00000000, 0x7FFC0000, 0x00000000
 5622      0000FC7F 
 5622      00000000 
 5623 c484 00000000 			.word	0x00000000, 0x7FFC0000, 0x00000000
 5623      0000FC7F 
 5623      00000000 
 5624 c490 00000000 			.word	0x00000000, 0x7FFC0000, 0x00000000
 5624      0000FC7F 
 5624      00000000 
 5625 c49c 00000000 			.word	0x00000000, 0x7FFC0000, 0x00000000
 5625      0000FC7F 
ARM GAS  font_arial104.s 			page 226


 5625      00000000 
 5626 c4a8 00000000 			.word	0x00000000, 0x7FFC0000, 0x00000000
 5626      0000FC7F 
 5626      00000000 
 5627 c4b4 00000000 			.word	0x00000000, 0x7FFC0000, 0x00000000
 5627      0000FC7F 
 5627      00000000 
 5628 c4c0 00000000 			.word	0x00000000, 0x7FFC0000, 0x00000000
 5628      0000FC7F 
 5628      00000000 
 5629              	
 5630              	UPPERCASE_U:
 5631 c4cc 55000000 			.word	'U			// ASCII "U" character
 5632 c4d0 64000000 			.word	100			// cell pixel width
 5633 c4d4 82000000 			.word	CELLHGHT		// cell pixel height
 5634 c4d8 4E000000 			.word	78			// glyph pixel width
 5635 c4dc 64000000 			.word	100			// glyph pixel height
 5636 c4e0 0B000000 			.word	11			// blank horizontal pixels before glyph
 5637 c4e4 0B000000 			.word	11			// blank horizontal pixels after glyph
 5638 c4e8 00000000 			.word	0			// blank horizontal lines before glyph
 5639 c4ec 1E000000 			.word	30			// blank horizontal lines after glyph
 5640              							// bit mapped glyph
 5641 c4f0 0000F8FF 			.word	0xFFF80000, 0x00000000, 0x7FFC0000
 5641      00000000 
 5641      0000FC7F 
 5642 c4fc 0000F8FF 			.word	0xFFF80000, 0x00000000, 0x7FFC0000
 5642      00000000 
 5642      0000FC7F 
 5643 c508 0000F8FF 			.word	0xFFF80000, 0x00000000, 0x7FFC0000
 5643      00000000 
 5643      0000FC7F 
 5644 c514 0000F8FF 			.word	0xFFF80000, 0x00000000, 0x7FFC0000
 5644      00000000 
 5644      0000FC7F 
 5645 c520 0000F8FF 			.word	0xFFF80000, 0x00000000, 0x7FFC0000
 5645      00000000 
 5645      0000FC7F 
 5646 c52c 0000F8FF 			.word	0xFFF80000, 0x00000000, 0x7FFC0000
 5646      00000000 
 5646      0000FC7F 
 5647 c538 0000F8FF 			.word	0xFFF80000, 0x00000000, 0x7FFC0000
 5647      00000000 
 5647      0000FC7F 
 5648 c544 0000F8FF 			.word	0xFFF80000, 0x00000000, 0x7FFC0000
 5648      00000000 
 5648      0000FC7F 
 5649 c550 0000F8FF 			.word	0xFFF80000, 0x00000000, 0x7FFC0000
 5649      00000000 
 5649      0000FC7F 
 5650 c55c 0000F8FF 			.word	0xFFF80000, 0x00000000, 0x7FFC0000
 5650      00000000 
 5650      0000FC7F 
 5651 c568 0000F8FF 			.word	0xFFF80000, 0x00000000, 0x7FFC0000
 5651      00000000 
 5651      0000FC7F 
 5652 c574 0000F8FF 			.word	0xFFF80000, 0x00000000, 0x7FFC0000
 5652      00000000 
ARM GAS  font_arial104.s 			page 227


 5652      0000FC7F 
 5653 c580 0000F8FF 			.word	0xFFF80000, 0x00000000, 0x7FFC0000
 5653      00000000 
 5653      0000FC7F 
 5654 c58c 0000F8FF 			.word	0xFFF80000, 0x00000000, 0x7FFC0000
 5654      00000000 
 5654      0000FC7F 
 5655 c598 0000F8FF 			.word	0xFFF80000, 0x00000000, 0x7FFC0000
 5655      00000000 
 5655      0000FC7F 
 5656 c5a4 0000F8FF 			.word	0xFFF80000, 0x00000000, 0x7FFC0000
 5656      00000000 
 5656      0000FC7F 
 5657 c5b0 0000F8FF 			.word	0xFFF80000, 0x00000000, 0x7FFC0000
 5657      00000000 
 5657      0000FC7F 
 5658 c5bc 0000F8FF 			.word	0xFFF80000, 0x00000000, 0x7FFC0000
 5658      00000000 
 5658      0000FC7F 
 5659 c5c8 0000F8FF 			.word	0xFFF80000, 0x00000000, 0x7FFC0000
 5659      00000000 
 5659      0000FC7F 
 5660 c5d4 0000F8FF 			.word	0xFFF80000, 0x00000000, 0x7FFC0000
 5660      00000000 
 5660      0000FC7F 
 5661 c5e0 0000F8FF 			.word	0xFFF80000, 0x00000000, 0x7FFC0000
 5661      00000000 
 5661      0000FC7F 
 5662 c5ec 0000F8FF 			.word	0xFFF80000, 0x00000000, 0x7FFC0000
 5662      00000000 
 5662      0000FC7F 
 5663 c5f8 0000F8FF 			.word	0xFFF80000, 0x00000000, 0x7FFC0000
 5663      00000000 
 5663      0000FC7F 
 5664 c604 0000F8FF 			.word	0xFFF80000, 0x00000000, 0x7FFC0000
 5664      00000000 
 5664      0000FC7F 
 5665 c610 0000F8FF 			.word	0xFFF80000, 0x00000000, 0x7FFC0000
 5665      00000000 
 5665      0000FC7F 
 5666 c61c 0000F8FF 			.word	0xFFF80000, 0x00000000, 0x7FFC0000
 5666      00000000 
 5666      0000FC7F 
 5667 c628 0000F8FF 			.word	0xFFF80000, 0x00000000, 0x7FFC0000
 5667      00000000 
 5667      0000FC7F 
 5668 c634 0000F8FF 			.word	0xFFF80000, 0x00000000, 0x7FFC0000
 5668      00000000 
 5668      0000FC7F 
 5669 c640 0000F8FF 			.word	0xFFF80000, 0x00000000, 0x7FFC0000
 5669      00000000 
 5669      0000FC7F 
 5670 c64c 0000F8FF 			.word	0xFFF80000, 0x00000000, 0x7FFC0000
 5670      00000000 
 5670      0000FC7F 
 5671 c658 0000F8FF 			.word	0xFFF80000, 0x00000000, 0x7FFC0000
 5671      00000000 
ARM GAS  font_arial104.s 			page 228


 5671      0000FC7F 
 5672 c664 0000F8FF 			.word	0xFFF80000, 0x00000000, 0x7FFC0000
 5672      00000000 
 5672      0000FC7F 
 5673 c670 0000F8FF 			.word	0xFFF80000, 0x00000000, 0x7FFC0000
 5673      00000000 
 5673      0000FC7F 
 5674 c67c 0000F8FF 			.word	0xFFF80000, 0x00000000, 0x7FFC0000
 5674      00000000 
 5674      0000FC7F 
 5675 c688 0000F8FF 			.word	0xFFF80000, 0x00000000, 0x7FFC0000
 5675      00000000 
 5675      0000FC7F 
 5676 c694 0000F8FF 			.word	0xFFF80000, 0x00000000, 0x7FFC0000
 5676      00000000 
 5676      0000FC7F 
 5677 c6a0 0000F8FF 			.word	0xFFF80000, 0x00000000, 0x7FFC0000
 5677      00000000 
 5677      0000FC7F 
 5678 c6ac 0000F8FF 			.word	0xFFF80000, 0x00000000, 0x7FFC0000
 5678      00000000 
 5678      0000FC7F 
 5679 c6b8 0000F8FF 			.word	0xFFF80000, 0x00000000, 0x7FFC0000
 5679      00000000 
 5679      0000FC7F 
 5680 c6c4 0000F8FF 			.word	0xFFF80000, 0x00000000, 0x7FFC0000
 5680      00000000 
 5680      0000FC7F 
 5681 c6d0 0000F8FF 			.word	0xFFF80000, 0x00000000, 0x7FFC0000
 5681      00000000 
 5681      0000FC7F 
 5682 c6dc 0000F8FF 			.word	0xFFF80000, 0x00000000, 0x7FFC0000
 5682      00000000 
 5682      0000FC7F 
 5683 c6e8 0000F8FF 			.word	0xFFF80000, 0x00000000, 0x7FFC0000
 5683      00000000 
 5683      0000FC7F 
 5684 c6f4 0000F8FF 			.word	0xFFF80000, 0x00000000, 0x7FFC0000
 5684      00000000 
 5684      0000FC7F 
 5685 c700 0000F8FF 			.word	0xFFF80000, 0x00000000, 0x7FFC0000
 5685      00000000 
 5685      0000FC7F 
 5686 c70c 0000F8FF 			.word	0xFFF80000, 0x00000000, 0x7FFC0000
 5686      00000000 
 5686      0000FC7F 
 5687 c718 0000F8FF 			.word	0xFFF80000, 0x00000000, 0x7FFC0000
 5687      00000000 
 5687      0000FC7F 
 5688 c724 0000F8FF 			.word	0xFFF80000, 0x00000000, 0x7FFC0000
 5688      00000000 
 5688      0000FC7F 
 5689 c730 0000F8FF 			.word	0xFFF80000, 0x00000000, 0x7FFC0000
 5689      00000000 
 5689      0000FC7F 
 5690 c73c 0000F8FF 			.word	0xFFF80000, 0x00000000, 0x7FFC0000
 5690      00000000 
ARM GAS  font_arial104.s 			page 229


 5690      0000FC7F 
 5691 c748 0000F8FF 			.word	0xFFF80000, 0x00000000, 0x7FFC0000
 5691      00000000 
 5691      0000FC7F 
 5692 c754 0000F8FF 			.word	0xFFF80000, 0x00000000, 0x7FFC0000
 5692      00000000 
 5692      0000FC7F 
 5693 c760 0000F8FF 			.word	0xFFF80000, 0x00000000, 0x7FFC0000
 5693      00000000 
 5693      0000FC7F 
 5694 c76c 0000F8FF 			.word	0xFFF80000, 0x00000000, 0x7FFC0000
 5694      00000000 
 5694      0000FC7F 
 5695 c778 0000F8FF 			.word	0xFFF80000, 0x00000000, 0x7FFC0000
 5695      00000000 
 5695      0000FC7F 
 5696 c784 0000F8FF 			.word	0xFFF80000, 0x00000000, 0x7FFC0000
 5696      00000000 
 5696      0000FC7F 
 5697 c790 0000F8FF 			.word	0xFFF80000, 0x00000000, 0x7FFC0000
 5697      00000000 
 5697      0000FC7F 
 5698 c79c 0000F8FF 			.word	0xFFF80000, 0x00000000, 0x7FFC0000
 5698      00000000 
 5698      0000FC7F 
 5699 c7a8 0000F8FF 			.word	0xFFF80000, 0x00000000, 0x7FFC0000
 5699      00000000 
 5699      0000FC7F 
 5700 c7b4 0000F8FF 			.word	0xFFF80000, 0x00000000, 0x7FFC0000
 5700      00000000 
 5700      0000FC7F 
 5701 c7c0 0000F8FF 			.word	0xFFF80000, 0x00000000, 0x7FFC0000
 5701      00000000 
 5701      0000FC7F 
 5702 c7cc 0000F8FF 			.word	0xFFF80000, 0x00000000, 0x7FFC0000
 5702      00000000 
 5702      0000FC7F 
 5703 c7d8 0000F8FF 			.word	0xFFF80000, 0x00000000, 0x7FFC0000
 5703      00000000 
 5703      0000FC7F 
 5704 c7e4 0000F8FF 			.word	0xFFF80000, 0x00000000, 0xFFFC0000
 5704      00000000 
 5704      0000FCFF 
 5705 c7f0 0000F8FF 			.word	0xFFF80000, 0x00000000, 0xFFFC0000
 5705      00000000 
 5705      0000FCFF 
 5706 c7fc 0000F8FF 			.word	0xFFF80000, 0x00000000, 0xFFF80000
 5706      00000000 
 5706      0000F8FF 
 5707 c808 0000F8FF 			.word	0xFFF80000, 0x00000000, 0xFFF80000
 5707      00000000 
 5707      0000F8FF 
 5708 c814 0000FC7F 			.word	0x7FFC0000, 0x00000000, 0xFFF80000
 5708      00000000 
 5708      0000F8FF 
 5709 c820 0000FC7F 			.word	0x7FFC0000, 0x00000000, 0xFFF80000
 5709      00000000 
ARM GAS  font_arial104.s 			page 230


 5709      0000F8FF 
 5710 c82c 0000FC7F 			.word	0x7FFC0000, 0x00000000, 0xFFF80000
 5710      00000000 
 5710      0000F8FF 
 5711 c838 0000FC7F 			.word	0x7FFC0000, 0x00000000, 0xFFF80000
 5711      00000000 
 5711      0000F8FF 
 5712 c844 0000FC7F 			.word	0x7FFC0000, 0x00000001, 0xFFF80000
 5712      01000000 
 5712      0000F8FF 
 5713 c850 0000FE7F 			.word	0x7FFE0000, 0x00000001, 0xFFF80000
 5713      01000000 
 5713      0000F8FF 
 5714 c85c 0000FE7F 			.word	0x7FFE0000, 0x00000001, 0xFFF00000
 5714      01000000 
 5714      0000F0FF 
 5715 c868 0000FE3F 			.word	0x3FFE0000, 0x00000003, 0xFFF00000
 5715      03000000 
 5715      0000F0FF 
 5716 c874 0000FE3F 			.word	0x3FFE0000, 0x00000003, 0xFFF00000
 5716      03000000 
 5716      0000F0FF 
 5717 c880 0000FF3F 			.word	0x3FFF0000, 0x00000003, 0xFFF00000
 5717      03000000 
 5717      0000F0FF 
 5718 c88c 0000FF3F 			.word	0x3FFF0000, 0x00000007, 0xFFE00000
 5718      07000000 
 5718      0000E0FF 
 5719 c898 0080FF1F 			.word	0x1FFF8000, 0x00000007, 0xFFE00000
 5719      07000000 
 5719      0000E0FF 
 5720 c8a4 00C0FF1F 			.word	0x1FFFC000, 0x0000000F, 0xFFE00000
 5720      0F000000 
 5720      0000E0FF 
 5721 c8b0 00C0FF1F 			.word	0x1FFFC000, 0x0000001F, 0xFFC00000
 5721      1F000000 
 5721      0000C0FF 
 5722 c8bc 00E0FF0F 			.word	0x0FFFE000, 0x0000001F, 0xFFC00000
 5722      1F000000 
 5722      0000C0FF 
 5723 c8c8 00F0FF0F 			.word	0x0FFFF000, 0x0000003F, 0xFF800000
 5723      3F000000 
 5723      000080FF 
 5724 c8d4 00FCFF07 			.word	0x07FFFC00, 0x000000FF, 0xFF800000
 5724      FF000000 
 5724      000080FF 
 5725 c8e0 00FEFF07 			.word	0x07FFFE00, 0x000001FF, 0xFF000000
 5725      FF010000 
 5725      000000FF 
 5726 c8ec 80FFFF03 			.word	0x03FFFF80, 0x000007FF, 0xFF000000
 5726      FF070000 
 5726      000000FF 
 5727 c8f8 F0FFFF01 			.word	0x01FFFFF0, 0x00003FFF, 0xFE000000
 5727      FF3F0000 
 5727      000000FE 
 5728 c904 FFFFFF01 			.word	0x01FFFFFF, 0x0007FFFF, 0xFC000000
 5728      FFFF0700 
ARM GAS  font_arial104.s 			page 231


 5728      000000FC 
 5729 c910 FFFFFF00 			.word	0x00FFFFFF, 0xFFFFFFFF, 0xF8000000
 5729      FFFFFFFF 
 5729      000000F8 
 5730 c91c FFFF7F00 			.word	0x007FFFFF, 0xFFFFFFFF, 0xF0000000
 5730      FFFFFFFF 
 5730      000000F0 
 5731 c928 FFFF3F00 			.word	0x003FFFFF, 0xFFFFFFFF, 0xE0000000
 5731      FFFFFFFF 
 5731      000000E0 
 5732 c934 FFFF1F00 			.word	0x001FFFFF, 0xFFFFFFFF, 0xC0000000
 5732      FFFFFFFF 
 5732      000000C0 
 5733 c940 FFFF0F00 			.word	0x000FFFFF, 0xFFFFFFFF, 0x80000000
 5733      FFFFFFFF 
 5733      00000080 
 5734 c94c FFFF0300 			.word	0x0003FFFF, 0xFFFFFFFF, 0x00000000
 5734      FFFFFFFF 
 5734      00000000 
 5735 c958 FFFF0100 			.word	0x0001FFFF, 0xFFFFFFFC, 0x00000000
 5735      FCFFFFFF 
 5735      00000000 
 5736 c964 FF7F0000 			.word	0x00007FFF, 0xFFFFFFF0, 0x00000000
 5736      F0FFFFFF 
 5736      00000000 
 5737 c970 FF1F0000 			.word	0x00001FFF, 0xFFFFFFC0, 0x00000000
 5737      C0FFFFFF 
 5737      00000000 
 5738 c97c FF030000 			.word	0x000003FF, 0xFFFFFF00, 0x00000000
 5738      00FFFFFF 
 5738      00000000 
 5739 c988 7F000000 			.word	0x0000007F, 0xFFFFF800, 0x00000000
 5739      00F8FFFF 
 5739      00000000 
 5740 c994 01000000 			.word	0x00000001, 0xFFFE0000, 0x00000000
 5740      0000FEFF 
 5740      00000000 
 5741              	
 5742              	UPPERCASE_V:
 5743 c9a0 56000000 			.word	'V			// ASCII "V" character
 5744 c9a4 5D000000 			.word	93			// cell pixel width
 5745 c9a8 82000000 			.word	CELLHGHT		// cell pixel height
 5746 c9ac 5B000000 			.word	91			// glyph pixel width
 5747 c9b0 64000000 			.word	100			// glyph pixel height
 5748 c9b4 01000000 			.word	1			// blank horizontal pixels before glyph
 5749 c9b8 01000000 			.word	1			// blank horizontal pixels after glyph
 5750 c9bc 00000000 			.word	0			// blank horizontal lines before glyph
 5751 c9c0 1E000000 			.word	30			// blank horizontal lines after glyph
 5752              							// bit mapped glyph
 5753 c9c4 0000FCFF 			.word	0xFFFC0000, 0x00000000, 0x0007FFE0
 5753      00000000 
 5753      E0FF0700 
 5754 c9d0 0000FCFF 			.word	0xFFFC0000, 0x00000000, 0x0007FFC0
 5754      00000000 
 5754      C0FF0700 
 5755 c9dc 0000FE7F 			.word	0x7FFE0000, 0x00000000, 0x0007FFC0
 5755      00000000 
ARM GAS  font_arial104.s 			page 232


 5755      C0FF0700 
 5756 c9e8 0000FE7F 			.word	0x7FFE0000, 0x00000000, 0x000FFF80
 5756      00000000 
 5756      80FF0F00 
 5757 c9f4 0000FE7F 			.word	0x7FFE0000, 0x00000000, 0x000FFF80
 5757      00000000 
 5757      80FF0F00 
 5758 ca00 0000FF3F 			.word	0x3FFF0000, 0x00000000, 0x001FFF80
 5758      00000000 
 5758      80FF1F00 
 5759 ca0c 0000FF3F 			.word	0x3FFF0000, 0x00000000, 0x001FFF00
 5759      00000000 
 5759      00FF1F00 
 5760 ca18 0080FF1F 			.word	0x1FFF8000, 0x00000000, 0x001FFF00
 5760      00000000 
 5760      00FF1F00 
 5761 ca24 0080FF1F 			.word	0x1FFF8000, 0x00000000, 0x003FFF00
 5761      00000000 
 5761      00FF3F00 
 5762 ca30 0080FF1F 			.word	0x1FFF8000, 0x00000000, 0x003FFE00
 5762      00000000 
 5762      00FE3F00 
 5763 ca3c 00C0FF0F 			.word	0x0FFFC000, 0x00000000, 0x003FFE00
 5763      00000000 
 5763      00FE3F00 
 5764 ca48 00C0FF0F 			.word	0x0FFFC000, 0x00000000, 0x007FFC00
 5764      00000000 
 5764      00FC7F00 
 5765 ca54 00C0FF07 			.word	0x07FFC000, 0x00000000, 0x007FFC00
 5765      00000000 
 5765      00FC7F00 
 5766 ca60 00E0FF07 			.word	0x07FFE000, 0x00000000, 0x007FFC00
 5766      00000000 
 5766      00FC7F00 
 5767 ca6c 00E0FF07 			.word	0x07FFE000, 0x00000000, 0x00FFF800
 5767      00000000 
 5767      00F8FF00 
 5768 ca78 00E0FF03 			.word	0x03FFE000, 0x00000000, 0x00FFF800
 5768      00000000 
 5768      00F8FF00 
 5769 ca84 00F0FF03 			.word	0x03FFF000, 0x00000000, 0x01FFF000
 5769      00000000 
 5769      00F0FF01 
 5770 ca90 00F0FF03 			.word	0x03FFF000, 0x00000000, 0x01FFF000
 5770      00000000 
 5770      00F0FF01 
 5771 ca9c 00F0FF01 			.word	0x01FFF000, 0x00000000, 0x01FFF000
 5771      00000000 
 5771      00F0FF01 
 5772 caa8 00F8FF01 			.word	0x01FFF800, 0x00000000, 0x03FFE000
 5772      00000000 
 5772      00E0FF03 
 5773 cab4 00F8FF00 			.word	0x00FFF800, 0x00000000, 0x03FFE000
 5773      00000000 
 5773      00E0FF03 
 5774 cac0 00FCFF00 			.word	0x00FFFC00, 0x00000000, 0x03FFC000
 5774      00000000 
ARM GAS  font_arial104.s 			page 233


 5774      00C0FF03 
 5775 cacc 00FCFF00 			.word	0x00FFFC00, 0x00000000, 0x07FFC000
 5775      00000000 
 5775      00C0FF07 
 5776 cad8 00FC7F00 			.word	0x007FFC00, 0x00000000, 0x07FFC000
 5776      00000000 
 5776      00C0FF07 
 5777 cae4 00FE7F00 			.word	0x007FFE00, 0x00000000, 0x0FFF8000
 5777      00000000 
 5777      0080FF0F 
 5778 caf0 00FE3F00 			.word	0x003FFE00, 0x00000000, 0x0FFF8000
 5778      00000000 
 5778      0080FF0F 
 5779 cafc 00FE3F00 			.word	0x003FFE00, 0x00000000, 0x0FFF0000
 5779      00000000 
 5779      0000FF0F 
 5780 cb08 00FF3F00 			.word	0x003FFF00, 0x00000000, 0x1FFF0000
 5780      00000000 
 5780      0000FF1F 
 5781 cb14 00FF1F00 			.word	0x001FFF00, 0x00000000, 0x1FFF0000
 5781      00000000 
 5781      0000FF1F 
 5782 cb20 00FF1F00 			.word	0x001FFF00, 0x00000000, 0x1FFE0000
 5782      00000000 
 5782      0000FE1F 
 5783 cb2c 80FF1F00 			.word	0x001FFF80, 0x00000000, 0x3FFE0000
 5783      00000000 
 5783      0000FE3F 
 5784 cb38 80FF0F00 			.word	0x000FFF80, 0x00000000, 0x3FFE0000
 5784      00000000 
 5784      0000FE3F 
 5785 cb44 80FF0F00 			.word	0x000FFF80, 0x00000000, 0x7FFC0000
 5785      00000000 
 5785      0000FC7F 
 5786 cb50 C0FF0700 			.word	0x0007FFC0, 0x00000000, 0x7FFC0000
 5786      00000000 
 5786      0000FC7F 
 5787 cb5c C0FF0700 			.word	0x0007FFC0, 0x00000000, 0x7FF80000
 5787      00000000 
 5787      0000F87F 
 5788 cb68 E0FF0700 			.word	0x0007FFE0, 0x00000000, 0xFFF80000
 5788      00000000 
 5788      0000F8FF 
 5789 cb74 E0FF0300 			.word	0x0003FFE0, 0x00000000, 0xFFF80000
 5789      00000000 
 5789      0000F8FF 
 5790 cb80 E0FF0300 			.word	0x0003FFE0, 0x00000000, 0xFFF00000
 5790      00000000 
 5790      0000F0FF 
 5791 cb8c F0FF0100 			.word	0x0001FFF0, 0x00000001, 0xFFF00000
 5791      01000000 
 5791      0000F0FF 
 5792 cb98 F0FF0100 			.word	0x0001FFF0, 0x00000001, 0xFFE00000
 5792      01000000 
 5792      0000E0FF 
 5793 cba4 F0FF0100 			.word	0x0001FFF0, 0x00000003, 0xFFE00000
 5793      03000000 
ARM GAS  font_arial104.s 			page 234


 5793      0000E0FF 
 5794 cbb0 F8FF0000 			.word	0x0000FFF8, 0x00000003, 0xFFE00000
 5794      03000000 
 5794      0000E0FF 
 5795 cbbc F8FF0000 			.word	0x0000FFF8, 0x00000003, 0xFFC00000
 5795      03000000 
 5795      0000C0FF 
 5796 cbc8 F87F0000 			.word	0x00007FF8, 0x00000007, 0xFFC00000
 5796      07000000 
 5796      0000C0FF 
 5797 cbd4 FC7F0000 			.word	0x00007FFC, 0x00000007, 0xFF800000
 5797      07000000 
 5797      000080FF 
 5798 cbe0 FC7F0000 			.word	0x00007FFC, 0x00000007, 0xFF800000
 5798      07000000 
 5798      000080FF 
 5799 cbec FC3F0000 			.word	0x00003FFC, 0x0000000F, 0xFF800000
 5799      0F000000 
 5799      000080FF 
 5800 cbf8 FE3F0000 			.word	0x00003FFE, 0x0000000F, 0xFF000000
 5800      0F000000 
 5800      000000FF 
 5801 cc04 FE3F0000 			.word	0x00003FFE, 0x0000000F, 0xFF000000
 5801      0F000000 
 5801      000000FF 
 5802 cc10 FF1F0000 			.word	0x00001FFF, 0x0000001F, 0xFE000000
 5802      1F000000 
 5802      000000FE 
 5803 cc1c FF1F0000 			.word	0x00001FFF, 0x0000001F, 0xFE000000
 5803      1F000000 
 5803      000000FE 
 5804 cc28 FF0F0000 			.word	0x00000FFF, 0x0000003F, 0xFE000000
 5804      3F000000 
 5804      000000FE 
 5805 cc34 FF0F0000 			.word	0x00000FFF, 0x8000003F, 0xFC000000
 5805      3F000080 
 5805      000000FC 
 5806 cc40 FF0F0000 			.word	0x00000FFF, 0x8000003F, 0xFC000000
 5806      3F000080 
 5806      000000FC 
 5807 cc4c FF070000 			.word	0x000007FF, 0x8000007F, 0xFC000000
 5807      7F000080 
 5807      000000FC 
 5808 cc58 FF070000 			.word	0x000007FF, 0xC000007F, 0xF8000000
 5808      7F0000C0 
 5808      000000F8 
 5809 cc64 FF030000 			.word	0x000003FF, 0xC000007F, 0xF8000000
 5809      7F0000C0 
 5809      000000F8 
 5810 cc70 FF030000 			.word	0x000003FF, 0xC00000FF, 0xF0000000
 5810      FF0000C0 
 5810      000000F0 
 5811 cc7c FF030000 			.word	0x000003FF, 0xE00000FF, 0xF0000000
 5811      FF0000E0 
 5811      000000F0 
 5812 cc88 FF010000 			.word	0x000001FF, 0xE00001FF, 0xF0000000
 5812      FF0100E0 
ARM GAS  font_arial104.s 			page 235


 5812      000000F0 
 5813 cc94 FF010000 			.word	0x000001FF, 0xE00001FF, 0xE0000000
 5813      FF0100E0 
 5813      000000E0 
 5814 cca0 FF010000 			.word	0x000001FF, 0xF00001FF, 0xE0000000
 5814      FF0100F0 
 5814      000000E0 
 5815 ccac FF000000 			.word	0x000000FF, 0xF00003FF, 0xC0000000
 5815      FF0300F0 
 5815      000000C0 
 5816 ccb8 FF000000 			.word	0x000000FF, 0xF80003FF, 0xC0000000
 5816      FF0300F8 
 5816      000000C0 
 5817 ccc4 7F000000 			.word	0x0000007F, 0xF80003FF, 0xC0000000
 5817      FF0300F8 
 5817      000000C0 
 5818 ccd0 7F000000 			.word	0x0000007F, 0xF80007FF, 0x80000000
 5818      FF0700F8 
 5818      00000080 
 5819 ccdc 7F000000 			.word	0x0000007F, 0xFC0007FF, 0x80000000
 5819      FF0700FC 
 5819      00000080 
 5820 cce8 3F000000 			.word	0x0000003F, 0xFC000FFF, 0x00000000
 5820      FF0F00FC 
 5820      00000000 
 5821 ccf4 3F000000 			.word	0x0000003F, 0xFC000FFF, 0x00000000
 5821      FF0F00FC 
 5821      00000000 
 5822 cd00 1F000000 			.word	0x0000001F, 0xFE000FFF, 0x00000000
 5822      FF0F00FE 
 5822      00000000 
 5823 cd0c 1F000000 			.word	0x0000001F, 0xFE001FFE, 0x00000000
 5823      FE1F00FE 
 5823      00000000 
 5824 cd18 1F000000 			.word	0x0000001F, 0xFE001FFE, 0x00000000
 5824      FE1F00FE 
 5824      00000000 
 5825 cd24 0F000000 			.word	0x0000000F, 0xFF001FFE, 0x00000000
 5825      FE1F00FF 
 5825      00000000 
 5826 cd30 0F000000 			.word	0x0000000F, 0xFF003FFC, 0x00000000
 5826      FC3F00FF 
 5826      00000000 
 5827 cd3c 07000000 			.word	0x00000007, 0xFF003FFC, 0x00000000
 5827      FC3F00FF 
 5827      00000000 
 5828 cd48 07000000 			.word	0x00000007, 0xFF803FF8, 0x00000000
 5828      F83F80FF 
 5828      00000000 
 5829 cd54 07000000 			.word	0x00000007, 0xFF807FF8, 0x00000000
 5829      F87F80FF 
 5829      00000000 
 5830 cd60 03000000 			.word	0x00000003, 0xFF807FF8, 0x00000000
 5830      F87F80FF 
 5830      00000000 
 5831 cd6c 03000000 			.word	0x00000003, 0xFFC0FFF0, 0x00000000
 5831      F0FFC0FF 
ARM GAS  font_arial104.s 			page 236


 5831      00000000 
 5832 cd78 03000000 			.word	0x00000003, 0xFFC0FFF0, 0x00000000
 5832      F0FFC0FF 
 5832      00000000 
 5833 cd84 01000000 			.word	0x00000001, 0xFFC0FFE0, 0x00000000
 5833      E0FFC0FF 
 5833      00000000 
 5834 cd90 01000000 			.word	0x00000001, 0xFFE1FFE0, 0x00000000
 5834      E0FFE1FF 
 5834      00000000 
 5835 cd9c 00000000 			.word	0x00000000, 0xFFE1FFE0, 0x00000000
 5835      E0FFE1FF 
 5835      00000000 
 5836 cda8 00000000 			.word	0x00000000, 0xFFE1FFC0, 0x00000000
 5836      C0FFE1FF 
 5836      00000000 
 5837 cdb4 00000000 			.word	0x00000000, 0xFFF1FFC0, 0x00000000
 5837      C0FFF1FF 
 5837      00000000 
 5838 cdc0 00000000 			.word	0x00000000, 0x7FF3FF80, 0x00000000
 5838      80FFF37F 
 5838      00000000 
 5839 cdcc 00000000 			.word	0x00000000, 0x7FF3FF80, 0x00000000
 5839      80FFF37F 
 5839      00000000 
 5840 cdd8 00000000 			.word	0x00000000, 0x3FFBFF80, 0x00000000
 5840      80FFFB3F 
 5840      00000000 
 5841 cde4 00000000 			.word	0x00000000, 0x3FFFFF00, 0x00000000
 5841      00FFFF3F 
 5841      00000000 
 5842 cdf0 00000000 			.word	0x00000000, 0x3FFFFF00, 0x00000000
 5842      00FFFF3F 
 5842      00000000 
 5843 cdfc 00000000 			.word	0x00000000, 0x1FFFFE00, 0x00000000
 5843      00FEFF1F 
 5843      00000000 
 5844 ce08 00000000 			.word	0x00000000, 0x1FFFFE00, 0x00000000
 5844      00FEFF1F 
 5844      00000000 
 5845 ce14 00000000 			.word	0x00000000, 0x1FFFFE00, 0x00000000
 5845      00FEFF1F 
 5845      00000000 
 5846 ce20 00000000 			.word	0x00000000, 0x0FFFFC00, 0x00000000
 5846      00FCFF0F 
 5846      00000000 
 5847 ce2c 00000000 			.word	0x00000000, 0x0FFFFC00, 0x00000000
 5847      00FCFF0F 
 5847      00000000 
 5848 ce38 00000000 			.word	0x00000000, 0x07FFFC00, 0x00000000
 5848      00FCFF07 
 5848      00000000 
 5849 ce44 00000000 			.word	0x00000000, 0x07FFF800, 0x00000000
 5849      00F8FF07 
 5849      00000000 
 5850 ce50 00000000 			.word	0x00000000, 0x07FFF800, 0x00000000
 5850      00F8FF07 
ARM GAS  font_arial104.s 			page 237


 5850      00000000 
 5851 ce5c 00000000 			.word	0x00000000, 0x03FFF000, 0x00000000
 5851      00F0FF03 
 5851      00000000 
 5852 ce68 00000000 			.word	0x00000000, 0x03FFF000, 0x00000000
 5852      00F0FF03 
 5852      00000000 
 5853              	
 5854              	UPPERCASE_W:
 5855 ce74 57000000 			.word	'W			// ASCII "W" character
 5856 ce78 83000000 			.word	131			// cell pixel width
 5857 ce7c 82000000 			.word	CELLHGHT		// cell pixel height
 5858 ce80 7F000000 			.word	127			// glyph pixel width
 5859 ce84 64000000 			.word	100			// glyph pixel height
 5860 ce88 02000000 			.word	2			// blank horizontal pixels before glyph
 5861 ce8c 02000000 			.word	2			// blank horizontal pixels after glyph
 5862 ce90 00000000 			.word	0			// blank horizontal lines before glyph
 5863 ce94 1E000000 			.word	30			// blank horizontal lines after glyph
 5864              							// bit mapped glyph
 5865 ce98 0000F8FF 			.word	0xFFF80000, 0x000000FF, 0xFF000000, 0x00003FFE
 5865      FF000000 
 5865      000000FF 
 5865      FE3F0000 
 5866 cea8 0000F8FF 			.word	0xFFF80000, 0x000000FF, 0xFF000000, 0x00003FFE
 5866      FF000000 
 5866      000000FF 
 5866      FE3F0000 
 5867 ceb8 0000FCFF 			.word	0xFFFC0000, 0x000001FF, 0xFF000000, 0x00003FFE
 5867      FF010000 
 5867      000000FF 
 5867      FE3F0000 
 5868 cec8 0000FC7F 			.word	0x7FFC0000, 0x000001FF, 0xFF800000, 0x00007FFC
 5868      FF010000 
 5868      000080FF 
 5868      FC7F0000 
 5869 ced8 0000FC7F 			.word	0x7FFC0000, 0x000001FF, 0xFF800000, 0x00007FFC
 5869      FF010000 
 5869      000080FF 
 5869      FC7F0000 
 5870 cee8 0000FC7F 			.word	0x7FFC0000, 0x000003FF, 0xFF800000, 0x00007FFC
 5870      FF030000 
 5870      000080FF 
 5870      FC7F0000 
 5871 cef8 0000FE7F 			.word	0x7FFE0000, 0x000003FF, 0xFF800000, 0x00007FFC
 5871      FF030000 
 5871      000080FF 
 5871      FC7F0000 
 5872 cf08 0000FE3F 			.word	0x3FFE0000, 0x000003FF, 0xFFC00000, 0x0000FFF8
 5872      FF030000 
 5872      0000C0FF 
 5872      F8FF0000 
 5873 cf18 0000FE3F 			.word	0x3FFE0000, 0x000003FF, 0xFFC00000, 0x0000FFF8
 5873      FF030000 
 5873      0000C0FF 
 5873      F8FF0000 
 5874 cf28 0000FE3F 			.word	0x3FFE0000, 0x000007FF, 0xFFC00000, 0x0000FFF8
 5874      FF070000 
ARM GAS  font_arial104.s 			page 238


 5874      0000C0FF 
 5874      F8FF0000 
 5875 cf38 0000FF1F 			.word	0x1FFF0000, 0x000007FF, 0xFFE00000, 0x0000FFF8
 5875      FF070000 
 5875      0000E0FF 
 5875      F8FF0000 
 5876 cf48 0000FF1F 			.word	0x1FFF0000, 0x000007FF, 0xFFE00000, 0x0000FFF0
 5876      FF070000 
 5876      0000E0FF 
 5876      F0FF0000 
 5877 cf58 0000FF1F 			.word	0x1FFF0000, 0x00000FFF, 0xFFE00000, 0x0001FFF0
 5877      FF0F0000 
 5877      0000E0FF 
 5877      F0FF0100 
 5878 cf68 0000FF1F 			.word	0x1FFF0000, 0x00000FFE, 0xFFE00000, 0x0001FFF0
 5878      FE0F0000 
 5878      0000E0FF 
 5878      F0FF0100 
 5879 cf78 0000FF0F 			.word	0x0FFF0000, 0x00000FFE, 0xFFF00000, 0x0001FFE0
 5879      FE0F0000 
 5879      0000F0FF 
 5879      E0FF0100 
 5880 cf88 0080FF0F 			.word	0x0FFF8000, 0x00000FFE, 0xFFF00000, 0x0001FFE0
 5880      FE0F0000 
 5880      0000F0FF 
 5880      E0FF0100 
 5881 cf98 0080FF0F 			.word	0x0FFF8000, 0x00001FFC, 0x7FF00000, 0x0003FFE0
 5881      FC1F0000 
 5881      0000F07F 
 5881      E0FF0300 
 5882 cfa8 0080FF0F 			.word	0x0FFF8000, 0x00001FFC, 0x7FF80000, 0x0003FFE0
 5882      FC1F0000 
 5882      0000F87F 
 5882      E0FF0300 
 5883 cfb8 0080FF07 			.word	0x07FF8000, 0x00001FFC, 0x7FF80000, 0x0003FFC0
 5883      FC1F0000 
 5883      0000F87F 
 5883      C0FF0300 
 5884 cfc8 00C0FF07 			.word	0x07FFC000, 0x00001FFC, 0x7FF80000, 0x0003FFC0
 5884      FC1F0000 
 5884      0000F87F 
 5884      C0FF0300 
 5885 cfd8 00C0FF07 			.word	0x07FFC000, 0x00003FF8, 0x3FF80000, 0x0007FFC0
 5885      F83F0000 
 5885      0000F83F 
 5885      C0FF0700 
 5886 cfe8 00C0FF07 			.word	0x07FFC000, 0x00003FF8, 0x3FFC0000, 0x0007FFC0
 5886      F83F0000 
 5886      0000FC3F 
 5886      C0FF0700 
 5887 cff8 00C0FF03 			.word	0x03FFC000, 0x00003FF8, 0x3FFC0000, 0x0007FF80
 5887      F83F0000 
 5887      0000FC3F 
 5887      80FF0700 
 5888 d008 00E0FF03 			.word	0x03FFE000, 0x00007FF8, 0x1FFC0000, 0x0007FF80
 5888      F87F0000 
 5888      0000FC1F 
ARM GAS  font_arial104.s 			page 239


 5888      80FF0700 
 5889 d018 00E0FF03 			.word	0x03FFE000, 0x00007FF0, 0x1FFE0000, 0x000FFF80
 5889      F07F0000 
 5889      0000FE1F 
 5889      80FF0F00 
 5890 d028 00E0FF01 			.word	0x01FFE000, 0x00007FF0, 0x1FFE0000, 0x000FFF00
 5890      F07F0000 
 5890      0000FE1F 
 5890      00FF0F00 
 5891 d038 00E0FF01 			.word	0x01FFE000, 0x00007FF0, 0x1FFE0000, 0x000FFF00
 5891      F07F0000 
 5891      0000FE1F 
 5891      00FF0F00 
 5892 d048 00E0FF01 			.word	0x01FFE000, 0x0000FFE0, 0x0FFE0000, 0x000FFF00
 5892      E0FF0000 
 5892      0000FE0F 
 5892      00FF0F00 
 5893 d058 00F0FF01 			.word	0x01FFF000, 0x0000FFE0, 0x0FFF0000, 0x001FFF00
 5893      E0FF0000 
 5893      0000FF0F 
 5893      00FF1F00 
 5894 d068 00F0FF00 			.word	0x00FFF000, 0x0000FFE0, 0x0FFF0000, 0x001FFE00
 5894      E0FF0000 
 5894      0000FF0F 
 5894      00FE1F00 
 5895 d078 00F0FF00 			.word	0x00FFF000, 0x0001FFE0, 0x07FF0000, 0x001FFE00
 5895      E0FF0100 
 5895      0000FF07 
 5895      00FE1F00 
 5896 d088 00F0FF00 			.word	0x00FFF000, 0x0001FFC0, 0x07FF8000, 0x001FFE00
 5896      C0FF0100 
 5896      0080FF07 
 5896      00FE1F00 
 5897 d098 00F8FF00 			.word	0x00FFF800, 0x0001FFC0, 0x07FF8000, 0x003FFE00
 5897      C0FF0100 
 5897      0080FF07 
 5897      00FE3F00 
 5898 d0a8 00F87F00 			.word	0x007FF800, 0x0001FFC0, 0x07FF8000, 0x003FFC00
 5898      C0FF0100 
 5898      0080FF07 
 5898      00FC3F00 
 5899 d0b8 00F87F00 			.word	0x007FF800, 0x0003FFC0, 0x03FF8000, 0x003FFC00
 5899      C0FF0300 
 5899      0080FF03 
 5899      00FC3F00 
 5900 d0c8 00F87F00 			.word	0x007FF800, 0x0003FF80, 0x03FFC000, 0x003FFC00
 5900      80FF0300 
 5900      00C0FF03 
 5900      00FC3F00 
 5901 d0d8 00FC7F00 			.word	0x007FFC00, 0x0003FF80, 0x03FFC000, 0x007FF800
 5901      80FF0300 
 5901      00C0FF03 
 5901      00F87F00 
 5902 d0e8 00FC3F00 			.word	0x003FFC00, 0x0007FF80, 0x03FFC000, 0x007FF800
 5902      80FF0700 
 5902      00C0FF03 
 5902      00F87F00 
ARM GAS  font_arial104.s 			page 240


 5903 d0f8 00FC3F00 			.word	0x003FFC00, 0x0007FF00, 0x01FFC000, 0x007FF800
 5903      00FF0700 
 5903      00C0FF01 
 5903      00F87F00 
 5904 d108 00FC3F00 			.word	0x003FFC00, 0x0007FF00, 0x01FFE000, 0x007FF800
 5904      00FF0700 
 5904      00E0FF01 
 5904      00F87F00 
 5905 d118 00FC3F00 			.word	0x003FFC00, 0x0007FF00, 0x01FFE000, 0x00FFF000
 5905      00FF0700 
 5905      00E0FF01 
 5905      00F0FF00 
 5906 d128 00FE1F00 			.word	0x001FFE00, 0x000FFF00, 0x00FFE000, 0x00FFF000
 5906      00FF0F00 
 5906      00E0FF00 
 5906      00F0FF00 
 5907 d138 00FE1F00 			.word	0x001FFE00, 0x000FFE00, 0x00FFF000, 0x00FFF000
 5907      00FE0F00 
 5907      00F0FF00 
 5907      00F0FF00 
 5908 d148 00FE1F00 			.word	0x001FFE00, 0x000FFE00, 0x00FFF000, 0x00FFF000
 5908      00FE0F00 
 5908      00F0FF00 
 5908      00F0FF00 
 5909 d158 00FE0F00 			.word	0x000FFE00, 0x000FFE00, 0x00FFF000, 0x00FFE000
 5909      00FE0F00 
 5909      00F0FF00 
 5909      00E0FF00 
 5910 d168 00FF0F00 			.word	0x000FFF00, 0x001FFC00, 0x007FF000, 0x01FFE000
 5910      00FC1F00 
 5910      00F07F00 
 5910      00E0FF01 
 5911 d178 00FF0F00 			.word	0x000FFF00, 0x001FFC00, 0x007FF800, 0x01FFE000
 5911      00FC1F00 
 5911      00F87F00 
 5911      00E0FF01 
 5912 d188 00FF0F00 			.word	0x000FFF00, 0x001FFC00, 0x007FF800, 0x01FFC000
 5912      00FC1F00 
 5912      00F87F00 
 5912      00C0FF01 
 5913 d198 00FF0700 			.word	0x0007FF00, 0x003FFC00, 0x007FF800, 0x01FFC000
 5913      00FC3F00 
 5913      00F87F00 
 5913      00C0FF01 
 5914 d1a8 80FF0700 			.word	0x0007FF80, 0x003FF800, 0x003FFC00, 0x03FFC000
 5914      00F83F00 
 5914      00FC3F00 
 5914      00C0FF03 
 5915 d1b8 80FF0700 			.word	0x0007FF80, 0x003FF800, 0x003FFC00, 0x03FFC000
 5915      00F83F00 
 5915      00FC3F00 
 5915      00C0FF03 
 5916 d1c8 80FF0700 			.word	0x0007FF80, 0x003FF800, 0x003FFC00, 0x03FF8000
 5916      00F83F00 
 5916      00FC3F00 
 5916      0080FF03 
 5917 d1d8 80FF0300 			.word	0x0003FF80, 0x007FF800, 0x001FFC00, 0x03FF8000
ARM GAS  font_arial104.s 			page 241


 5917      00F87F00 
 5917      00FC1F00 
 5917      0080FF03 
 5918 d1e8 80FF0300 			.word	0x0003FF80, 0x007FF000, 0x001FFE00, 0x07FF8000
 5918      00F07F00 
 5918      00FE1F00 
 5918      0080FF07 
 5919 d1f8 C0FF0300 			.word	0x0003FFC0, 0x007FF000, 0x001FFE00, 0x07FF8000
 5919      00F07F00 
 5919      00FE1F00 
 5919      0080FF07 
 5920 d208 C0FF0300 			.word	0x0003FFC0, 0x00FFF000, 0x001FFE00, 0x07FF0000
 5920      00F0FF00 
 5920      00FE1F00 
 5920      0000FF07 
 5921 d218 C0FF0100 			.word	0x0001FFC0, 0x00FFE000, 0x000FFF00, 0x07FF0000
 5921      00E0FF00 
 5921      00FF0F00 
 5921      0000FF07 
 5922 d228 C0FF0100 			.word	0x0001FFC0, 0x00FFE000, 0x000FFF00, 0x0FFF0000
 5922      00E0FF00 
 5922      00FF0F00 
 5922      0000FF0F 
 5923 d238 E0FF0100 			.word	0x0001FFE0, 0x00FFE000, 0x000FFF00, 0x0FFE0000
 5923      00E0FF00 
 5923      00FF0F00 
 5923      0000FE0F 
 5924 d248 E0FF0100 			.word	0x0001FFE0, 0x01FFE000, 0x000FFF00, 0x0FFE0000
 5924      00E0FF01 
 5924      00FF0F00 
 5924      0000FE0F 
 5925 d258 E0FF0000 			.word	0x0000FFE0, 0x01FFC000, 0x0007FF80, 0x0FFE0000
 5925      00C0FF01 
 5925      80FF0700 
 5925      0000FE0F 
 5926 d268 E0FF0000 			.word	0x0000FFE0, 0x01FFC000, 0x0007FF80, 0x1FFE0000
 5926      00C0FF01 
 5926      80FF0700 
 5926      0000FE1F 
 5927 d278 F0FF0000 			.word	0x0000FFF0, 0x03FFC000, 0x0007FF80, 0x1FFC0000
 5927      00C0FF03 
 5927      80FF0700 
 5927      0000FC1F 
 5928 d288 F07F0000 			.word	0x00007FF0, 0x03FF8000, 0x0003FF80, 0x1FFC0000
 5928      0080FF03 
 5928      80FF0300 
 5928      0000FC1F 
 5929 d298 F07F0000 			.word	0x00007FF0, 0x03FF8000, 0x0003FFC0, 0x1FFC0000
 5929      0080FF03 
 5929      C0FF0300 
 5929      0000FC1F 
 5930 d2a8 F07F0000 			.word	0x00007FF0, 0x03FF8000, 0x0003FFC0, 0x3FFC0000
 5930      0080FF03 
 5930      C0FF0300 
 5930      0000FC3F 
 5931 d2b8 F07F0000 			.word	0x00007FF0, 0x07FF8000, 0x0003FFC0, 0x3FF80000
 5931      0080FF07 
ARM GAS  font_arial104.s 			page 242


 5931      C0FF0300 
 5931      0000F83F 
 5932 d2c8 F83F0000 			.word	0x00003FF8, 0x07FF0000, 0x0001FFC0, 0x3FF80000
 5932      0000FF07 
 5932      C0FF0100 
 5932      0000F83F 
 5933 d2d8 F83F0000 			.word	0x00003FF8, 0x07FF0000, 0x0001FFC0, 0x3FF80000
 5933      0000FF07 
 5933      C0FF0100 
 5933      0000F83F 
 5934 d2e8 F83F0000 			.word	0x00003FF8, 0x07FF0000, 0x0001FFE0, 0x7FF00000
 5934      0000FF07 
 5934      E0FF0100 
 5934      0000F07F 
 5935 d2f8 F83F0000 			.word	0x00003FF8, 0x0FFF0000, 0x0000FFE0, 0x7FF00000
 5935      0000FF0F 
 5935      E0FF0000 
 5935      0000F07F 
 5936 d308 FC1F0000 			.word	0x00001FFC, 0x0FFE0000, 0x0000FFE0, 0x7FF00000
 5936      0000FE0F 
 5936      E0FF0000 
 5936      0000F07F 
 5937 d318 FC1F0000 			.word	0x00001FFC, 0x0FFE0000, 0x0000FFE0, 0x7FF00000
 5937      0000FE0F 
 5937      E0FF0000 
 5937      0000F07F 
 5938 d328 FC1F0000 			.word	0x00001FFC, 0x0FFE0000, 0x0000FFE0, 0x7FE00000
 5938      0000FE0F 
 5938      E0FF0000 
 5938      0000E07F 
 5939 d338 FC1F0000 			.word	0x00001FFC, 0x1FFC0000, 0x00007FF0, 0xFFE00000
 5939      0000FC1F 
 5939      F07F0000 
 5939      0000E0FF 
 5940 d348 FC0F0000 			.word	0x00000FFC, 0x1FFC0000, 0x00007FF0, 0xFFE00000
 5940      0000FC1F 
 5940      F07F0000 
 5940      0000E0FF 
 5941 d358 FE0F0000 			.word	0x00000FFE, 0x1FFC0000, 0x00007FF0, 0xFFE00000
 5941      0000FC1F 
 5941      F07F0000 
 5941      0000E0FF 
 5942 d368 FE0F0000 			.word	0x00000FFE, 0x1FFC0000, 0x00007FF0, 0xFFC00000
 5942      0000FC1F 
 5942      F07F0000 
 5942      0000C0FF 
 5943 d378 FE0F0000 			.word	0x00000FFE, 0x3FF80000, 0x00003FF1, 0xFFC00000
 5943      0000F83F 
 5943      F13F0000 
 5943      0000C0FF 
 5944 d388 FE070000 			.word	0x000007FE, 0x3FF80000, 0x00003FF9, 0xFFC00000
 5944      0000F83F 
 5944      F93F0000 
 5944      0000C0FF 
 5945 d398 FE070000 			.word	0x000007FE, 0x3FF80000, 0x00003FF9, 0xFF800000
 5945      0000F83F 
 5945      F93F0000 
ARM GAS  font_arial104.s 			page 243


 5945      000080FF 
 5946 d3a8 FF070000 			.word	0x000007FF, 0x3FF80000, 0x00001FF9, 0xFF800000
 5946      0000F83F 
 5946      F91F0000 
 5946      000080FF 
 5947 d3b8 FF030000 			.word	0x000003FF, 0x7FF00000, 0x00001FF9, 0xFF800000
 5947      0000F07F 
 5947      F91F0000 
 5947      000080FF 
 5948 d3c8 FF030000 			.word	0x000003FF, 0x7FF00000, 0x00001FFB, 0xFF800000
 5948      0000F07F 
 5948      FB1F0000 
 5948      000080FF 
 5949 d3d8 FF030000 			.word	0x000003FF, 0x7FF00000, 0x00001FFF, 0xFF000000
 5949      0000F07F 
 5949      FF1F0000 
 5949      000000FF 
 5950 d3e8 FF030000 			.word	0x000003FF, 0xFFE00000, 0x00000FFF, 0xFF000000
 5950      0000E0FF 
 5950      FF0F0000 
 5950      000000FF 
 5951 d3f8 FF010000 			.word	0x000001FF, 0xFFE00000, 0x00000FFF, 0xFF000000
 5951      0000E0FF 
 5951      FF0F0000 
 5951      000000FF 
 5952 d408 FF010000 			.word	0x000001FF, 0xFFE00000, 0x00000FFF, 0xFF000000
 5952      0000E0FF 
 5952      FF0F0000 
 5952      000000FF 
 5953 d418 FF010000 			.word	0x000001FF, 0xFFE00000, 0x00000FFF, 0xFE000000
 5953      0000E0FF 
 5953      FF0F0000 
 5953      000000FE 
 5954 d428 FF010000 			.word	0x000001FF, 0xFFC00000, 0x000007FF, 0xFE000000
 5954      0000C0FF 
 5954      FF070000 
 5954      000000FE 
 5955 d438 FF000000 			.word	0x000000FF, 0xFFC00000, 0x000007FF, 0xFE000000
 5955      0000C0FF 
 5955      FF070000 
 5955      000000FE 
 5956 d448 FF000000 			.word	0x000000FF, 0xFFC00000, 0x000007FF, 0xFC000000
 5956      0000C0FF 
 5956      FF070000 
 5956      000000FC 
 5957 d458 FF000000 			.word	0x000000FF, 0xFF800000, 0x000003FF, 0xFC000000
 5957      000080FF 
 5957      FF030000 
 5957      000000FC 
 5958 d468 FF000000 			.word	0x000000FF, 0xFF800000, 0x000003FF, 0xFC000000
 5958      000080FF 
 5958      FF030000 
 5958      000000FC 
 5959 d478 7F000000 			.word	0x0000007F, 0xFF800000, 0x000003FF, 0xFC000000
 5959      000080FF 
 5959      FF030000 
 5959      000000FC 
ARM GAS  font_arial104.s 			page 244


 5960 d488 7F000000 			.word	0x0000007F, 0xFF800000, 0x000003FF, 0xF8000000
 5960      000080FF 
 5960      FF030000 
 5960      000000F8 
 5961 d498 7F000000 			.word	0x0000007F, 0xFF000000, 0x000001FF, 0xF8000000
 5961      000000FF 
 5961      FF010000 
 5961      000000F8 
 5962 d4a8 7F000000 			.word	0x0000007F, 0xFF000000, 0x000001FF, 0xF8000000
 5962      000000FF 
 5962      FF010000 
 5962      000000F8 
 5963 d4b8 3F000000 			.word	0x0000003F, 0xFF000000, 0x000001FF, 0xF8000000
 5963      000000FF 
 5963      FF010000 
 5963      000000F8 
 5964 d4c8 3F000000 			.word	0x0000003F, 0xFF000000, 0x000001FF, 0xF0000000
 5964      000000FF 
 5964      FF010000 
 5964      000000F0 
 5965              	
 5966              	UPPERCASE_X:
 5967 d4d8 58000000 			.word	'X			// ASCII "X" character
 5968 d4dc 5D000000 			.word	93			// cell pixel width
 5969 d4e0 82000000 			.word	CELLHGHT		// cell pixel height
 5970 d4e4 5A000000 			.word	90			// glyph pixel width
 5971 d4e8 64000000 			.word	100			// glyph pixel height
 5972 d4ec 01000000 			.word	1			// blank horizontal pixels before glyph
 5973 d4f0 02000000 			.word	2			// blank horizontal pixels after glyph
 5974 d4f4 00000000 			.word	0			// blank horizontal lines before glyph
 5975 d4f8 1E000000 			.word	30			// blank horizontal lines after glyph
 5976              							// bit mapped glyph
 5977 d4fc 00F0FF07 			.word	0x07FFF000, 0x00000000, 0x007FFF00
 5977      00000000 
 5977      00FF7F00 
 5978 d508 00F8FF07 			.word	0x07FFF800, 0x00000000, 0x007FFE00
 5978      00000000 
 5978      00FE7F00 
 5979 d514 00FCFF03 			.word	0x03FFFC00, 0x00000000, 0x00FFFC00
 5979      00000000 
 5979      00FCFF00 
 5980 d520 00FCFF01 			.word	0x01FFFC00, 0x00000000, 0x01FFF800
 5980      00000000 
 5980      00F8FF01 
 5981 d52c 00FEFF01 			.word	0x01FFFE00, 0x00000000, 0x03FFF800
 5981      00000000 
 5981      00F8FF03 
 5982 d538 00FFFF00 			.word	0x00FFFF00, 0x00000000, 0x03FFF000
 5982      00000000 
 5982      00F0FF03 
 5983 d544 00FF7F00 			.word	0x007FFF00, 0x00000000, 0x07FFE000
 5983      00000000 
 5983      00E0FF07 
 5984 d550 80FF3F00 			.word	0x003FFF80, 0x00000000, 0x0FFFC000
 5984      00000000 
 5984      00C0FF0F 
 5985 d55c C0FF3F00 			.word	0x003FFFC0, 0x00000000, 0x1FFFC000
ARM GAS  font_arial104.s 			page 245


 5985      00000000 
 5985      00C0FF1F 
 5986 d568 C0FF1F00 			.word	0x001FFFC0, 0x00000000, 0x1FFF8000
 5986      00000000 
 5986      0080FF1F 
 5987 d574 E0FF0F00 			.word	0x000FFFE0, 0x00000000, 0x3FFF0000
 5987      00000000 
 5987      0000FF3F 
 5988 d580 F0FF0F00 			.word	0x000FFFF0, 0x00000000, 0x7FFE0000
 5988      00000000 
 5988      0000FE7F 
 5989 d58c F8FF0700 			.word	0x0007FFF8, 0x00000000, 0xFFFE0000
 5989      00000000 
 5989      0000FEFF 
 5990 d598 F8FF0300 			.word	0x0003FFF8, 0x00000000, 0xFFFC0000
 5990      00000000 
 5990      0000FCFF 
 5991 d5a4 FCFF0100 			.word	0x0001FFFC, 0x00000001, 0xFFF80000
 5991      01000000 
 5991      0000F8FF 
 5992 d5b0 FEFF0100 			.word	0x0001FFFE, 0x00000003, 0xFFF00000
 5992      03000000 
 5992      0000F0FF 
 5993 d5bc FEFF0000 			.word	0x0000FFFE, 0x00000007, 0xFFF00000
 5993      07000000 
 5993      0000F0FF 
 5994 d5c8 FF7F0000 			.word	0x00007FFF, 0x00000007, 0xFFE00000
 5994      07000000 
 5994      0000E0FF 
 5995 d5d4 FF7F0000 			.word	0x00007FFF, 0x8000000F, 0xFFC00000
 5995      0F000080 
 5995      0000C0FF 
 5996 d5e0 FF3F0000 			.word	0x00003FFF, 0x8000001F, 0xFFC00000
 5996      1F000080 
 5996      0000C0FF 
 5997 d5ec FF1F0000 			.word	0x00001FFF, 0xC000003F, 0xFF800000
 5997      3F0000C0 
 5997      000080FF 
 5998 d5f8 FF1F0000 			.word	0x00001FFF, 0xE000003F, 0xFF000000
 5998      3F0000E0 
 5998      000000FF 
 5999 d604 FF0F0000 			.word	0x00000FFF, 0xF000007F, 0xFE000000
 5999      7F0000F0 
 5999      000000FE 
 6000 d610 FF070000 			.word	0x000007FF, 0xF00000FF, 0xFE000000
 6000      FF0000F0 
 6000      000000FE 
 6001 d61c FF030000 			.word	0x000003FF, 0xF80001FF, 0xFC000000
 6001      FF0100F8 
 6001      000000FC 
 6002 d628 FF030000 			.word	0x000003FF, 0xFC0001FF, 0xF8000000
 6002      FF0100FC 
 6002      000000F8 
 6003 d634 FF010000 			.word	0x000001FF, 0xFC0003FF, 0xF0000000
 6003      FF0300FC 
 6003      000000F0 
 6004 d640 FF000000 			.word	0x000000FF, 0xFE0007FF, 0xF0000000
ARM GAS  font_arial104.s 			page 246


 6004      FF0700FE 
 6004      000000F0 
 6005 d64c FF000000 			.word	0x000000FF, 0xFF000FFF, 0xE0000000
 6005      FF0F00FF 
 6005      000000E0 
 6006 d658 7F000000 			.word	0x0000007F, 0xFF000FFF, 0xC0000000
 6006      FF0F00FF 
 6006      000000C0 
 6007 d664 3F000000 			.word	0x0000003F, 0xFF801FFF, 0x80000000
 6007      FF1F80FF 
 6007      00000080 
 6008 d670 1F000000 			.word	0x0000001F, 0xFFC03FFF, 0x80000000
 6008      FF3FC0FF 
 6008      00000080 
 6009 d67c 1F000000 			.word	0x0000001F, 0xFFC07FFF, 0x00000000
 6009      FF7FC0FF 
 6009      00000000 
 6010 d688 0F000000 			.word	0x0000000F, 0xFFE07FFE, 0x00000000
 6010      FE7FE0FF 
 6010      00000000 
 6011 d694 07000000 			.word	0x00000007, 0xFFF0FFFC, 0x00000000
 6011      FCFFF0FF 
 6011      00000000 
 6012 d6a0 07000000 			.word	0x00000007, 0xFFF1FFFC, 0x00000000
 6012      FCFFF1FF 
 6012      00000000 
 6013 d6ac 03000000 			.word	0x00000003, 0xFFF9FFF8, 0x00000000
 6013      F8FFF9FF 
 6013      00000000 
 6014 d6b8 01000000 			.word	0x00000001, 0xFFFFFFF0, 0x00000000
 6014      F0FFFFFF 
 6014      00000000 
 6015 d6c4 00000000 			.word	0x00000000, 0xFFFFFFE0, 0x00000000
 6015      E0FFFFFF 
 6015      00000000 
 6016 d6d0 00000000 			.word	0x00000000, 0xFFFFFFE0, 0x00000000
 6016      E0FFFFFF 
 6016      00000000 
 6017 d6dc 00000000 			.word	0x00000000, 0x7FFFFFC0, 0x00000000
 6017      C0FFFF7F 
 6017      00000000 
 6018 d6e8 00000000 			.word	0x00000000, 0x3FFFFF80, 0x00000000
 6018      80FFFF3F 
 6018      00000000 
 6019 d6f4 00000000 			.word	0x00000000, 0x3FFFFF00, 0x00000000
 6019      00FFFF3F 
 6019      00000000 
 6020 d700 00000000 			.word	0x00000000, 0x1FFFFF00, 0x00000000
 6020      00FFFF1F 
 6020      00000000 
 6021 d70c 00000000 			.word	0x00000000, 0x0FFFFE00, 0x00000000
 6021      00FEFF0F 
 6021      00000000 
 6022 d718 00000000 			.word	0x00000000, 0x0FFFFC00, 0x00000000
 6022      00FCFF0F 
 6022      00000000 
 6023 d724 00000000 			.word	0x00000000, 0x07FFFC00, 0x00000000
ARM GAS  font_arial104.s 			page 247


 6023      00FCFF07 
 6023      00000000 
 6024 d730 00000000 			.word	0x00000000, 0x03FFF800, 0x00000000
 6024      00F8FF03 
 6024      00000000 
 6025 d73c 00000000 			.word	0x00000000, 0x03FFFC00, 0x00000000
 6025      00FCFF03 
 6025      00000000 
 6026 d748 00000000 			.word	0x00000000, 0x07FFFE00, 0x00000000
 6026      00FEFF07 
 6026      00000000 
 6027 d754 00000000 			.word	0x00000000, 0x0FFFFE00, 0x00000000
 6027      00FEFF0F 
 6027      00000000 
 6028 d760 00000000 			.word	0x00000000, 0x1FFFFF00, 0x00000000
 6028      00FFFF1F 
 6028      00000000 
 6029 d76c 00000000 			.word	0x00000000, 0x1FFFFF80, 0x00000000
 6029      80FFFF1F 
 6029      00000000 
 6030 d778 00000000 			.word	0x00000000, 0x3FFFFFC0, 0x00000000
 6030      C0FFFF3F 
 6030      00000000 
 6031 d784 00000000 			.word	0x00000000, 0x7FFFFFC0, 0x00000000
 6031      C0FFFF7F 
 6031      00000000 
 6032 d790 00000000 			.word	0x00000000, 0x7FFFFFE0, 0x00000000
 6032      E0FFFF7F 
 6032      00000000 
 6033 d79c 00000000 			.word	0x00000000, 0xFFFFFFF0, 0x00000000
 6033      F0FFFFFF 
 6033      00000000 
 6034 d7a8 01000000 			.word	0x00000001, 0xFFFFFFF0, 0x00000000
 6034      F0FFFFFF 
 6034      00000000 
 6035 d7b4 03000000 			.word	0x00000003, 0xFFFBFFF8, 0x00000000
 6035      F8FFFBFF 
 6035      00000000 
 6036 d7c0 03000000 			.word	0x00000003, 0xFFF3FFFC, 0x00000000
 6036      FCFFF3FF 
 6036      00000000 
 6037 d7cc 07000000 			.word	0x00000007, 0xFFE1FFFE, 0x00000000
 6037      FEFFE1FF 
 6037      00000000 
 6038 d7d8 0F000000 			.word	0x0000000F, 0xFFE0FFFE, 0x00000000
 6038      FEFFE0FF 
 6038      00000000 
 6039 d7e4 1F000000 			.word	0x0000001F, 0xFFC0FFFF, 0x00000000
 6039      FFFFC0FF 
 6039      00000000 
 6040 d7f0 1F000000 			.word	0x0000001F, 0xFF807FFF, 0x80000000
 6040      FF7F80FF 
 6040      00000080 
 6041 d7fc 3F000000 			.word	0x0000003F, 0xFF803FFF, 0x80000000
 6041      FF3F80FF 
 6041      00000080 
 6042 d808 7F000000 			.word	0x0000007F, 0xFF003FFF, 0xC0000000
ARM GAS  font_arial104.s 			page 248


 6042      FF3F00FF 
 6042      000000C0 
 6043 d814 FF000000 			.word	0x000000FF, 0xFE001FFF, 0xE0000000
 6043      FF1F00FE 
 6043      000000E0 
 6044 d820 FF000000 			.word	0x000000FF, 0xFE000FFF, 0xF0000000
 6044      FF0F00FE 
 6044      000000F0 
 6045 d82c FF010000 			.word	0x000001FF, 0xFC000FFF, 0xF0000000
 6045      FF0F00FC 
 6045      000000F0 
 6046 d838 FF030000 			.word	0x000003FF, 0xF80007FF, 0xF8000000
 6046      FF0700F8 
 6046      000000F8 
 6047 d844 FF070000 			.word	0x000007FF, 0xF00003FF, 0xFC000000
 6047      FF0300F0 
 6047      000000FC 
 6048 d850 FF070000 			.word	0x000007FF, 0xF00001FF, 0xFC000000
 6048      FF0100F0 
 6048      000000FC 
 6049 d85c FF0F0000 			.word	0x00000FFF, 0xE00001FF, 0xFE000000
 6049      FF0100E0 
 6049      000000FE 
 6050 d868 FF1F0000 			.word	0x00001FFF, 0xC00000FF, 0xFF000000
 6050      FF0000C0 
 6050      000000FF 
 6051 d874 FF1F0000 			.word	0x00001FFF, 0xC000007F, 0xFF800000
 6051      7F0000C0 
 6051      000080FF 
 6052 d880 FF3F0000 			.word	0x00003FFF, 0x8000007F, 0xFF800000
 6052      7F000080 
 6052      000080FF 
 6053 d88c FF7F0000 			.word	0x00007FFF, 0x0000003F, 0xFFC00000
 6053      3F000000 
 6053      0000C0FF 
 6054 d898 FEFF0000 			.word	0x0000FFFE, 0x0000001F, 0xFFE00000
 6054      1F000000 
 6054      0000E0FF 
 6055 d8a4 FEFF0000 			.word	0x0000FFFE, 0x0000001F, 0xFFE00000
 6055      1F000000 
 6055      0000E0FF 
 6056 d8b0 FCFF0100 			.word	0x0001FFFC, 0x0000000F, 0xFFF00000
 6056      0F000000 
 6056      0000F0FF 
 6057 d8bc F8FF0300 			.word	0x0003FFF8, 0x00000007, 0xFFF80000
 6057      07000000 
 6057      0000F8FF 
 6058 d8c8 F8FF0700 			.word	0x0007FFF8, 0x00000003, 0xFFFC0000
 6058      03000000 
 6058      0000FCFF 
 6059 d8d4 F0FF0700 			.word	0x0007FFF0, 0x00000003, 0xFFFC0000
 6059      03000000 
 6059      0000FCFF 
 6060 d8e0 E0FF0F00 			.word	0x000FFFE0, 0x00000001, 0xFFFE0000
 6060      01000000 
 6060      0000FEFF 
 6061 d8ec C0FF1F00 			.word	0x001FFFC0, 0x00000000, 0xFFFF0000
ARM GAS  font_arial104.s 			page 249


 6061      00000000 
 6061      0000FFFF 
 6062 d8f8 C0FF3F00 			.word	0x003FFFC0, 0x00000000, 0xFFFF0000
 6062      00000000 
 6062      0000FFFF 
 6063 d904 80FF3F00 			.word	0x003FFF80, 0x00000000, 0x7FFF8000
 6063      00000000 
 6063      0080FF7F 
 6064 d910 00FF7F00 			.word	0x007FFF00, 0x00000000, 0x3FFFC000
 6064      00000000 
 6064      00C0FF3F 
 6065 d91c 00FFFF00 			.word	0x00FFFF00, 0x00000000, 0x1FFFE000
 6065      00000000 
 6065      00E0FF1F 
 6066 d928 00FEFF01 			.word	0x01FFFE00, 0x00000000, 0x1FFFE000
 6066      00000000 
 6066      00E0FF1F 
 6067 d934 00FCFF01 			.word	0x01FFFC00, 0x00000000, 0x0FFFF000
 6067      00000000 
 6067      00F0FF0F 
 6068 d940 00F8FF03 			.word	0x03FFF800, 0x00000000, 0x07FFF800
 6068      00000000 
 6068      00F8FF07 
 6069 d94c 00F8FF07 			.word	0x07FFF800, 0x00000000, 0x07FFF800
 6069      00000000 
 6069      00F8FF07 
 6070 d958 00F0FF0F 			.word	0x0FFFF000, 0x00000000, 0x03FFFC00
 6070      00000000 
 6070      00FCFF03 
 6071 d964 00E0FF0F 			.word	0x0FFFE000, 0x00000000, 0x01FFFE00
 6071      00000000 
 6071      00FEFF01 
 6072 d970 00E0FF1F 			.word	0x1FFFE000, 0x00000000, 0x01FFFE00
 6072      00000000 
 6072      00FEFF01 
 6073 d97c 00C0FF3F 			.word	0x3FFFC000, 0x00000000, 0x00FFFF00
 6073      00000000 
 6073      00FFFF00 
 6074 d988 0080FF3F 			.word	0x3FFF8000, 0x00000000, 0x007FFF80
 6074      00000000 
 6074      80FF7F00 
 6075 d994 0000FF7F 			.word	0x7FFF0000, 0x00000000, 0x003FFFC0
 6075      00000000 
 6075      C0FF3F00 
 6076 d9a0 0000FFFF 			.word	0xFFFF0000, 0x00000000, 0x003FFFC0
 6076      00000000 
 6076      C0FF3F00 
 6077              	
 6078              	UPPERCASE_Y:
 6079 d9ac 59000000 			.word	'Y			// ASCII "Y" character
 6080 d9b0 5B000000 			.word	91			// cell pixel width
 6081 d9b4 82000000 			.word	CELLHGHT		// cell pixel height
 6082 d9b8 58000000 			.word	88			// glyph pixel width
 6083 d9bc 64000000 			.word	100			// glyph pixel height
 6084 d9c0 01000000 			.word	1			// blank horizontal pixels before glyph
 6085 d9c4 02000000 			.word	2			// blank horizontal pixels after glyph
 6086 d9c8 00000000 			.word	0			// blank horizontal lines before glyph
ARM GAS  font_arial104.s 			page 250


 6087 d9cc 1E000000 			.word	30			// blank horizontal lines after glyph
 6088              							// bit mapped glyph
 6089 d9d0 0000FEFF 			.word	0xFFFE0000, 0x00000000, 0x007FFF00
 6089      00000000 
 6089      00FF7F00 
 6090 d9dc 0000FFFF 			.word	0xFFFF0000, 0x00000000, 0x007FFF00
 6090      00000000 
 6090      00FF7F00 
 6091 d9e8 0080FF7F 			.word	0x7FFF8000, 0x00000000, 0x00FFFE00
 6091      00000000 
 6091      00FEFF00 
 6092 d9f4 0080FF3F 			.word	0x3FFF8000, 0x00000000, 0x01FFFC00
 6092      00000000 
 6092      00FCFF01 
 6093 da00 00C0FF3F 			.word	0x3FFFC000, 0x00000000, 0x01FFFC00
 6093      00000000 
 6093      00FCFF01 
 6094 da0c 00C0FF1F 			.word	0x1FFFC000, 0x00000000, 0x03FFF800
 6094      00000000 
 6094      00F8FF03 
 6095 da18 00E0FF0F 			.word	0x0FFFE000, 0x00000000, 0x07FFF000
 6095      00000000 
 6095      00F0FF07 
 6096 da24 00F0FF0F 			.word	0x0FFFF000, 0x00000000, 0x07FFF000
 6096      00000000 
 6096      00F0FF07 
 6097 da30 00F0FF07 			.word	0x07FFF000, 0x00000000, 0x0FFFE000
 6097      00000000 
 6097      00E0FF0F 
 6098 da3c 00F8FF07 			.word	0x07FFF800, 0x00000000, 0x0FFFC000
 6098      00000000 
 6098      00C0FF0F 
 6099 da48 00FCFF03 			.word	0x03FFFC00, 0x00000000, 0x1FFFC000
 6099      00000000 
 6099      00C0FF1F 
 6100 da54 00FCFF01 			.word	0x01FFFC00, 0x00000000, 0x3FFF8000
 6100      00000000 
 6100      0080FF3F 
 6101 da60 00FEFF01 			.word	0x01FFFE00, 0x00000000, 0x3FFF0000
 6101      00000000 
 6101      0000FF3F 
 6102 da6c 00FFFF00 			.word	0x00FFFF00, 0x00000000, 0x7FFF0000
 6102      00000000 
 6102      0000FF7F 
 6103 da78 00FF7F00 			.word	0x007FFF00, 0x00000000, 0xFFFE0000
 6103      00000000 
 6103      0000FEFF 
 6104 da84 80FF7F00 			.word	0x007FFF80, 0x00000000, 0xFFFC0000
 6104      00000000 
 6104      0000FCFF 
 6105 da90 80FF3F00 			.word	0x003FFF80, 0x00000001, 0xFFFC0000
 6105      01000000 
 6105      0000FCFF 
 6106 da9c C0FF1F00 			.word	0x001FFFC0, 0x00000003, 0xFFF80000
 6106      03000000 
 6106      0000F8FF 
 6107 daa8 E0FF1F00 			.word	0x001FFFE0, 0x00000003, 0xFFF00000
ARM GAS  font_arial104.s 			page 251


 6107      03000000 
 6107      0000F0FF 
 6108 dab4 E0FF0F00 			.word	0x000FFFE0, 0x00000007, 0xFFF00000
 6108      07000000 
 6108      0000F0FF 
 6109 dac0 F0FF0700 			.word	0x0007FFF0, 0x00000007, 0xFFE00000
 6109      07000000 
 6109      0000E0FF 
 6110 dacc F8FF0700 			.word	0x0007FFF8, 0x0000000F, 0xFFC00000
 6110      0F000000 
 6110      0000C0FF 
 6111 dad8 F8FF0300 			.word	0x0003FFF8, 0x0000001F, 0xFFC00000
 6111      1F000000 
 6111      0000C0FF 
 6112 dae4 FCFF0100 			.word	0x0001FFFC, 0x0000001F, 0xFF800000
 6112      1F000000 
 6112      000080FF 
 6113 daf0 FEFF0100 			.word	0x0001FFFE, 0x0000003F, 0xFF000000
 6113      3F000000 
 6113      000000FF 
 6114 dafc FEFF0000 			.word	0x0000FFFE, 0x0000007F, 0xFF000000
 6114      7F000000 
 6114      000000FF 
 6115 db08 FF7F0000 			.word	0x00007FFF, 0x0000007F, 0xFE000000
 6115      7F000000 
 6115      000000FE 
 6116 db14 FF7F0000 			.word	0x00007FFF, 0x000000FF, 0xFC000000
 6116      FF000000 
 6116      000000FC 
 6117 db20 FF3F0000 			.word	0x00003FFF, 0x800001FF, 0xFC000000
 6117      FF010080 
 6117      000000FC 
 6118 db2c FF1F0000 			.word	0x00001FFF, 0xC00001FF, 0xF8000000
 6118      FF0100C0 
 6118      000000F8 
 6119 db38 FF1F0000 			.word	0x00001FFF, 0xC00003FF, 0xF0000000
 6119      FF0300C0 
 6119      000000F0 
 6120 db44 FF0F0000 			.word	0x00000FFF, 0xE00003FF, 0xF0000000
 6120      FF0300E0 
 6120      000000F0 
 6121 db50 FF0F0000 			.word	0x00000FFF, 0xF00007FF, 0xE0000000
 6121      FF0700F0 
 6121      000000E0 
 6122 db5c FF070000 			.word	0x000007FF, 0xF0000FFF, 0xC0000000
 6122      FF0F00F0 
 6122      000000C0 
 6123 db68 FF030000 			.word	0x000003FF, 0xF8000FFF, 0x80000000
 6123      FF0F00F8 
 6123      00000080 
 6124 db74 FF030000 			.word	0x000003FF, 0xF8001FFF, 0x80000000
 6124      FF1F00F8 
 6124      00000080 
 6125 db80 FF010000 			.word	0x000001FF, 0xFC003FFF, 0x00000000
 6125      FF3F00FC 
 6125      00000000 
 6126 db8c FF000000 			.word	0x000000FF, 0xFE003FFE, 0x00000000
ARM GAS  font_arial104.s 			page 252


 6126      FE3F00FE 
 6126      00000000 
 6127 db98 FF000000 			.word	0x000000FF, 0xFE007FFE, 0x00000000
 6127      FE7F00FE 
 6127      00000000 
 6128 dba4 7F000000 			.word	0x0000007F, 0xFF007FFC, 0x00000000
 6128      FC7F00FF 
 6128      00000000 
 6129 dbb0 3F000000 			.word	0x0000003F, 0xFF00FFF8, 0x00000000
 6129      F8FF00FF 
 6129      00000000 
 6130 dbbc 3F000000 			.word	0x0000003F, 0xFF81FFF8, 0x00000000
 6130      F8FF81FF 
 6130      00000000 
 6131 dbc8 1F000000 			.word	0x0000001F, 0xFFC1FFF0, 0x00000000
 6131      F0FFC1FF 
 6131      00000000 
 6132 dbd4 0F000000 			.word	0x0000000F, 0xFFC3FFE0, 0x00000000
 6132      E0FFC3FF 
 6132      00000000 
 6133 dbe0 0F000000 			.word	0x0000000F, 0xFFE3FFE0, 0x00000000
 6133      E0FFE3FF 
 6133      00000000 
 6134 dbec 07000000 			.word	0x00000007, 0xFFE7FFC0, 0x00000000
 6134      C0FFE7FF 
 6134      00000000 
 6135 dbf8 03000000 			.word	0x00000003, 0xFFFFFF80, 0x00000000
 6135      80FFFFFF 
 6135      00000000 
 6136 dc04 03000000 			.word	0x00000003, 0xFFFFFF80, 0x00000000
 6136      80FFFFFF 
 6136      00000000 
 6137 dc10 01000000 			.word	0x00000001, 0xFFFFFF00, 0x00000000
 6137      00FFFFFF 
 6137      00000000 
 6138 dc1c 00000000 			.word	0x00000000, 0xFFFFFE00, 0x00000000
 6138      00FEFFFF 
 6138      00000000 
 6139 dc28 00000000 			.word	0x00000000, 0xFFFFFE00, 0x00000000
 6139      00FEFFFF 
 6139      00000000 
 6140 dc34 00000000 			.word	0x00000000, 0x7FFFFC00, 0x00000000
 6140      00FCFF7F 
 6140      00000000 
 6141 dc40 00000000 			.word	0x00000000, 0x3FFFF800, 0x00000000
 6141      00F8FF3F 
 6141      00000000 
 6142 dc4c 00000000 			.word	0x00000000, 0x3FFFF800, 0x00000000
 6142      00F8FF3F 
 6142      00000000 
 6143 dc58 00000000 			.word	0x00000000, 0x1FFFF000, 0x00000000
 6143      00F0FF1F 
 6143      00000000 
 6144 dc64 00000000 			.word	0x00000000, 0x1FFFE000, 0x00000000
 6144      00E0FF1F 
 6144      00000000 
 6145 dc70 00000000 			.word	0x00000000, 0x0FFFE000, 0x00000000
ARM GAS  font_arial104.s 			page 253


 6145      00E0FF0F 
 6145      00000000 
 6146 dc7c 00000000 			.word	0x00000000, 0x07FFC000, 0x00000000
 6146      00C0FF07 
 6146      00000000 
 6147 dc88 00000000 			.word	0x00000000, 0x07FFC000, 0x00000000
 6147      00C0FF07 
 6147      00000000 
 6148 dc94 00000000 			.word	0x00000000, 0x07FFC000, 0x00000000
 6148      00C0FF07 
 6148      00000000 
 6149 dca0 00000000 			.word	0x00000000, 0x07FFC000, 0x00000000
 6149      00C0FF07 
 6149      00000000 
 6150 dcac 00000000 			.word	0x00000000, 0x07FFC000, 0x00000000
 6150      00C0FF07 
 6150      00000000 
 6151 dcb8 00000000 			.word	0x00000000, 0x07FFC000, 0x00000000
 6151      00C0FF07 
 6151      00000000 
 6152 dcc4 00000000 			.word	0x00000000, 0x07FFC000, 0x00000000
 6152      00C0FF07 
 6152      00000000 
 6153 dcd0 00000000 			.word	0x00000000, 0x07FFC000, 0x00000000
 6153      00C0FF07 
 6153      00000000 
 6154 dcdc 00000000 			.word	0x00000000, 0x07FFC000, 0x00000000
 6154      00C0FF07 
 6154      00000000 
 6155 dce8 00000000 			.word	0x00000000, 0x07FFC000, 0x00000000
 6155      00C0FF07 
 6155      00000000 
 6156 dcf4 00000000 			.word	0x00000000, 0x07FFC000, 0x00000000
 6156      00C0FF07 
 6156      00000000 
 6157 dd00 00000000 			.word	0x00000000, 0x07FFC000, 0x00000000
 6157      00C0FF07 
 6157      00000000 
 6158 dd0c 00000000 			.word	0x00000000, 0x07FFC000, 0x00000000
 6158      00C0FF07 
 6158      00000000 
 6159 dd18 00000000 			.word	0x00000000, 0x07FFC000, 0x00000000
 6159      00C0FF07 
 6159      00000000 
 6160 dd24 00000000 			.word	0x00000000, 0x07FFC000, 0x00000000
 6160      00C0FF07 
 6160      00000000 
 6161 dd30 00000000 			.word	0x00000000, 0x07FFC000, 0x00000000
 6161      00C0FF07 
 6161      00000000 
 6162 dd3c 00000000 			.word	0x00000000, 0x07FFC000, 0x00000000
 6162      00C0FF07 
 6162      00000000 
 6163 dd48 00000000 			.word	0x00000000, 0x07FFC000, 0x00000000
 6163      00C0FF07 
 6163      00000000 
 6164 dd54 00000000 			.word	0x00000000, 0x07FFC000, 0x00000000
ARM GAS  font_arial104.s 			page 254


 6164      00C0FF07 
 6164      00000000 
 6165 dd60 00000000 			.word	0x00000000, 0x07FFC000, 0x00000000
 6165      00C0FF07 
 6165      00000000 
 6166 dd6c 00000000 			.word	0x00000000, 0x07FFC000, 0x00000000
 6166      00C0FF07 
 6166      00000000 
 6167 dd78 00000000 			.word	0x00000000, 0x07FFC000, 0x00000000
 6167      00C0FF07 
 6167      00000000 
 6168 dd84 00000000 			.word	0x00000000, 0x07FFC000, 0x00000000
 6168      00C0FF07 
 6168      00000000 
 6169 dd90 00000000 			.word	0x00000000, 0x07FFC000, 0x00000000
 6169      00C0FF07 
 6169      00000000 
 6170 dd9c 00000000 			.word	0x00000000, 0x07FFC000, 0x00000000
 6170      00C0FF07 
 6170      00000000 
 6171 dda8 00000000 			.word	0x00000000, 0x07FFC000, 0x00000000
 6171      00C0FF07 
 6171      00000000 
 6172 ddb4 00000000 			.word	0x00000000, 0x07FFC000, 0x00000000
 6172      00C0FF07 
 6172      00000000 
 6173 ddc0 00000000 			.word	0x00000000, 0x07FFC000, 0x00000000
 6173      00C0FF07 
 6173      00000000 
 6174 ddcc 00000000 			.word	0x00000000, 0x07FFC000, 0x00000000
 6174      00C0FF07 
 6174      00000000 
 6175 ddd8 00000000 			.word	0x00000000, 0x07FFC000, 0x00000000
 6175      00C0FF07 
 6175      00000000 
 6176 dde4 00000000 			.word	0x00000000, 0x07FFC000, 0x00000000
 6176      00C0FF07 
 6176      00000000 
 6177 ddf0 00000000 			.word	0x00000000, 0x07FFC000, 0x00000000
 6177      00C0FF07 
 6177      00000000 
 6178 ddfc 00000000 			.word	0x00000000, 0x07FFC000, 0x00000000
 6178      00C0FF07 
 6178      00000000 
 6179 de08 00000000 			.word	0x00000000, 0x07FFC000, 0x00000000
 6179      00C0FF07 
 6179      00000000 
 6180 de14 00000000 			.word	0x00000000, 0x07FFC000, 0x00000000
 6180      00C0FF07 
 6180      00000000 
 6181 de20 00000000 			.word	0x00000000, 0x07FFC000, 0x00000000
 6181      00C0FF07 
 6181      00000000 
 6182 de2c 00000000 			.word	0x00000000, 0x07FFC000, 0x00000000
 6182      00C0FF07 
 6182      00000000 
 6183 de38 00000000 			.word	0x00000000, 0x07FFC000, 0x00000000
ARM GAS  font_arial104.s 			page 255


 6183      00C0FF07 
 6183      00000000 
 6184 de44 00000000 			.word	0x00000000, 0x07FFC000, 0x00000000
 6184      00C0FF07 
 6184      00000000 
 6185 de50 00000000 			.word	0x00000000, 0x07FFC000, 0x00000000
 6185      00C0FF07 
 6185      00000000 
 6186 de5c 00000000 			.word	0x00000000, 0x07FFC000, 0x00000000
 6186      00C0FF07 
 6186      00000000 
 6187 de68 00000000 			.word	0x00000000, 0x07FFC000, 0x00000000
 6187      00C0FF07 
 6187      00000000 
 6188 de74 00000000 			.word	0x00000000, 0x07FFC000, 0x00000000
 6188      00C0FF07 
 6188      00000000 
 6189              	
 6190              	UPPERCASE_Z:
 6191 de80 5A000000 			.word	'Z			// ASCII "Z" character
 6192 de84 55000000 			.word	85			// cell pixel width
 6193 de88 82000000 			.word	CELLHGHT		// cell pixel height
 6194 de8c 4E000000 			.word	78			// glyph pixel width
 6195 de90 64000000 			.word	100			// glyph pixel height
 6196 de94 03000000 			.word	3			// blank horizontal pixels before glyph
 6197 de98 04000000 			.word	4			// blank horizontal pixels after glyph
 6198 de9c 00000000 			.word	0			// blank horizontal lines before glyph
 6199 dea0 1E000000 			.word	30			// blank horizontal lines after glyph
 6200              							// bit mapped glyph
 6201 dea4 FFFFFF03 			.word	0x03FFFFFF, 0xFFFFFFFF, 0xFFF80000
 6201      FFFFFFFF 
 6201      0000F8FF 
 6202 deb0 FFFFFF03 			.word	0x03FFFFFF, 0xFFFFFFFF, 0xFFF80000
 6202      FFFFFFFF 
 6202      0000F8FF 
 6203 debc FFFFFF03 			.word	0x03FFFFFF, 0xFFFFFFFF, 0xFFF80000
 6203      FFFFFFFF 
 6203      0000F8FF 
 6204 dec8 FFFFFF03 			.word	0x03FFFFFF, 0xFFFFFFFF, 0xFFF80000
 6204      FFFFFFFF 
 6204      0000F8FF 
 6205 ded4 FFFFFF03 			.word	0x03FFFFFF, 0xFFFFFFFF, 0xFFF80000
 6205      FFFFFFFF 
 6205      0000F8FF 
 6206 dee0 FFFFFF03 			.word	0x03FFFFFF, 0xFFFFFFFF, 0xFFF80000
 6206      FFFFFFFF 
 6206      0000F8FF 
 6207 deec FFFFFF03 			.word	0x03FFFFFF, 0xFFFFFFFF, 0xFFF80000
 6207      FFFFFFFF 
 6207      0000F8FF 
 6208 def8 FFFFFF03 			.word	0x03FFFFFF, 0xFFFFFFFF, 0xFFF80000
 6208      FFFFFFFF 
 6208      0000F8FF 
 6209 df04 FFFFFF03 			.word	0x03FFFFFF, 0xFFFFFFFF, 0xFFF80000
 6209      FFFFFFFF 
 6209      0000F8FF 
 6210 df10 FFFFFF03 			.word	0x03FFFFFF, 0xFFFFFFFF, 0xFFF80000
ARM GAS  font_arial104.s 			page 256


 6210      FFFFFFFF 
 6210      0000F8FF 
 6211 df1c FFFFFF03 			.word	0x03FFFFFF, 0xFFFFFFFF, 0xFFF80000
 6211      FFFFFFFF 
 6211      0000F8FF 
 6212 df28 FFFFFF03 			.word	0x03FFFFFF, 0xFFFFFFFF, 0xFFF80000
 6212      FFFFFFFF 
 6212      0000F8FF 
 6213 df34 00000000 			.word	0x00000000, 0x00000007, 0xFFF00000
 6213      07000000 
 6213      0000F0FF 
 6214 df40 00000000 			.word	0x00000000, 0x0000000F, 0xFFF00000
 6214      0F000000 
 6214      0000F0FF 
 6215 df4c 00000000 			.word	0x00000000, 0x0000001F, 0xFFE00000
 6215      1F000000 
 6215      0000E0FF 
 6216 df58 00000000 			.word	0x00000000, 0x0000003F, 0xFFC00000
 6216      3F000000 
 6216      0000C0FF 
 6217 df64 00000000 			.word	0x00000000, 0x0000007F, 0xFF800000
 6217      7F000000 
 6217      000080FF 
 6218 df70 00000000 			.word	0x00000000, 0x000000FF, 0xFF000000
 6218      FF000000 
 6218      000000FF 
 6219 df7c 00000000 			.word	0x00000000, 0x000001FF, 0xFF000000
 6219      FF010000 
 6219      000000FF 
 6220 df88 00000000 			.word	0x00000000, 0x000003FF, 0xFE000000
 6220      FF030000 
 6220      000000FE 
 6221 df94 00000000 			.word	0x00000000, 0x000003FF, 0xFC000000
 6221      FF030000 
 6221      000000FC 
 6222 dfa0 00000000 			.word	0x00000000, 0x000007FF, 0xF8000000
 6222      FF070000 
 6222      000000F8 
 6223 dfac 00000000 			.word	0x00000000, 0x00000FFF, 0xF0000000
 6223      FF0F0000 
 6223      000000F0 
 6224 dfb8 00000000 			.word	0x00000000, 0x00001FFF, 0xF0000000
 6224      FF1F0000 
 6224      000000F0 
 6225 dfc4 00000000 			.word	0x00000000, 0x00003FFF, 0xE0000000
 6225      FF3F0000 
 6225      000000E0 
 6226 dfd0 00000000 			.word	0x00000000, 0x00003FFF, 0xC0000000
 6226      FF3F0000 
 6226      000000C0 
 6227 dfdc 00000000 			.word	0x00000000, 0x00007FFF, 0x80000000
 6227      FF7F0000 
 6227      00000080 
 6228 dfe8 00000000 			.word	0x00000000, 0x0000FFFF, 0x00000000
 6228      FFFF0000 
 6228      00000000 
 6229 dff4 00000000 			.word	0x00000000, 0x0001FFFE, 0x00000000
ARM GAS  font_arial104.s 			page 257


 6229      FEFF0100 
 6229      00000000 
 6230 e000 00000000 			.word	0x00000000, 0x0003FFFE, 0x00000000
 6230      FEFF0300 
 6230      00000000 
 6231 e00c 00000000 			.word	0x00000000, 0x0003FFFC, 0x00000000
 6231      FCFF0300 
 6231      00000000 
 6232 e018 00000000 			.word	0x00000000, 0x0007FFF8, 0x00000000
 6232      F8FF0700 
 6232      00000000 
 6233 e024 00000000 			.word	0x00000000, 0x000FFFF0, 0x00000000
 6233      F0FF0F00 
 6233      00000000 
 6234 e030 00000000 			.word	0x00000000, 0x001FFFE0, 0x00000000
 6234      E0FF1F00 
 6234      00000000 
 6235 e03c 00000000 			.word	0x00000000, 0x003FFFE0, 0x00000000
 6235      E0FF3F00 
 6235      00000000 
 6236 e048 00000000 			.word	0x00000000, 0x003FFFC0, 0x00000000
 6236      C0FF3F00 
 6236      00000000 
 6237 e054 00000000 			.word	0x00000000, 0x007FFF80, 0x00000000
 6237      80FF7F00 
 6237      00000000 
 6238 e060 00000000 			.word	0x00000000, 0x00FFFF00, 0x00000000
 6238      00FFFF00 
 6238      00000000 
 6239 e06c 00000000 			.word	0x00000000, 0x01FFFE00, 0x00000000
 6239      00FEFF01 
 6239      00000000 
 6240 e078 00000000 			.word	0x00000000, 0x03FFFE00, 0x00000000
 6240      00FEFF03 
 6240      00000000 
 6241 e084 00000000 			.word	0x00000000, 0x03FFFC00, 0x00000000
 6241      00FCFF03 
 6241      00000000 
 6242 e090 00000000 			.word	0x00000000, 0x07FFF800, 0x00000000
 6242      00F8FF07 
 6242      00000000 
 6243 e09c 00000000 			.word	0x00000000, 0x0FFFF000, 0x00000000
 6243      00F0FF0F 
 6243      00000000 
 6244 e0a8 00000000 			.word	0x00000000, 0x1FFFE000, 0x00000000
 6244      00E0FF1F 
 6244      00000000 
 6245 e0b4 00000000 			.word	0x00000000, 0x3FFFC000, 0x00000000
 6245      00C0FF3F 
 6245      00000000 
 6246 e0c0 00000000 			.word	0x00000000, 0x3FFFC000, 0x00000000
 6246      00C0FF3F 
 6246      00000000 
 6247 e0cc 00000000 			.word	0x00000000, 0x7FFF8000, 0x00000000
 6247      0080FF7F 
 6247      00000000 
 6248 e0d8 00000000 			.word	0x00000000, 0xFFFF0000, 0x00000000
ARM GAS  font_arial104.s 			page 258


 6248      0000FFFF 
 6248      00000000 
 6249 e0e4 01000000 			.word	0x00000001, 0xFFFE0000, 0x00000000
 6249      0000FEFF 
 6249      00000000 
 6250 e0f0 01000000 			.word	0x00000001, 0xFFFC0000, 0x00000000
 6250      0000FCFF 
 6250      00000000 
 6251 e0fc 03000000 			.word	0x00000003, 0xFFFC0000, 0x00000000
 6251      0000FCFF 
 6251      00000000 
 6252 e108 07000000 			.word	0x00000007, 0xFFF80000, 0x00000000
 6252      0000F8FF 
 6252      00000000 
 6253 e114 0F000000 			.word	0x0000000F, 0xFFF00000, 0x00000000
 6253      0000F0FF 
 6253      00000000 
 6254 e120 1F000000 			.word	0x0000001F, 0xFFE00000, 0x00000000
 6254      0000E0FF 
 6254      00000000 
 6255 e12c 1F000000 			.word	0x0000001F, 0xFFC00000, 0x00000000
 6255      0000C0FF 
 6255      00000000 
 6256 e138 3F000000 			.word	0x0000003F, 0xFFC00000, 0x00000000
 6256      0000C0FF 
 6256      00000000 
 6257 e144 7F000000 			.word	0x0000007F, 0xFF800000, 0x00000000
 6257      000080FF 
 6257      00000000 
 6258 e150 FF000000 			.word	0x000000FF, 0xFF000000, 0x00000000
 6258      000000FF 
 6258      00000000 
 6259 e15c FF010000 			.word	0x000001FF, 0xFE000000, 0x00000000
 6259      000000FE 
 6259      00000000 
 6260 e168 FF010000 			.word	0x000001FF, 0xFC000000, 0x00000000
 6260      000000FC 
 6260      00000000 
 6261 e174 FF030000 			.word	0x000003FF, 0xFC000000, 0x00000000
 6261      000000FC 
 6261      00000000 
 6262 e180 FF070000 			.word	0x000007FF, 0xF8000000, 0x00000000
 6262      000000F8 
 6262      00000000 
 6263 e18c FF0F0000 			.word	0x00000FFF, 0xF0000000, 0x00000000
 6263      000000F0 
 6263      00000000 
 6264 e198 FF1F0000 			.word	0x00001FFF, 0xE0000000, 0x00000000
 6264      000000E0 
 6264      00000000 
 6265 e1a4 FF1F0000 			.word	0x00001FFF, 0xC0000000, 0x00000000
 6265      000000C0 
 6265      00000000 
 6266 e1b0 FF3F0000 			.word	0x00003FFF, 0x80000000, 0x00000000
 6266      00000080 
 6266      00000000 
 6267 e1bc FF7F0000 			.word	0x00007FFF, 0x80000000, 0x00000000
ARM GAS  font_arial104.s 			page 259


 6267      00000080 
 6267      00000000 
 6268 e1c8 FFFF0000 			.word	0x0000FFFF, 0x00000000, 0x00000000
 6268      00000000 
 6268      00000000 
 6269 e1d4 FEFF0100 			.word	0x0001FFFE, 0x00000000, 0x00000000
 6269      00000000 
 6269      00000000 
 6270 e1e0 FCFF0100 			.word	0x0001FFFC, 0x00000000, 0x00000000
 6270      00000000 
 6270      00000000 
 6271 e1ec F8FF0300 			.word	0x0003FFF8, 0x00000000, 0x00000000
 6271      00000000 
 6271      00000000 
 6272 e1f8 F8FF0700 			.word	0x0007FFF8, 0x00000000, 0x00000000
 6272      00000000 
 6272      00000000 
 6273 e204 F0FF0F00 			.word	0x000FFFF0, 0x00000000, 0x00000000
 6273      00000000 
 6273      00000000 
 6274 e210 E0FF1F00 			.word	0x001FFFE0, 0x00000000, 0x00000000
 6274      00000000 
 6274      00000000 
 6275 e21c C0FF1F00 			.word	0x001FFFC0, 0x00000000, 0x00000000
 6275      00000000 
 6275      00000000 
 6276 e228 80FF3F00 			.word	0x003FFF80, 0x00000000, 0x00000000
 6276      00000000 
 6276      00000000 
 6277 e234 80FF7F00 			.word	0x007FFF80, 0x00000000, 0x00000000
 6277      00000000 
 6277      00000000 
 6278 e240 00FFFF00 			.word	0x00FFFF00, 0x00000000, 0x00000000
 6278      00000000 
 6278      00000000 
 6279 e24c 00FEFF01 			.word	0x01FFFE00, 0x00000000, 0x00000000
 6279      00000000 
 6279      00000000 
 6280 e258 00FCFF01 			.word	0x01FFFC00, 0x00000000, 0x00000000
 6280      00000000 
 6280      00000000 
 6281 e264 00F8FF03 			.word	0x03FFF800, 0x00000000, 0x00000000
 6281      00000000 
 6281      00000000 
 6282 e270 00F0FF07 			.word	0x07FFF000, 0x00000000, 0x00000000
 6282      00000000 
 6282      00000000 
 6283 e27c 00F0FF0F 			.word	0x0FFFF000, 0x00000000, 0x00000000
 6283      00000000 
 6283      00000000 
 6284 e288 00E0FF1F 			.word	0x1FFFE000, 0x00000000, 0x00000000
 6284      00000000 
 6284      00000000 
 6285 e294 00C0FF1F 			.word	0x1FFFC000, 0x00000000, 0x00000000
 6285      00000000 
 6285      00000000 
 6286 e2a0 0080FF3F 			.word	0x3FFF8000, 0x00000000, 0x00000000
ARM GAS  font_arial104.s 			page 260


 6286      00000000 
 6286      00000000 
 6287 e2ac 0000FF7F 			.word	0x7FFF0000, 0x00000000, 0x00000000
 6287      00000000 
 6287      00000000 
 6288 e2b8 0000FEFF 			.word	0xFFFE0000, 0x00000000, 0x00000000
 6288      00000000 
 6288      00000000 
 6289 e2c4 FFFFFFFF 			.word	0xFFFFFFFF, 0xFFFFFFFF, 0xFFFC0000
 6289      FFFFFFFF 
 6289      0000FCFF 
 6290 e2d0 FFFFFFFF 			.word	0xFFFFFFFF, 0xFFFFFFFF, 0xFFFC0000
 6290      FFFFFFFF 
 6290      0000FCFF 
 6291 e2dc FFFFFFFF 			.word	0xFFFFFFFF, 0xFFFFFFFF, 0xFFFC0000
 6291      FFFFFFFF 
 6291      0000FCFF 
 6292 e2e8 FFFFFFFF 			.word	0xFFFFFFFF, 0xFFFFFFFF, 0xFFFC0000
 6292      FFFFFFFF 
 6292      0000FCFF 
 6293 e2f4 FFFFFFFF 			.word	0xFFFFFFFF, 0xFFFFFFFF, 0xFFFC0000
 6293      FFFFFFFF 
 6293      0000FCFF 
 6294 e300 FFFFFFFF 			.word	0xFFFFFFFF, 0xFFFFFFFF, 0xFFFC0000
 6294      FFFFFFFF 
 6294      0000FCFF 
 6295 e30c FFFFFFFF 			.word	0xFFFFFFFF, 0xFFFFFFFF, 0xFFFC0000
 6295      FFFFFFFF 
 6295      0000FCFF 
 6296 e318 FFFFFFFF 			.word	0xFFFFFFFF, 0xFFFFFFFF, 0xFFFC0000
 6296      FFFFFFFF 
 6296      0000FCFF 
 6297 e324 FFFFFFFF 			.word	0xFFFFFFFF, 0xFFFFFFFF, 0xFFFC0000
 6297      FFFFFFFF 
 6297      0000FCFF 
 6298 e330 FFFFFFFF 			.word	0xFFFFFFFF, 0xFFFFFFFF, 0xFFFC0000
 6298      FFFFFFFF 
 6298      0000FCFF 
 6299 e33c FFFFFFFF 			.word	0xFFFFFFFF, 0xFFFFFFFF, 0xFFFC0000
 6299      FFFFFFFF 
 6299      0000FCFF 
 6300 e348 FFFFFFFF 			.word	0xFFFFFFFF, 0xFFFFFFFF, 0xFFFC0000
 6300      FFFFFFFF 
 6300      0000FCFF 
 6301              	
 6302              	LEFT_SQUARE_BRACKET:
 6303 e354 5B000000 			.word	'[			// ASCII "[" character
 6304 e358 27000000 			.word	39			// cell pixel width
 6305 e35c 82000000 			.word	CELLHGHT		// cell pixel height
 6306 e360 1B000000 			.word	27			// glyph pixel width
 6307 e364 80000000 			.word	128			// glyph pixel height
 6308 e368 0A000000 			.word	10			// blank horizontal pixels before glyph
 6309 e36c 02000000 			.word	2			// blank horizontal pixels after glyph
 6310 e370 00000000 			.word	0			// blank horizontal lines before glyph
 6311 e374 02000000 			.word	2			// blank horizontal lines after glyph
 6312              							// bit mapped glyph
 6313 e378 E0FFFFFF 			.word	0xFFFFFFE0
ARM GAS  font_arial104.s 			page 261


 6314 e37c E0FFFFFF 			.word	0xFFFFFFE0
 6315 e380 E0FFFFFF 			.word	0xFFFFFFE0
 6316 e384 E0FFFFFF 			.word	0xFFFFFFE0
 6317 e388 E0FFFFFF 			.word	0xFFFFFFE0
 6318 e38c E0FFFFFF 			.word	0xFFFFFFE0
 6319 e390 E0FFFFFF 			.word	0xFFFFFFE0
 6320 e394 E0FFFFFF 			.word	0xFFFFFFE0
 6321 e398 E0FFFFFF 			.word	0xFFFFFFE0
 6322 e39c E0FFFFFF 			.word	0xFFFFFFE0
 6323 e3a0 E0FFFFFF 			.word	0xFFFFFFE0
 6324 e3a4 E0FFFFFF 			.word	0xFFFFFFE0
 6325 e3a8 0000F0FF 			.word	0xFFF00000
 6326 e3ac 0000F0FF 			.word	0xFFF00000
 6327 e3b0 0000F0FF 			.word	0xFFF00000
 6328 e3b4 0000F0FF 			.word	0xFFF00000
 6329 e3b8 0000F0FF 			.word	0xFFF00000
 6330 e3bc 0000F0FF 			.word	0xFFF00000
 6331 e3c0 0000F0FF 			.word	0xFFF00000
 6332 e3c4 0000F0FF 			.word	0xFFF00000
 6333 e3c8 0000F0FF 			.word	0xFFF00000
 6334 e3cc 0000F0FF 			.word	0xFFF00000
 6335 e3d0 0000F0FF 			.word	0xFFF00000
 6336 e3d4 0000F0FF 			.word	0xFFF00000
 6337 e3d8 0000F0FF 			.word	0xFFF00000
 6338 e3dc 0000F0FF 			.word	0xFFF00000
 6339 e3e0 0000F0FF 			.word	0xFFF00000
 6340 e3e4 0000F0FF 			.word	0xFFF00000
 6341 e3e8 0000F0FF 			.word	0xFFF00000
 6342 e3ec 0000F0FF 			.word	0xFFF00000
 6343 e3f0 0000F0FF 			.word	0xFFF00000
 6344 e3f4 0000F0FF 			.word	0xFFF00000
 6345 e3f8 0000F0FF 			.word	0xFFF00000
 6346 e3fc 0000F0FF 			.word	0xFFF00000
 6347 e400 0000F0FF 			.word	0xFFF00000
 6348 e404 0000F0FF 			.word	0xFFF00000
 6349 e408 0000F0FF 			.word	0xFFF00000
 6350 e40c 0000F0FF 			.word	0xFFF00000
 6351 e410 0000F0FF 			.word	0xFFF00000
 6352 e414 0000F0FF 			.word	0xFFF00000
 6353 e418 0000F0FF 			.word	0xFFF00000
 6354 e41c 0000F0FF 			.word	0xFFF00000
 6355 e420 0000F0FF 			.word	0xFFF00000
 6356 e424 0000F0FF 			.word	0xFFF00000
 6357 e428 0000F0FF 			.word	0xFFF00000
 6358 e42c 0000F0FF 			.word	0xFFF00000
 6359 e430 0000F0FF 			.word	0xFFF00000
 6360 e434 0000F0FF 			.word	0xFFF00000
 6361 e438 0000F0FF 			.word	0xFFF00000
 6362 e43c 0000F0FF 			.word	0xFFF00000
 6363 e440 0000F0FF 			.word	0xFFF00000
 6364 e444 0000F0FF 			.word	0xFFF00000
 6365 e448 0000F0FF 			.word	0xFFF00000
 6366 e44c 0000F0FF 			.word	0xFFF00000
 6367 e450 0000F0FF 			.word	0xFFF00000
 6368 e454 0000F0FF 			.word	0xFFF00000
 6369 e458 0000F0FF 			.word	0xFFF00000
 6370 e45c 0000F0FF 			.word	0xFFF00000
ARM GAS  font_arial104.s 			page 262


 6371 e460 0000F0FF 			.word	0xFFF00000
 6372 e464 0000F0FF 			.word	0xFFF00000
 6373 e468 0000F0FF 			.word	0xFFF00000
 6374 e46c 0000F0FF 			.word	0xFFF00000
 6375 e470 0000F0FF 			.word	0xFFF00000
 6376 e474 0000F0FF 			.word	0xFFF00000
 6377 e478 0000F0FF 			.word	0xFFF00000
 6378 e47c 0000F0FF 			.word	0xFFF00000
 6379 e480 0000F0FF 			.word	0xFFF00000
 6380 e484 0000F0FF 			.word	0xFFF00000
 6381 e488 0000F0FF 			.word	0xFFF00000
 6382 e48c 0000F0FF 			.word	0xFFF00000
 6383 e490 0000F0FF 			.word	0xFFF00000
 6384 e494 0000F0FF 			.word	0xFFF00000
 6385 e498 0000F0FF 			.word	0xFFF00000
 6386 e49c 0000F0FF 			.word	0xFFF00000
 6387 e4a0 0000F0FF 			.word	0xFFF00000
 6388 e4a4 0000F0FF 			.word	0xFFF00000
 6389 e4a8 0000F0FF 			.word	0xFFF00000
 6390 e4ac 0000F0FF 			.word	0xFFF00000
 6391 e4b0 0000F0FF 			.word	0xFFF00000
 6392 e4b4 0000F0FF 			.word	0xFFF00000
 6393 e4b8 0000F0FF 			.word	0xFFF00000
 6394 e4bc 0000F0FF 			.word	0xFFF00000
 6395 e4c0 0000F0FF 			.word	0xFFF00000
 6396 e4c4 0000F0FF 			.word	0xFFF00000
 6397 e4c8 0000F0FF 			.word	0xFFF00000
 6398 e4cc 0000F0FF 			.word	0xFFF00000
 6399 e4d0 0000F0FF 			.word	0xFFF00000
 6400 e4d4 0000F0FF 			.word	0xFFF00000
 6401 e4d8 0000F0FF 			.word	0xFFF00000
 6402 e4dc 0000F0FF 			.word	0xFFF00000
 6403 e4e0 0000F0FF 			.word	0xFFF00000
 6404 e4e4 0000F0FF 			.word	0xFFF00000
 6405 e4e8 0000F0FF 			.word	0xFFF00000
 6406 e4ec 0000F0FF 			.word	0xFFF00000
 6407 e4f0 0000F0FF 			.word	0xFFF00000
 6408 e4f4 0000F0FF 			.word	0xFFF00000
 6409 e4f8 0000F0FF 			.word	0xFFF00000
 6410 e4fc 0000F0FF 			.word	0xFFF00000
 6411 e500 0000F0FF 			.word	0xFFF00000
 6412 e504 0000F0FF 			.word	0xFFF00000
 6413 e508 0000F0FF 			.word	0xFFF00000
 6414 e50c 0000F0FF 			.word	0xFFF00000
 6415 e510 0000F0FF 			.word	0xFFF00000
 6416 e514 0000F0FF 			.word	0xFFF00000
 6417 e518 0000F0FF 			.word	0xFFF00000
 6418 e51c 0000F0FF 			.word	0xFFF00000
 6419 e520 0000F0FF 			.word	0xFFF00000
 6420 e524 0000F0FF 			.word	0xFFF00000
 6421 e528 0000F0FF 			.word	0xFFF00000
 6422 e52c 0000F0FF 			.word	0xFFF00000
 6423 e530 0000F0FF 			.word	0xFFF00000
 6424 e534 0000F0FF 			.word	0xFFF00000
 6425 e538 0000F0FF 			.word	0xFFF00000
 6426 e53c 0000F0FF 			.word	0xFFF00000
 6427 e540 0000F0FF 			.word	0xFFF00000
ARM GAS  font_arial104.s 			page 263


 6428 e544 0000F0FF 			.word	0xFFF00000
 6429 e548 E0FFFFFF 			.word	0xFFFFFFE0
 6430 e54c E0FFFFFF 			.word	0xFFFFFFE0
 6431 e550 E0FFFFFF 			.word	0xFFFFFFE0
 6432 e554 E0FFFFFF 			.word	0xFFFFFFE0
 6433 e558 E0FFFFFF 			.word	0xFFFFFFE0
 6434 e55c E0FFFFFF 			.word	0xFFFFFFE0
 6435 e560 E0FFFFFF 			.word	0xFFFFFFE0
 6436 e564 E0FFFFFF 			.word	0xFFFFFFE0
 6437 e568 E0FFFFFF 			.word	0xFFFFFFE0
 6438 e56c E0FFFFFF 			.word	0xFFFFFFE0
 6439 e570 E0FFFFFF 			.word	0xFFFFFFE0
 6440 e574 E0FFFFFF 			.word	0xFFFFFFE0
 6441              	
 6442              	BACK_SLASH:
 6443 e578 5C000000 			.word	'\\			// ASCII "\" character
 6444 e57c 27000000 			.word	39			// cell pixel width
 6445 e580 82000000 			.word	CELLHGHT		// cell pixel height
 6446 e584 27000000 			.word	39			// glyph pixel width
 6447 e588 64000000 			.word	100			// glyph pixel height
 6448 e58c 00000000 			.word	0			// blank horizontal pixels before glyph
 6449 e590 00000000 			.word	0			// blank horizontal pixels after glyph
 6450 e594 00000000 			.word	0			// blank horizontal lines before glyph
 6451 e598 1E000000 			.word	30			// blank horizontal lines after glyph
 6452              							// bit mapped glyph
 6453 e59c 0000C0FF 			.word	0xFFC00000, 0x00000000
 6453      00000000 
 6454 e5a4 0000C07F 			.word	0x7FC00000, 0x00000000
 6454      00000000 
 6455 e5ac 0000E07F 			.word	0x7FE00000, 0x00000000
 6455      00000000 
 6456 e5b4 0000E07F 			.word	0x7FE00000, 0x00000000
 6456      00000000 
 6457 e5bc 0000E07F 			.word	0x7FE00000, 0x00000000
 6457      00000000 
 6458 e5c4 0000E03F 			.word	0x3FE00000, 0x00000000
 6458      00000000 
 6459 e5cc 0000F03F 			.word	0x3FF00000, 0x00000000
 6459      00000000 
 6460 e5d4 0000F03F 			.word	0x3FF00000, 0x00000000
 6460      00000000 
 6461 e5dc 0000F01F 			.word	0x1FF00000, 0x00000000
 6461      00000000 
 6462 e5e4 0000F81F 			.word	0x1FF80000, 0x00000000
 6462      00000000 
 6463 e5ec 0000F81F 			.word	0x1FF80000, 0x00000000
 6463      00000000 
 6464 e5f4 0000F81F 			.word	0x1FF80000, 0x00000000
 6464      00000000 
 6465 e5fc 0000F80F 			.word	0x0FF80000, 0x00000000
 6465      00000000 
 6466 e604 0000FC0F 			.word	0x0FFC0000, 0x00000000
 6466      00000000 
 6467 e60c 0000FC0F 			.word	0x0FFC0000, 0x00000000
 6467      00000000 
 6468 e614 0000FC07 			.word	0x07FC0000, 0x00000000
 6468      00000000 
ARM GAS  font_arial104.s 			page 264


 6469 e61c 0000FE07 			.word	0x07FE0000, 0x00000000
 6469      00000000 
 6470 e624 0000FE07 			.word	0x07FE0000, 0x00000000
 6470      00000000 
 6471 e62c 0000FE07 			.word	0x07FE0000, 0x00000000
 6471      00000000 
 6472 e634 0000FE03 			.word	0x03FE0000, 0x00000000
 6472      00000000 
 6473 e63c 0000FF03 			.word	0x03FF0000, 0x00000000
 6473      00000000 
 6474 e644 0000FF03 			.word	0x03FF0000, 0x00000000
 6474      00000000 
 6475 e64c 0000FF01 			.word	0x01FF0000, 0x00000000
 6475      00000000 
 6476 e654 0080FF01 			.word	0x01FF8000, 0x00000000
 6476      00000000 
 6477 e65c 0080FF01 			.word	0x01FF8000, 0x00000000
 6477      00000000 
 6478 e664 0080FF00 			.word	0x00FF8000, 0x00000000
 6478      00000000 
 6479 e66c 0080FF00 			.word	0x00FF8000, 0x00000000
 6479      00000000 
 6480 e674 00C0FF00 			.word	0x00FFC000, 0x00000000
 6480      00000000 
 6481 e67c 00C0FF00 			.word	0x00FFC000, 0x00000000
 6481      00000000 
 6482 e684 00C07F00 			.word	0x007FC000, 0x00000000
 6482      00000000 
 6483 e68c 00E07F00 			.word	0x007FE000, 0x00000000
 6483      00000000 
 6484 e694 00E07F00 			.word	0x007FE000, 0x00000000
 6484      00000000 
 6485 e69c 00E03F00 			.word	0x003FE000, 0x00000000
 6485      00000000 
 6486 e6a4 00F03F00 			.word	0x003FF000, 0x00000000
 6486      00000000 
 6487 e6ac 00F03F00 			.word	0x003FF000, 0x00000000
 6487      00000000 
 6488 e6b4 00F03F00 			.word	0x003FF000, 0x00000000
 6488      00000000 
 6489 e6bc 00F01F00 			.word	0x001FF000, 0x00000000
 6489      00000000 
 6490 e6c4 00F81F00 			.word	0x001FF800, 0x00000000
 6490      00000000 
 6491 e6cc 00F81F00 			.word	0x001FF800, 0x00000000
 6491      00000000 
 6492 e6d4 00F80F00 			.word	0x000FF800, 0x00000000
 6492      00000000 
 6493 e6dc 00FC0F00 			.word	0x000FFC00, 0x00000000
 6493      00000000 
 6494 e6e4 00FC0F00 			.word	0x000FFC00, 0x00000000
 6494      00000000 
 6495 e6ec 00FC0F00 			.word	0x000FFC00, 0x00000000
 6495      00000000 
 6496 e6f4 00FC0700 			.word	0x0007FC00, 0x00000000
 6496      00000000 
 6497 e6fc 00FE0700 			.word	0x0007FE00, 0x00000000
ARM GAS  font_arial104.s 			page 265


 6497      00000000 
 6498 e704 00FE0700 			.word	0x0007FE00, 0x00000000
 6498      00000000 
 6499 e70c 00FE0300 			.word	0x0003FE00, 0x00000000
 6499      00000000 
 6500 e714 00FF0300 			.word	0x0003FF00, 0x00000000
 6500      00000000 
 6501 e71c 00FF0300 			.word	0x0003FF00, 0x00000000
 6501      00000000 
 6502 e724 00FF0100 			.word	0x0001FF00, 0x00000000
 6502      00000000 
 6503 e72c 00FF0100 			.word	0x0001FF00, 0x00000000
 6503      00000000 
 6504 e734 80FF0100 			.word	0x0001FF80, 0x00000000
 6504      00000000 
 6505 e73c 80FF0100 			.word	0x0001FF80, 0x00000000
 6505      00000000 
 6506 e744 80FF0000 			.word	0x0000FF80, 0x00000000
 6506      00000000 
 6507 e74c C0FF0000 			.word	0x0000FFC0, 0x00000000
 6507      00000000 
 6508 e754 C0FF0000 			.word	0x0000FFC0, 0x00000000
 6508      00000000 
 6509 e75c C07F0000 			.word	0x00007FC0, 0x00000000
 6509      00000000 
 6510 e764 E07F0000 			.word	0x00007FE0, 0x00000000
 6510      00000000 
 6511 e76c E07F0000 			.word	0x00007FE0, 0x00000000
 6511      00000000 
 6512 e774 E07F0000 			.word	0x00007FE0, 0x00000000
 6512      00000000 
 6513 e77c E03F0000 			.word	0x00003FE0, 0x00000000
 6513      00000000 
 6514 e784 F03F0000 			.word	0x00003FF0, 0x00000000
 6514      00000000 
 6515 e78c F03F0000 			.word	0x00003FF0, 0x00000000
 6515      00000000 
 6516 e794 F01F0000 			.word	0x00001FF0, 0x00000000
 6516      00000000 
 6517 e79c F81F0000 			.word	0x00001FF8, 0x00000000
 6517      00000000 
 6518 e7a4 F81F0000 			.word	0x00001FF8, 0x00000000
 6518      00000000 
 6519 e7ac F81F0000 			.word	0x00001FF8, 0x00000000
 6519      00000000 
 6520 e7b4 F80F0000 			.word	0x00000FF8, 0x00000000
 6520      00000000 
 6521 e7bc FC0F0000 			.word	0x00000FFC, 0x00000000
 6521      00000000 
 6522 e7c4 FC0F0000 			.word	0x00000FFC, 0x00000000
 6522      00000000 
 6523 e7cc FC070000 			.word	0x000007FC, 0x00000000
 6523      00000000 
 6524 e7d4 FE070000 			.word	0x000007FE, 0x00000000
 6524      00000000 
 6525 e7dc FE070000 			.word	0x000007FE, 0x00000000
 6525      00000000 
ARM GAS  font_arial104.s 			page 266


 6526 e7e4 FE070000 			.word	0x000007FE, 0x00000000
 6526      00000000 
 6527 e7ec FE030000 			.word	0x000003FE, 0x00000000
 6527      00000000 
 6528 e7f4 FF030000 			.word	0x000003FF, 0x00000000
 6528      00000000 
 6529 e7fc FF030000 			.word	0x000003FF, 0x00000000
 6529      00000000 
 6530 e804 FF010000 			.word	0x000001FF, 0x00000000
 6530      00000000 
 6531 e80c FF010000 			.word	0x000001FF, 0x80000000
 6531      00000080 
 6532 e814 FF010000 			.word	0x000001FF, 0x80000000
 6532      00000080 
 6533 e81c FF000000 			.word	0x000000FF, 0x80000000
 6533      00000080 
 6534 e824 FF000000 			.word	0x000000FF, 0x80000000
 6534      00000080 
 6535 e82c FF000000 			.word	0x000000FF, 0xC0000000
 6535      000000C0 
 6536 e834 FF000000 			.word	0x000000FF, 0xC0000000
 6536      000000C0 
 6537 e83c 7F000000 			.word	0x0000007F, 0xC0000000
 6537      000000C0 
 6538 e844 7F000000 			.word	0x0000007F, 0xE0000000
 6538      000000E0 
 6539 e84c 7F000000 			.word	0x0000007F, 0xE0000000
 6539      000000E0 
 6540 e854 3F000000 			.word	0x0000003F, 0xE0000000
 6540      000000E0 
 6541 e85c 3F000000 			.word	0x0000003F, 0xF0000000
 6541      000000F0 
 6542 e864 3F000000 			.word	0x0000003F, 0xF0000000
 6542      000000F0 
 6543 e86c 3F000000 			.word	0x0000003F, 0xF0000000
 6543      000000F0 
 6544 e874 1F000000 			.word	0x0000001F, 0xF0000000
 6544      000000F0 
 6545 e87c 1F000000 			.word	0x0000001F, 0xF8000000
 6545      000000F8 
 6546 e884 1F000000 			.word	0x0000001F, 0xF8000000
 6546      000000F8 
 6547 e88c 0F000000 			.word	0x0000000F, 0xF8000000
 6547      000000F8 
 6548 e894 0F000000 			.word	0x0000000F, 0xFC000000
 6548      000000FC 
 6549 e89c 0F000000 			.word	0x0000000F, 0xFC000000
 6549      000000FC 
 6550 e8a4 0F000000 			.word	0x0000000F, 0xFC000000
 6550      000000FC 
 6551 e8ac 07000000 			.word	0x00000007, 0xFC000000
 6551      000000FC 
 6552 e8b4 07000000 			.word	0x00000007, 0xFE000000
 6552      000000FE 
 6553              	
 6554              	RIGHT_SQUARE_BRACKET:
 6555 e8bc 5D000000 			.word	']			// ASCII "]" character
ARM GAS  font_arial104.s 			page 267


 6556 e8c0 27000000 			.word	39			// cell pixel width
 6557 e8c4 82000000 			.word	CELLHGHT		// cell pixel height
 6558 e8c8 1B000000 			.word	27			// glyph pixel width
 6559 e8cc 80000000 			.word	128			// glyph pixel height
 6560 e8d0 03000000 			.word	3			// blank horizontal pixels before glyph
 6561 e8d4 09000000 			.word	9			// blank horizontal pixels after glyph
 6562 e8d8 00000000 			.word	0			// blank horizontal lines before glyph
 6563 e8dc 02000000 			.word	2			// blank horizontal lines after glyph
 6564              							// bit mapped glyph
 6565 e8e0 E0FFFFFF 			.word	0xFFFFFFE0
 6566 e8e4 E0FFFFFF 			.word	0xFFFFFFE0
 6567 e8e8 E0FFFFFF 			.word	0xFFFFFFE0
 6568 e8ec E0FFFFFF 			.word	0xFFFFFFE0
 6569 e8f0 E0FFFFFF 			.word	0xFFFFFFE0
 6570 e8f4 E0FFFFFF 			.word	0xFFFFFFE0
 6571 e8f8 E0FFFFFF 			.word	0xFFFFFFE0
 6572 e8fc E0FFFFFF 			.word	0xFFFFFFE0
 6573 e900 E0FFFFFF 			.word	0xFFFFFFE0
 6574 e904 E0FFFFFF 			.word	0xFFFFFFE0
 6575 e908 E0FFFFFF 			.word	0xFFFFFFE0
 6576 e90c E0FFFFFF 			.word	0xFFFFFFE0
 6577 e910 E0FF0100 			.word	0x0001FFE0
 6578 e914 E0FF0100 			.word	0x0001FFE0
 6579 e918 E0FF0100 			.word	0x0001FFE0
 6580 e91c E0FF0100 			.word	0x0001FFE0
 6581 e920 E0FF0100 			.word	0x0001FFE0
 6582 e924 E0FF0100 			.word	0x0001FFE0
 6583 e928 E0FF0100 			.word	0x0001FFE0
 6584 e92c E0FF0100 			.word	0x0001FFE0
 6585 e930 E0FF0100 			.word	0x0001FFE0
 6586 e934 E0FF0100 			.word	0x0001FFE0
 6587 e938 E0FF0100 			.word	0x0001FFE0
 6588 e93c E0FF0100 			.word	0x0001FFE0
 6589 e940 E0FF0100 			.word	0x0001FFE0
 6590 e944 E0FF0100 			.word	0x0001FFE0
 6591 e948 E0FF0100 			.word	0x0001FFE0
 6592 e94c E0FF0100 			.word	0x0001FFE0
 6593 e950 E0FF0100 			.word	0x0001FFE0
 6594 e954 E0FF0100 			.word	0x0001FFE0
 6595 e958 E0FF0100 			.word	0x0001FFE0
 6596 e95c E0FF0100 			.word	0x0001FFE0
 6597 e960 E0FF0100 			.word	0x0001FFE0
 6598 e964 E0FF0100 			.word	0x0001FFE0
 6599 e968 E0FF0100 			.word	0x0001FFE0
 6600 e96c E0FF0100 			.word	0x0001FFE0
 6601 e970 E0FF0100 			.word	0x0001FFE0
 6602 e974 E0FF0100 			.word	0x0001FFE0
 6603 e978 E0FF0100 			.word	0x0001FFE0
 6604 e97c E0FF0100 			.word	0x0001FFE0
 6605 e980 E0FF0100 			.word	0x0001FFE0
 6606 e984 E0FF0100 			.word	0x0001FFE0
 6607 e988 E0FF0100 			.word	0x0001FFE0
 6608 e98c E0FF0100 			.word	0x0001FFE0
 6609 e990 E0FF0100 			.word	0x0001FFE0
 6610 e994 E0FF0100 			.word	0x0001FFE0
 6611 e998 E0FF0100 			.word	0x0001FFE0
 6612 e99c E0FF0100 			.word	0x0001FFE0
ARM GAS  font_arial104.s 			page 268


 6613 e9a0 E0FF0100 			.word	0x0001FFE0
 6614 e9a4 E0FF0100 			.word	0x0001FFE0
 6615 e9a8 E0FF0100 			.word	0x0001FFE0
 6616 e9ac E0FF0100 			.word	0x0001FFE0
 6617 e9b0 E0FF0100 			.word	0x0001FFE0
 6618 e9b4 E0FF0100 			.word	0x0001FFE0
 6619 e9b8 E0FF0100 			.word	0x0001FFE0
 6620 e9bc E0FF0100 			.word	0x0001FFE0
 6621 e9c0 E0FF0100 			.word	0x0001FFE0
 6622 e9c4 E0FF0100 			.word	0x0001FFE0
 6623 e9c8 E0FF0100 			.word	0x0001FFE0
 6624 e9cc E0FF0100 			.word	0x0001FFE0
 6625 e9d0 E0FF0100 			.word	0x0001FFE0
 6626 e9d4 E0FF0100 			.word	0x0001FFE0
 6627 e9d8 E0FF0100 			.word	0x0001FFE0
 6628 e9dc E0FF0100 			.word	0x0001FFE0
 6629 e9e0 E0FF0100 			.word	0x0001FFE0
 6630 e9e4 E0FF0100 			.word	0x0001FFE0
 6631 e9e8 E0FF0100 			.word	0x0001FFE0
 6632 e9ec E0FF0100 			.word	0x0001FFE0
 6633 e9f0 E0FF0100 			.word	0x0001FFE0
 6634 e9f4 E0FF0100 			.word	0x0001FFE0
 6635 e9f8 E0FF0100 			.word	0x0001FFE0
 6636 e9fc E0FF0100 			.word	0x0001FFE0
 6637 ea00 E0FF0100 			.word	0x0001FFE0
 6638 ea04 E0FF0100 			.word	0x0001FFE0
 6639 ea08 E0FF0100 			.word	0x0001FFE0
 6640 ea0c E0FF0100 			.word	0x0001FFE0
 6641 ea10 E0FF0100 			.word	0x0001FFE0
 6642 ea14 E0FF0100 			.word	0x0001FFE0
 6643 ea18 E0FF0100 			.word	0x0001FFE0
 6644 ea1c E0FF0100 			.word	0x0001FFE0
 6645 ea20 E0FF0100 			.word	0x0001FFE0
 6646 ea24 E0FF0100 			.word	0x0001FFE0
 6647 ea28 E0FF0100 			.word	0x0001FFE0
 6648 ea2c E0FF0100 			.word	0x0001FFE0
 6649 ea30 E0FF0100 			.word	0x0001FFE0
 6650 ea34 E0FF0100 			.word	0x0001FFE0
 6651 ea38 E0FF0100 			.word	0x0001FFE0
 6652 ea3c E0FF0100 			.word	0x0001FFE0
 6653 ea40 E0FF0100 			.word	0x0001FFE0
 6654 ea44 E0FF0100 			.word	0x0001FFE0
 6655 ea48 E0FF0100 			.word	0x0001FFE0
 6656 ea4c E0FF0100 			.word	0x0001FFE0
 6657 ea50 E0FF0100 			.word	0x0001FFE0
 6658 ea54 E0FF0100 			.word	0x0001FFE0
 6659 ea58 E0FF0100 			.word	0x0001FFE0
 6660 ea5c E0FF0100 			.word	0x0001FFE0
 6661 ea60 E0FF0100 			.word	0x0001FFE0
 6662 ea64 E0FF0100 			.word	0x0001FFE0
 6663 ea68 E0FF0100 			.word	0x0001FFE0
 6664 ea6c E0FF0100 			.word	0x0001FFE0
 6665 ea70 E0FF0100 			.word	0x0001FFE0
 6666 ea74 E0FF0100 			.word	0x0001FFE0
 6667 ea78 E0FF0100 			.word	0x0001FFE0
 6668 ea7c E0FF0100 			.word	0x0001FFE0
 6669 ea80 E0FF0100 			.word	0x0001FFE0
ARM GAS  font_arial104.s 			page 269


 6670 ea84 E0FF0100 			.word	0x0001FFE0
 6671 ea88 E0FF0100 			.word	0x0001FFE0
 6672 ea8c E0FF0100 			.word	0x0001FFE0
 6673 ea90 E0FF0100 			.word	0x0001FFE0
 6674 ea94 E0FF0100 			.word	0x0001FFE0
 6675 ea98 E0FF0100 			.word	0x0001FFE0
 6676 ea9c E0FF0100 			.word	0x0001FFE0
 6677 eaa0 E0FF0100 			.word	0x0001FFE0
 6678 eaa4 E0FF0100 			.word	0x0001FFE0
 6679 eaa8 E0FF0100 			.word	0x0001FFE0
 6680 eaac E0FF0100 			.word	0x0001FFE0
 6681 eab0 E0FFFFFF 			.word	0xFFFFFFE0
 6682 eab4 E0FFFFFF 			.word	0xFFFFFFE0
 6683 eab8 E0FFFFFF 			.word	0xFFFFFFE0
 6684 eabc E0FFFFFF 			.word	0xFFFFFFE0
 6685 eac0 E0FFFFFF 			.word	0xFFFFFFE0
 6686 eac4 E0FFFFFF 			.word	0xFFFFFFE0
 6687 eac8 E0FFFFFF 			.word	0xFFFFFFE0
 6688 eacc E0FFFFFF 			.word	0xFFFFFFE0
 6689 ead0 E0FFFFFF 			.word	0xFFFFFFE0
 6690 ead4 E0FFFFFF 			.word	0xFFFFFFE0
 6691 ead8 E0FFFFFF 			.word	0xFFFFFFE0
 6692 eadc E0FFFFFF 			.word	0xFFFFFFE0
 6693              	
 6694              	CARROT:
 6695 eae0 5E000000 			.word	'^			// ASCII "^" character
 6696 eae4 3D000000 			.word	61			// cell pixel width
 6697 eae8 82000000 			.word	CELLHGHT		// cell pixel height
 6698 eaec 36000000 			.word	54			// glyph pixel width
 6699 eaf0 35000000 			.word	53			// glyph pixel height
 6700 eaf4 04000000 			.word	4			// blank horizontal pixels before glyph
 6701 eaf8 03000000 			.word	3			// blank horizontal pixels after glyph
 6702 eafc 00000000 			.word	0			// blank horizontal lines before glyph
 6703 eb00 4D000000 			.word	77			// blank horizontal lines after glyph
 6704              							// bit mapped glyph
 6705 eb04 FF030000 			.word	0x000003FF, 0x00000000
 6705      00000000 
 6706 eb0c FF070000 			.word	0x000007FF, 0x80000000
 6706      00000080 
 6707 eb14 FF070000 			.word	0x000007FF, 0x80000000
 6707      00000080 
 6708 eb1c FF070000 			.word	0x000007FF, 0x80000000
 6708      00000080 
 6709 eb24 FF0F0000 			.word	0x00000FFF, 0xC0000000
 6709      000000C0 
 6710 eb2c FF0F0000 			.word	0x00000FFF, 0xC0000000
 6710      000000C0 
 6711 eb34 FF1F0000 			.word	0x00001FFF, 0xE0000000
 6711      000000E0 
 6712 eb3c FF1F0000 			.word	0x00001FFF, 0xE0000000
 6712      000000E0 
 6713 eb44 FF3F0000 			.word	0x00003FFF, 0xF0000000
 6713      000000F0 
 6714 eb4c FF3F0000 			.word	0x00003FFF, 0xF0000000
 6714      000000F0 
 6715 eb54 FF3F0000 			.word	0x00003FFF, 0xF0000000
 6715      000000F0 
ARM GAS  font_arial104.s 			page 270


 6716 eb5c FF7F0000 			.word	0x00007FFF, 0xF8000000
 6716      000000F8 
 6717 eb64 FF7F0000 			.word	0x00007FFF, 0xF8000000
 6717      000000F8 
 6718 eb6c CFFF0000 			.word	0x0000FFCF, 0xFC000000
 6718      000000FC 
 6719 eb74 CFFF0000 			.word	0x0000FFCF, 0xFC000000
 6719      000000FC 
 6720 eb7c CFFF0000 			.word	0x0000FFCF, 0xFC000000
 6720      000000FC 
 6721 eb84 87FF0100 			.word	0x0001FF87, 0xFE000000
 6721      000000FE 
 6722 eb8c 87FF0100 			.word	0x0001FF87, 0xFE000000
 6722      000000FE 
 6723 eb94 87FF0300 			.word	0x0003FF87, 0xFF000000
 6723      000000FF 
 6724 eb9c 03FF0300 			.word	0x0003FF03, 0xFF000000
 6724      000000FF 
 6725 eba4 03FF0700 			.word	0x0007FF03, 0xFF000000
 6725      000000FF 
 6726 ebac 03FF0700 			.word	0x0007FF03, 0xFF800000
 6726      000080FF 
 6727 ebb4 01FE0700 			.word	0x0007FE01, 0xFF800000
 6727      000080FF 
 6728 ebbc 01FE0F00 			.word	0x000FFE01, 0xFFC00000
 6728      0000C0FF 
 6729 ebc4 00FC0F00 			.word	0x000FFC00, 0xFFC00000
 6729      0000C0FF 
 6730 ebcc 00FC1F00 			.word	0x001FFC00, 0xFFE00000
 6730      0000E0FF 
 6731 ebd4 00FC1F00 			.word	0x001FFC00, 0xFFE00000
 6731      0000E0FF 
 6732 ebdc 00F81F00 			.word	0x001FF800, 0x7FE00000
 6732      0000E07F 
 6733 ebe4 00F83F00 			.word	0x003FF800, 0x7FF00000
 6733      0000F07F 
 6734 ebec 00F83F00 			.word	0x003FF800, 0x7FF00000
 6734      0000F07F 
 6735 ebf4 00F07F00 			.word	0x007FF000, 0x3FF80000
 6735      0000F83F 
 6736 ebfc 00F07F00 			.word	0x007FF000, 0x3FF80000
 6736      0000F83F 
 6737 ec04 00E0FF00 			.word	0x00FFE000, 0x3FF80000
 6737      0000F83F 
 6738 ec0c 00E0FF00 			.word	0x00FFE000, 0x1FFC0000
 6738      0000FC1F 
 6739 ec14 00E0FF00 			.word	0x00FFE000, 0x1FFC0000
 6739      0000FC1F 
 6740 ec1c 00C0FF01 			.word	0x01FFC000, 0x0FFE0000
 6740      0000FE0F 
 6741 ec24 00C0FF01 			.word	0x01FFC000, 0x0FFE0000
 6741      0000FE0F 
 6742 ec2c 00C0FF03 			.word	0x03FFC000, 0x0FFF0000
 6742      0000FF0F 
 6743 ec34 0080FF03 			.word	0x03FF8000, 0x07FF0000
 6743      0000FF07 
 6744 ec3c 0080FF03 			.word	0x03FF8000, 0x07FF0000
ARM GAS  font_arial104.s 			page 271


 6744      0000FF07 
 6745 ec44 0080FF07 			.word	0x07FF8000, 0x07FF8000
 6745      0080FF07 
 6746 ec4c 0000FF07 			.word	0x07FF0000, 0x03FF8000
 6746      0080FF03 
 6747 ec54 0000FF0F 			.word	0x0FFF0000, 0x03FFC000
 6747      00C0FF03 
 6748 ec5c 0000FE0F 			.word	0x0FFE0000, 0x01FFC000
 6748      00C0FF01 
 6749 ec64 0000FE0F 			.word	0x0FFE0000, 0x01FFC000
 6749      00C0FF01 
 6750 ec6c 0000FE1F 			.word	0x1FFE0000, 0x01FFE000
 6750      00E0FF01 
 6751 ec74 0000FC1F 			.word	0x1FFC0000, 0x00FFE000
 6751      00E0FF00 
 6752 ec7c 0000FC3F 			.word	0x3FFC0000, 0x00FFF000
 6752      00F0FF00 
 6753 ec84 0000FC3F 			.word	0x3FFC0000, 0x00FFF000
 6753      00F0FF00 
 6754 ec8c 0000F87F 			.word	0x7FF80000, 0x007FF800
 6754      00F87F00 
 6755 ec94 0000F87F 			.word	0x7FF80000, 0x007FF800
 6755      00F87F00 
 6756 ec9c 0000F87F 			.word	0x7FF80000, 0x007FF800
 6756      00F87F00 
 6757 eca4 0000F0FF 			.word	0xFFF00000, 0x003FFC00
 6757      00FC3F00 
 6758              	
 6759              	UNDERSCORE:
 6760 ecac 5F000000 			.word	'_			// ASCII "_" character
 6761 ecb0 51000000 			.word	81			// cell pixel width
 6762 ecb4 82000000 			.word	CELLHGHT		// cell pixel height
 6763 ecb8 50000000 			.word	80			// glyph pixel width
 6764 ecbc 09000000 			.word	9			// glyph pixel height
 6765 ecc0 00000000 			.word	0			// blank horizontal pixels before glyph
 6766 ecc4 01000000 			.word	1			// blank horizontal pixels after glyph
 6767 ecc8 77000000 			.word	119			// blank horizontal lines before glyph
 6768 eccc 02000000 			.word	2			// blank horizontal lines after glyph
 6769              							// bit mapped glyph
 6770 ecd0 FFFFFFFF 			.word	0xFFFFFFFF, 0xFFFFFFFF, 0xFFFF0000
 6770      FFFFFFFF 
 6770      0000FFFF 
 6771 ecdc FFFFFFFF 			.word	0xFFFFFFFF, 0xFFFFFFFF, 0xFFFF0000
 6771      FFFFFFFF 
 6771      0000FFFF 
 6772 ece8 FFFFFFFF 			.word	0xFFFFFFFF, 0xFFFFFFFF, 0xFFFF0000
 6772      FFFFFFFF 
 6772      0000FFFF 
 6773 ecf4 FFFFFFFF 			.word	0xFFFFFFFF, 0xFFFFFFFF, 0xFFFF0000
 6773      FFFFFFFF 
 6773      0000FFFF 
 6774 ed00 FFFFFFFF 			.word	0xFFFFFFFF, 0xFFFFFFFF, 0xFFFF0000
 6774      FFFFFFFF 
 6774      0000FFFF 
 6775 ed0c FFFFFFFF 			.word	0xFFFFFFFF, 0xFFFFFFFF, 0xFFFF0000
 6775      FFFFFFFF 
 6775      0000FFFF 
ARM GAS  font_arial104.s 			page 272


 6776 ed18 FFFFFFFF 			.word	0xFFFFFFFF, 0xFFFFFFFF, 0xFFFF0000
 6776      FFFFFFFF 
 6776      0000FFFF 
 6777 ed24 FFFFFFFF 			.word	0xFFFFFFFF, 0xFFFFFFFF, 0xFFFF0000
 6777      FFFFFFFF 
 6777      0000FFFF 
 6778 ed30 FFFFFFFF 			.word	0xFFFFFFFF, 0xFFFFFFFF, 0xFFFF0000
 6778      FFFFFFFF 
 6778      0000FFFF 
 6779              	
 6780              	ACCENT_MARK:
 6781 ed3c 60000000 			.word	'`			// ASCII "`" character
 6782 ed40 2E000000 			.word	46			// cell pixel width
 6783 ed44 82000000 			.word	CELLHGHT		// cell pixel height
 6784 ed48 19000000 			.word	25			// glyph pixel width
 6785 ed4c 13000000 			.word	19			// glyph pixel height
 6786 ed50 06000000 			.word	6			// blank horizontal pixels before glyph
 6787 ed54 0F000000 			.word	15			// blank horizontal pixels after glyph
 6788 ed58 00000000 			.word	0			// blank horizontal lines before glyph
 6789 ed5c 6F000000 			.word	111			// blank horizontal lines after glyph
 6790              							// bit mapped glyph
 6791 ed60 0080FFFF 			.word	0xFFFF8000
 6792 ed64 0080FF7F 			.word	0x7FFF8000
 6793 ed68 0080FF3F 			.word	0x3FFF8000
 6794 ed6c 00C0FF1F 			.word	0x1FFFC000
 6795 ed70 00C0FF0F 			.word	0x0FFFC000
 6796 ed74 00E0FF07 			.word	0x07FFE000
 6797 ed78 00E0FF07 			.word	0x07FFE000
 6798 ed7c 00F0FF03 			.word	0x03FFF000
 6799 ed80 00F0FF01 			.word	0x01FFF000
 6800 ed84 00F8FF00 			.word	0x00FFF800
 6801 ed88 00F87F00 			.word	0x007FF800
 6802 ed8c 00FC3F00 			.word	0x003FFC00
 6803 ed90 00FC3F00 			.word	0x003FFC00
 6804 ed94 00FE1F00 			.word	0x001FFE00
 6805 ed98 00FE0F00 			.word	0x000FFE00
 6806 ed9c 00FF0700 			.word	0x0007FF00
 6807 eda0 00FF0300 			.word	0x0003FF00
 6808 eda4 80FF0300 			.word	0x0003FF80
 6809 eda8 80FF0100 			.word	0x0001FF80
 6810              	
 6811              	LOWERCASE_A:
 6812 edac 61000000 			.word	'a			// ASCII "a" character
 6813 edb0 4D000000 			.word	77			// cell pixel width
 6814 edb4 82000000 			.word	CELLHGHT		// cell pixel height
 6815 edb8 42000000 			.word	66			// glyph pixel width
 6816 edbc 4B000000 			.word	75			// glyph pixel height
 6817 edc0 05000000 			.word	5			// blank horizontal pixels before glyph
 6818 edc4 06000000 			.word	6			// blank horizontal pixels after glyph
 6819 edc8 1A000000 			.word	26			// blank horizontal lines before glyph
 6820 edcc 1D000000 			.word	29			// blank horizontal lines after glyph
 6821              							// bit mapped glyph
 6822 edd0 1F000000 			.word	0x0000001F, 0xFFC00000, 0x00000000
 6822      0000C0FF 
 6822      00000000 
 6823 eddc FF030000 			.word	0x000003FF, 0xFFFE0000, 0x00000000
 6823      0000FEFF 
ARM GAS  font_arial104.s 			page 273


 6823      00000000 
 6824 ede8 FF3F0000 			.word	0x00003FFF, 0xFFFFC000, 0x00000000
 6824      00C0FFFF 
 6824      00000000 
 6825 edf4 FFFF0000 			.word	0x0000FFFF, 0xFFFFF000, 0x00000000
 6825      00F0FFFF 
 6825      00000000 
 6826 ee00 FFFF0300 			.word	0x0003FFFF, 0xFFFFFC00, 0x00000000
 6826      00FCFFFF 
 6826      00000000 
 6827 ee0c FFFF0F00 			.word	0x000FFFFF, 0xFFFFFF00, 0x00000000
 6827      00FFFFFF 
 6827      00000000 
 6828 ee18 FFFF1F00 			.word	0x001FFFFF, 0xFFFFFF80, 0x00000000
 6828      80FFFFFF 
 6828      00000000 
 6829 ee24 FFFF3F00 			.word	0x003FFFFF, 0xFFFFFFC0, 0x00000000
 6829      C0FFFFFF 
 6829      00000000 
 6830 ee30 FFFF7F00 			.word	0x007FFFFF, 0xFFFFFFC0, 0x00000000
 6830      C0FFFFFF 
 6830      00000000 
 6831 ee3c FFFFFF00 			.word	0x00FFFFFF, 0xFFFFFFE0, 0x00000000
 6831      E0FFFFFF 
 6831      00000000 
 6832 ee48 FFFFFF01 			.word	0x01FFFFFF, 0xFFFFFFF0, 0x00000000
 6832      F0FFFFFF 
 6832      00000000 
 6833 ee54 FFFFFF03 			.word	0x03FFFFFF, 0xFFFFFFF0, 0x00000000
 6833      F0FFFFFF 
 6833      00000000 
 6834 ee60 C0FFFF03 			.word	0x03FFFFC0, 0x01FFFFF8, 0x00000000
 6834      F8FFFF01 
 6834      00000000 
 6835 ee6c 00FCFF07 			.word	0x07FFFC00, 0x001FFFF8, 0x00000000
 6835      F8FF1F00 
 6835      00000000 
 6836 ee78 00F0FF07 			.word	0x07FFF000, 0x0007FFF8, 0x00000000
 6836      F8FF0700 
 6836      00000000 
 6837 ee84 00E0FF0F 			.word	0x0FFFE000, 0x0001FFFC, 0x00000000
 6837      FCFF0100 
 6837      00000000 
 6838 ee90 00C0FF0F 			.word	0x0FFFC000, 0x0000FFFC, 0x00000000
 6838      FCFF0000 
 6838      00000000 
 6839 ee9c 0080FF1F 			.word	0x1FFF8000, 0x0000FFFC, 0x00000000
 6839      FCFF0000 
 6839      00000000 
 6840 eea8 0000FF1F 			.word	0x1FFF0000, 0x00007FFC, 0x00000000
 6840      FC7F0000 
 6840      00000000 
 6841 eeb4 0000FF1F 			.word	0x1FFF0000, 0x00007FFC, 0x00000000
 6841      FC7F0000 
 6841      00000000 
 6842 eec0 0000FE1F 			.word	0x1FFE0000, 0x00003FFC, 0x00000000
 6842      FC3F0000 
ARM GAS  font_arial104.s 			page 274


 6842      00000000 
 6843 eecc 0000FE3F 			.word	0x3FFE0000, 0x00003FFC, 0x00000000
 6843      FC3F0000 
 6843      00000000 
 6844 eed8 0000FC07 			.word	0x07FC0000, 0x00003FFC, 0x00000000
 6844      FC3F0000 
 6844      00000000 
 6845 eee4 00001C00 			.word	0x001C0000, 0x00003FFC, 0x00000000
 6845      FC3F0000 
 6845      00000000 
 6846 eef0 00000000 			.word	0x00000000, 0x00003FFC, 0x00000000
 6846      FC3F0000 
 6846      00000000 
 6847 eefc 00000000 			.word	0x00000000, 0x00003FFC, 0x00000000
 6847      FC3F0000 
 6847      00000000 
 6848 ef08 00000000 			.word	0x00000000, 0x00003FFC, 0x00000000
 6848      FC3F0000 
 6848      00000000 
 6849 ef14 00000000 			.word	0x00000000, 0x00003FFC, 0x00000000
 6849      FC3F0000 
 6849      00000000 
 6850 ef20 00000000 			.word	0x00000000, 0x00007FFC, 0x00000000
 6850      FC7F0000 
 6850      00000000 
 6851 ef2c 00000000 			.word	0x00000000, 0x0007FFFC, 0x00000000
 6851      FCFF0700 
 6851      00000000 
 6852 ef38 00000000 			.word	0x00000000, 0x00FFFFFC, 0x00000000
 6852      FCFFFF00 
 6852      00000000 
 6853 ef44 00000000 			.word	0x00000000, 0x3FFFFFFC, 0x00000000
 6853      FCFFFF3F 
 6853      00000000 
 6854 ef50 3F000000 			.word	0x0000003F, 0xFFFFFFFC, 0x00000000
 6854      FCFFFFFF 
 6854      00000000 
 6855 ef5c FF0F0000 			.word	0x00000FFF, 0xFFFFFFFC, 0x00000000
 6855      FCFFFFFF 
 6855      00000000 
 6856 ef68 FFFF0000 			.word	0x0000FFFF, 0xFFFFFFFC, 0x00000000
 6856      FCFFFFFF 
 6856      00000000 
 6857 ef74 FFFF0700 			.word	0x0007FFFF, 0xFFFFFFFC, 0x00000000
 6857      FCFFFFFF 
 6857      00000000 
 6858 ef80 FFFF1F00 			.word	0x001FFFFF, 0xFFFFFFFC, 0x00000000
 6858      FCFFFFFF 
 6858      00000000 
 6859 ef8c FFFF7F00 			.word	0x007FFFFF, 0xFFFFFFFC, 0x00000000
 6859      FCFFFFFF 
 6859      00000000 
 6860 ef98 FFFFFF00 			.word	0x00FFFFFF, 0xFFFFFFFC, 0x00000000
 6860      FCFFFFFF 
 6860      00000000 
 6861 efa4 FFFFFF01 			.word	0x01FFFFFF, 0xFFFFFFFC, 0x00000000
 6861      FCFFFFFF 
ARM GAS  font_arial104.s 			page 275


 6861      00000000 
 6862 efb0 FFFFFF03 			.word	0x03FFFFFF, 0xFFFF3FFC, 0x00000000
 6862      FC3FFFFF 
 6862      00000000 
 6863 efbc FFFFFF07 			.word	0x07FFFFFF, 0xFFF03FFC, 0x00000000
 6863      FC3FF0FF 
 6863      00000000 
 6864 efc8 FFFFFF0F 			.word	0x0FFFFFFF, 0xFE003FFC, 0x00000000
 6864      FC3F00FE 
 6864      00000000 
 6865 efd4 FFFFFF1F 			.word	0x1FFFFFFF, 0x00003FFC, 0x00000000
 6865      FC3F0000 
 6865      00000000 
 6866 efe0 80FFFF1F 			.word	0x1FFFFF80, 0x00003FFC, 0x00000000
 6866      FC3F0000 
 6866      00000000 
 6867 efec 00F0FF3F 			.word	0x3FFFF000, 0x00003FFC, 0x00000000
 6867      FC3F0000 
 6867      00000000 
 6868 eff8 00C0FF3F 			.word	0x3FFFC000, 0x00003FFC, 0x00000000
 6868      FC3F0000 
 6868      00000000 
 6869 f004 0000FF7F 			.word	0x7FFF0000, 0x00003FFC, 0x00000000
 6869      FC3F0000 
 6869      00000000 
 6870 f010 0000FE7F 			.word	0x7FFE0000, 0x00003FFC, 0x00000000
 6870      FC3F0000 
 6870      00000000 
 6871 f01c 0000FC7F 			.word	0x7FFC0000, 0x00003FFC, 0x00000000
 6871      FC3F0000 
 6871      00000000 
 6872 f028 0000FCFF 			.word	0xFFFC0000, 0x00007FFC, 0x00000000
 6872      FC7F0000 
 6872      00000000 
 6873 f034 0000F8FF 			.word	0xFFF80000, 0x00007FFC, 0x00000000
 6873      FC7F0000 
 6873      00000000 
 6874 f040 0000F8FF 			.word	0xFFF80000, 0x00007FFC, 0x00000000
 6874      FC7F0000 
 6874      00000000 
 6875 f04c 0000F8FF 			.word	0xFFF80000, 0x0000FFFC, 0x00000000
 6875      FCFF0000 
 6875      00000000 
 6876 f058 0000F8FF 			.word	0xFFF80000, 0x0001FFFC, 0x00000000
 6876      FCFF0100 
 6876      00000000 
 6877 f064 0000F8FF 			.word	0xFFF80000, 0x0003FFFC, 0x00000000
 6877      FCFF0300 
 6877      00000000 
 6878 f070 0000F8FF 			.word	0xFFF80000, 0x0007FFFE, 0x00000000
 6878      FEFF0700 
 6878      00000000 
 6879 f07c 0000FCFF 			.word	0xFFFC0000, 0x000FFFFE, 0x00000000
 6879      FEFF0F00 
 6879      00000000 
 6880 f088 0000FEFF 			.word	0xFFFE0000, 0x001FFFFE, 0x00000000
 6880      FEFF1F00 
ARM GAS  font_arial104.s 			page 276


 6880      00000000 
 6881 f094 0000FF7F 			.word	0x7FFF0000, 0x007FFFFE, 0x00000000
 6881      FEFF7F00 
 6881      00000000 
 6882 f0a0 0080FF7F 			.word	0x7FFF8000, 0x01FFFFFE, 0x00000000
 6882      FEFFFF01 
 6882      00000000 
 6883 f0ac 00E0FF7F 			.word	0x7FFFE000, 0x07FFFFFE, 0x00000000
 6883      FEFFFF07 
 6883      00000000 
 6884 f0b8 00FCFF3F 			.word	0x3FFFFC00, 0x7FFFFFFE, 0x00000000
 6884      FEFFFF7F 
 6884      00000000 
 6885 f0c4 FFFFFF3F 			.word	0x3FFFFFFF, 0xFFFFFFFE, 0x00000000
 6885      FEFFFFFF 
 6885      00000000 
 6886 f0d0 FFFFFF1F 			.word	0x1FFFFFFF, 0xFFFFFFFE, 0x00000000
 6886      FEFFFFFF 
 6886      00000000 
 6887 f0dc FFFFFF1F 			.word	0x1FFFFFFF, 0xFFFFFFFE, 0x00000000
 6887      FEFFFFFF 
 6887      00000000 
 6888 f0e8 FFFFFF0F 			.word	0x0FFFFFFF, 0xFFFF9FFF, 0x00000000
 6888      FF9FFFFF 
 6888      00000000 
 6889 f0f4 FFFFFF07 			.word	0x07FFFFFF, 0xFFFF1FFF, 0x00000000
 6889      FF1FFFFF 
 6889      00000000 
 6890 f100 FFFFFF03 			.word	0x03FFFFFF, 0xFFFC0FFF, 0x00000000
 6890      FF0FFCFF 
 6890      00000000 
 6891 f10c FFFFFF01 			.word	0x01FFFFFF, 0xFFF80FFF, 0x00000000
 6891      FF0FF8FF 
 6891      00000000 
 6892 f118 FFFFFF00 			.word	0x00FFFFFF, 0xFFE00FFF, 0x80000000
 6892      FF0FE0FF 
 6892      00000080 
 6893 f124 FFFF7F00 			.word	0x007FFFFF, 0xFF800FFF, 0x80000000
 6893      FF0F80FF 
 6893      00000080 
 6894 f130 FFFF1F00 			.word	0x001FFFFF, 0xFE0007FF, 0x80000000
 6894      FF0700FE 
 6894      00000080 
 6895 f13c FFFF0300 			.word	0x0003FFFF, 0xF00007FF, 0xC0000000
 6895      FF0700F0 
 6895      000000C0 
 6896 f148 FE3F0000 			.word	0x00003FFE, 0x00000000, 0x00000000
 6896      00000000 
 6896      00000000 
 6897              	
 6898              	LOWERCASE_B:
 6899 f154 62000000 			.word	'b			// ASCII "b" character
 6900 f158 4D000000 			.word	77			// cell pixel width
 6901 f15c 82000000 			.word	CELLHGHT		// cell pixel height
 6902 f160 3E000000 			.word	62			// glyph pixel width
 6903 f164 65000000 			.word	101			// glyph pixel height
 6904 f168 09000000 			.word	9			// blank horizontal pixels before glyph
ARM GAS  font_arial104.s 			page 277


 6905 f16c 06000000 			.word	6			// blank horizontal pixels after glyph
 6906 f170 00000000 			.word	0			// blank horizontal lines before glyph
 6907 f174 1D000000 			.word	29			// blank horizontal lines after glyph
 6908              							// bit mapped glyph
 6909 f178 0000F0FF 			.word	0xFFF00000, 0x00000000
 6909      00000000 
 6910 f180 0000F0FF 			.word	0xFFF00000, 0x00000000
 6910      00000000 
 6911 f188 0000F0FF 			.word	0xFFF00000, 0x00000000
 6911      00000000 
 6912 f190 0000F0FF 			.word	0xFFF00000, 0x00000000
 6912      00000000 
 6913 f198 0000F0FF 			.word	0xFFF00000, 0x00000000
 6913      00000000 
 6914 f1a0 0000F0FF 			.word	0xFFF00000, 0x00000000
 6914      00000000 
 6915 f1a8 0000F0FF 			.word	0xFFF00000, 0x00000000
 6915      00000000 
 6916 f1b0 0000F0FF 			.word	0xFFF00000, 0x00000000
 6916      00000000 
 6917 f1b8 0000F0FF 			.word	0xFFF00000, 0x00000000
 6917      00000000 
 6918 f1c0 0000F0FF 			.word	0xFFF00000, 0x00000000
 6918      00000000 
 6919 f1c8 0000F0FF 			.word	0xFFF00000, 0x00000000
 6919      00000000 
 6920 f1d0 0000F0FF 			.word	0xFFF00000, 0x00000000
 6920      00000000 
 6921 f1d8 0000F0FF 			.word	0xFFF00000, 0x00000000
 6921      00000000 
 6922 f1e0 0000F0FF 			.word	0xFFF00000, 0x00000000
 6922      00000000 
 6923 f1e8 0000F0FF 			.word	0xFFF00000, 0x00000000
 6923      00000000 
 6924 f1f0 0000F0FF 			.word	0xFFF00000, 0x00000000
 6924      00000000 
 6925 f1f8 0000F0FF 			.word	0xFFF00000, 0x00000000
 6925      00000000 
 6926 f200 0000F0FF 			.word	0xFFF00000, 0x00000000
 6926      00000000 
 6927 f208 0000F0FF 			.word	0xFFF00000, 0x00000000
 6927      00000000 
 6928 f210 0000F0FF 			.word	0xFFF00000, 0x00000000
 6928      00000000 
 6929 f218 0000F0FF 			.word	0xFFF00000, 0x00000000
 6929      00000000 
 6930 f220 0000F0FF 			.word	0xFFF00000, 0x00000000
 6930      00000000 
 6931 f228 0000F0FF 			.word	0xFFF00000, 0x00000000
 6931      00000000 
 6932 f230 0000F0FF 			.word	0xFFF00000, 0x00000000
 6932      00000000 
 6933 f238 0000F0FF 			.word	0xFFF00000, 0x00000000
 6933      00000000 
 6934 f240 0000F0FF 			.word	0xFFF00000, 0x00000000
 6934      00000000 
 6935 f248 1F00F0FF 			.word	0xFFF0001F, 0xF8000000
ARM GAS  font_arial104.s 			page 278


 6935      000000F8 
 6936 f250 FF00F0FF 			.word	0xFFF000FF, 0xFF800000
 6936      000080FF 
 6937 f258 FF03F0FF 			.word	0xFFF003FF, 0xFFF00000
 6937      0000F0FF 
 6938 f260 FF0FF0FF 			.word	0xFFF00FFF, 0xFFFC0000
 6938      0000FCFF 
 6939 f268 FF1FF0FF 			.word	0xFFF01FFF, 0xFFFF0000
 6939      0000FFFF 
 6940 f270 FF3FF0FF 			.word	0xFFF03FFF, 0xFFFF8000
 6940      0080FFFF 
 6941 f278 FF7FF0FF 			.word	0xFFF07FFF, 0xFFFFC000
 6941      00C0FFFF 
 6942 f280 FFFFF0FF 			.word	0xFFF0FFFF, 0xFFFFF000
 6942      00F0FFFF 
 6943 f288 FFFFF1FF 			.word	0xFFF1FFFF, 0xFFFFF800
 6943      00F8FFFF 
 6944 f290 FFFFF3FF 			.word	0xFFF3FFFF, 0xFFFFF800
 6944      00F8FFFF 
 6945 f298 FFFFF7FF 			.word	0xFFF7FFFF, 0xFFFFFC00
 6945      00FCFFFF 
 6946 f2a0 FFFFFFFF 			.word	0xFFFFFFFF, 0xFFFFFE00
 6946      00FEFFFF 
 6947 f2a8 E0FFFFFF 			.word	0xFFFFFFE0, 0x1FFFFF00
 6947      00FFFF1F 
 6948 f2b0 00FFFFFF 			.word	0xFFFFFF00, 0x03FFFF00
 6948      00FFFF03 
 6949 f2b8 00FCFFFF 			.word	0xFFFFFC00, 0x00FFFF80
 6949      80FFFF00 
 6950 f2c0 00F0FFFF 			.word	0xFFFFF000, 0x007FFF80
 6950      80FF7F00 
 6951 f2c8 00E0FFFF 			.word	0xFFFFE000, 0x001FFFC0
 6951      C0FF1F00 
 6952 f2d0 00C0FFFF 			.word	0xFFFFC000, 0x000FFFC0
 6952      C0FF0F00 
 6953 f2d8 0080FFFF 			.word	0xFFFF8000, 0x0007FFE0
 6953      E0FF0700 
 6954 f2e0 0000FFFF 			.word	0xFFFF0000, 0x0007FFE0
 6954      E0FF0700 
 6955 f2e8 0000FEFF 			.word	0xFFFE0000, 0x0003FFF0
 6955      F0FF0300 
 6956 f2f0 0000FEFF 			.word	0xFFFE0000, 0x0001FFF0
 6956      F0FF0100 
 6957 f2f8 0000FCFF 			.word	0xFFFC0000, 0x0001FFF0
 6957      F0FF0100 
 6958 f300 0000FCFF 			.word	0xFFFC0000, 0x0000FFF0
 6958      F0FF0000 
 6959 f308 0000F8FF 			.word	0xFFF80000, 0x0000FFF8
 6959      F8FF0000 
 6960 f310 0000F8FF 			.word	0xFFF80000, 0x0000FFF8
 6960      F8FF0000 
 6961 f318 0000F8FF 			.word	0xFFF80000, 0x00007FF8
 6961      F87F0000 
 6962 f320 0000F0FF 			.word	0xFFF00000, 0x00007FF8
 6962      F87F0000 
 6963 f328 0000F0FF 			.word	0xFFF00000, 0x00007FFC
 6963      FC7F0000 
ARM GAS  font_arial104.s 			page 279


 6964 f330 0000F0FF 			.word	0xFFF00000, 0x00007FFC
 6964      FC7F0000 
 6965 f338 0000F0FF 			.word	0xFFF00000, 0x00007FFC
 6965      FC7F0000 
 6966 f340 0000F0FF 			.word	0xFFF00000, 0x00003FFC
 6966      FC3F0000 
 6967 f348 0000E0FF 			.word	0xFFE00000, 0x00003FFC
 6967      FC3F0000 
 6968 f350 0000E0FF 			.word	0xFFE00000, 0x00003FFC
 6968      FC3F0000 
 6969 f358 0000E0FF 			.word	0xFFE00000, 0x00003FFC
 6969      FC3F0000 
 6970 f360 0000E0FF 			.word	0xFFE00000, 0x00003FFC
 6970      FC3F0000 
 6971 f368 0000E0FF 			.word	0xFFE00000, 0x00003FFC
 6971      FC3F0000 
 6972 f370 0000E0FF 			.word	0xFFE00000, 0x00003FFC
 6972      FC3F0000 
 6973 f378 0000E0FF 			.word	0xFFE00000, 0x00003FFC
 6973      FC3F0000 
 6974 f380 0000E0FF 			.word	0xFFE00000, 0x00003FFC
 6974      FC3F0000 
 6975 f388 0000E0FF 			.word	0xFFE00000, 0x00003FFC
 6975      FC3F0000 
 6976 f390 0000E0FF 			.word	0xFFE00000, 0x00003FFC
 6976      FC3F0000 
 6977 f398 0000E0FF 			.word	0xFFE00000, 0x00003FFC
 6977      FC3F0000 
 6978 f3a0 0000F0FF 			.word	0xFFF00000, 0x00003FFC
 6978      FC3F0000 
 6979 f3a8 0000F0FF 			.word	0xFFF00000, 0x00007FFC
 6979      FC7F0000 
 6980 f3b0 0000F0FF 			.word	0xFFF00000, 0x00007FFC
 6980      FC7F0000 
 6981 f3b8 0000F0FF 			.word	0xFFF00000, 0x00007FF8
 6981      F87F0000 
 6982 f3c0 0000F0FF 			.word	0xFFF00000, 0x00007FF8
 6982      F87F0000 
 6983 f3c8 0000F0FF 			.word	0xFFF00000, 0x00007FF8
 6983      F87F0000 
 6984 f3d0 0000F8FF 			.word	0xFFF80000, 0x0000FFF8
 6984      F8FF0000 
 6985 f3d8 0000F8FF 			.word	0xFFF80000, 0x0000FFF8
 6985      F8FF0000 
 6986 f3e0 0000F8FF 			.word	0xFFF80000, 0x0001FFF0
 6986      F0FF0100 
 6987 f3e8 0000FCFF 			.word	0xFFFC0000, 0x0001FFF0
 6987      F0FF0100 
 6988 f3f0 0000FCFF 			.word	0xFFFC0000, 0x0003FFF0
 6988      F0FF0300 
 6989 f3f8 0000FEFF 			.word	0xFFFE0000, 0x0003FFE0
 6989      E0FF0300 
 6990 f400 0000FFFF 			.word	0xFFFF0000, 0x0007FFE0
 6990      E0FF0700 
 6991 f408 0000FFFF 			.word	0xFFFF0000, 0x000FFFC0
 6991      C0FF0F00 
 6992 f410 0080FFFF 			.word	0xFFFF8000, 0x001FFFC0
ARM GAS  font_arial104.s 			page 280


 6992      C0FF1F00 
 6993 f418 00C0FFFF 			.word	0xFFFFC000, 0x003FFF80
 6993      80FF3F00 
 6994 f420 00E0FFFF 			.word	0xFFFFE000, 0x007FFF80
 6994      80FF7F00 
 6995 f428 00F8FFFF 			.word	0xFFFFF800, 0x01FFFF00
 6995      00FFFF01 
 6996 f430 00FEFFFF 			.word	0xFFFFFE00, 0x03FFFF00
 6996      00FFFF03 
 6997 f438 C0FFFFFF 			.word	0xFFFFFFC0, 0x1FFFFE00
 6997      00FEFF1F 
 6998 f440 FFFFFFFF 			.word	0xFFFFFFFF, 0xFFFFFC00
 6998      00FCFFFF 
 6999 f448 FFFFE7FF 			.word	0xFFE7FFFF, 0xFFFFF800
 6999      00F8FFFF 
 7000 f450 FFFFE3FF 			.word	0xFFE3FFFF, 0xFFFFF800
 7000      00F8FFFF 
 7001 f458 FFFFE3FF 			.word	0xFFE3FFFF, 0xFFFFF000
 7001      00F0FFFF 
 7002 f460 FFFFE1FF 			.word	0xFFE1FFFF, 0xFFFFE000
 7002      00E0FFFF 
 7003 f468 FFFFE0FF 			.word	0xFFE0FFFF, 0xFFFF8000
 7003      0080FFFF 
 7004 f470 FF7FE0FF 			.word	0xFFE07FFF, 0xFFFF0000
 7004      0000FFFF 
 7005 f478 FF3FE0FF 			.word	0xFFE03FFF, 0xFFFE0000
 7005      0000FEFF 
 7006 f480 FF0FE0FF 			.word	0xFFE00FFF, 0xFFF80000
 7006      0000F8FF 
 7007 f488 FF07E0FF 			.word	0xFFE007FF, 0xFFE00000
 7007      0000E0FF 
 7008 f490 FF01E0FF 			.word	0xFFE001FF, 0xFF800000
 7008      000080FF 
 7009 f498 1F000000 			.word	0x0000001F, 0xF8000000
 7009      000000F8 
 7010              	
 7011              	LOWERCASE_C:
 7012 f4a0 63000000 			.word	'c			// ASCII "c" character
 7013 f4a4 46000000 			.word	70			// cell pixel width
 7014 f4a8 82000000 			.word	CELLHGHT		// cell pixel height
 7015 f4ac 3E000000 			.word	62			// glyph pixel width
 7016 f4b0 4B000000 			.word	75			// glyph pixel height
 7017 f4b4 06000000 			.word	6			// blank horizontal pixels before glyph
 7018 f4b8 02000000 			.word	2			// blank horizontal pixels after glyph
 7019 f4bc 1A000000 			.word	26			// blank horizontal lines before glyph
 7020 f4c0 1D000000 			.word	29			// blank horizontal lines after glyph
 7021              							// bit mapped glyph
 7022 f4c4 1F000000 			.word	0x0000001F, 0xFE000000
 7022      000000FE 
 7023 f4cc FF030000 			.word	0x000003FF, 0xFFE00000
 7023      0000E0FF 
 7024 f4d4 FF1F0000 			.word	0x00001FFF, 0xFFFC0000
 7024      0000FCFF 
 7025 f4dc FF7F0000 			.word	0x00007FFF, 0xFFFF0000
 7025      0000FFFF 
 7026 f4e4 FFFF0100 			.word	0x0001FFFF, 0xFFFFC000
 7026      00C0FFFF 
ARM GAS  font_arial104.s 			page 281


 7027 f4ec FFFF0300 			.word	0x0003FFFF, 0xFFFFE000
 7027      00E0FFFF 
 7028 f4f4 FFFF0F00 			.word	0x000FFFFF, 0xFFFFF000
 7028      00F0FFFF 
 7029 f4fc FFFF1F00 			.word	0x001FFFFF, 0xFFFFFC00
 7029      00FCFFFF 
 7030 f504 FFFF3F00 			.word	0x003FFFFF, 0xFFFFFE00
 7030      00FEFFFF 
 7031 f50c FFFF7F00 			.word	0x007FFFFF, 0xFFFFFE00
 7031      00FEFFFF 
 7032 f514 FFFFFF00 			.word	0x00FFFFFF, 0xFFFFFF00
 7032      00FFFFFF 
 7033 f51c FFFFFF01 			.word	0x01FFFFFF, 0xFFFFFF80
 7033      80FFFFFF 
 7034 f524 F0FFFF03 			.word	0x03FFFFF0, 0x03FFFFC0
 7034      C0FFFF03 
 7035 f52c 80FFFF03 			.word	0x03FFFF80, 0x007FFFC0
 7035      C0FF7F00 
 7036 f534 00FEFF07 			.word	0x07FFFE00, 0x001FFFE0
 7036      E0FF1F00 
 7037 f53c 00F8FF07 			.word	0x07FFF800, 0x000FFFE0
 7037      E0FF0F00 
 7038 f544 00F0FF0F 			.word	0x0FFFF000, 0x0007FFF0
 7038      F0FF0700 
 7039 f54c 00E0FF0F 			.word	0x0FFFE000, 0x0003FFF0
 7039      F0FF0300 
 7040 f554 00C0FF1F 			.word	0x1FFFC000, 0x0001FFF0
 7040      F0FF0100 
 7041 f55c 0080FF1F 			.word	0x1FFF8000, 0x0001FFF8
 7041      F8FF0100 
 7042 f564 0000FF3F 			.word	0x3FFF0000, 0x0000FFF8
 7042      F8FF0000 
 7043 f56c 0000FE3F 			.word	0x3FFE0000, 0x0000FFF8
 7043      F8FF0000 
 7044 f574 0000FE3F 			.word	0x3FFE0000, 0x00007FF8
 7044      F87F0000 
 7045 f57c 0000FC7F 			.word	0x7FFC0000, 0x00007FC0
 7045      C07F0000 
 7046 f584 0000FC7F 			.word	0x7FFC0000, 0x00003800
 7046      00380000 
 7047 f58c 0000FC7F 			.word	0x7FFC0000, 0x00000000
 7047      00000000 
 7048 f594 0000F87F 			.word	0x7FF80000, 0x00000000
 7048      00000000 
 7049 f59c 0000F87F 			.word	0x7FF80000, 0x00000000
 7049      00000000 
 7050 f5a4 0000F8FF 			.word	0xFFF80000, 0x00000000
 7050      00000000 
 7051 f5ac 0000F8FF 			.word	0xFFF80000, 0x00000000
 7051      00000000 
 7052 f5b4 0000F8FF 			.word	0xFFF80000, 0x00000000
 7052      00000000 
 7053 f5bc 0000F0FF 			.word	0xFFF00000, 0x00000000
 7053      00000000 
 7054 f5c4 0000F0FF 			.word	0xFFF00000, 0x00000000
 7054      00000000 
 7055 f5cc 0000F0FF 			.word	0xFFF00000, 0x00000000
ARM GAS  font_arial104.s 			page 282


 7055      00000000 
 7056 f5d4 0000F0FF 			.word	0xFFF00000, 0x00000000
 7056      00000000 
 7057 f5dc 0000F0FF 			.word	0xFFF00000, 0x00000000
 7057      00000000 
 7058 f5e4 0000F0FF 			.word	0xFFF00000, 0x00000000
 7058      00000000 
 7059 f5ec 0000F0FF 			.word	0xFFF00000, 0x00000000
 7059      00000000 
 7060 f5f4 0000F0FF 			.word	0xFFF00000, 0x00000000
 7060      00000000 
 7061 f5fc 0000F0FF 			.word	0xFFF00000, 0x00000000
 7061      00000000 
 7062 f604 0000F0FF 			.word	0xFFF00000, 0x00000000
 7062      00000000 
 7063 f60c 0000F0FF 			.word	0xFFF00000, 0x00000000
 7063      00000000 
 7064 f614 0000F0FF 			.word	0xFFF00000, 0x00000000
 7064      00000000 
 7065 f61c 0000F0FF 			.word	0xFFF00000, 0x00000000
 7065      00000000 
 7066 f624 0000F8FF 			.word	0xFFF80000, 0x00000000
 7066      00000000 
 7067 f62c 0000F8FF 			.word	0xFFF80000, 0x00000000
 7067      00000000 
 7068 f634 0000F8FF 			.word	0xFFF80000, 0x00000000
 7068      00000000 
 7069 f63c 0000F8FF 			.word	0xFFF80000, 0x00001C00
 7069      001C0000 
 7070 f644 0000F87F 			.word	0x7FF80000, 0x00003FF0
 7070      F03F0000 
 7071 f64c 0000FC7F 			.word	0x7FFC0000, 0x00003FFC
 7071      FC3F0000 
 7072 f654 0000FC7F 			.word	0x7FFC0000, 0x00003FFC
 7072      FC3F0000 
 7073 f65c 0000FC7F 			.word	0x7FFC0000, 0x00003FFC
 7073      FC3F0000 
 7074 f664 0000FE3F 			.word	0x3FFE0000, 0x00007FFC
 7074      FC7F0000 
 7075 f66c 0000FE3F 			.word	0x3FFE0000, 0x00007FFC
 7075      FC7F0000 
 7076 f674 0000FF3F 			.word	0x3FFF0000, 0x0000FFF8
 7076      F8FF0000 
 7077 f67c 0080FF1F 			.word	0x1FFF8000, 0x0000FFF8
 7077      F8FF0000 
 7078 f684 0080FF1F 			.word	0x1FFF8000, 0x0001FFF8
 7078      F8FF0100 
 7079 f68c 00C0FF1F 			.word	0x1FFFC000, 0x0003FFF0
 7079      F0FF0300 
 7080 f694 00E0FF0F 			.word	0x0FFFE000, 0x0007FFF0
 7080      F0FF0700 
 7081 f69c 00F8FF0F 			.word	0x0FFFF800, 0x000FFFE0
 7081      E0FF0F00 
 7082 f6a4 00FCFF07 			.word	0x07FFFC00, 0x001FFFE0
 7082      E0FF1F00 
 7083 f6ac 00FFFF03 			.word	0x03FFFF00, 0x007FFFC0
 7083      C0FF7F00 
ARM GAS  font_arial104.s 			page 283


 7084 f6b4 E0FFFF03 			.word	0x03FFFFE0, 0x07FFFF80
 7084      80FFFF07 
 7085 f6bc FFFFFF01 			.word	0x01FFFFFF, 0xFFFFFF80
 7085      80FFFFFF 
 7086 f6c4 FFFFFF00 			.word	0x00FFFFFF, 0xFFFFFF00
 7086      00FFFFFF 
 7087 f6cc FFFF7F00 			.word	0x007FFFFF, 0xFFFFFE00
 7087      00FEFFFF 
 7088 f6d4 FFFF3F00 			.word	0x003FFFFF, 0xFFFFFC00
 7088      00FCFFFF 
 7089 f6dc FFFF1F00 			.word	0x001FFFFF, 0xFFFFF800
 7089      00F8FFFF 
 7090 f6e4 FFFF0F00 			.word	0x000FFFFF, 0xFFFFF000
 7090      00F0FFFF 
 7091 f6ec FFFF0700 			.word	0x0007FFFF, 0xFFFFE000
 7091      00E0FFFF 
 7092 f6f4 FFFF0100 			.word	0x0001FFFF, 0xFFFF8000
 7092      0080FFFF 
 7093 f6fc FF7F0000 			.word	0x00007FFF, 0xFFFE0000
 7093      0000FEFF 
 7094 f704 FF1F0000 			.word	0x00001FFF, 0xFFF80000
 7094      0000F8FF 
 7095 f70c FF030000 			.word	0x000003FF, 0xFFE00000
 7095      0000E0FF 
 7096 f714 3F000000 			.word	0x0000003F, 0xFE000000
 7096      000000FE 
 7097              	
 7098              	LOWERCASE_D:
 7099 f71c 64000000 			.word	'd			// ASCII "d" character
 7100 f720 4D000000 			.word	77			// cell pixel width
 7101 f724 82000000 			.word	CELLHGHT		// cell pixel height
 7102 f728 3E000000 			.word	62			// glyph pixel width
 7103 f72c 65000000 			.word	101			// glyph pixel height
 7104 f730 05000000 			.word	5			// blank horizontal pixels before glyph
 7105 f734 0A000000 			.word	10			// blank horizontal pixels after glyph
 7106 f738 00000000 			.word	0			// blank horizontal lines before glyph
 7107 f73c 1D000000 			.word	29			// blank horizontal lines after glyph
 7108              							// bit mapped glyph
 7109 f740 00000000 			.word	0x00000000, 0x00003FFC
 7109      FC3F0000 
 7110 f748 00000000 			.word	0x00000000, 0x00003FFC
 7110      FC3F0000 
 7111 f750 00000000 			.word	0x00000000, 0x00003FFC
 7111      FC3F0000 
 7112 f758 00000000 			.word	0x00000000, 0x00003FFC
 7112      FC3F0000 
 7113 f760 00000000 			.word	0x00000000, 0x00003FFC
 7113      FC3F0000 
 7114 f768 00000000 			.word	0x00000000, 0x00003FFC
 7114      FC3F0000 
 7115 f770 00000000 			.word	0x00000000, 0x00003FFC
 7115      FC3F0000 
 7116 f778 00000000 			.word	0x00000000, 0x00003FFC
 7116      FC3F0000 
 7117 f780 00000000 			.word	0x00000000, 0x00003FFC
 7117      FC3F0000 
 7118 f788 00000000 			.word	0x00000000, 0x00003FFC
ARM GAS  font_arial104.s 			page 284


 7118      FC3F0000 
 7119 f790 00000000 			.word	0x00000000, 0x00003FFC
 7119      FC3F0000 
 7120 f798 00000000 			.word	0x00000000, 0x00003FFC
 7120      FC3F0000 
 7121 f7a0 00000000 			.word	0x00000000, 0x00003FFC
 7121      FC3F0000 
 7122 f7a8 00000000 			.word	0x00000000, 0x00003FFC
 7122      FC3F0000 
 7123 f7b0 00000000 			.word	0x00000000, 0x00003FFC
 7123      FC3F0000 
 7124 f7b8 00000000 			.word	0x00000000, 0x00003FFC
 7124      FC3F0000 
 7125 f7c0 00000000 			.word	0x00000000, 0x00003FFC
 7125      FC3F0000 
 7126 f7c8 00000000 			.word	0x00000000, 0x00003FFC
 7126      FC3F0000 
 7127 f7d0 00000000 			.word	0x00000000, 0x00003FFC
 7127      FC3F0000 
 7128 f7d8 00000000 			.word	0x00000000, 0x00003FFC
 7128      FC3F0000 
 7129 f7e0 00000000 			.word	0x00000000, 0x00003FFC
 7129      FC3F0000 
 7130 f7e8 00000000 			.word	0x00000000, 0x00003FFC
 7130      FC3F0000 
 7131 f7f0 00000000 			.word	0x00000000, 0x00003FFC
 7131      FC3F0000 
 7132 f7f8 00000000 			.word	0x00000000, 0x00003FFC
 7132      FC3F0000 
 7133 f800 00000000 			.word	0x00000000, 0x00003FFC
 7133      FC3F0000 
 7134 f808 00000000 			.word	0x00000000, 0x00003FFC
 7134      FC3F0000 
 7135 f810 7F000000 			.word	0x0000007F, 0xE0003FFC
 7135      FC3F00E0 
 7136 f818 FF070000 			.word	0x000007FF, 0xFC003FFC
 7136      FC3F00FC 
 7137 f820 FF3F0000 			.word	0x00003FFF, 0xFF003FFC
 7137      FC3F00FF 
 7138 f828 FFFF0000 			.word	0x0000FFFF, 0xFFC03FFC
 7138      FC3FC0FF 
 7139 f830 FFFF0300 			.word	0x0003FFFF, 0xFFE03FFC
 7139      FC3FE0FF 
 7140 f838 FFFF0700 			.word	0x0007FFFF, 0xFFF03FFC
 7140      FC3FF0FF 
 7141 f840 FFFF0F00 			.word	0x000FFFFF, 0xFFFC3FFC
 7141      FC3FFCFF 
 7142 f848 FFFF3F00 			.word	0x003FFFFF, 0xFFFE3FFC
 7142      FC3FFEFF 
 7143 f850 FFFF7F00 			.word	0x007FFFFF, 0xFFFE3FFC
 7143      FC3FFEFF 
 7144 f858 FFFF7F00 			.word	0x007FFFFF, 0xFFFF3FFC
 7144      FC3FFFFF 
 7145 f860 FFFFFF00 			.word	0x00FFFFFF, 0xFFFFBFFC
 7145      FCBFFFFF 
 7146 f868 FFFFFF01 			.word	0x01FFFFFF, 0xFFFFFFFC
 7146      FCFFFFFF 
ARM GAS  font_arial104.s 			page 285


 7147 f870 E0FFFF03 			.word	0x03FFFFE0, 0x0FFFFFFC
 7147      FCFFFF0F 
 7148 f878 00FFFF03 			.word	0x03FFFF00, 0x01FFFFFC
 7148      FCFFFF01 
 7149 f880 00FCFF07 			.word	0x07FFFC00, 0x007FFFFC
 7149      FCFF7F00 
 7150 f888 00F0FF07 			.word	0x07FFF000, 0x003FFFFC
 7150      FCFF3F00 
 7151 f890 00E0FF0F 			.word	0x0FFFE000, 0x001FFFFC
 7151      FCFF1F00 
 7152 f898 00C0FF0F 			.word	0x0FFFC000, 0x0007FFFC
 7152      FCFF0700 
 7153 f8a0 0080FF1F 			.word	0x1FFF8000, 0x0007FFFC
 7153      FCFF0700 
 7154 f8a8 0080FF1F 			.word	0x1FFF8000, 0x0003FFFC
 7154      FCFF0300 
 7155 f8b0 0000FF3F 			.word	0x3FFF0000, 0x0001FFFC
 7155      FCFF0100 
 7156 f8b8 0000FE3F 			.word	0x3FFE0000, 0x0000FFFC
 7156      FCFF0000 
 7157 f8c0 0000FE3F 			.word	0x3FFE0000, 0x0000FFFC
 7157      FCFF0000 
 7158 f8c8 0000FC3F 			.word	0x3FFC0000, 0x00007FFC
 7158      FC7F0000 
 7159 f8d0 0000FC7F 			.word	0x7FFC0000, 0x00007FFC
 7159      FC7F0000 
 7160 f8d8 0000FC7F 			.word	0x7FFC0000, 0x00007FFC
 7160      FC7F0000 
 7161 f8e0 0000F87F 			.word	0x7FF80000, 0x00003FFC
 7161      FC3F0000 
 7162 f8e8 0000F87F 			.word	0x7FF80000, 0x00003FFC
 7162      FC3F0000 
 7163 f8f0 0000F8FF 			.word	0xFFF80000, 0x00003FFC
 7163      FC3F0000 
 7164 f8f8 0000F8FF 			.word	0xFFF80000, 0x00003FFC
 7164      FC3F0000 
 7165 f900 0000F8FF 			.word	0xFFF80000, 0x00001FFC
 7165      FC1F0000 
 7166 f908 0000F0FF 			.word	0xFFF00000, 0x00001FFC
 7166      FC1F0000 
 7167 f910 0000F0FF 			.word	0xFFF00000, 0x00001FFC
 7167      FC1F0000 
 7168 f918 0000F0FF 			.word	0xFFF00000, 0x00001FFC
 7168      FC1F0000 
 7169 f920 0000F0FF 			.word	0xFFF00000, 0x00001FFC
 7169      FC1F0000 
 7170 f928 0000F0FF 			.word	0xFFF00000, 0x00001FFC
 7170      FC1F0000 
 7171 f930 0000F0FF 			.word	0xFFF00000, 0x00001FFC
 7171      FC1F0000 
 7172 f938 0000F0FF 			.word	0xFFF00000, 0x00001FFC
 7172      FC1F0000 
 7173 f940 0000F0FF 			.word	0xFFF00000, 0x00001FFC
 7173      FC1F0000 
 7174 f948 0000F0FF 			.word	0xFFF00000, 0x00001FFC
 7174      FC1F0000 
 7175 f950 0000F0FF 			.word	0xFFF00000, 0x00001FFC
ARM GAS  font_arial104.s 			page 286


 7175      FC1F0000 
 7176 f958 0000F0FF 			.word	0xFFF00000, 0x00001FFC
 7176      FC1F0000 
 7177 f960 0000F0FF 			.word	0xFFF00000, 0x00001FFC
 7177      FC1F0000 
 7178 f968 0000F8FF 			.word	0xFFF80000, 0x00001FFC
 7178      FC1F0000 
 7179 f970 0000F8FF 			.word	0xFFF80000, 0x00001FFC
 7179      FC1F0000 
 7180 f978 0000F8FF 			.word	0xFFF80000, 0x00001FFC
 7180      FC1F0000 
 7181 f980 0000F87F 			.word	0x7FF80000, 0x00003FFC
 7181      FC3F0000 
 7182 f988 0000F87F 			.word	0x7FF80000, 0x00003FFC
 7182      FC3F0000 
 7183 f990 0000FC7F 			.word	0x7FFC0000, 0x00003FFC
 7183      FC3F0000 
 7184 f998 0000FC7F 			.word	0x7FFC0000, 0x00003FFC
 7184      FC3F0000 
 7185 f9a0 0000FC7F 			.word	0x7FFC0000, 0x00007FFC
 7185      FC7F0000 
 7186 f9a8 0000FE3F 			.word	0x3FFE0000, 0x00007FFC
 7186      FC7F0000 
 7187 f9b0 0000FE3F 			.word	0x3FFE0000, 0x0000FFFC
 7187      FCFF0000 
 7188 f9b8 0000FF3F 			.word	0x3FFF0000, 0x0000FFFC
 7188      FCFF0000 
 7189 f9c0 0000FF1F 			.word	0x1FFF0000, 0x0001FFFC
 7189      FCFF0100 
 7190 f9c8 0080FF1F 			.word	0x1FFF8000, 0x0001FFFC
 7190      FCFF0100 
 7191 f9d0 00C0FF1F 			.word	0x1FFFC000, 0x0003FFFC
 7191      FCFF0300 
 7192 f9d8 00E0FF0F 			.word	0x0FFFE000, 0x0007FFFC
 7192      FCFF0700 
 7193 f9e0 00F0FF0F 			.word	0x0FFFF000, 0x000FFFFC
 7193      FCFF0F00 
 7194 f9e8 00F8FF07 			.word	0x07FFF800, 0x001FFFFC
 7194      FCFF1F00 
 7195 f9f0 00FEFF03 			.word	0x03FFFE00, 0x007FFFFC
 7195      FCFF7F00 
 7196 f9f8 80FFFF03 			.word	0x03FFFF80, 0x01FFFFFC
 7196      FCFFFF01 
 7197 fa00 E0FFFF01 			.word	0x01FFFFE0, 0x0FFFFFFC
 7197      FCFFFF0F 
 7198 fa08 FFFFFF00 			.word	0x00FFFFFF, 0xFFFFDFFC
 7198      FCDFFFFF 
 7199 fa10 FFFFFF00 			.word	0x00FFFFFF, 0xFFFF9FFC
 7199      FC9FFFFF 
 7200 fa18 FFFF7F00 			.word	0x007FFFFF, 0xFFFF9FFC
 7200      FC9FFFFF 
 7201 fa20 FFFF3F00 			.word	0x003FFFFF, 0xFFFF1FFC
 7201      FC1FFFFF 
 7202 fa28 FFFF1F00 			.word	0x001FFFFF, 0xFFFE1FFC
 7202      FC1FFEFF 
 7203 fa30 FFFF0F00 			.word	0x000FFFFF, 0xFFFC1FFC
 7203      FC1FFCFF 
ARM GAS  font_arial104.s 			page 287


 7204 fa38 FFFF0300 			.word	0x0003FFFF, 0xFFF81FFC
 7204      FC1FF8FF 
 7205 fa40 FFFF0100 			.word	0x0001FFFF, 0xFFF01FFC
 7205      FC1FF0FF 
 7206 fa48 FF7F0000 			.word	0x00007FFF, 0xFFE01FFC
 7206      FC1FE0FF 
 7207 fa50 FF1F0000 			.word	0x00001FFF, 0xFF801FFC
 7207      FC1F80FF 
 7208 fa58 FF070000 			.word	0x000007FF, 0xFE001FFC
 7208      FC1F00FE 
 7209 fa60 7F000000 			.word	0x0000007F, 0xE0000000
 7209      000000E0 
 7210              	
 7211              	LOWERCASE_E:
 7212 fa68 65000000 			.word	'e			// ASCII "e" character
 7213 fa6c 4D000000 			.word	77			// cell pixel width
 7214 fa70 82000000 			.word	CELLHGHT		// cell pixel height
 7215 fa74 42000000 			.word	66			// glyph pixel width
 7216 fa78 4B000000 			.word	75			// glyph pixel height
 7217 fa7c 05000000 			.word	5			// blank horizontal pixels before glyph
 7218 fa80 06000000 			.word	6			// blank horizontal pixels after glyph
 7219 fa84 1A000000 			.word	26			// blank horizontal lines before glyph
 7220 fa88 1D000000 			.word	29			// blank horizontal lines after glyph
 7221              							// bit mapped glyph
 7222 fa8c 1F000000 			.word	0x0000001F, 0xFF000000, 0x00000000
 7222      000000FF 
 7222      00000000 
 7223 fa98 FF010000 			.word	0x000001FF, 0xFFF00000, 0x00000000
 7223      0000F0FF 
 7223      00000000 
 7224 faa4 FF0F0000 			.word	0x00000FFF, 0xFFFE0000, 0x00000000
 7224      0000FEFF 
 7224      00000000 
 7225 fab0 FF3F0000 			.word	0x00003FFF, 0xFFFF8000, 0x00000000
 7225      0080FFFF 
 7225      00000000 
 7226 fabc FFFF0000 			.word	0x0000FFFF, 0xFFFFC000, 0x00000000
 7226      00C0FFFF 
 7226      00000000 
 7227 fac8 FFFF0100 			.word	0x0001FFFF, 0xFFFFF000, 0x00000000
 7227      00F0FFFF 
 7227      00000000 
 7228 fad4 FFFF0700 			.word	0x0007FFFF, 0xFFFFF800, 0x00000000
 7228      00F8FFFF 
 7228      00000000 
 7229 fae0 FFFF0F00 			.word	0x000FFFFF, 0xFFFFFE00, 0x00000000
 7229      00FEFFFF 
 7229      00000000 
 7230 faec FFFF1F00 			.word	0x001FFFFF, 0xFFFFFF00, 0x00000000
 7230      00FFFFFF 
 7230      00000000 
 7231 faf8 FFFF3F00 			.word	0x003FFFFF, 0xFFFFFF80, 0x00000000
 7231      80FFFFFF 
 7231      00000000 
 7232 fb04 FFFF7F00 			.word	0x007FFFFF, 0xFFFFFFC0, 0x00000000
 7232      C0FFFFFF 
 7232      00000000 
ARM GAS  font_arial104.s 			page 288


 7233 fb10 FFFFFF00 			.word	0x00FFFFFF, 0xFFFFFFC0, 0x00000000
 7233      C0FFFFFF 
 7233      00000000 
 7234 fb1c F0FFFF01 			.word	0x01FFFFF0, 0x01FFFFE0, 0x00000000
 7234      E0FFFF01 
 7234      00000000 
 7235 fb28 80FFFF01 			.word	0x01FFFF80, 0x003FFFF0, 0x00000000
 7235      F0FF3F00 
 7235      00000000 
 7236 fb34 00FEFF03 			.word	0x03FFFE00, 0x000FFFF8, 0x00000000
 7236      F8FF0F00 
 7236      00000000 
 7237 fb40 00F8FF07 			.word	0x07FFF800, 0x0003FFF8, 0x00000000
 7237      F8FF0300 
 7237      00000000 
 7238 fb4c 00F0FF07 			.word	0x07FFF000, 0x0001FFFC, 0x00000000
 7238      FCFF0100 
 7238      00000000 
 7239 fb58 00C0FF0F 			.word	0x0FFFC000, 0x00007FFC, 0x00000000
 7239      FC7F0000 
 7239      00000000 
 7240 fb64 00C0FF0F 			.word	0x0FFFC000, 0x00003FFE, 0x00000000
 7240      FE3F0000 
 7240      00000000 
 7241 fb70 0080FF1F 			.word	0x1FFF8000, 0x00003FFE, 0x00000000
 7241      FE3F0000 
 7241      00000000 
 7242 fb7c 0000FF1F 			.word	0x1FFF0000, 0x00001FFE, 0x00000000
 7242      FE1F0000 
 7242      00000000 
 7243 fb88 0000FE1F 			.word	0x1FFE0000, 0x00001FFF, 0x00000000
 7243      FF1F0000 
 7243      00000000 
 7244 fb94 0000FE3F 			.word	0x3FFE0000, 0x00000FFF, 0x00000000
 7244      FF0F0000 
 7244      00000000 
 7245 fba0 0000FC3F 			.word	0x3FFC0000, 0x00000FFF, 0x00000000
 7245      FF0F0000 
 7245      00000000 
 7246 fbac 0000FC3F 			.word	0x3FFC0000, 0x000007FF, 0x80000000
 7246      FF070000 
 7246      00000080 
 7247 fbb8 0000FC7F 			.word	0x7FFC0000, 0x000007FF, 0x80000000
 7247      FF070000 
 7247      00000080 
 7248 fbc4 0000FC7F 			.word	0x7FFC0000, 0x000007FF, 0x80000000
 7248      FF070000 
 7248      00000080 
 7249 fbd0 0000F87F 			.word	0x7FF80000, 0x000007FF, 0x80000000
 7249      FF070000 
 7249      00000080 
 7250 fbdc 0000F87F 			.word	0x7FF80000, 0x000007FF, 0x80000000
 7250      FF070000 
 7250      00000080 
 7251 fbe8 FFFFFF7F 			.word	0x7FFFFFFF, 0xFFFFFFFF, 0xC0000000
 7251      FFFFFFFF 
 7251      000000C0 
ARM GAS  font_arial104.s 			page 289


 7252 fbf4 FFFFFFFF 			.word	0xFFFFFFFF, 0xFFFFFFFF, 0xC0000000
 7252      FFFFFFFF 
 7252      000000C0 
 7253 fc00 FFFFFFFF 			.word	0xFFFFFFFF, 0xFFFFFFFF, 0xC0000000
 7253      FFFFFFFF 
 7253      000000C0 
 7254 fc0c FFFFFFFF 			.word	0xFFFFFFFF, 0xFFFFFFFF, 0xC0000000
 7254      FFFFFFFF 
 7254      000000C0 
 7255 fc18 FFFFFFFF 			.word	0xFFFFFFFF, 0xFFFFFFFF, 0xC0000000
 7255      FFFFFFFF 
 7255      000000C0 
 7256 fc24 FFFFFFFF 			.word	0xFFFFFFFF, 0xFFFFFFFF, 0xC0000000
 7256      FFFFFFFF 
 7256      000000C0 
 7257 fc30 FFFFFFFF 			.word	0xFFFFFFFF, 0xFFFFFFFF, 0xC0000000
 7257      FFFFFFFF 
 7257      000000C0 
 7258 fc3c FFFFFFFF 			.word	0xFFFFFFFF, 0xFFFFFFFF, 0xC0000000
 7258      FFFFFFFF 
 7258      000000C0 
 7259 fc48 FFFFFFFF 			.word	0xFFFFFFFF, 0xFFFFFFFF, 0xC0000000
 7259      FFFFFFFF 
 7259      000000C0 
 7260 fc54 FFFFFFFF 			.word	0xFFFFFFFF, 0xFFFFFFFF, 0xC0000000
 7260      FFFFFFFF 
 7260      000000C0 
 7261 fc60 FFFFFFFF 			.word	0xFFFFFFFF, 0xFFFFFFFF, 0xC0000000
 7261      FFFFFFFF 
 7261      000000C0 
 7262 fc6c FFFFFFFF 			.word	0xFFFFFFFF, 0xFFFFFFFF, 0xC0000000
 7262      FFFFFFFF 
 7262      000000C0 
 7263 fc78 0000F8FF 			.word	0xFFF80000, 0x00000000, 0x00000000
 7263      00000000 
 7263      00000000 
 7264 fc84 0000F8FF 			.word	0xFFF80000, 0x00000000, 0x00000000
 7264      00000000 
 7264      00000000 
 7265 fc90 0000F8FF 			.word	0xFFF80000, 0x00000000, 0x00000000
 7265      00000000 
 7265      00000000 
 7266 fc9c 0000F8FF 			.word	0xFFF80000, 0x00000000, 0x00000000
 7266      00000000 
 7266      00000000 
 7267 fca8 0000F8FF 			.word	0xFFF80000, 0x00000000, 0x00000000
 7267      00000000 
 7267      00000000 
 7268 fcb4 0000F87F 			.word	0x7FF80000, 0x00000000, 0x00000000
 7268      00000000 
 7268      00000000 
 7269 fcc0 0000FC7F 			.word	0x7FFC0000, 0x00000000, 0x00000000
 7269      00000000 
 7269      00000000 
 7270 fccc 0000FC7F 			.word	0x7FFC0000, 0x00000000, 0x00000000
 7270      00000000 
 7270      00000000 
ARM GAS  font_arial104.s 			page 290


 7271 fcd8 0000FC7F 			.word	0x7FFC0000, 0x00000000, 0x00000000
 7271      00000000 
 7271      00000000 
 7272 fce4 0000FE7F 			.word	0x7FFE0000, 0x00000000, 0x00000000
 7272      00000000 
 7272      00000000 
 7273 fcf0 0000FE3F 			.word	0x3FFE0000, 0x00000700, 0x00000000
 7273      00070000 
 7273      00000000 
 7274 fcfc 0000FE3F 			.word	0x3FFE0000, 0x000007FE, 0x00000000
 7274      FE070000 
 7274      00000000 
 7275 fd08 0000FF3F 			.word	0x3FFF0000, 0x00000FFF, 0xC0000000
 7275      FF0F0000 
 7275      000000C0 
 7276 fd14 0080FF1F 			.word	0x1FFF8000, 0x00001FFF, 0x80000000
 7276      FF1F0000 
 7276      00000080 
 7277 fd20 0080FF1F 			.word	0x1FFF8000, 0x00001FFF, 0x80000000
 7277      FF1F0000 
 7277      00000080 
 7278 fd2c 00C0FF1F 			.word	0x1FFFC000, 0x00003FFF, 0x80000000
 7278      FF3F0000 
 7278      00000080 
 7279 fd38 00E0FF0F 			.word	0x0FFFE000, 0x00007FFF, 0x00000000
 7279      FF7F0000 
 7279      00000000 
 7280 fd44 00F8FF0F 			.word	0x0FFFF800, 0x0000FFFF, 0x00000000
 7280      FFFF0000 
 7280      00000000 
 7281 fd50 00FCFF07 			.word	0x07FFFC00, 0x0001FFFE, 0x00000000
 7281      FEFF0100 
 7281      00000000 
 7282 fd5c 00FFFF03 			.word	0x03FFFF00, 0x0007FFFE, 0x00000000
 7282      FEFF0700 
 7282      00000000 
 7283 fd68 C0FFFF03 			.word	0x03FFFFC0, 0x001FFFFC, 0x00000000
 7283      FCFF1F00 
 7283      00000000 
 7284 fd74 F8FFFF01 			.word	0x01FFFFF8, 0x00FFFFF8, 0x00000000
 7284      F8FFFF00 
 7284      00000000 
 7285 fd80 FFFFFF00 			.word	0x00FFFFFF, 0xFFFFFFF8, 0x00000000
 7285      F8FFFFFF 
 7285      00000000 
 7286 fd8c FFFF7F00 			.word	0x007FFFFF, 0xFFFFFFF0, 0x00000000
 7286      F0FFFFFF 
 7286      00000000 
 7287 fd98 FFFF7F00 			.word	0x007FFFFF, 0xFFFFFFE0, 0x00000000
 7287      E0FFFFFF 
 7287      00000000 
 7288 fda4 FFFF3F00 			.word	0x003FFFFF, 0xFFFFFFC0, 0x00000000
 7288      C0FFFFFF 
 7288      00000000 
 7289 fdb0 FFFF0F00 			.word	0x000FFFFF, 0xFFFFFF80, 0x00000000
 7289      80FFFFFF 
 7289      00000000 
ARM GAS  font_arial104.s 			page 291


 7290 fdbc FFFF0700 			.word	0x0007FFFF, 0xFFFFFF00, 0x00000000
 7290      00FFFFFF 
 7290      00000000 
 7291 fdc8 FFFF0300 			.word	0x0003FFFF, 0xFFFFFC00, 0x00000000
 7291      00FCFFFF 
 7291      00000000 
 7292 fdd4 FFFF0000 			.word	0x0000FFFF, 0xFFFFF800, 0x00000000
 7292      00F8FFFF 
 7292      00000000 
 7293 fde0 FF3F0000 			.word	0x00003FFF, 0xFFFFE000, 0x00000000
 7293      00E0FFFF 
 7293      00000000 
 7294 fdec FF0F0000 			.word	0x00000FFF, 0xFFFF8000, 0x00000000
 7294      0080FFFF 
 7294      00000000 
 7295 fdf8 FF010000 			.word	0x000001FF, 0xFFFC0000, 0x00000000
 7295      0000FCFF 
 7295      00000000 
 7296 fe04 1F000000 			.word	0x0000001F, 0xFF800000, 0x00000000
 7296      000080FF 
 7296      00000000 
 7297              	
 7298              	LOWERCASE_F:
 7299 fe10 66000000 			.word	'f			// ASCII "f" character
 7300 fe14 34000000 			.word	52			// cell pixel width
 7301 fe18 82000000 			.word	CELLHGHT		// cell pixel height
 7302 fe1c 32000000 			.word	50			// glyph pixel width
 7303 fe20 65000000 			.word	101			// glyph pixel height
 7304 fe24 02000000 			.word	2			// blank horizontal pixels before glyph
 7305 fe28 00000000 			.word	0			// blank horizontal pixels after glyph
 7306 fe2c 00000000 			.word	0			// blank horizontal lines before glyph
 7307 fe30 1D000000 			.word	29			// blank horizontal lines after glyph
 7308              							// bit mapped glyph
 7309 fe34 FF000000 			.word	0x000000FF, 0xF8000000
 7309      000000F8 
 7310 fe3c FF070000 			.word	0x000007FF, 0xFFC00000
 7310      0000C0FF 
 7311 fe44 FF3F0000 			.word	0x00003FFF, 0xFF800000
 7311      000080FF 
 7312 fe4c FF7F0000 			.word	0x00007FFF, 0xFF800000
 7312      000080FF 
 7313 fe54 FFFF0000 			.word	0x0000FFFF, 0xFF800000
 7313      000080FF 
 7314 fe5c FFFF0100 			.word	0x0001FFFF, 0xFF800000
 7314      000080FF 
 7315 fe64 FFFF0300 			.word	0x0003FFFF, 0xFF800000
 7315      000080FF 
 7316 fe6c FFFF0700 			.word	0x0007FFFF, 0xFF800000
 7316      000080FF 
 7317 fe74 FFFF0F00 			.word	0x000FFFFF, 0xFF000000
 7317      000000FF 
 7318 fe7c FFFF0F00 			.word	0x000FFFFF, 0xFF000000
 7318      000000FF 
 7319 fe84 FFFF0F00 			.word	0x000FFFFF, 0xFF000000
 7319      000000FF 
 7320 fe8c FFFF1F00 			.word	0x001FFFFF, 0xFF000000
 7320      000000FF 
ARM GAS  font_arial104.s 			page 292


 7321 fe94 F0FF1F00 			.word	0x001FFFF0, 0x01000000
 7321      00000001 
 7322 fe9c 80FF1F00 			.word	0x001FFF80, 0x00000000
 7322      00000000 
 7323 fea4 00FF1F00 			.word	0x001FFF00, 0x00000000
 7323      00000000 
 7324 feac 00FF1F00 			.word	0x001FFF00, 0x00000000
 7324      00000000 
 7325 feb4 00FE3F00 			.word	0x003FFE00, 0x00000000
 7325      00000000 
 7326 febc 00FE3F00 			.word	0x003FFE00, 0x00000000
 7326      00000000 
 7327 fec4 00FE3F00 			.word	0x003FFE00, 0x00000000
 7327      00000000 
 7328 fecc 00FC3F00 			.word	0x003FFC00, 0x00000000
 7328      00000000 
 7329 fed4 00FC3F00 			.word	0x003FFC00, 0x00000000
 7329      00000000 
 7330 fedc 00FC3F00 			.word	0x003FFC00, 0x00000000
 7330      00000000 
 7331 fee4 00FC3F00 			.word	0x003FFC00, 0x00000000
 7331      00000000 
 7332 feec 00FC3F00 			.word	0x003FFC00, 0x00000000
 7332      00000000 
 7333 fef4 00FC3F00 			.word	0x003FFC00, 0x00000000
 7333      00000000 
 7334 fefc 00FC3F00 			.word	0x003FFC00, 0x00000000
 7334      00000000 
 7335 ff04 00FC3F00 			.word	0x003FFC00, 0x00000000
 7335      00000000 
 7336 ff0c 00FC3F00 			.word	0x003FFC00, 0x00000000
 7336      00000000 
 7337 ff14 FFFFFFFF 			.word	0xFFFFFFFF, 0xF0000000
 7337      000000F0 
 7338 ff1c FFFFFFFF 			.word	0xFFFFFFFF, 0xF0000000
 7338      000000F0 
 7339 ff24 FFFFFFFF 			.word	0xFFFFFFFF, 0xF0000000
 7339      000000F0 
 7340 ff2c FFFFFFFF 			.word	0xFFFFFFFF, 0xF0000000
 7340      000000F0 
 7341 ff34 FFFFFFFF 			.word	0xFFFFFFFF, 0xF0000000
 7341      000000F0 
 7342 ff3c FFFFFFFF 			.word	0xFFFFFFFF, 0xF0000000
 7342      000000F0 
 7343 ff44 FFFFFFFF 			.word	0xFFFFFFFF, 0xF0000000
 7343      000000F0 
 7344 ff4c FFFFFFFF 			.word	0xFFFFFFFF, 0xF0000000
 7344      000000F0 
 7345 ff54 FFFFFFFF 			.word	0xFFFFFFFF, 0xF0000000
 7345      000000F0 
 7346 ff5c FFFFFFFF 			.word	0xFFFFFFFF, 0xF0000000
 7346      000000F0 
 7347 ff64 FFFFFFFF 			.word	0xFFFFFFFF, 0xF0000000
 7347      000000F0 
 7348 ff6c FFFFFFFF 			.word	0xFFFFFFFF, 0xF0000000
 7348      000000F0 
 7349 ff74 00FC3F00 			.word	0x003FFC00, 0x00000000
ARM GAS  font_arial104.s 			page 293


 7349      00000000 
 7350 ff7c 00FC3F00 			.word	0x003FFC00, 0x00000000
 7350      00000000 
 7351 ff84 00FC3F00 			.word	0x003FFC00, 0x00000000
 7351      00000000 
 7352 ff8c 00FC3F00 			.word	0x003FFC00, 0x00000000
 7352      00000000 
 7353 ff94 00FC3F00 			.word	0x003FFC00, 0x00000000
 7353      00000000 
 7354 ff9c 00FC3F00 			.word	0x003FFC00, 0x00000000
 7354      00000000 
 7355 ffa4 00FC3F00 			.word	0x003FFC00, 0x00000000
 7355      00000000 
 7356 ffac 00FC3F00 			.word	0x003FFC00, 0x00000000
 7356      00000000 
 7357 ffb4 00FC3F00 			.word	0x003FFC00, 0x00000000
 7357      00000000 
 7358 ffbc 00FC3F00 			.word	0x003FFC00, 0x00000000
 7358      00000000 
 7359 ffc4 00FC3F00 			.word	0x003FFC00, 0x00000000
 7359      00000000 
 7360 ffcc 00FC3F00 			.word	0x003FFC00, 0x00000000
 7360      00000000 
 7361 ffd4 00FC3F00 			.word	0x003FFC00, 0x00000000
 7361      00000000 
 7362 ffdc 00FC3F00 			.word	0x003FFC00, 0x00000000
 7362      00000000 
 7363 ffe4 00FC3F00 			.word	0x003FFC00, 0x00000000
 7363      00000000 
 7364 ffec 00FC3F00 			.word	0x003FFC00, 0x00000000
 7364      00000000 
 7365 fff4 00FC3F00 			.word	0x003FFC00, 0x00000000
 7365      00000000 
 7366 fffc 00FC3F00 			.word	0x003FFC00, 0x00000000
 7366      00000000 
 7367 10004 00FC3F00 			.word	0x003FFC00, 0x00000000
 7367      00000000 
 7368 1000c 00FC3F00 			.word	0x003FFC00, 0x00000000
 7368      00000000 
 7369 10014 00FC3F00 			.word	0x003FFC00, 0x00000000
 7369      00000000 
 7370 1001c 00FC3F00 			.word	0x003FFC00, 0x00000000
 7370      00000000 
 7371 10024 00FC3F00 			.word	0x003FFC00, 0x00000000
 7371      00000000 
 7372 1002c 00FC3F00 			.word	0x003FFC00, 0x00000000
 7372      00000000 
 7373 10034 00FC3F00 			.word	0x003FFC00, 0x00000000
 7373      00000000 
 7374 1003c 00FC3F00 			.word	0x003FFC00, 0x00000000
 7374      00000000 
 7375 10044 00FC3F00 			.word	0x003FFC00, 0x00000000
 7375      00000000 
 7376 1004c 00FC3F00 			.word	0x003FFC00, 0x00000000
 7376      00000000 
 7377 10054 00FC3F00 			.word	0x003FFC00, 0x00000000
 7377      00000000 
ARM GAS  font_arial104.s 			page 294


 7378 1005c 00FC3F00 			.word	0x003FFC00, 0x00000000
 7378      00000000 
 7379 10064 00FC3F00 			.word	0x003FFC00, 0x00000000
 7379      00000000 
 7380 1006c 00FC3F00 			.word	0x003FFC00, 0x00000000
 7380      00000000 
 7381 10074 00FC3F00 			.word	0x003FFC00, 0x00000000
 7381      00000000 
 7382 1007c 00FC3F00 			.word	0x003FFC00, 0x00000000
 7382      00000000 
 7383 10084 00FC3F00 			.word	0x003FFC00, 0x00000000
 7383      00000000 
 7384 1008c 00FC3F00 			.word	0x003FFC00, 0x00000000
 7384      00000000 
 7385 10094 00FC3F00 			.word	0x003FFC00, 0x00000000
 7385      00000000 
 7386 1009c 00FC3F00 			.word	0x003FFC00, 0x00000000
 7386      00000000 
 7387 100a4 00FC3F00 			.word	0x003FFC00, 0x00000000
 7387      00000000 
 7388 100ac 00FC3F00 			.word	0x003FFC00, 0x00000000
 7388      00000000 
 7389 100b4 00FC3F00 			.word	0x003FFC00, 0x00000000
 7389      00000000 
 7390 100bc 00FC3F00 			.word	0x003FFC00, 0x00000000
 7390      00000000 
 7391 100c4 00FC3F00 			.word	0x003FFC00, 0x00000000
 7391      00000000 
 7392 100cc 00FC3F00 			.word	0x003FFC00, 0x00000000
 7392      00000000 
 7393 100d4 00FC3F00 			.word	0x003FFC00, 0x00000000
 7393      00000000 
 7394 100dc 00FC3F00 			.word	0x003FFC00, 0x00000000
 7394      00000000 
 7395 100e4 00FC3F00 			.word	0x003FFC00, 0x00000000
 7395      00000000 
 7396 100ec 00FC3F00 			.word	0x003FFC00, 0x00000000
 7396      00000000 
 7397 100f4 00FC3F00 			.word	0x003FFC00, 0x00000000
 7397      00000000 
 7398 100fc 00FC3F00 			.word	0x003FFC00, 0x00000000
 7398      00000000 
 7399 10104 00FC3F00 			.word	0x003FFC00, 0x00000000
 7399      00000000 
 7400 1010c 00FC3F00 			.word	0x003FFC00, 0x00000000
 7400      00000000 
 7401 10114 00FC3F00 			.word	0x003FFC00, 0x00000000
 7401      00000000 
 7402 1011c 00FC3F00 			.word	0x003FFC00, 0x00000000
 7402      00000000 
 7403 10124 00FC3F00 			.word	0x003FFC00, 0x00000000
 7403      00000000 
 7404 1012c 00FC3F00 			.word	0x003FFC00, 0x00000000
 7404      00000000 
 7405 10134 00FC3F00 			.word	0x003FFC00, 0x00000000
 7405      00000000 
 7406 1013c 00FC3F00 			.word	0x003FFC00, 0x00000000
ARM GAS  font_arial104.s 			page 295


 7406      00000000 
 7407 10144 00FC3F00 			.word	0x003FFC00, 0x00000000
 7407      00000000 
 7408 1014c 00FC3F00 			.word	0x003FFC00, 0x00000000
 7408      00000000 
 7409 10154 00FC3F00 			.word	0x003FFC00, 0x00000000
 7409      00000000 
 7410              	
 7411              	LOWERCASE_G:
 7412 1015c 67000000 			.word	'g			// ASCII "g" character
 7413 10160 4D000000 			.word	77			// cell pixel width
 7414 10164 82000000 			.word	CELLHGHT		// cell pixel height
 7415 10168 3F000000 			.word	63			// glyph pixel width
 7416 1016c 67000000 			.word	103			// glyph pixel height
 7417 10170 05000000 			.word	5			// blank horizontal pixels before glyph
 7418 10174 09000000 			.word	9			// blank horizontal pixels after glyph
 7419 10178 1B000000 			.word	27			// blank horizontal lines before glyph
 7420 1017c 00000000 			.word	0			// blank horizontal lines after glyph
 7421              							// bit mapped glyph
 7422 10180 7F000000 			.word	0x0000007F, 0xF0000000
 7422      000000F0 
 7423 10188 FF070000 			.word	0x000007FF, 0xFF000FFE
 7423      FE0F00FF 
 7424 10190 FF3F0000 			.word	0x00003FFF, 0xFFC00FFE
 7424      FE0FC0FF 
 7425 10198 FFFF0000 			.word	0x0000FFFF, 0xFFF00FFE
 7425      FE0FF0FF 
 7426 101a0 FFFF0300 			.word	0x0003FFFF, 0xFFFC0FFE
 7426      FE0FFCFF 
 7427 101a8 FFFF0700 			.word	0x0007FFFF, 0xFFFE0FFE
 7427      FE0FFEFF 
 7428 101b0 FFFF0F00 			.word	0x000FFFFF, 0xFFFF0FFE
 7428      FE0FFFFF 
 7429 101b8 FFFF1F00 			.word	0x001FFFFF, 0xFFFF8FFE
 7429      FE8FFFFF 
 7430 101c0 FFFF3F00 			.word	0x003FFFFF, 0xFFFFCFFE
 7430      FECFFFFF 
 7431 101c8 FFFF7F00 			.word	0x007FFFFF, 0xFFFFFFFE
 7431      FEFFFFFF 
 7432 101d0 FFFFFF00 			.word	0x00FFFFFF, 0xFFFFFFFE
 7432      FEFFFFFF 
 7433 101d8 FFFFFF01 			.word	0x01FFFFFF, 0xFFFFFFFE
 7433      FEFFFFFF 
 7434 101e0 E0FFFF03 			.word	0x03FFFFE0, 0x0FFFFFFE
 7434      FEFFFF0F 
 7435 101e8 00FFFF03 			.word	0x03FFFF00, 0x01FFFFFE
 7435      FEFFFF01 
 7436 101f0 00FCFF07 			.word	0x07FFFC00, 0x007FFFFE
 7436      FEFF7F00 
 7437 101f8 00F8FF07 			.word	0x07FFF800, 0x001FFFFE
 7437      FEFF1F00 
 7438 10200 00E0FF0F 			.word	0x0FFFE000, 0x000FFFFE
 7438      FEFF0F00 
 7439 10208 00C0FF0F 			.word	0x0FFFC000, 0x0007FFFE
 7439      FEFF0700 
 7440 10210 0080FF1F 			.word	0x1FFF8000, 0x0003FFFE
 7440      FEFF0300 
ARM GAS  font_arial104.s 			page 296


 7441 10218 0080FF1F 			.word	0x1FFF8000, 0x0001FFFE
 7441      FEFF0100 
 7442 10220 0000FF3F 			.word	0x3FFF0000, 0x0001FFFE
 7442      FEFF0100 
 7443 10228 0000FE3F 			.word	0x3FFE0000, 0x0000FFFE
 7443      FEFF0000 
 7444 10230 0000FE3F 			.word	0x3FFE0000, 0x00007FFE
 7444      FE7F0000 
 7445 10238 0000FC7F 			.word	0x7FFC0000, 0x00007FFE
 7445      FE7F0000 
 7446 10240 0000FC7F 			.word	0x7FFC0000, 0x00007FFE
 7446      FE7F0000 
 7447 10248 0000F87F 			.word	0x7FF80000, 0x00003FFE
 7447      FE3F0000 
 7448 10250 0000F87F 			.word	0x7FF80000, 0x00003FFE
 7448      FE3F0000 
 7449 10258 0000F8FF 			.word	0xFFF80000, 0x00003FFE
 7449      FE3F0000 
 7450 10260 0000F8FF 			.word	0xFFF80000, 0x00001FFE
 7450      FE1F0000 
 7451 10268 0000F0FF 			.word	0xFFF00000, 0x00001FFE
 7451      FE1F0000 
 7452 10270 0000F0FF 			.word	0xFFF00000, 0x00001FFE
 7452      FE1F0000 
 7453 10278 0000F0FF 			.word	0xFFF00000, 0x00001FFE
 7453      FE1F0000 
 7454 10280 0000F0FF 			.word	0xFFF00000, 0x00001FFE
 7454      FE1F0000 
 7455 10288 0000F0FF 			.word	0xFFF00000, 0x00001FFE
 7455      FE1F0000 
 7456 10290 0000F0FF 			.word	0xFFF00000, 0x00001FFE
 7456      FE1F0000 
 7457 10298 0000F0FF 			.word	0xFFF00000, 0x00001FFE
 7457      FE1F0000 
 7458 102a0 0000F0FF 			.word	0xFFF00000, 0x00001FFE
 7458      FE1F0000 
 7459 102a8 0000F0FF 			.word	0xFFF00000, 0x00001FFE
 7459      FE1F0000 
 7460 102b0 0000F0FF 			.word	0xFFF00000, 0x00001FFE
 7460      FE1F0000 
 7461 102b8 0000F0FF 			.word	0xFFF00000, 0x00001FFE
 7461      FE1F0000 
 7462 102c0 0000F0FF 			.word	0xFFF00000, 0x00001FFE
 7462      FE1F0000 
 7463 102c8 0000F0FF 			.word	0xFFF00000, 0x00001FFE
 7463      FE1F0000 
 7464 102d0 0000F0FF 			.word	0xFFF00000, 0x00001FFE
 7464      FE1F0000 
 7465 102d8 0000F0FF 			.word	0xFFF00000, 0x00001FFE
 7465      FE1F0000 
 7466 102e0 0000F8FF 			.word	0xFFF80000, 0x00001FFE
 7466      FE1F0000 
 7467 102e8 0000F8FF 			.word	0xFFF80000, 0x00001FFE
 7467      FE1F0000 
 7468 102f0 0000F8FF 			.word	0xFFF80000, 0x00003FFE
 7468      FE3F0000 
 7469 102f8 0000F87F 			.word	0x7FF80000, 0x00003FFE
ARM GAS  font_arial104.s 			page 297


 7469      FE3F0000 
 7470 10300 0000F87F 			.word	0x7FF80000, 0x00003FFE
 7470      FE3F0000 
 7471 10308 0000FC7F 			.word	0x7FFC0000, 0x00003FFE
 7471      FE3F0000 
 7472 10310 0000FC7F 			.word	0x7FFC0000, 0x00007FFE
 7472      FE7F0000 
 7473 10318 0000FE3F 			.word	0x3FFE0000, 0x00007FFE
 7473      FE7F0000 
 7474 10320 0000FE3F 			.word	0x3FFE0000, 0x0000FFFE
 7474      FEFF0000 
 7475 10328 0000FF3F 			.word	0x3FFF0000, 0x0000FFFE
 7475      FEFF0000 
 7476 10330 0000FF1F 			.word	0x1FFF0000, 0x0001FFFE
 7476      FEFF0100 
 7477 10338 0080FF1F 			.word	0x1FFF8000, 0x0003FFFE
 7477      FEFF0300 
 7478 10340 00C0FF0F 			.word	0x0FFFC000, 0x0007FFFE
 7478      FEFF0700 
 7479 10348 00E0FF0F 			.word	0x0FFFE000, 0x000FFFFE
 7479      FEFF0F00 
 7480 10350 00F0FF07 			.word	0x07FFF000, 0x001FFFFE
 7480      FEFF1F00 
 7481 10358 00FCFF07 			.word	0x07FFFC00, 0x007FFFFE
 7481      FEFF7F00 
 7482 10360 00FFFF03 			.word	0x03FFFF00, 0x01FFFFFE
 7482      FEFFFF01 
 7483 10368 E0FFFF03 			.word	0x03FFFFE0, 0x0FFFFFFE
 7483      FEFFFF0F 
 7484 10370 FFFFFF01 			.word	0x01FFFFFF, 0xFFFFFFFE
 7484      FEFFFFFF 
 7485 10378 FFFFFF00 			.word	0x00FFFFFF, 0xFFFFFFFE
 7485      FEFFFFFF 
 7486 10380 FFFF7F00 			.word	0x007FFFFF, 0xFFFFFFFE
 7486      FEFFFFFF 
 7487 10388 FFFF3F00 			.word	0x003FFFFF, 0xFFFFFFFE
 7487      FEFFFFFF 
 7488 10390 FFFF3F00 			.word	0x003FFFFF, 0xFFFFBFFE
 7488      FEBFFFFF 
 7489 10398 FFFF0F00 			.word	0x000FFFFF, 0xFFFF3FFE
 7489      FE3FFFFF 
 7490 103a0 FFFF0700 			.word	0x0007FFFF, 0xFFFE3FFE
 7490      FE3FFEFF 
 7491 103a8 FFFF0300 			.word	0x0003FFFF, 0xFFF83FFE
 7491      FE3FF8FF 
 7492 103b0 FFFF0000 			.word	0x0000FFFF, 0xFFF03FFC
 7492      FC3FF0FF 
 7493 103b8 FF3F0000 			.word	0x00003FFF, 0xFFC03FFC
 7493      FC3FC0FF 
 7494 103c0 FF0F0000 			.word	0x00000FFF, 0xFE003FFC
 7494      FC3F00FE 
 7495 103c8 FF000000 			.word	0x000000FF, 0xF0003FFC
 7495      FC3F00F0 
 7496 103d0 00000000 			.word	0x00000000, 0x00003FFC
 7496      FC3F0000 
 7497 103d8 00000000 			.word	0x00000000, 0x00003FFC
 7497      FC3F0000 
ARM GAS  font_arial104.s 			page 298


 7498 103e0 00000000 			.word	0x00000000, 0x00003FFC
 7498      FC3F0000 
 7499 103e8 00000000 			.word	0x00000000, 0x00003FFC
 7499      FC3F0000 
 7500 103f0 00000000 			.word	0x00000000, 0x00003FFC
 7500      FC3F0000 
 7501 103f8 00000038 			.word	0x38000000, 0x00007FFC
 7501      FC7F0000 
 7502 10400 0000E03F 			.word	0x3FE00000, 0x00007FF8
 7502      F87F0000 
 7503 10408 0000FC3F 			.word	0x3FFC0000, 0x00007FF8
 7503      F87F0000 
 7504 10410 0000FC3F 			.word	0x3FFC0000, 0x0000FFF8
 7504      F8FF0000 
 7505 10418 0000FC3F 			.word	0x3FFC0000, 0x0000FFF8
 7505      F8FF0000 
 7506 10420 0000FE3F 			.word	0x3FFE0000, 0x0001FFF0
 7506      F0FF0100 
 7507 10428 0000FE1F 			.word	0x1FFE0000, 0x0003FFF0
 7507      F0FF0300 
 7508 10430 0000FF1F 			.word	0x1FFF0000, 0x0007FFF0
 7508      F0FF0700 
 7509 10438 0080FF1F 			.word	0x1FFF8000, 0x000FFFE0
 7509      E0FF0F00 
 7510 10440 00E0FF1F 			.word	0x1FFFE000, 0x003FFFE0
 7510      E0FF3F00 
 7511 10448 00F8FF0F 			.word	0x0FFFF800, 0x00FFFFC0
 7511      C0FFFF00 
 7512 10450 00FFFF0F 			.word	0x0FFFFF00, 0x0FFFFFC0
 7512      C0FFFF0F 
 7513 10458 FFFFFF07 			.word	0x07FFFFFF, 0xFFFFFF80
 7513      80FFFFFF 
 7514 10460 FFFFFF07 			.word	0x07FFFFFF, 0xFFFFFF00
 7514      00FFFFFF 
 7515 10468 FFFFFF03 			.word	0x03FFFFFF, 0xFFFFFE00
 7515      00FEFFFF 
 7516 10470 FFFFFF01 			.word	0x01FFFFFF, 0xFFFFFC00
 7516      00FCFFFF 
 7517 10478 FFFFFF00 			.word	0x00FFFFFF, 0xFFFFF800
 7517      00F8FFFF 
 7518 10480 FFFF7F00 			.word	0x007FFFFF, 0xFFFFF000
 7518      00F0FFFF 
 7519 10488 FFFF3F00 			.word	0x003FFFFF, 0xFFFFE000
 7519      00E0FFFF 
 7520 10490 FFFF0F00 			.word	0x000FFFFF, 0xFFFF8000
 7520      0080FFFF 
 7521 10498 FFFF0300 			.word	0x0003FFFF, 0xFFFE0000
 7521      0000FEFF 
 7522 104a0 FFFF0000 			.word	0x0000FFFF, 0xFFF80000
 7522      0000F8FF 
 7523 104a8 FF1F0000 			.word	0x00001FFF, 0xFFC00000
 7523      0000C0FF 
 7524 104b0 FF010000 			.word	0x000001FF, 0xF8000000
 7524      000000F8 
 7525              	
 7526              	LOWERCASE_H:
 7527 104b8 68000000 			.word	'h			// ASCII "h" character
ARM GAS  font_arial104.s 			page 299


 7528 104bc 4D000000 			.word	77			// cell pixel width
 7529 104c0 82000000 			.word	CELLHGHT		// cell pixel height
 7530 104c4 3A000000 			.word	58			// glyph pixel width
 7531 104c8 64000000 			.word	100			// glyph pixel height
 7532 104cc 09000000 			.word	9			// blank horizontal pixels before glyph
 7533 104d0 0A000000 			.word	10			// blank horizontal pixels after glyph
 7534 104d4 00000000 			.word	0			// blank horizontal lines before glyph
 7535 104d8 1E000000 			.word	30			// blank horizontal lines after glyph
 7536              							// bit mapped glyph
 7537 104dc 0000F0FF 			.word	0xFFF00000, 0x00000000
 7537      00000000 
 7538 104e4 0000F0FF 			.word	0xFFF00000, 0x00000000
 7538      00000000 
 7539 104ec 0000F0FF 			.word	0xFFF00000, 0x00000000
 7539      00000000 
 7540 104f4 0000F0FF 			.word	0xFFF00000, 0x00000000
 7540      00000000 
 7541 104fc 0000F0FF 			.word	0xFFF00000, 0x00000000
 7541      00000000 
 7542 10504 0000F0FF 			.word	0xFFF00000, 0x00000000
 7542      00000000 
 7543 1050c 0000F0FF 			.word	0xFFF00000, 0x00000000
 7543      00000000 
 7544 10514 0000F0FF 			.word	0xFFF00000, 0x00000000
 7544      00000000 
 7545 1051c 0000F0FF 			.word	0xFFF00000, 0x00000000
 7545      00000000 
 7546 10524 0000F0FF 			.word	0xFFF00000, 0x00000000
 7546      00000000 
 7547 1052c 0000F0FF 			.word	0xFFF00000, 0x00000000
 7547      00000000 
 7548 10534 0000F0FF 			.word	0xFFF00000, 0x00000000
 7548      00000000 
 7549 1053c 0000F0FF 			.word	0xFFF00000, 0x00000000
 7549      00000000 
 7550 10544 0000F0FF 			.word	0xFFF00000, 0x00000000
 7550      00000000 
 7551 1054c 0000F0FF 			.word	0xFFF00000, 0x00000000
 7551      00000000 
 7552 10554 0000F0FF 			.word	0xFFF00000, 0x00000000
 7552      00000000 
 7553 1055c 0000F0FF 			.word	0xFFF00000, 0x00000000
 7553      00000000 
 7554 10564 0000F0FF 			.word	0xFFF00000, 0x00000000
 7554      00000000 
 7555 1056c 0000F0FF 			.word	0xFFF00000, 0x00000000
 7555      00000000 
 7556 10574 0000F0FF 			.word	0xFFF00000, 0x00000000
 7556      00000000 
 7557 1057c 0000F0FF 			.word	0xFFF00000, 0x00000000
 7557      00000000 
 7558 10584 0000F0FF 			.word	0xFFF00000, 0x00000000
 7558      00000000 
 7559 1058c 0000F0FF 			.word	0xFFF00000, 0x00000000
 7559      00000000 
 7560 10594 0000F0FF 			.word	0xFFF00000, 0x00000000
 7560      00000000 
ARM GAS  font_arial104.s 			page 300


 7561 1059c 0000F0FF 			.word	0xFFF00000, 0x00000000
 7561      00000000 
 7562 105a4 0000F0FF 			.word	0xFFF00000, 0x00000000
 7562      00000000 
 7563 105ac 0700F0FF 			.word	0xFFF00007, 0xFF000000
 7563      000000FF 
 7564 105b4 7F00F0FF 			.word	0xFFF0007F, 0xFFF00000
 7564      0000F0FF 
 7565 105bc FF01F0FF 			.word	0xFFF001FF, 0xFFFC0000
 7565      0000FCFF 
 7566 105c4 FF07F0FF 			.word	0xFFF007FF, 0xFFFF0000
 7566      0000FFFF 
 7567 105cc FF1FF0FF 			.word	0xFFF01FFF, 0xFFFFC000
 7567      00C0FFFF 
 7568 105d4 FF3FF0FF 			.word	0xFFF03FFF, 0xFFFFE000
 7568      00E0FFFF 
 7569 105dc FF7FF0FF 			.word	0xFFF07FFF, 0xFFFFF000
 7569      00F0FFFF 
 7570 105e4 FFFFF0FF 			.word	0xFFF0FFFF, 0xFFFFF800
 7570      00F8FFFF 
 7571 105ec FFFFF1FF 			.word	0xFFF1FFFF, 0xFFFFFC00
 7571      00FCFFFF 
 7572 105f4 FFFFF3FF 			.word	0xFFF3FFFF, 0xFFFFFE00
 7572      00FEFFFF 
 7573 105fc FFFFFFFF 			.word	0xFFFFFFFF, 0xFFFFFE00
 7573      00FEFFFF 
 7574 10604 FFFFFFFF 			.word	0xFFFFFFFF, 0xFFFFFF00
 7574      00FFFFFF 
 7575 1060c E0FFFFFF 			.word	0xFFFFFFE0, 0x0FFFFF00
 7575      00FFFF0F 
 7576 10614 00FFFFFF 			.word	0xFFFFFF00, 0x01FFFF80
 7576      80FFFF01 
 7577 1061c 00FCFFFF 			.word	0xFFFFFC00, 0x00FFFF80
 7577      80FFFF00 
 7578 10624 00F0FFFF 			.word	0xFFFFF000, 0x003FFF80
 7578      80FF3F00 
 7579 1062c 00E0FFFF 			.word	0xFFFFE000, 0x001FFF80
 7579      80FF1F00 
 7580 10634 00C0FFFF 			.word	0xFFFFC000, 0x001FFFC0
 7580      C0FF1F00 
 7581 1063c 0080FFFF 			.word	0xFFFF8000, 0x000FFFC0
 7581      C0FF0F00 
 7582 10644 0000FFFF 			.word	0xFFFF0000, 0x0007FFC0
 7582      C0FF0700 
 7583 1064c 0000FEFF 			.word	0xFFFE0000, 0x0007FFC0
 7583      C0FF0700 
 7584 10654 0000FEFF 			.word	0xFFFE0000, 0x0007FFC0
 7584      C0FF0700 
 7585 1065c 0000FCFF 			.word	0xFFFC0000, 0x0003FFC0
 7585      C0FF0300 
 7586 10664 0000FCFF 			.word	0xFFFC0000, 0x0003FFC0
 7586      C0FF0300 
 7587 1066c 0000FCFF 			.word	0xFFFC0000, 0x0003FFC0
 7587      C0FF0300 
 7588 10674 0000F8FF 			.word	0xFFF80000, 0x0003FFC0
 7588      C0FF0300 
 7589 1067c 0000F8FF 			.word	0xFFF80000, 0x0003FFC0
ARM GAS  font_arial104.s 			page 301


 7589      C0FF0300 
 7590 10684 0000F8FF 			.word	0xFFF80000, 0x0003FFC0
 7590      C0FF0300 
 7591 1068c 0000F8FF 			.word	0xFFF80000, 0x0003FFC0
 7591      C0FF0300 
 7592 10694 0000F8FF 			.word	0xFFF80000, 0x0003FFC0
 7592      C0FF0300 
 7593 1069c 0000F8FF 			.word	0xFFF80000, 0x0003FFC0
 7593      C0FF0300 
 7594 106a4 0000F8FF 			.word	0xFFF80000, 0x0003FFC0
 7594      C0FF0300 
 7595 106ac 0000F0FF 			.word	0xFFF00000, 0x0003FFC0
 7595      C0FF0300 
 7596 106b4 0000F0FF 			.word	0xFFF00000, 0x0003FFC0
 7596      C0FF0300 
 7597 106bc 0000F0FF 			.word	0xFFF00000, 0x0003FFC0
 7597      C0FF0300 
 7598 106c4 0000F0FF 			.word	0xFFF00000, 0x0003FFC0
 7598      C0FF0300 
 7599 106cc 0000F0FF 			.word	0xFFF00000, 0x0003FFC0
 7599      C0FF0300 
 7600 106d4 0000F0FF 			.word	0xFFF00000, 0x0003FFC0
 7600      C0FF0300 
 7601 106dc 0000F0FF 			.word	0xFFF00000, 0x0003FFC0
 7601      C0FF0300 
 7602 106e4 0000F0FF 			.word	0xFFF00000, 0x0003FFC0
 7602      C0FF0300 
 7603 106ec 0000F0FF 			.word	0xFFF00000, 0x0003FFC0
 7603      C0FF0300 
 7604 106f4 0000F0FF 			.word	0xFFF00000, 0x0003FFC0
 7604      C0FF0300 
 7605 106fc 0000F0FF 			.word	0xFFF00000, 0x0003FFC0
 7605      C0FF0300 
 7606 10704 0000F0FF 			.word	0xFFF00000, 0x0003FFC0
 7606      C0FF0300 
 7607 1070c 0000F0FF 			.word	0xFFF00000, 0x0003FFC0
 7607      C0FF0300 
 7608 10714 0000F0FF 			.word	0xFFF00000, 0x0003FFC0
 7608      C0FF0300 
 7609 1071c 0000F0FF 			.word	0xFFF00000, 0x0003FFC0
 7609      C0FF0300 
 7610 10724 0000F0FF 			.word	0xFFF00000, 0x0003FFC0
 7610      C0FF0300 
 7611 1072c 0000F0FF 			.word	0xFFF00000, 0x0003FFC0
 7611      C0FF0300 
 7612 10734 0000F0FF 			.word	0xFFF00000, 0x0003FFC0
 7612      C0FF0300 
 7613 1073c 0000F0FF 			.word	0xFFF00000, 0x0003FFC0
 7613      C0FF0300 
 7614 10744 0000F0FF 			.word	0xFFF00000, 0x0003FFC0
 7614      C0FF0300 
 7615 1074c 0000F0FF 			.word	0xFFF00000, 0x0003FFC0
 7615      C0FF0300 
 7616 10754 0000F0FF 			.word	0xFFF00000, 0x0003FFC0
 7616      C0FF0300 
 7617 1075c 0000F0FF 			.word	0xFFF00000, 0x0003FFC0
 7617      C0FF0300 
ARM GAS  font_arial104.s 			page 302


 7618 10764 0000F0FF 			.word	0xFFF00000, 0x0003FFC0
 7618      C0FF0300 
 7619 1076c 0000F0FF 			.word	0xFFF00000, 0x0003FFC0
 7619      C0FF0300 
 7620 10774 0000F0FF 			.word	0xFFF00000, 0x0003FFC0
 7620      C0FF0300 
 7621 1077c 0000F0FF 			.word	0xFFF00000, 0x0003FFC0
 7621      C0FF0300 
 7622 10784 0000F0FF 			.word	0xFFF00000, 0x0003FFC0
 7622      C0FF0300 
 7623 1078c 0000F0FF 			.word	0xFFF00000, 0x0003FFC0
 7623      C0FF0300 
 7624 10794 0000F0FF 			.word	0xFFF00000, 0x0003FFC0
 7624      C0FF0300 
 7625 1079c 0000F0FF 			.word	0xFFF00000, 0x0003FFC0
 7625      C0FF0300 
 7626 107a4 0000F0FF 			.word	0xFFF00000, 0x0003FFC0
 7626      C0FF0300 
 7627 107ac 0000F0FF 			.word	0xFFF00000, 0x0003FFC0
 7627      C0FF0300 
 7628 107b4 0000F0FF 			.word	0xFFF00000, 0x0003FFC0
 7628      C0FF0300 
 7629 107bc 0000F0FF 			.word	0xFFF00000, 0x0003FFC0
 7629      C0FF0300 
 7630 107c4 0000F0FF 			.word	0xFFF00000, 0x0003FFC0
 7630      C0FF0300 
 7631 107cc 0000F0FF 			.word	0xFFF00000, 0x0003FFC0
 7631      C0FF0300 
 7632 107d4 0000F0FF 			.word	0xFFF00000, 0x0003FFC0
 7632      C0FF0300 
 7633 107dc 0000F0FF 			.word	0xFFF00000, 0x0003FFC0
 7633      C0FF0300 
 7634 107e4 0000F0FF 			.word	0xFFF00000, 0x0003FFC0
 7634      C0FF0300 
 7635 107ec 0000F0FF 			.word	0xFFF00000, 0x0003FFC0
 7635      C0FF0300 
 7636 107f4 0000F0FF 			.word	0xFFF00000, 0x0003FFC0
 7636      C0FF0300 
 7637              	
 7638              	LOWERCASE_I:
 7639 107fc 69000000 			.word	'i			// ASCII "i" character
 7640 10800 1F000000 			.word	31			// cell pixel width
 7641 10804 82000000 			.word	CELLHGHT		// cell pixel height
 7642 10808 0D000000 			.word	13			// glyph pixel width
 7643 1080c 64000000 			.word	100			// glyph pixel height
 7644 10810 09000000 			.word	9			// blank horizontal pixels before glyph
 7645 10814 09000000 			.word	9			// blank horizontal pixels after glyph
 7646 10818 00000000 			.word	0			// blank horizontal lines before glyph
 7647 1081c 1E000000 			.word	30			// blank horizontal lines after glyph
 7648              							// bit mapped glyph
 7649 10820 0000F8FF 			.word	0xFFF80000
 7650 10824 0000F8FF 			.word	0xFFF80000
 7651 10828 0000F8FF 			.word	0xFFF80000
 7652 1082c 0000F8FF 			.word	0xFFF80000
 7653 10830 0000F8FF 			.word	0xFFF80000
 7654 10834 0000F8FF 			.word	0xFFF80000
 7655 10838 0000F8FF 			.word	0xFFF80000
ARM GAS  font_arial104.s 			page 303


 7656 1083c 0000F8FF 			.word	0xFFF80000
 7657 10840 0000F8FF 			.word	0xFFF80000
 7658 10844 0000F8FF 			.word	0xFFF80000
 7659 10848 0000F8FF 			.word	0xFFF80000
 7660 1084c 0000F8FF 			.word	0xFFF80000
 7661 10850 00000000 			.word	0x00000000
 7662 10854 00000000 			.word	0x00000000
 7663 10858 00000000 			.word	0x00000000
 7664 1085c 00000000 			.word	0x00000000
 7665 10860 00000000 			.word	0x00000000
 7666 10864 00000000 			.word	0x00000000
 7667 10868 00000000 			.word	0x00000000
 7668 1086c 00000000 			.word	0x00000000
 7669 10870 00000000 			.word	0x00000000
 7670 10874 00000000 			.word	0x00000000
 7671 10878 00000000 			.word	0x00000000
 7672 1087c 00000000 			.word	0x00000000
 7673 10880 00000000 			.word	0x00000000
 7674 10884 00000000 			.word	0x00000000
 7675 10888 00000000 			.word	0x00000000
 7676 1088c 0000F8FF 			.word	0xFFF80000
 7677 10890 0000F8FF 			.word	0xFFF80000
 7678 10894 0000F8FF 			.word	0xFFF80000
 7679 10898 0000F8FF 			.word	0xFFF80000
 7680 1089c 0000F8FF 			.word	0xFFF80000
 7681 108a0 0000F8FF 			.word	0xFFF80000
 7682 108a4 0000F8FF 			.word	0xFFF80000
 7683 108a8 0000F8FF 			.word	0xFFF80000
 7684 108ac 0000F8FF 			.word	0xFFF80000
 7685 108b0 0000F8FF 			.word	0xFFF80000
 7686 108b4 0000F8FF 			.word	0xFFF80000
 7687 108b8 0000F8FF 			.word	0xFFF80000
 7688 108bc 0000F8FF 			.word	0xFFF80000
 7689 108c0 0000F8FF 			.word	0xFFF80000
 7690 108c4 0000F8FF 			.word	0xFFF80000
 7691 108c8 0000F8FF 			.word	0xFFF80000
 7692 108cc 0000F8FF 			.word	0xFFF80000
 7693 108d0 0000F8FF 			.word	0xFFF80000
 7694 108d4 0000F8FF 			.word	0xFFF80000
 7695 108d8 0000F8FF 			.word	0xFFF80000
 7696 108dc 0000F8FF 			.word	0xFFF80000
 7697 108e0 0000F8FF 			.word	0xFFF80000
 7698 108e4 0000F8FF 			.word	0xFFF80000
 7699 108e8 0000F8FF 			.word	0xFFF80000
 7700 108ec 0000F8FF 			.word	0xFFF80000
 7701 108f0 0000F8FF 			.word	0xFFF80000
 7702 108f4 0000F8FF 			.word	0xFFF80000
 7703 108f8 0000F8FF 			.word	0xFFF80000
 7704 108fc 0000F8FF 			.word	0xFFF80000
 7705 10900 0000F8FF 			.word	0xFFF80000
 7706 10904 0000F8FF 			.word	0xFFF80000
 7707 10908 0000F8FF 			.word	0xFFF80000
 7708 1090c 0000F8FF 			.word	0xFFF80000
 7709 10910 0000F8FF 			.word	0xFFF80000
 7710 10914 0000F8FF 			.word	0xFFF80000
 7711 10918 0000F8FF 			.word	0xFFF80000
 7712 1091c 0000F8FF 			.word	0xFFF80000
ARM GAS  font_arial104.s 			page 304


 7713 10920 0000F8FF 			.word	0xFFF80000
 7714 10924 0000F8FF 			.word	0xFFF80000
 7715 10928 0000F8FF 			.word	0xFFF80000
 7716 1092c 0000F8FF 			.word	0xFFF80000
 7717 10930 0000F8FF 			.word	0xFFF80000
 7718 10934 0000F8FF 			.word	0xFFF80000
 7719 10938 0000F8FF 			.word	0xFFF80000
 7720 1093c 0000F8FF 			.word	0xFFF80000
 7721 10940 0000F8FF 			.word	0xFFF80000
 7722 10944 0000F8FF 			.word	0xFFF80000
 7723 10948 0000F8FF 			.word	0xFFF80000
 7724 1094c 0000F8FF 			.word	0xFFF80000
 7725 10950 0000F8FF 			.word	0xFFF80000
 7726 10954 0000F8FF 			.word	0xFFF80000
 7727 10958 0000F8FF 			.word	0xFFF80000
 7728 1095c 0000F8FF 			.word	0xFFF80000
 7729 10960 0000F8FF 			.word	0xFFF80000
 7730 10964 0000F8FF 			.word	0xFFF80000
 7731 10968 0000F8FF 			.word	0xFFF80000
 7732 1096c 0000F8FF 			.word	0xFFF80000
 7733 10970 0000F8FF 			.word	0xFFF80000
 7734 10974 0000F8FF 			.word	0xFFF80000
 7735 10978 0000F8FF 			.word	0xFFF80000
 7736 1097c 0000F8FF 			.word	0xFFF80000
 7737 10980 0000F8FF 			.word	0xFFF80000
 7738 10984 0000F8FF 			.word	0xFFF80000
 7739 10988 0000F8FF 			.word	0xFFF80000
 7740 1098c 0000F8FF 			.word	0xFFF80000
 7741 10990 0000F8FF 			.word	0xFFF80000
 7742 10994 0000F8FF 			.word	0xFFF80000
 7743 10998 0000F8FF 			.word	0xFFF80000
 7744 1099c 0000F8FF 			.word	0xFFF80000
 7745 109a0 0000F8FF 			.word	0xFFF80000
 7746 109a4 0000F8FF 			.word	0xFFF80000
 7747 109a8 0000F8FF 			.word	0xFFF80000
 7748 109ac 0000F8FF 			.word	0xFFF80000
 7749              	
 7750              	LOWERCASE_J:
 7751 109b0 6A000000 			.word	'j			// ASCII "j" character
 7752 109b4 24000000 			.word	36			// cell pixel width
 7753 109b8 82000000 			.word	CELLHGHT		// cell pixel height
 7754 109bc 1B000000 			.word	27			// glyph pixel width
 7755 109c0 81000000 			.word	129			// glyph pixel height
 7756 109c4 00000000 			.word	0			// blank horizontal pixels before glyph
 7757 109c8 09000000 			.word	9			// blank horizontal pixels after glyph
 7758 109cc 00000000 			.word	0			// blank horizontal lines before glyph
 7759 109d0 01000000 			.word	1			// blank horizontal lines after glyph
 7760              							// bit mapped glyph
 7761 109d4 E0FF0100 			.word	0x0001FFE0
 7762 109d8 E0FF0100 			.word	0x0001FFE0
 7763 109dc E0FF0100 			.word	0x0001FFE0
 7764 109e0 E0FF0100 			.word	0x0001FFE0
 7765 109e4 E0FF0100 			.word	0x0001FFE0
 7766 109e8 E0FF0100 			.word	0x0001FFE0
 7767 109ec E0FF0100 			.word	0x0001FFE0
 7768 109f0 E0FF0100 			.word	0x0001FFE0
 7769 109f4 E0FF0100 			.word	0x0001FFE0
ARM GAS  font_arial104.s 			page 305


 7770 109f8 E0FF0100 			.word	0x0001FFE0
 7771 109fc E0FF0100 			.word	0x0001FFE0
 7772 10a00 E0FF0100 			.word	0x0001FFE0
 7773 10a04 00000000 			.word	0x00000000
 7774 10a08 00000000 			.word	0x00000000
 7775 10a0c 00000000 			.word	0x00000000
 7776 10a10 00000000 			.word	0x00000000
 7777 10a14 00000000 			.word	0x00000000
 7778 10a18 00000000 			.word	0x00000000
 7779 10a1c 00000000 			.word	0x00000000
 7780 10a20 00000000 			.word	0x00000000
 7781 10a24 00000000 			.word	0x00000000
 7782 10a28 00000000 			.word	0x00000000
 7783 10a2c 00000000 			.word	0x00000000
 7784 10a30 00000000 			.word	0x00000000
 7785 10a34 00000000 			.word	0x00000000
 7786 10a38 00000000 			.word	0x00000000
 7787 10a3c 00000000 			.word	0x00000000
 7788 10a40 E0FF0100 			.word	0x0001FFE0
 7789 10a44 E0FF0100 			.word	0x0001FFE0
 7790 10a48 E0FF0100 			.word	0x0001FFE0
 7791 10a4c E0FF0100 			.word	0x0001FFE0
 7792 10a50 E0FF0100 			.word	0x0001FFE0
 7793 10a54 E0FF0100 			.word	0x0001FFE0
 7794 10a58 E0FF0100 			.word	0x0001FFE0
 7795 10a5c E0FF0100 			.word	0x0001FFE0
 7796 10a60 E0FF0100 			.word	0x0001FFE0
 7797 10a64 E0FF0100 			.word	0x0001FFE0
 7798 10a68 E0FF0100 			.word	0x0001FFE0
 7799 10a6c E0FF0100 			.word	0x0001FFE0
 7800 10a70 E0FF0100 			.word	0x0001FFE0
 7801 10a74 E0FF0100 			.word	0x0001FFE0
 7802 10a78 E0FF0100 			.word	0x0001FFE0
 7803 10a7c E0FF0100 			.word	0x0001FFE0
 7804 10a80 E0FF0100 			.word	0x0001FFE0
 7805 10a84 E0FF0100 			.word	0x0001FFE0
 7806 10a88 E0FF0100 			.word	0x0001FFE0
 7807 10a8c E0FF0100 			.word	0x0001FFE0
 7808 10a90 E0FF0100 			.word	0x0001FFE0
 7809 10a94 E0FF0100 			.word	0x0001FFE0
 7810 10a98 E0FF0100 			.word	0x0001FFE0
 7811 10a9c E0FF0100 			.word	0x0001FFE0
 7812 10aa0 E0FF0100 			.word	0x0001FFE0
 7813 10aa4 E0FF0100 			.word	0x0001FFE0
 7814 10aa8 E0FF0100 			.word	0x0001FFE0
 7815 10aac E0FF0100 			.word	0x0001FFE0
 7816 10ab0 E0FF0100 			.word	0x0001FFE0
 7817 10ab4 E0FF0100 			.word	0x0001FFE0
 7818 10ab8 E0FF0100 			.word	0x0001FFE0
 7819 10abc E0FF0100 			.word	0x0001FFE0
 7820 10ac0 E0FF0100 			.word	0x0001FFE0
 7821 10ac4 E0FF0100 			.word	0x0001FFE0
 7822 10ac8 E0FF0100 			.word	0x0001FFE0
 7823 10acc E0FF0100 			.word	0x0001FFE0
 7824 10ad0 E0FF0100 			.word	0x0001FFE0
 7825 10ad4 E0FF0100 			.word	0x0001FFE0
 7826 10ad8 E0FF0100 			.word	0x0001FFE0
ARM GAS  font_arial104.s 			page 306


 7827 10adc E0FF0100 			.word	0x0001FFE0
 7828 10ae0 E0FF0100 			.word	0x0001FFE0
 7829 10ae4 E0FF0100 			.word	0x0001FFE0
 7830 10ae8 E0FF0100 			.word	0x0001FFE0
 7831 10aec E0FF0100 			.word	0x0001FFE0
 7832 10af0 E0FF0100 			.word	0x0001FFE0
 7833 10af4 E0FF0100 			.word	0x0001FFE0
 7834 10af8 E0FF0100 			.word	0x0001FFE0
 7835 10afc E0FF0100 			.word	0x0001FFE0
 7836 10b00 E0FF0100 			.word	0x0001FFE0
 7837 10b04 E0FF0100 			.word	0x0001FFE0
 7838 10b08 E0FF0100 			.word	0x0001FFE0
 7839 10b0c E0FF0100 			.word	0x0001FFE0
 7840 10b10 E0FF0100 			.word	0x0001FFE0
 7841 10b14 E0FF0100 			.word	0x0001FFE0
 7842 10b18 E0FF0100 			.word	0x0001FFE0
 7843 10b1c E0FF0100 			.word	0x0001FFE0
 7844 10b20 E0FF0100 			.word	0x0001FFE0
 7845 10b24 E0FF0100 			.word	0x0001FFE0
 7846 10b28 E0FF0100 			.word	0x0001FFE0
 7847 10b2c E0FF0100 			.word	0x0001FFE0
 7848 10b30 E0FF0100 			.word	0x0001FFE0
 7849 10b34 E0FF0100 			.word	0x0001FFE0
 7850 10b38 E0FF0100 			.word	0x0001FFE0
 7851 10b3c E0FF0100 			.word	0x0001FFE0
 7852 10b40 E0FF0100 			.word	0x0001FFE0
 7853 10b44 E0FF0100 			.word	0x0001FFE0
 7854 10b48 E0FF0100 			.word	0x0001FFE0
 7855 10b4c E0FF0100 			.word	0x0001FFE0
 7856 10b50 E0FF0100 			.word	0x0001FFE0
 7857 10b54 E0FF0100 			.word	0x0001FFE0
 7858 10b58 E0FF0100 			.word	0x0001FFE0
 7859 10b5c E0FF0100 			.word	0x0001FFE0
 7860 10b60 E0FF0100 			.word	0x0001FFE0
 7861 10b64 E0FF0100 			.word	0x0001FFE0
 7862 10b68 E0FF0100 			.word	0x0001FFE0
 7863 10b6c E0FF0100 			.word	0x0001FFE0
 7864 10b70 E0FF0100 			.word	0x0001FFE0
 7865 10b74 E0FF0100 			.word	0x0001FFE0
 7866 10b78 E0FF0100 			.word	0x0001FFE0
 7867 10b7c E0FF0100 			.word	0x0001FFE0
 7868 10b80 E0FF0100 			.word	0x0001FFE0
 7869 10b84 E0FF0100 			.word	0x0001FFE0
 7870 10b88 E0FF0300 			.word	0x0003FFE0
 7871 10b8c E0FF0300 			.word	0x0003FFE0
 7872 10b90 E0FF0300 			.word	0x0003FFE0
 7873 10b94 E0FF0300 			.word	0x0003FFE0
 7874 10b98 C0FF0300 			.word	0x0003FFC0
 7875 10b9c C0FF0700 			.word	0x0007FFC0
 7876 10ba0 C0FF0F00 			.word	0x000FFFC0
 7877 10ba4 C0FF1F30 			.word	0x301FFFC0
 7878 10ba8 C0FFFF3F 			.word	0x3FFFFFC0
 7879 10bac 80FFFF3F 			.word	0x3FFFFF80
 7880 10bb0 80FFFF3F 			.word	0x3FFFFF80
 7881 10bb4 00FFFF7F 			.word	0x7FFFFF00
 7882 10bb8 00FFFF7F 			.word	0x7FFFFF00
 7883 10bbc 00FEFF7F 			.word	0x7FFFFE00
ARM GAS  font_arial104.s 			page 307


 7884 10bc0 00FEFF7F 			.word	0x7FFFFE00
 7885 10bc4 00FCFF7F 			.word	0x7FFFFC00
 7886 10bc8 00F8FFFF 			.word	0xFFFFF800
 7887 10bcc 00E0FFFF 			.word	0xFFFFE000
 7888 10bd0 0080FFFF 			.word	0xFFFF8000
 7889 10bd4 0000FC0F 			.word	0x0FFC0000
 7890              	
 7891              	LOWERCASE_K:
 7892 10bd8 6B000000 			.word	'k			// ASCII "k" character
 7893 10bdc 46000000 			.word	70			// cell pixel width
 7894 10be0 82000000 			.word	CELLHGHT		// cell pixel height
 7895 10be4 3C000000 			.word	60			// glyph pixel width
 7896 10be8 64000000 			.word	100			// glyph pixel height
 7897 10bec 09000000 			.word	9			// blank horizontal pixels before glyph
 7898 10bf0 01000000 			.word	1			// blank horizontal pixels after glyph
 7899 10bf4 00000000 			.word	0			// blank horizontal lines before glyph
 7900 10bf8 1E000000 			.word	30			// blank horizontal lines after glyph
 7901              							// bit mapped glyph
 7902 10bfc 0000F8FF 			.word	0xFFF80000, 0x00000000
 7902      00000000 
 7903 10c04 0000F8FF 			.word	0xFFF80000, 0x00000000
 7903      00000000 
 7904 10c0c 0000F8FF 			.word	0xFFF80000, 0x00000000
 7904      00000000 
 7905 10c14 0000F8FF 			.word	0xFFF80000, 0x00000000
 7905      00000000 
 7906 10c1c 0000F8FF 			.word	0xFFF80000, 0x00000000
 7906      00000000 
 7907 10c24 0000F8FF 			.word	0xFFF80000, 0x00000000
 7907      00000000 
 7908 10c2c 0000F8FF 			.word	0xFFF80000, 0x00000000
 7908      00000000 
 7909 10c34 0000F8FF 			.word	0xFFF80000, 0x00000000
 7909      00000000 
 7910 10c3c 0000F8FF 			.word	0xFFF80000, 0x00000000
 7910      00000000 
 7911 10c44 0000F8FF 			.word	0xFFF80000, 0x00000000
 7911      00000000 
 7912 10c4c 0000F8FF 			.word	0xFFF80000, 0x00000000
 7912      00000000 
 7913 10c54 0000F8FF 			.word	0xFFF80000, 0x00000000
 7913      00000000 
 7914 10c5c 0000F8FF 			.word	0xFFF80000, 0x00000000
 7914      00000000 
 7915 10c64 0000F8FF 			.word	0xFFF80000, 0x00000000
 7915      00000000 
 7916 10c6c 0000F8FF 			.word	0xFFF80000, 0x00000000
 7916      00000000 
 7917 10c74 0000F8FF 			.word	0xFFF80000, 0x00000000
 7917      00000000 
 7918 10c7c 0000F8FF 			.word	0xFFF80000, 0x00000000
 7918      00000000 
 7919 10c84 0000F8FF 			.word	0xFFF80000, 0x00000000
 7919      00000000 
 7920 10c8c 0000F8FF 			.word	0xFFF80000, 0x00000000
 7920      00000000 
 7921 10c94 0000F8FF 			.word	0xFFF80000, 0x00000000
ARM GAS  font_arial104.s 			page 308


 7921      00000000 
 7922 10c9c 0000F8FF 			.word	0xFFF80000, 0x00000000
 7922      00000000 
 7923 10ca4 0000F8FF 			.word	0xFFF80000, 0x00000000
 7923      00000000 
 7924 10cac 0000F8FF 			.word	0xFFF80000, 0x00000000
 7924      00000000 
 7925 10cb4 0000F8FF 			.word	0xFFF80000, 0x00000000
 7925      00000000 
 7926 10cbc 0000F8FF 			.word	0xFFF80000, 0x00000000
 7926      00000000 
 7927 10cc4 0000F8FF 			.word	0xFFF80000, 0x00000000
 7927      00000000 
 7928 10ccc 0000F8FF 			.word	0xFFF80000, 0x00000000
 7928      00000000 
 7929 10cd4 0000F8FF 			.word	0xFFF80000, 0x007FFF80
 7929      80FF7F00 
 7930 10cdc 0000F8FF 			.word	0xFFF80000, 0x00FFFF00
 7930      00FFFF00 
 7931 10ce4 0000F8FF 			.word	0xFFF80000, 0x01FFFE00
 7931      00FEFF01 
 7932 10cec 0000F8FF 			.word	0xFFF80000, 0x03FFFC00
 7932      00FCFF03 
 7933 10cf4 0000F8FF 			.word	0xFFF80000, 0x03FFF800
 7933      00F8FF03 
 7934 10cfc 0000F8FF 			.word	0xFFF80000, 0x07FFF000
 7934      00F0FF07 
 7935 10d04 0000F8FF 			.word	0xFFF80000, 0x0FFFE000
 7935      00E0FF0F 
 7936 10d0c 0000F8FF 			.word	0xFFF80000, 0x1FFFC000
 7936      00C0FF1F 
 7937 10d14 0000F8FF 			.word	0xFFF80000, 0x3FFF8000
 7937      0080FF3F 
 7938 10d1c 0000F8FF 			.word	0xFFF80000, 0x7FFF0000
 7938      0000FF7F 
 7939 10d24 0000F8FF 			.word	0xFFF80000, 0xFFFE0000
 7939      0000FEFF 
 7940 10d2c 0100F8FF 			.word	0xFFF80001, 0xFFFC0000
 7940      0000FCFF 
 7941 10d34 0300F8FF 			.word	0xFFF80003, 0xFFF80000
 7941      0000F8FF 
 7942 10d3c 0700F8FF 			.word	0xFFF80007, 0xFFF00000
 7942      0000F0FF 
 7943 10d44 0F00F8FF 			.word	0xFFF8000F, 0xFFE00000
 7943      0000E0FF 
 7944 10d4c 1F00F8FF 			.word	0xFFF8001F, 0xFFC00000
 7944      0000C0FF 
 7945 10d54 3F00F8FF 			.word	0xFFF8003F, 0xFF800000
 7945      000080FF 
 7946 10d5c 7F00F8FF 			.word	0xFFF8007F, 0xFF000000
 7946      000000FF 
 7947 10d64 FF00F8FF 			.word	0xFFF800FF, 0xFE000000
 7947      000000FE 
 7948 10d6c FF01F8FF 			.word	0xFFF801FF, 0xFC000000
 7948      000000FC 
 7949 10d74 FF03F8FF 			.word	0xFFF803FF, 0xF8000000
 7949      000000F8 
ARM GAS  font_arial104.s 			page 309


 7950 10d7c FF07F8FF 			.word	0xFFF807FF, 0xF0000000
 7950      000000F0 
 7951 10d84 FF0FF8FF 			.word	0xFFF80FFF, 0xC0000000
 7951      000000C0 
 7952 10d8c FF1FF8FF 			.word	0xFFF81FFF, 0x80000000
 7952      00000080 
 7953 10d94 FF3FF8FF 			.word	0xFFF83FFF, 0x00000000
 7953      00000000 
 7954 10d9c FE7FF8FF 			.word	0xFFF87FFE, 0x00000000
 7954      00000000 
 7955 10da4 FCFFF8FF 			.word	0xFFF8FFFC, 0x00000000
 7955      00000000 
 7956 10dac FCFFF9FF 			.word	0xFFF9FFFC, 0x00000000
 7956      00000000 
 7957 10db4 FEFFFBFF 			.word	0xFFFBFFFE, 0x00000000
 7957      00000000 
 7958 10dbc FEFFFFFF 			.word	0xFFFFFFFE, 0x00000000
 7958      00000000 
 7959 10dc4 FFFFFFFF 			.word	0xFFFFFFFF, 0x00000000
 7959      00000000 
 7960 10dcc FFFFFFFF 			.word	0xFFFFFFFF, 0x80000000
 7960      00000080 
 7961 10dd4 FFFFFFFF 			.word	0xFFFFFFFF, 0x80000000
 7961      00000080 
 7962 10ddc FFFFFFFF 			.word	0xFFFFFFFF, 0xC0000000
 7962      000000C0 
 7963 10de4 FFFFFFFF 			.word	0xFFFFFFFF, 0xE0000000
 7963      000000E0 
 7964 10dec FFFFFFFF 			.word	0xFFFFFFFF, 0xE0000000
 7964      000000E0 
 7965 10df4 FFF3FFFF 			.word	0xFFFFF3FF, 0xF0000000
 7965      000000F0 
 7966 10dfc FFE1FFFF 			.word	0xFFFFE1FF, 0xF8000000
 7966      000000F8 
 7967 10e04 FFC1FFFF 			.word	0xFFFFC1FF, 0xF8000000
 7967      000000F8 
 7968 10e0c FF80FFFF 			.word	0xFFFF80FF, 0xFC000000
 7968      000000FC 
 7969 10e14 7F00FFFF 			.word	0xFFFF007F, 0xFE000000
 7969      000000FE 
 7970 10e1c 7F00FEFF 			.word	0xFFFE007F, 0xFE000000
 7970      000000FE 
 7971 10e24 3F00FCFF 			.word	0xFFFC003F, 0xFF000000
 7971      000000FF 
 7972 10e2c 1F00F8FF 			.word	0xFFF8001F, 0xFF800000
 7972      000080FF 
 7973 10e34 1F00F8FF 			.word	0xFFF8001F, 0xFF800000
 7973      000080FF 
 7974 10e3c 0F00F8FF 			.word	0xFFF8000F, 0xFFC00000
 7974      0000C0FF 
 7975 10e44 0700F8FF 			.word	0xFFF80007, 0xFFE00000
 7975      0000E0FF 
 7976 10e4c 0700F8FF 			.word	0xFFF80007, 0xFFE00000
 7976      0000E0FF 
 7977 10e54 0300F8FF 			.word	0xFFF80003, 0xFFF00000
 7977      0000F0FF 
 7978 10e5c 0300F8FF 			.word	0xFFF80003, 0xFFF80000
ARM GAS  font_arial104.s 			page 310


 7978      0000F8FF 
 7979 10e64 0100F8FF 			.word	0xFFF80001, 0xFFF80000
 7979      0000F8FF 
 7980 10e6c 0000F8FF 			.word	0xFFF80000, 0xFFFC0000
 7980      0000FCFF 
 7981 10e74 0000F8FF 			.word	0xFFF80000, 0xFFFE0000
 7981      0000FEFF 
 7982 10e7c 0000F8FF 			.word	0xFFF80000, 0x7FFE0000
 7982      0000FE7F 
 7983 10e84 0000F8FF 			.word	0xFFF80000, 0x3FFF0000
 7983      0000FF3F 
 7984 10e8c 0000F8FF 			.word	0xFFF80000, 0x3FFF8000
 7984      0080FF3F 
 7985 10e94 0000F8FF 			.word	0xFFF80000, 0x1FFF8000
 7985      0080FF1F 
 7986 10e9c 0000F8FF 			.word	0xFFF80000, 0x0FFFC000
 7986      00C0FF0F 
 7987 10ea4 0000F8FF 			.word	0xFFF80000, 0x0FFFE000
 7987      00E0FF0F 
 7988 10eac 0000F8FF 			.word	0xFFF80000, 0x07FFE000
 7988      00E0FF07 
 7989 10eb4 0000F8FF 			.word	0xFFF80000, 0x07FFF000
 7989      00F0FF07 
 7990 10ebc 0000F8FF 			.word	0xFFF80000, 0x03FFF800
 7990      00F8FF03 
 7991 10ec4 0000F8FF 			.word	0xFFF80000, 0x01FFF800
 7991      00F8FF01 
 7992 10ecc 0000F8FF 			.word	0xFFF80000, 0x01FFFC00
 7992      00FCFF01 
 7993 10ed4 0000F8FF 			.word	0xFFF80000, 0x00FFFE00
 7993      00FEFF00 
 7994 10edc 0000F8FF 			.word	0xFFF80000, 0x007FFE00
 7994      00FE7F00 
 7995 10ee4 0000F8FF 			.word	0xFFF80000, 0x007FFF00
 7995      00FF7F00 
 7996 10eec 0000F8FF 			.word	0xFFF80000, 0x003FFF80
 7996      80FF3F00 
 7997 10ef4 0000F8FF 			.word	0xFFF80000, 0x001FFF80
 7997      80FF1F00 
 7998 10efc 0000F8FF 			.word	0xFFF80000, 0x001FFFC0
 7998      C0FF1F00 
 7999 10f04 0000F8FF 			.word	0xFFF80000, 0x000FFFE0
 7999      E0FF0F00 
 8000 10f0c 0000F8FF 			.word	0xFFF80000, 0x0007FFE0
 8000      E0FF0700 
 8001 10f14 0000F8FF 			.word	0xFFF80000, 0x0007FFF0
 8001      F0FF0700 
 8002              	
 8003              	LOWERCASE_L:
 8004 10f1c 6C000000 			.word	'l			// ASCII "l" character
 8005 10f20 1F000000 			.word	31			// cell pixel width
 8006 10f24 82000000 			.word	CELLHGHT		// cell pixel height
 8007 10f28 0C000000 			.word	12			// glyph pixel width
 8008 10f2c 64000000 			.word	100			// glyph pixel height
 8009 10f30 09000000 			.word	9			// blank horizontal pixels before glyph
 8010 10f34 0A000000 			.word	10			// blank horizontal pixels after glyph
 8011 10f38 00000000 			.word	0			// blank horizontal lines before glyph
ARM GAS  font_arial104.s 			page 311


 8012 10f3c 1E000000 			.word	30			// blank horizontal lines after glyph
 8013              							// bit mapped glyph
 8014 10f40 0000F0FF 			.word	0xFFF00000
 8015 10f44 0000F0FF 			.word	0xFFF00000
 8016 10f48 0000F0FF 			.word	0xFFF00000
 8017 10f4c 0000F0FF 			.word	0xFFF00000
 8018 10f50 0000F0FF 			.word	0xFFF00000
 8019 10f54 0000F0FF 			.word	0xFFF00000
 8020 10f58 0000F0FF 			.word	0xFFF00000
 8021 10f5c 0000F0FF 			.word	0xFFF00000
 8022 10f60 0000F0FF 			.word	0xFFF00000
 8023 10f64 0000F0FF 			.word	0xFFF00000
 8024 10f68 0000F0FF 			.word	0xFFF00000
 8025 10f6c 0000F0FF 			.word	0xFFF00000
 8026 10f70 0000F0FF 			.word	0xFFF00000
 8027 10f74 0000F0FF 			.word	0xFFF00000
 8028 10f78 0000F0FF 			.word	0xFFF00000
 8029 10f7c 0000F0FF 			.word	0xFFF00000
 8030 10f80 0000F0FF 			.word	0xFFF00000
 8031 10f84 0000F0FF 			.word	0xFFF00000
 8032 10f88 0000F0FF 			.word	0xFFF00000
 8033 10f8c 0000F0FF 			.word	0xFFF00000
 8034 10f90 0000F0FF 			.word	0xFFF00000
 8035 10f94 0000F0FF 			.word	0xFFF00000
 8036 10f98 0000F0FF 			.word	0xFFF00000
 8037 10f9c 0000F0FF 			.word	0xFFF00000
 8038 10fa0 0000F0FF 			.word	0xFFF00000
 8039 10fa4 0000F0FF 			.word	0xFFF00000
 8040 10fa8 0000F0FF 			.word	0xFFF00000
 8041 10fac 0000F0FF 			.word	0xFFF00000
 8042 10fb0 0000F0FF 			.word	0xFFF00000
 8043 10fb4 0000F0FF 			.word	0xFFF00000
 8044 10fb8 0000F0FF 			.word	0xFFF00000
 8045 10fbc 0000F0FF 			.word	0xFFF00000
 8046 10fc0 0000F0FF 			.word	0xFFF00000
 8047 10fc4 0000F0FF 			.word	0xFFF00000
 8048 10fc8 0000F0FF 			.word	0xFFF00000
 8049 10fcc 0000F0FF 			.word	0xFFF00000
 8050 10fd0 0000F0FF 			.word	0xFFF00000
 8051 10fd4 0000F0FF 			.word	0xFFF00000
 8052 10fd8 0000F0FF 			.word	0xFFF00000
 8053 10fdc 0000F0FF 			.word	0xFFF00000
 8054 10fe0 0000F0FF 			.word	0xFFF00000
 8055 10fe4 0000F0FF 			.word	0xFFF00000
 8056 10fe8 0000F0FF 			.word	0xFFF00000
 8057 10fec 0000F0FF 			.word	0xFFF00000
 8058 10ff0 0000F0FF 			.word	0xFFF00000
 8059 10ff4 0000F0FF 			.word	0xFFF00000
 8060 10ff8 0000F0FF 			.word	0xFFF00000
 8061 10ffc 0000F0FF 			.word	0xFFF00000
 8062 11000 0000F0FF 			.word	0xFFF00000
 8063 11004 0000F0FF 			.word	0xFFF00000
 8064 11008 0000F0FF 			.word	0xFFF00000
 8065 1100c 0000F0FF 			.word	0xFFF00000
 8066 11010 0000F0FF 			.word	0xFFF00000
 8067 11014 0000F0FF 			.word	0xFFF00000
 8068 11018 0000F0FF 			.word	0xFFF00000
ARM GAS  font_arial104.s 			page 312


 8069 1101c 0000F0FF 			.word	0xFFF00000
 8070 11020 0000F0FF 			.word	0xFFF00000
 8071 11024 0000F0FF 			.word	0xFFF00000
 8072 11028 0000F0FF 			.word	0xFFF00000
 8073 1102c 0000F0FF 			.word	0xFFF00000
 8074 11030 0000F0FF 			.word	0xFFF00000
 8075 11034 0000F0FF 			.word	0xFFF00000
 8076 11038 0000F0FF 			.word	0xFFF00000
 8077 1103c 0000F0FF 			.word	0xFFF00000
 8078 11040 0000F0FF 			.word	0xFFF00000
 8079 11044 0000F0FF 			.word	0xFFF00000
 8080 11048 0000F0FF 			.word	0xFFF00000
 8081 1104c 0000F0FF 			.word	0xFFF00000
 8082 11050 0000F0FF 			.word	0xFFF00000
 8083 11054 0000F0FF 			.word	0xFFF00000
 8084 11058 0000F0FF 			.word	0xFFF00000
 8085 1105c 0000F0FF 			.word	0xFFF00000
 8086 11060 0000F0FF 			.word	0xFFF00000
 8087 11064 0000F0FF 			.word	0xFFF00000
 8088 11068 0000F0FF 			.word	0xFFF00000
 8089 1106c 0000F0FF 			.word	0xFFF00000
 8090 11070 0000F0FF 			.word	0xFFF00000
 8091 11074 0000F0FF 			.word	0xFFF00000
 8092 11078 0000F0FF 			.word	0xFFF00000
 8093 1107c 0000F0FF 			.word	0xFFF00000
 8094 11080 0000F0FF 			.word	0xFFF00000
 8095 11084 0000F0FF 			.word	0xFFF00000
 8096 11088 0000F0FF 			.word	0xFFF00000
 8097 1108c 0000F0FF 			.word	0xFFF00000
 8098 11090 0000F0FF 			.word	0xFFF00000
 8099 11094 0000F0FF 			.word	0xFFF00000
 8100 11098 0000F0FF 			.word	0xFFF00000
 8101 1109c 0000F0FF 			.word	0xFFF00000
 8102 110a0 0000F0FF 			.word	0xFFF00000
 8103 110a4 0000F0FF 			.word	0xFFF00000
 8104 110a8 0000F0FF 			.word	0xFFF00000
 8105 110ac 0000F0FF 			.word	0xFFF00000
 8106 110b0 0000F0FF 			.word	0xFFF00000
 8107 110b4 0000F0FF 			.word	0xFFF00000
 8108 110b8 0000F0FF 			.word	0xFFF00000
 8109 110bc 0000F0FF 			.word	0xFFF00000
 8110 110c0 0000F0FF 			.word	0xFFF00000
 8111 110c4 0000F0FF 			.word	0xFFF00000
 8112 110c8 0000F0FF 			.word	0xFFF00000
 8113 110cc 0000F0FF 			.word	0xFFF00000
 8114              	
 8115              	LOWERCASE_M:
 8116 110d0 6D000000 			.word	'm			// ASCII "m" character
 8117 110d4 74000000 			.word	116			// cell pixel width
 8118 110d8 82000000 			.word	CELLHGHT		// cell pixel height
 8119 110dc 62000000 			.word	98			// glyph pixel width
 8120 110e0 4A000000 			.word	74			// glyph pixel height
 8121 110e4 09000000 			.word	9			// blank horizontal pixels before glyph
 8122 110e8 09000000 			.word	9			// blank horizontal pixels after glyph
 8123 110ec 1A000000 			.word	26			// blank horizontal lines before glyph
 8124 110f0 1E000000 			.word	30			// blank horizontal lines after glyph
 8125              							// bit mapped glyph
ARM GAS  font_arial104.s 			page 313


 8126 110f4 0F000000 			.word	0x0000000F, 0xFE000000, 0x01FFC000, 0x00000000
 8126      000000FE 
 8126      00C0FF01 
 8126      00000000 
 8127 11104 7F00E0FF 			.word	0xFFE0007F, 0xFFC00000, 0x0FFFF800, 0x00000000
 8127      0000C0FF 
 8127      00F8FF0F 
 8127      00000000 
 8128 11114 FF03E0FF 			.word	0xFFE003FF, 0xFFF00000, 0x7FFFFF00, 0x00000000
 8128      0000F0FF 
 8128      00FFFF7F 
 8128      00000000 
 8129 11124 FF07E0FF 			.word	0xFFE007FF, 0xFFFC0000, 0xFFFFFF80, 0x00000000
 8129      0000FCFF 
 8129      80FFFFFF 
 8129      00000000 
 8130 11134 FF1FE0FF 			.word	0xFFE01FFF, 0xFFFE0003, 0xFFFFFFE0, 0x00000000
 8130      0300FEFF 
 8130      E0FFFFFF 
 8130      00000000 
 8131 11144 FF3FE0FF 			.word	0xFFE03FFF, 0xFFFF0007, 0xFFFFFFF0, 0x00000000
 8131      0700FFFF 
 8131      F0FFFFFF 
 8131      00000000 
 8132 11154 FF7FE0FF 			.word	0xFFE07FFF, 0xFFFF800F, 0xFFFFFFF8, 0x00000000
 8132      0F80FFFF 
 8132      F8FFFFFF 
 8132      00000000 
 8133 11164 FFFFE0FF 			.word	0xFFE0FFFF, 0xFFFFC01F, 0xFFFFFFFC, 0x00000000
 8133      1FC0FFFF 
 8133      FCFFFFFF 
 8133      00000000 
 8134 11174 FFFFE1FF 			.word	0xFFE1FFFF, 0xFFFFE03F, 0xFFFFFFFC, 0x00000000
 8134      3FE0FFFF 
 8134      FCFFFFFF 
 8134      00000000 
 8135 11184 FFFFE3FF 			.word	0xFFE3FFFF, 0xFFFFF07F, 0xFFFFFFFE, 0x00000000
 8135      7FF0FFFF 
 8135      FEFFFFFF 
 8135      00000000 
 8136 11194 FFFFE7FF 			.word	0xFFE7FFFF, 0xFFFFF0FF, 0xFFFFFFFF, 0x00000000
 8136      FFF0FFFF 
 8136      FFFFFFFF 
 8136      00000000 
 8137 111a4 FFFFEFFF 			.word	0xFFEFFFFF, 0xFFFFF9FF, 0xFFFFFFFF, 0x00000000
 8137      FFF9FFFF 
 8137      FFFFFFFF 
 8137      00000000 
 8138 111b4 C0FFFFFF 			.word	0xFFFFFFC0, 0x1FFFF9FF, 0xF807FFFF, 0x00000000
 8138      FFF9FF1F 
 8138      FFFF07F8 
 8138      00000000 
 8139 111c4 00FEFFFF 			.word	0xFFFFFE00, 0x07FFFFFF, 0xC000FFFF, 0x80000000
 8139      FFFFFF07 
 8139      FFFF00C0 
 8139      00000080 
 8140 111d4 00F8FFFF 			.word	0xFFFFF800, 0x01FFFFFF, 0x00003FFF, 0x80000000
ARM GAS  font_arial104.s 			page 314


 8140      FFFFFF01 
 8140      FF3F0000 
 8140      00000080 
 8141 111e4 00F0FFFF 			.word	0xFFFFF000, 0x00FFFFFC, 0x00001FFF, 0x80000000
 8141      FCFFFF00 
 8141      FF1F0000 
 8141      00000080 
 8142 111f4 00C0FFFF 			.word	0xFFFFC000, 0x007FFFF8, 0x00000FFF, 0x80000000
 8142      F8FF7F00 
 8142      FF0F0000 
 8142      00000080 
 8143 11204 0080FFFF 			.word	0xFFFF8000, 0x007FFFF0, 0x00000FFF, 0xC0000000
 8143      F0FF7F00 
 8143      FF0F0000 
 8143      000000C0 
 8144 11214 0080FFFF 			.word	0xFFFF8000, 0x003FFFE0, 0x000007FF, 0xC0000000
 8144      E0FF3F00 
 8144      FF070000 
 8144      000000C0 
 8145 11224 0000FFFF 			.word	0xFFFF0000, 0x003FFFC0, 0x000007FF, 0xC0000000
 8145      C0FF3F00 
 8145      FF070000 
 8145      000000C0 
 8146 11234 0000FEFF 			.word	0xFFFE0000, 0x003FFFC0, 0x000007FF, 0xC0000000
 8146      C0FF3F00 
 8146      FF070000 
 8146      000000C0 
 8147 11244 0000FEFF 			.word	0xFFFE0000, 0x001FFF80, 0x000003FF, 0xC0000000
 8147      80FF1F00 
 8147      FF030000 
 8147      000000C0 
 8148 11254 0000FCFF 			.word	0xFFFC0000, 0x001FFF80, 0x000003FF, 0xC0000000
 8148      80FF1F00 
 8148      FF030000 
 8148      000000C0 
 8149 11264 0000FCFF 			.word	0xFFFC0000, 0x001FFF80, 0x000003FF, 0xC0000000
 8149      80FF1F00 
 8149      FF030000 
 8149      000000C0 
 8150 11274 0000FCFF 			.word	0xFFFC0000, 0x001FFF00, 0x000003FF, 0xC0000000
 8150      00FF1F00 
 8150      FF030000 
 8150      000000C0 
 8151 11284 0000FCFF 			.word	0xFFFC0000, 0x001FFF00, 0x000003FF, 0xC0000000
 8151      00FF1F00 
 8151      FF030000 
 8151      000000C0 
 8152 11294 0000F8FF 			.word	0xFFF80000, 0x001FFF00, 0x000003FF, 0xC0000000
 8152      00FF1F00 
 8152      FF030000 
 8152      000000C0 
 8153 112a4 0000F8FF 			.word	0xFFF80000, 0x001FFF00, 0x000003FF, 0xC0000000
 8153      00FF1F00 
 8153      FF030000 
 8153      000000C0 
 8154 112b4 0000F8FF 			.word	0xFFF80000, 0x001FFF00, 0x000003FF, 0xC0000000
 8154      00FF1F00 
ARM GAS  font_arial104.s 			page 315


 8154      FF030000 
 8154      000000C0 
 8155 112c4 0000F8FF 			.word	0xFFF80000, 0x001FFF00, 0x000003FF, 0xC0000000
 8155      00FF1F00 
 8155      FF030000 
 8155      000000C0 
 8156 112d4 0000F8FF 			.word	0xFFF80000, 0x001FFF00, 0x000003FF, 0xC0000000
 8156      00FF1F00 
 8156      FF030000 
 8156      000000C0 
 8157 112e4 0000F8FF 			.word	0xFFF80000, 0x001FFE00, 0x000003FF, 0xC0000000
 8157      00FE1F00 
 8157      FF030000 
 8157      000000C0 
 8158 112f4 0000F8FF 			.word	0xFFF80000, 0x001FFE00, 0x000003FF, 0xC0000000
 8158      00FE1F00 
 8158      FF030000 
 8158      000000C0 
 8159 11304 0000F8FF 			.word	0xFFF80000, 0x001FFE00, 0x000003FF, 0xC0000000
 8159      00FE1F00 
 8159      FF030000 
 8159      000000C0 
 8160 11314 0000F8FF 			.word	0xFFF80000, 0x001FFE00, 0x000003FF, 0xC0000000
 8160      00FE1F00 
 8160      FF030000 
 8160      000000C0 
 8161 11324 0000F8FF 			.word	0xFFF80000, 0x001FFE00, 0x000003FF, 0xC0000000
 8161      00FE1F00 
 8161      FF030000 
 8161      000000C0 
 8162 11334 0000F0FF 			.word	0xFFF00000, 0x001FFE00, 0x000003FF, 0xC0000000
 8162      00FE1F00 
 8162      FF030000 
 8162      000000C0 
 8163 11344 0000F0FF 			.word	0xFFF00000, 0x001FFE00, 0x000003FF, 0xC0000000
 8163      00FE1F00 
 8163      FF030000 
 8163      000000C0 
 8164 11354 0000F0FF 			.word	0xFFF00000, 0x001FFE00, 0x000003FF, 0xC0000000
 8164      00FE1F00 
 8164      FF030000 
 8164      000000C0 
 8165 11364 0000F0FF 			.word	0xFFF00000, 0x001FFE00, 0x000003FF, 0xC0000000
 8165      00FE1F00 
 8165      FF030000 
 8165      000000C0 
 8166 11374 0000F0FF 			.word	0xFFF00000, 0x001FFE00, 0x000003FF, 0xC0000000
 8166      00FE1F00 
 8166      FF030000 
 8166      000000C0 
 8167 11384 0000F0FF 			.word	0xFFF00000, 0x001FFE00, 0x000003FF, 0xC0000000
 8167      00FE1F00 
 8167      FF030000 
 8167      000000C0 
 8168 11394 0000F0FF 			.word	0xFFF00000, 0x001FFE00, 0x000003FF, 0xC0000000
 8168      00FE1F00 
 8168      FF030000 
ARM GAS  font_arial104.s 			page 316


 8168      000000C0 
 8169 113a4 0000F0FF 			.word	0xFFF00000, 0x001FFE00, 0x000003FF, 0xC0000000
 8169      00FE1F00 
 8169      FF030000 
 8169      000000C0 
 8170 113b4 0000F0FF 			.word	0xFFF00000, 0x001FFE00, 0x000003FF, 0xC0000000
 8170      00FE1F00 
 8170      FF030000 
 8170      000000C0 
 8171 113c4 0000F0FF 			.word	0xFFF00000, 0x001FFE00, 0x000003FF, 0xC0000000
 8171      00FE1F00 
 8171      FF030000 
 8171      000000C0 
 8172 113d4 0000F0FF 			.word	0xFFF00000, 0x001FFE00, 0x000003FF, 0xC0000000
 8172      00FE1F00 
 8172      FF030000 
 8172      000000C0 
 8173 113e4 0000F0FF 			.word	0xFFF00000, 0x001FFE00, 0x000003FF, 0xC0000000
 8173      00FE1F00 
 8173      FF030000 
 8173      000000C0 
 8174 113f4 0000F0FF 			.word	0xFFF00000, 0x001FFE00, 0x000003FF, 0xC0000000
 8174      00FE1F00 
 8174      FF030000 
 8174      000000C0 
 8175 11404 0000F0FF 			.word	0xFFF00000, 0x001FFE00, 0x000003FF, 0xC0000000
 8175      00FE1F00 
 8175      FF030000 
 8175      000000C0 
 8176 11414 0000F0FF 			.word	0xFFF00000, 0x001FFE00, 0x000003FF, 0xC0000000
 8176      00FE1F00 
 8176      FF030000 
 8176      000000C0 
 8177 11424 0000F0FF 			.word	0xFFF00000, 0x001FFE00, 0x000003FF, 0xC0000000
 8177      00FE1F00 
 8177      FF030000 
 8177      000000C0 
 8178 11434 0000F0FF 			.word	0xFFF00000, 0x001FFE00, 0x000003FF, 0xC0000000
 8178      00FE1F00 
 8178      FF030000 
 8178      000000C0 
 8179 11444 0000F0FF 			.word	0xFFF00000, 0x001FFE00, 0x000003FF, 0xC0000000
 8179      00FE1F00 
 8179      FF030000 
 8179      000000C0 
 8180 11454 0000F0FF 			.word	0xFFF00000, 0x001FFE00, 0x000003FF, 0xC0000000
 8180      00FE1F00 
 8180      FF030000 
 8180      000000C0 
 8181 11464 0000F0FF 			.word	0xFFF00000, 0x001FFE00, 0x000003FF, 0xC0000000
 8181      00FE1F00 
 8181      FF030000 
 8181      000000C0 
 8182 11474 0000F0FF 			.word	0xFFF00000, 0x001FFE00, 0x000003FF, 0xC0000000
 8182      00FE1F00 
 8182      FF030000 
 8182      000000C0 
ARM GAS  font_arial104.s 			page 317


 8183 11484 0000F0FF 			.word	0xFFF00000, 0x001FFE00, 0x000003FF, 0xC0000000
 8183      00FE1F00 
 8183      FF030000 
 8183      000000C0 
 8184 11494 0000F0FF 			.word	0xFFF00000, 0x001FFE00, 0x000003FF, 0xC0000000
 8184      00FE1F00 
 8184      FF030000 
 8184      000000C0 
 8185 114a4 0000F0FF 			.word	0xFFF00000, 0x001FFE00, 0x000003FF, 0xC0000000
 8185      00FE1F00 
 8185      FF030000 
 8185      000000C0 
 8186 114b4 0000F0FF 			.word	0xFFF00000, 0x001FFE00, 0x000003FF, 0xC0000000
 8186      00FE1F00 
 8186      FF030000 
 8186      000000C0 
 8187 114c4 0000F0FF 			.word	0xFFF00000, 0x001FFE00, 0x000003FF, 0xC0000000
 8187      00FE1F00 
 8187      FF030000 
 8187      000000C0 
 8188 114d4 0000F0FF 			.word	0xFFF00000, 0x001FFE00, 0x000003FF, 0xC0000000
 8188      00FE1F00 
 8188      FF030000 
 8188      000000C0 
 8189 114e4 0000F0FF 			.word	0xFFF00000, 0x001FFE00, 0x000003FF, 0xC0000000
 8189      00FE1F00 
 8189      FF030000 
 8189      000000C0 
 8190 114f4 0000F0FF 			.word	0xFFF00000, 0x001FFE00, 0x000003FF, 0xC0000000
 8190      00FE1F00 
 8190      FF030000 
 8190      000000C0 
 8191 11504 0000F0FF 			.word	0xFFF00000, 0x001FFE00, 0x000003FF, 0xC0000000
 8191      00FE1F00 
 8191      FF030000 
 8191      000000C0 
 8192 11514 0000F0FF 			.word	0xFFF00000, 0x001FFE00, 0x000003FF, 0xC0000000
 8192      00FE1F00 
 8192      FF030000 
 8192      000000C0 
 8193 11524 0000F0FF 			.word	0xFFF00000, 0x001FFE00, 0x000003FF, 0xC0000000
 8193      00FE1F00 
 8193      FF030000 
 8193      000000C0 
 8194 11534 0000F0FF 			.word	0xFFF00000, 0x001FFE00, 0x000003FF, 0xC0000000
 8194      00FE1F00 
 8194      FF030000 
 8194      000000C0 
 8195 11544 0000F0FF 			.word	0xFFF00000, 0x001FFE00, 0x000003FF, 0xC0000000
 8195      00FE1F00 
 8195      FF030000 
 8195      000000C0 
 8196 11554 0000F0FF 			.word	0xFFF00000, 0x001FFE00, 0x000003FF, 0xC0000000
 8196      00FE1F00 
 8196      FF030000 
 8196      000000C0 
 8197 11564 0000F0FF 			.word	0xFFF00000, 0x001FFE00, 0x000003FF, 0xC0000000
ARM GAS  font_arial104.s 			page 318


 8197      00FE1F00 
 8197      FF030000 
 8197      000000C0 
 8198 11574 0000F0FF 			.word	0xFFF00000, 0x001FFE00, 0x000003FF, 0xC0000000
 8198      00FE1F00 
 8198      FF030000 
 8198      000000C0 
 8199 11584 0000F0FF 			.word	0xFFF00000, 0x001FFE00, 0x000003FF, 0xC0000000
 8199      00FE1F00 
 8199      FF030000 
 8199      000000C0 
 8200              	
 8201              	LOWERCASE_N:
 8202 11594 6E000000 			.word	'n			// ASCII "n" character
 8203 11598 4D000000 			.word	77			// cell pixel width
 8204 1159c 82000000 			.word	CELLHGHT		// cell pixel height
 8205 115a0 3A000000 			.word	58			// glyph pixel width
 8206 115a4 4A000000 			.word	74			// glyph pixel height
 8207 115a8 09000000 			.word	9			// blank horizontal pixels before glyph
 8208 115ac 0A000000 			.word	10			// blank horizontal pixels after glyph
 8209 115b0 1A000000 			.word	26			// blank horizontal lines before glyph
 8210 115b4 1E000000 			.word	30			// blank horizontal lines after glyph
 8211              							// bit mapped glyph
 8212 115b8 0F000000 			.word	0x0000000F, 0xFF000000
 8212      000000FF 
 8213 115c0 FF00E0FF 			.word	0xFFE000FF, 0xFFF00000
 8213      0000F0FF 
 8214 115c8 FF03E0FF 			.word	0xFFE003FF, 0xFFFC0000
 8214      0000FCFF 
 8215 115d0 FF0FE0FF 			.word	0xFFE00FFF, 0xFFFF0000
 8215      0000FFFF 
 8216 115d8 FF3FE0FF 			.word	0xFFE03FFF, 0xFFFFC000
 8216      00C0FFFF 
 8217 115e0 FF7FE0FF 			.word	0xFFE07FFF, 0xFFFFE000
 8217      00E0FFFF 
 8218 115e8 FFFFE0FF 			.word	0xFFE0FFFF, 0xFFFFF000
 8218      00F0FFFF 
 8219 115f0 FFFFE3FF 			.word	0xFFE3FFFF, 0xFFFFF800
 8219      00F8FFFF 
 8220 115f8 FFFFE3FF 			.word	0xFFE3FFFF, 0xFFFFFC00
 8220      00FCFFFF 
 8221 11600 FFFFE7FF 			.word	0xFFE7FFFF, 0xFFFFFE00
 8221      00FEFFFF 
 8222 11608 FFFFFFFF 			.word	0xFFFFFFFF, 0xFFFFFE00
 8222      00FEFFFF 
 8223 11610 FFFFFFFF 			.word	0xFFFFFFFF, 0xFFFFFF00
 8223      00FFFFFF 
 8224 11618 E0FFFFFF 			.word	0xFFFFFFE0, 0x0FFFFF00
 8224      00FFFF0F 
 8225 11620 00FEFFFF 			.word	0xFFFFFE00, 0x01FFFF80
 8225      80FFFF01 
 8226 11628 00F8FFFF 			.word	0xFFFFF800, 0x00FFFF80
 8226      80FFFF00 
 8227 11630 00F0FFFF 			.word	0xFFFFF000, 0x003FFF80
 8227      80FF3F00 
 8228 11638 00C0FFFF 			.word	0xFFFFC000, 0x001FFFC0
 8228      C0FF1F00 
ARM GAS  font_arial104.s 			page 319


 8229 11640 0080FFFF 			.word	0xFFFF8000, 0x001FFFC0
 8229      C0FF1F00 
 8230 11648 0000FFFF 			.word	0xFFFF0000, 0x000FFFC0
 8230      C0FF0F00 
 8231 11650 0000FFFF 			.word	0xFFFF0000, 0x0007FFC0
 8231      C0FF0700 
 8232 11658 0000FEFF 			.word	0xFFFE0000, 0x0007FFC0
 8232      C0FF0700 
 8233 11660 0000FEFF 			.word	0xFFFE0000, 0x0007FFC0
 8233      C0FF0700 
 8234 11668 0000FCFF 			.word	0xFFFC0000, 0x0003FFC0
 8234      C0FF0300 
 8235 11670 0000FCFF 			.word	0xFFFC0000, 0x0003FFC0
 8235      C0FF0300 
 8236 11678 0000FCFF 			.word	0xFFFC0000, 0x0003FFC0
 8236      C0FF0300 
 8237 11680 0000F8FF 			.word	0xFFF80000, 0x0003FFC0
 8237      C0FF0300 
 8238 11688 0000F8FF 			.word	0xFFF80000, 0x0003FFC0
 8238      C0FF0300 
 8239 11690 0000F8FF 			.word	0xFFF80000, 0x0003FFC0
 8239      C0FF0300 
 8240 11698 0000F8FF 			.word	0xFFF80000, 0x0003FFC0
 8240      C0FF0300 
 8241 116a0 0000F8FF 			.word	0xFFF80000, 0x0003FFC0
 8241      C0FF0300 
 8242 116a8 0000F8FF 			.word	0xFFF80000, 0x0003FFC0
 8242      C0FF0300 
 8243 116b0 0000F8FF 			.word	0xFFF80000, 0x0003FFC0
 8243      C0FF0300 
 8244 116b8 0000F0FF 			.word	0xFFF00000, 0x0003FFC0
 8244      C0FF0300 
 8245 116c0 0000F0FF 			.word	0xFFF00000, 0x0003FFC0
 8245      C0FF0300 
 8246 116c8 0000F0FF 			.word	0xFFF00000, 0x0003FFC0
 8246      C0FF0300 
 8247 116d0 0000F0FF 			.word	0xFFF00000, 0x0003FFC0
 8247      C0FF0300 
 8248 116d8 0000F0FF 			.word	0xFFF00000, 0x0003FFC0
 8248      C0FF0300 
 8249 116e0 0000F0FF 			.word	0xFFF00000, 0x0003FFC0
 8249      C0FF0300 
 8250 116e8 0000F0FF 			.word	0xFFF00000, 0x0003FFC0
 8250      C0FF0300 
 8251 116f0 0000F0FF 			.word	0xFFF00000, 0x0003FFC0
 8251      C0FF0300 
 8252 116f8 0000F0FF 			.word	0xFFF00000, 0x0003FFC0
 8252      C0FF0300 
 8253 11700 0000F0FF 			.word	0xFFF00000, 0x0003FFC0
 8253      C0FF0300 
 8254 11708 0000F0FF 			.word	0xFFF00000, 0x0003FFC0
 8254      C0FF0300 
 8255 11710 0000F0FF 			.word	0xFFF00000, 0x0003FFC0
 8255      C0FF0300 
 8256 11718 0000F0FF 			.word	0xFFF00000, 0x0003FFC0
 8256      C0FF0300 
 8257 11720 0000F0FF 			.word	0xFFF00000, 0x0003FFC0
ARM GAS  font_arial104.s 			page 320


 8257      C0FF0300 
 8258 11728 0000F0FF 			.word	0xFFF00000, 0x0003FFC0
 8258      C0FF0300 
 8259 11730 0000F0FF 			.word	0xFFF00000, 0x0003FFC0
 8259      C0FF0300 
 8260 11738 0000F0FF 			.word	0xFFF00000, 0x0003FFC0
 8260      C0FF0300 
 8261 11740 0000F0FF 			.word	0xFFF00000, 0x0003FFC0
 8261      C0FF0300 
 8262 11748 0000F0FF 			.word	0xFFF00000, 0x0003FFC0
 8262      C0FF0300 
 8263 11750 0000F0FF 			.word	0xFFF00000, 0x0003FFC0
 8263      C0FF0300 
 8264 11758 0000F0FF 			.word	0xFFF00000, 0x0003FFC0
 8264      C0FF0300 
 8265 11760 0000F0FF 			.word	0xFFF00000, 0x0003FFC0
 8265      C0FF0300 
 8266 11768 0000F0FF 			.word	0xFFF00000, 0x0003FFC0
 8266      C0FF0300 
 8267 11770 0000F0FF 			.word	0xFFF00000, 0x0003FFC0
 8267      C0FF0300 
 8268 11778 0000F0FF 			.word	0xFFF00000, 0x0003FFC0
 8268      C0FF0300 
 8269 11780 0000F0FF 			.word	0xFFF00000, 0x0003FFC0
 8269      C0FF0300 
 8270 11788 0000F0FF 			.word	0xFFF00000, 0x0003FFC0
 8270      C0FF0300 
 8271 11790 0000F0FF 			.word	0xFFF00000, 0x0003FFC0
 8271      C0FF0300 
 8272 11798 0000F0FF 			.word	0xFFF00000, 0x0003FFC0
 8272      C0FF0300 
 8273 117a0 0000F0FF 			.word	0xFFF00000, 0x0003FFC0
 8273      C0FF0300 
 8274 117a8 0000F0FF 			.word	0xFFF00000, 0x0003FFC0
 8274      C0FF0300 
 8275 117b0 0000F0FF 			.word	0xFFF00000, 0x0003FFC0
 8275      C0FF0300 
 8276 117b8 0000F0FF 			.word	0xFFF00000, 0x0003FFC0
 8276      C0FF0300 
 8277 117c0 0000F0FF 			.word	0xFFF00000, 0x0003FFC0
 8277      C0FF0300 
 8278 117c8 0000F0FF 			.word	0xFFF00000, 0x0003FFC0
 8278      C0FF0300 
 8279 117d0 0000F0FF 			.word	0xFFF00000, 0x0003FFC0
 8279      C0FF0300 
 8280 117d8 0000F0FF 			.word	0xFFF00000, 0x0003FFC0
 8280      C0FF0300 
 8281 117e0 0000F0FF 			.word	0xFFF00000, 0x0003FFC0
 8281      C0FF0300 
 8282 117e8 0000F0FF 			.word	0xFFF00000, 0x0003FFC0
 8282      C0FF0300 
 8283 117f0 0000F0FF 			.word	0xFFF00000, 0x0003FFC0
 8283      C0FF0300 
 8284 117f8 0000F0FF 			.word	0xFFF00000, 0x0003FFC0
 8284      C0FF0300 
 8285 11800 0000F0FF 			.word	0xFFF00000, 0x0003FFC0
 8285      C0FF0300 
ARM GAS  font_arial104.s 			page 321


 8286              	
 8287              	LOWERCASE_O:
 8288 11808 6F000000 			.word	'o			// ASCII "o" character
 8289 1180c 4D000000 			.word	77			// cell pixel width
 8290 11810 82000000 			.word	CELLHGHT		// cell pixel height
 8291 11814 43000000 			.word	67			// glyph pixel width
 8292 11818 4B000000 			.word	75			// glyph pixel height
 8293 1181c 05000000 			.word	5			// blank horizontal pixels before glyph
 8294 11820 05000000 			.word	5			// blank horizontal pixels after glyph
 8295 11824 1A000000 			.word	26			// blank horizontal lines before glyph
 8296 11828 1D000000 			.word	29			// blank horizontal lines after glyph
 8297              							// bit mapped glyph
 8298 1182c 1F000000 			.word	0x0000001F, 0xFF000000, 0x00000000
 8298      000000FF 
 8298      00000000 
 8299 11838 FF010000 			.word	0x000001FF, 0xFFF00000, 0x00000000
 8299      0000F0FF 
 8299      00000000 
 8300 11844 FF0F0000 			.word	0x00000FFF, 0xFFFE0000, 0x00000000
 8300      0000FEFF 
 8300      00000000 
 8301 11850 FF7F0000 			.word	0x00007FFF, 0xFFFF8000, 0x00000000
 8301      0080FFFF 
 8301      00000000 
 8302 1185c FFFF0000 			.word	0x0000FFFF, 0xFFFFE000, 0x00000000
 8302      00E0FFFF 
 8302      00000000 
 8303 11868 FFFF0300 			.word	0x0003FFFF, 0xFFFFF000, 0x00000000
 8303      00F0FFFF 
 8303      00000000 
 8304 11874 FFFF0700 			.word	0x0007FFFF, 0xFFFFFC00, 0x00000000
 8304      00FCFFFF 
 8304      00000000 
 8305 11880 FFFF1F00 			.word	0x001FFFFF, 0xFFFFFE00, 0x00000000
 8305      00FEFFFF 
 8305      00000000 
 8306 1188c FFFF3F00 			.word	0x003FFFFF, 0xFFFFFF00, 0x00000000
 8306      00FFFFFF 
 8306      00000000 
 8307 11898 FFFF7F00 			.word	0x007FFFFF, 0xFFFFFF80, 0x00000000
 8307      80FFFFFF 
 8307      00000000 
 8308 118a4 FFFFFF00 			.word	0x00FFFFFF, 0xFFFFFFC0, 0x00000000
 8308      C0FFFFFF 
 8308      00000000 
 8309 118b0 FFFFFF01 			.word	0x01FFFFFF, 0xFFFFFFE0, 0x00000000
 8309      E0FFFFFF 
 8309      00000000 
 8310 118bc F0FFFF01 			.word	0x01FFFFF0, 0x03FFFFF0, 0x00000000
 8310      F0FFFF03 
 8310      00000000 
 8311 118c8 80FFFF03 			.word	0x03FFFF80, 0x007FFFF8, 0x00000000
 8311      F8FF7F00 
 8311      00000000 
 8312 118d4 00FEFF07 			.word	0x07FFFE00, 0x001FFFF8, 0x00000000
 8312      F8FF1F00 
 8312      00000000 
ARM GAS  font_arial104.s 			page 322


 8313 118e0 00F8FF07 			.word	0x07FFF800, 0x0007FFFC, 0x00000000
 8313      FCFF0700 
 8313      00000000 
 8314 118ec 00F0FF0F 			.word	0x0FFFF000, 0x0003FFFC, 0x00000000
 8314      FCFF0300 
 8314      00000000 
 8315 118f8 00E0FF0F 			.word	0x0FFFE000, 0x0001FFFE, 0x00000000
 8315      FEFF0100 
 8315      00000000 
 8316 11904 00C0FF1F 			.word	0x1FFFC000, 0x0000FFFE, 0x00000000
 8316      FEFF0000 
 8316      00000000 
 8317 11910 0080FF1F 			.word	0x1FFF8000, 0x00007FFF, 0x00000000
 8317      FF7F0000 
 8317      00000000 
 8318 1191c 0000FF3F 			.word	0x3FFF0000, 0x00003FFF, 0x00000000
 8318      FF3F0000 
 8318      00000000 
 8319 11928 0000FF3F 			.word	0x3FFF0000, 0x00001FFF, 0x80000000
 8319      FF1F0000 
 8319      00000080 
 8320 11934 0000FE3F 			.word	0x3FFE0000, 0x00001FFF, 0x80000000
 8320      FF1F0000 
 8320      00000080 
 8321 11940 0000FE7F 			.word	0x7FFE0000, 0x00000FFF, 0x80000000
 8321      FF0F0000 
 8321      00000080 
 8322 1194c 0000FC7F 			.word	0x7FFC0000, 0x00000FFF, 0x80000000
 8322      FF0F0000 
 8322      00000080 
 8323 11958 0000FC7F 			.word	0x7FFC0000, 0x000007FF, 0xC0000000
 8323      FF070000 
 8323      000000C0 
 8324 11964 0000F87F 			.word	0x7FF80000, 0x000007FF, 0xC0000000
 8324      FF070000 
 8324      000000C0 
 8325 11970 0000F8FF 			.word	0xFFF80000, 0x000007FF, 0xC0000000
 8325      FF070000 
 8325      000000C0 
 8326 1197c 0000F8FF 			.word	0xFFF80000, 0x000007FF, 0xC0000000
 8326      FF070000 
 8326      000000C0 
 8327 11988 0000F8FF 			.word	0xFFF80000, 0x000003FF, 0xC0000000
 8327      FF030000 
 8327      000000C0 
 8328 11994 0000F8FF 			.word	0xFFF80000, 0x000003FF, 0xC0000000
 8328      FF030000 
 8328      000000C0 
 8329 119a0 0000F0FF 			.word	0xFFF00000, 0x000003FF, 0xE0000000
 8329      FF030000 
 8329      000000E0 
 8330 119ac 0000F0FF 			.word	0xFFF00000, 0x000003FF, 0xE0000000
 8330      FF030000 
 8330      000000E0 
 8331 119b8 0000F0FF 			.word	0xFFF00000, 0x000003FF, 0xE0000000
 8331      FF030000 
 8331      000000E0 
ARM GAS  font_arial104.s 			page 323


 8332 119c4 0000F0FF 			.word	0xFFF00000, 0x000003FF, 0xE0000000
 8332      FF030000 
 8332      000000E0 
 8333 119d0 0000F0FF 			.word	0xFFF00000, 0x000003FF, 0xE0000000
 8333      FF030000 
 8333      000000E0 
 8334 119dc 0000F0FF 			.word	0xFFF00000, 0x000003FF, 0xE0000000
 8334      FF030000 
 8334      000000E0 
 8335 119e8 0000F0FF 			.word	0xFFF00000, 0x000003FF, 0xE0000000
 8335      FF030000 
 8335      000000E0 
 8336 119f4 0000F0FF 			.word	0xFFF00000, 0x000003FF, 0xE0000000
 8336      FF030000 
 8336      000000E0 
 8337 11a00 0000F0FF 			.word	0xFFF00000, 0x000003FF, 0xE0000000
 8337      FF030000 
 8337      000000E0 
 8338 11a0c 0000F0FF 			.word	0xFFF00000, 0x000003FF, 0xE0000000
 8338      FF030000 
 8338      000000E0 
 8339 11a18 0000F0FF 			.word	0xFFF00000, 0x000003FF, 0xE0000000
 8339      FF030000 
 8339      000000E0 
 8340 11a24 0000F0FF 			.word	0xFFF00000, 0x000003FF, 0xE0000000
 8340      FF030000 
 8340      000000E0 
 8341 11a30 0000F0FF 			.word	0xFFF00000, 0x000003FF, 0xC0000000
 8341      FF030000 
 8341      000000C0 
 8342 11a3c 0000F8FF 			.word	0xFFF80000, 0x000003FF, 0xC0000000
 8342      FF030000 
 8342      000000C0 
 8343 11a48 0000F8FF 			.word	0xFFF80000, 0x000003FF, 0xC0000000
 8343      FF030000 
 8343      000000C0 
 8344 11a54 0000F8FF 			.word	0xFFF80000, 0x000007FF, 0xC0000000
 8344      FF070000 
 8344      000000C0 
 8345 11a60 0000F8FF 			.word	0xFFF80000, 0x000007FF, 0xC0000000
 8345      FF070000 
 8345      000000C0 
 8346 11a6c 0000FC7F 			.word	0x7FFC0000, 0x000007FF, 0xC0000000
 8346      FF070000 
 8346      000000C0 
 8347 11a78 0000FC7F 			.word	0x7FFC0000, 0x000007FF, 0xC0000000
 8347      FF070000 
 8347      000000C0 
 8348 11a84 0000FC7F 			.word	0x7FFC0000, 0x00000FFF, 0x80000000
 8348      FF0F0000 
 8348      00000080 
 8349 11a90 0000FE7F 			.word	0x7FFE0000, 0x00000FFF, 0x80000000
 8349      FF0F0000 
 8349      00000080 
 8350 11a9c 0000FE3F 			.word	0x3FFE0000, 0x00001FFF, 0x80000000
 8350      FF1F0000 
 8350      00000080 
ARM GAS  font_arial104.s 			page 324


 8351 11aa8 0000FF3F 			.word	0x3FFF0000, 0x00001FFF, 0x80000000
 8351      FF1F0000 
 8351      00000080 
 8352 11ab4 0000FF3F 			.word	0x3FFF0000, 0x00003FFF, 0x00000000
 8352      FF3F0000 
 8352      00000000 
 8353 11ac0 0080FF1F 			.word	0x1FFF8000, 0x00007FFF, 0x00000000
 8353      FF7F0000 
 8353      00000000 
 8354 11acc 00C0FF1F 			.word	0x1FFFC000, 0x0000FFFE, 0x00000000
 8354      FEFF0000 
 8354      00000000 
 8355 11ad8 00E0FF0F 			.word	0x0FFFE000, 0x0001FFFE, 0x00000000
 8355      FEFF0100 
 8355      00000000 
 8356 11ae4 00F0FF0F 			.word	0x0FFFF000, 0x0003FFFE, 0x00000000
 8356      FEFF0300 
 8356      00000000 
 8357 11af0 00F8FF07 			.word	0x07FFF800, 0x0007FFFC, 0x00000000
 8357      FCFF0700 
 8357      00000000 
 8358 11afc 00FEFF07 			.word	0x07FFFE00, 0x001FFFF8, 0x00000000
 8358      F8FF1F00 
 8358      00000000 
 8359 11b08 80FFFF03 			.word	0x03FFFF80, 0x007FFFF8, 0x00000000
 8359      F8FF7F00 
 8359      00000000 
 8360 11b14 F0FFFF01 			.word	0x01FFFFF0, 0x03FFFFF0, 0x00000000
 8360      F0FFFF03 
 8360      00000000 
 8361 11b20 FFFFFF01 			.word	0x01FFFFFF, 0xFFFFFFE0, 0x00000000
 8361      E0FFFFFF 
 8361      00000000 
 8362 11b2c FFFFFF00 			.word	0x00FFFFFF, 0xFFFFFFC0, 0x00000000
 8362      C0FFFFFF 
 8362      00000000 
 8363 11b38 FFFF7F00 			.word	0x007FFFFF, 0xFFFFFF80, 0x00000000
 8363      80FFFFFF 
 8363      00000000 
 8364 11b44 FFFF3F00 			.word	0x003FFFFF, 0xFFFFFF00, 0x00000000
 8364      00FFFFFF 
 8364      00000000 
 8365 11b50 FFFF1F00 			.word	0x001FFFFF, 0xFFFFFE00, 0x00000000
 8365      00FEFFFF 
 8365      00000000 
 8366 11b5c FFFF0F00 			.word	0x000FFFFF, 0xFFFFFC00, 0x00000000
 8366      00FCFFFF 
 8366      00000000 
 8367 11b68 FFFF0300 			.word	0x0003FFFF, 0xFFFFF000, 0x00000000
 8367      00F0FFFF 
 8367      00000000 
 8368 11b74 FFFF0100 			.word	0x0001FFFF, 0xFFFFE000, 0x00000000
 8368      00E0FFFF 
 8368      00000000 
 8369 11b80 FF7F0000 			.word	0x00007FFF, 0xFFFF8000, 0x00000000
 8369      0080FFFF 
 8369      00000000 
ARM GAS  font_arial104.s 			page 325


 8370 11b8c FF1F0000 			.word	0x00001FFF, 0xFFFE0000, 0x00000000
 8370      0000FEFF 
 8370      00000000 
 8371 11b98 FF030000 			.word	0x000003FF, 0xFFF00000, 0x00000000
 8371      0000F0FF 
 8371      00000000 
 8372 11ba4 1F000000 			.word	0x0000001F, 0xFE000000, 0x00000000
 8372      000000FE 
 8372      00000000 
 8373              	
 8374              	LOWERCASE_P:
 8375 11bb0 70000000 			.word	'p			// ASCII "p" character
 8376 11bb4 4D000000 			.word	77			// cell pixel width
 8377 11bb8 82000000 			.word	CELLHGHT		// cell pixel height
 8378 11bbc 3E000000 			.word	62			// glyph pixel width
 8379 11bc0 66000000 			.word	102			// glyph pixel height
 8380 11bc4 09000000 			.word	9			// blank horizontal pixels before glyph
 8381 11bc8 06000000 			.word	6			// blank horizontal pixels after glyph
 8382 11bcc 1A000000 			.word	26			// blank horizontal lines before glyph
 8383 11bd0 02000000 			.word	2			// blank horizontal lines after glyph
 8384              							// bit mapped glyph
 8385 11bd4 1F000000 			.word	0x0000001F, 0xFC000000
 8385      000000FC 
 8386 11bdc FF00E0FF 			.word	0xFFE000FF, 0xFFC00000
 8386      0000C0FF 
 8387 11be4 FF07E0FF 			.word	0xFFE007FF, 0xFFF00000
 8387      0000F0FF 
 8388 11bec FF0FE0FF 			.word	0xFFE00FFF, 0xFFFC0000
 8388      0000FCFF 
 8389 11bf4 FF1FE0FF 			.word	0xFFE01FFF, 0xFFFF0000
 8389      0000FFFF 
 8390 11bfc FF7FE0FF 			.word	0xFFE07FFF, 0xFFFF8000
 8390      0080FFFF 
 8391 11c04 FFFFE0FF 			.word	0xFFE0FFFF, 0xFFFFC000
 8391      00C0FFFF 
 8392 11c0c FFFFE1FF 			.word	0xFFE1FFFF, 0xFFFFF000
 8392      00F0FFFF 
 8393 11c14 FFFFE1FF 			.word	0xFFE1FFFF, 0xFFFFF800
 8393      00F8FFFF 
 8394 11c1c FFFFE3FF 			.word	0xFFE3FFFF, 0xFFFFF800
 8394      00F8FFFF 
 8395 11c24 FFFFE7FF 			.word	0xFFE7FFFF, 0xFFFFFC00
 8395      00FCFFFF 
 8396 11c2c FFFFEFFF 			.word	0xFFEFFFFF, 0xFFFFFE00
 8396      00FEFFFF 
 8397 11c34 E0FFFFFF 			.word	0xFFFFFFE0, 0x1FFFFF00
 8397      00FFFF1F 
 8398 11c3c 00FFFFFF 			.word	0xFFFFFF00, 0x03FFFF00
 8398      00FFFF03 
 8399 11c44 00FCFFFF 			.word	0xFFFFFC00, 0x00FFFF80
 8399      80FFFF00 
 8400 11c4c 00F0FFFF 			.word	0xFFFFF000, 0x007FFF80
 8400      80FF7F00 
 8401 11c54 00E0FFFF 			.word	0xFFFFE000, 0x001FFFC0
 8401      C0FF1F00 
 8402 11c5c 00C0FFFF 			.word	0xFFFFC000, 0x000FFFC0
 8402      C0FF0F00 
ARM GAS  font_arial104.s 			page 326


 8403 11c64 0080FFFF 			.word	0xFFFF8000, 0x0007FFE0
 8403      E0FF0700 
 8404 11c6c 0000FFFF 			.word	0xFFFF0000, 0x0007FFE0
 8404      E0FF0700 
 8405 11c74 0000FFFF 			.word	0xFFFF0000, 0x0003FFF0
 8405      F0FF0300 
 8406 11c7c 0000FEFF 			.word	0xFFFE0000, 0x0001FFF0
 8406      F0FF0100 
 8407 11c84 0000FCFF 			.word	0xFFFC0000, 0x0001FFF0
 8407      F0FF0100 
 8408 11c8c 0000FCFF 			.word	0xFFFC0000, 0x0000FFF0
 8408      F0FF0000 
 8409 11c94 0000F8FF 			.word	0xFFF80000, 0x0000FFF8
 8409      F8FF0000 
 8410 11c9c 0000F8FF 			.word	0xFFF80000, 0x0000FFF8
 8410      F8FF0000 
 8411 11ca4 0000F8FF 			.word	0xFFF80000, 0x00007FF8
 8411      F87F0000 
 8412 11cac 0000F0FF 			.word	0xFFF00000, 0x00007FF8
 8412      F87F0000 
 8413 11cb4 0000F0FF 			.word	0xFFF00000, 0x00007FFC
 8413      FC7F0000 
 8414 11cbc 0000F0FF 			.word	0xFFF00000, 0x00007FFC
 8414      FC7F0000 
 8415 11cc4 0000F0FF 			.word	0xFFF00000, 0x00003FFC
 8415      FC3F0000 
 8416 11ccc 0000F0FF 			.word	0xFFF00000, 0x00003FFC
 8416      FC3F0000 
 8417 11cd4 0000E0FF 			.word	0xFFE00000, 0x00003FFC
 8417      FC3F0000 
 8418 11cdc 0000E0FF 			.word	0xFFE00000, 0x00003FFC
 8418      FC3F0000 
 8419 11ce4 0000E0FF 			.word	0xFFE00000, 0x00003FFC
 8419      FC3F0000 
 8420 11cec 0000E0FF 			.word	0xFFE00000, 0x00003FFC
 8420      FC3F0000 
 8421 11cf4 0000E0FF 			.word	0xFFE00000, 0x00003FFC
 8421      FC3F0000 
 8422 11cfc 0000E0FF 			.word	0xFFE00000, 0x00003FFC
 8422      FC3F0000 
 8423 11d04 0000E0FF 			.word	0xFFE00000, 0x00003FFC
 8423      FC3F0000 
 8424 11d0c 0000E0FF 			.word	0xFFE00000, 0x00003FFC
 8424      FC3F0000 
 8425 11d14 0000E0FF 			.word	0xFFE00000, 0x00003FFC
 8425      FC3F0000 
 8426 11d1c 0000E0FF 			.word	0xFFE00000, 0x00003FFC
 8426      FC3F0000 
 8427 11d24 0000E0FF 			.word	0xFFE00000, 0x00003FFC
 8427      FC3F0000 
 8428 11d2c 0000E0FF 			.word	0xFFE00000, 0x00003FFC
 8428      FC3F0000 
 8429 11d34 0000F0FF 			.word	0xFFF00000, 0x00007FFC
 8429      FC7F0000 
 8430 11d3c 0000F0FF 			.word	0xFFF00000, 0x00007FFC
 8430      FC7F0000 
 8431 11d44 0000F0FF 			.word	0xFFF00000, 0x00007FF8
ARM GAS  font_arial104.s 			page 327


 8431      F87F0000 
 8432 11d4c 0000F0FF 			.word	0xFFF00000, 0x00007FF8
 8432      F87F0000 
 8433 11d54 0000F0FF 			.word	0xFFF00000, 0x00007FF8
 8433      F87F0000 
 8434 11d5c 0000F8FF 			.word	0xFFF80000, 0x0000FFF8
 8434      F8FF0000 
 8435 11d64 0000F8FF 			.word	0xFFF80000, 0x0000FFF8
 8435      F8FF0000 
 8436 11d6c 0000F8FF 			.word	0xFFF80000, 0x0000FFF0
 8436      F0FF0000 
 8437 11d74 0000FCFF 			.word	0xFFFC0000, 0x0001FFF0
 8437      F0FF0100 
 8438 11d7c 0000FCFF 			.word	0xFFFC0000, 0x0001FFF0
 8438      F0FF0100 
 8439 11d84 0000FEFF 			.word	0xFFFE0000, 0x0003FFE0
 8439      E0FF0300 
 8440 11d8c 0000FFFF 			.word	0xFFFF0000, 0x0007FFE0
 8440      E0FF0700 
 8441 11d94 0000FFFF 			.word	0xFFFF0000, 0x000FFFC0
 8441      C0FF0F00 
 8442 11d9c 0080FFFF 			.word	0xFFFF8000, 0x001FFFC0
 8442      C0FF1F00 
 8443 11da4 00C0FFFF 			.word	0xFFFFC000, 0x003FFF80
 8443      80FF3F00 
 8444 11dac 00F0FFFF 			.word	0xFFFFF000, 0x007FFF80
 8444      80FF7F00 
 8445 11db4 00F8FFFF 			.word	0xFFFFF800, 0x00FFFF00
 8445      00FFFF00 
 8446 11dbc 00FEFFFF 			.word	0xFFFFFE00, 0x03FFFF00
 8446      00FFFF03 
 8447 11dc4 C0FFFFFF 			.word	0xFFFFFFC0, 0x1FFFFE00
 8447      00FEFF1F 
 8448 11dcc FFFFFFFF 			.word	0xFFFFFFFF, 0xFFFFFC00
 8448      00FCFFFF 
 8449 11dd4 FFFFFFFF 			.word	0xFFFFFFFF, 0xFFFFFC00
 8449      00FCFFFF 
 8450 11ddc FFFFF7FF 			.word	0xFFF7FFFF, 0xFFFFF800
 8450      00F8FFFF 
 8451 11de4 FFFFF3FF 			.word	0xFFF3FFFF, 0xFFFFF000
 8451      00F0FFFF 
 8452 11dec FFFFF1FF 			.word	0xFFF1FFFF, 0xFFFFE000
 8452      00E0FFFF 
 8453 11df4 FFFFF0FF 			.word	0xFFF0FFFF, 0xFFFF8000
 8453      0080FFFF 
 8454 11dfc FF7FF0FF 			.word	0xFFF07FFF, 0xFFFF0000
 8454      0000FFFF 
 8455 11e04 FF3FF0FF 			.word	0xFFF03FFF, 0xFFFC0000
 8455      0000FCFF 
 8456 11e0c FF0FF0FF 			.word	0xFFF00FFF, 0xFFF80000
 8456      0000F8FF 
 8457 11e14 FF07F0FF 			.word	0xFFF007FF, 0xFFE00000
 8457      0000E0FF 
 8458 11e1c FF01F0FF 			.word	0xFFF001FF, 0xFF000000
 8458      000000FF 
 8459 11e24 3F00F0FF 			.word	0xFFF0003F, 0xF0000000
 8459      000000F0 
ARM GAS  font_arial104.s 			page 328


 8460 11e2c 0000F0FF 			.word	0xFFF00000, 0x00000000
 8460      00000000 
 8461 11e34 0000F0FF 			.word	0xFFF00000, 0x00000000
 8461      00000000 
 8462 11e3c 0000F0FF 			.word	0xFFF00000, 0x00000000
 8462      00000000 
 8463 11e44 0000F0FF 			.word	0xFFF00000, 0x00000000
 8463      00000000 
 8464 11e4c 0000F0FF 			.word	0xFFF00000, 0x00000000
 8464      00000000 
 8465 11e54 0000F0FF 			.word	0xFFF00000, 0x00000000
 8465      00000000 
 8466 11e5c 0000F0FF 			.word	0xFFF00000, 0x00000000
 8466      00000000 
 8467 11e64 0000F0FF 			.word	0xFFF00000, 0x00000000
 8467      00000000 
 8468 11e6c 0000F0FF 			.word	0xFFF00000, 0x00000000
 8468      00000000 
 8469 11e74 0000F0FF 			.word	0xFFF00000, 0x00000000
 8469      00000000 
 8470 11e7c 0000F0FF 			.word	0xFFF00000, 0x00000000
 8470      00000000 
 8471 11e84 0000F0FF 			.word	0xFFF00000, 0x00000000
 8471      00000000 
 8472 11e8c 0000F0FF 			.word	0xFFF00000, 0x00000000
 8472      00000000 
 8473 11e94 0000F0FF 			.word	0xFFF00000, 0x00000000
 8473      00000000 
 8474 11e9c 0000F0FF 			.word	0xFFF00000, 0x00000000
 8474      00000000 
 8475 11ea4 0000F0FF 			.word	0xFFF00000, 0x00000000
 8475      00000000 
 8476 11eac 0000F0FF 			.word	0xFFF00000, 0x00000000
 8476      00000000 
 8477 11eb4 0000F0FF 			.word	0xFFF00000, 0x00000000
 8477      00000000 
 8478 11ebc 0000F0FF 			.word	0xFFF00000, 0x00000000
 8478      00000000 
 8479 11ec4 0000F0FF 			.word	0xFFF00000, 0x00000000
 8479      00000000 
 8480 11ecc 0000F0FF 			.word	0xFFF00000, 0x00000000
 8480      00000000 
 8481 11ed4 0000F0FF 			.word	0xFFF00000, 0x00000000
 8481      00000000 
 8482 11edc 0000F0FF 			.word	0xFFF00000, 0x00000000
 8482      00000000 
 8483 11ee4 0000F0FF 			.word	0xFFF00000, 0x00000000
 8483      00000000 
 8484 11eec 0000F0FF 			.word	0xFFF00000, 0x00000000
 8484      00000000 
 8485 11ef4 0000F0FF 			.word	0xFFF00000, 0x00000000
 8485      00000000 
 8486 11efc 0000F0FF 			.word	0xFFF00000, 0x00000000
 8486      00000000 
 8487              	
 8488              	LOWERCASE_Q:
 8489 11f04 71000000 			.word	'q			// ASCII "q" character
ARM GAS  font_arial104.s 			page 329


 8490 11f08 4D000000 			.word	77			// cell pixel width
 8491 11f0c 82000000 			.word	CELLHGHT		// cell pixel height
 8492 11f10 3E000000 			.word	62			// glyph pixel width
 8493 11f14 66000000 			.word	102			// glyph pixel height
 8494 11f18 05000000 			.word	5			// blank horizontal pixels before glyph
 8495 11f1c 0A000000 			.word	10			// blank horizontal pixels after glyph
 8496 11f20 1A000000 			.word	26			// blank horizontal lines before glyph
 8497 11f24 02000000 			.word	2			// blank horizontal lines after glyph
 8498              							// bit mapped glyph
 8499 11f28 7F000000 			.word	0x0000007F, 0xE0000000
 8499      000000E0 
 8500 11f30 FF070000 			.word	0x000007FF, 0xFC001FFC
 8500      FC1F00FC 
 8501 11f38 FF3F0000 			.word	0x00003FFF, 0xFF001FFC
 8501      FC1F00FF 
 8502 11f40 FFFF0000 			.word	0x0000FFFF, 0xFFC01FFC
 8502      FC1FC0FF 
 8503 11f48 FFFF0300 			.word	0x0003FFFF, 0xFFE01FFC
 8503      FC1FE0FF 
 8504 11f50 FFFF0700 			.word	0x0007FFFF, 0xFFF81FFC
 8504      FC1FF8FF 
 8505 11f58 FFFF0F00 			.word	0x000FFFFF, 0xFFFC1FFC
 8505      FC1FFCFF 
 8506 11f60 FFFF3F00 			.word	0x003FFFFF, 0xFFFE1FFC
 8506      FC1FFEFF 
 8507 11f68 FFFF7F00 			.word	0x007FFFFF, 0xFFFE1FFC
 8507      FC1FFEFF 
 8508 11f70 FFFF7F00 			.word	0x007FFFFF, 0xFFFF1FFC
 8508      FC1FFFFF 
 8509 11f78 FFFFFF00 			.word	0x00FFFFFF, 0xFFFF9FFC
 8509      FC9FFFFF 
 8510 11f80 FFFFFF01 			.word	0x01FFFFFF, 0xFFFFDFFC
 8510      FCDFFFFF 
 8511 11f88 E0FFFF03 			.word	0x03FFFFE0, 0x1FFFDFFC
 8511      FCDFFF1F 
 8512 11f90 00FFFF03 			.word	0x03FFFF00, 0x03FFFFFC
 8512      FCFFFF03 
 8513 11f98 00FCFF07 			.word	0x07FFFC00, 0x00FFFFFC
 8513      FCFFFF00 
 8514 11fa0 00F8FF07 			.word	0x07FFF800, 0x003FFFFC
 8514      FCFF3F00 
 8515 11fa8 00E0FF0F 			.word	0x0FFFE000, 0x001FFFFC
 8515      FCFF1F00 
 8516 11fb0 00C0FF0F 			.word	0x0FFFC000, 0x000FFFFC
 8516      FCFF0F00 
 8517 11fb8 00C0FF1F 			.word	0x1FFFC000, 0x0007FFFC
 8517      FCFF0700 
 8518 11fc0 0080FF1F 			.word	0x1FFF8000, 0x0003FFFC
 8518      FCFF0300 
 8519 11fc8 0000FF3F 			.word	0x3FFF0000, 0x0001FFFC
 8519      FCFF0100 
 8520 11fd0 0000FE3F 			.word	0x3FFE0000, 0x0001FFFC
 8520      FCFF0100 
 8521 11fd8 0000FE3F 			.word	0x3FFE0000, 0x0000FFFC
 8521      FCFF0000 
 8522 11fe0 0000FE3F 			.word	0x3FFE0000, 0x0000FFFC
 8522      FCFF0000 
ARM GAS  font_arial104.s 			page 330


 8523 11fe8 0000FC7F 			.word	0x7FFC0000, 0x00007FFC
 8523      FC7F0000 
 8524 11ff0 0000FC7F 			.word	0x7FFC0000, 0x00007FFC
 8524      FC7F0000 
 8525 11ff8 0000FC7F 			.word	0x7FFC0000, 0x00007FFC
 8525      FC7F0000 
 8526 12000 0000F87F 			.word	0x7FF80000, 0x00003FFC
 8526      FC3F0000 
 8527 12008 0000F87F 			.word	0x7FF80000, 0x00003FFC
 8527      FC3F0000 
 8528 12010 0000F8FF 			.word	0xFFF80000, 0x00003FFC
 8528      FC3F0000 
 8529 12018 0000F8FF 			.word	0xFFF80000, 0x00003FFC
 8529      FC3F0000 
 8530 12020 0000F8FF 			.word	0xFFF80000, 0x00001FFC
 8530      FC1F0000 
 8531 12028 0000F8FF 			.word	0xFFF80000, 0x00001FFC
 8531      FC1F0000 
 8532 12030 0000F0FF 			.word	0xFFF00000, 0x00001FFC
 8532      FC1F0000 
 8533 12038 0000F0FF 			.word	0xFFF00000, 0x00001FFC
 8533      FC1F0000 
 8534 12040 0000F0FF 			.word	0xFFF00000, 0x00001FFC
 8534      FC1F0000 
 8535 12048 0000F0FF 			.word	0xFFF00000, 0x00001FFC
 8535      FC1F0000 
 8536 12050 0000F0FF 			.word	0xFFF00000, 0x00001FFC
 8536      FC1F0000 
 8537 12058 0000F0FF 			.word	0xFFF00000, 0x00001FFC
 8537      FC1F0000 
 8538 12060 0000F0FF 			.word	0xFFF00000, 0x00001FFC
 8538      FC1F0000 
 8539 12068 0000F0FF 			.word	0xFFF00000, 0x00001FFC
 8539      FC1F0000 
 8540 12070 0000F0FF 			.word	0xFFF00000, 0x00001FFC
 8540      FC1F0000 
 8541 12078 0000F8FF 			.word	0xFFF80000, 0x00001FFC
 8541      FC1F0000 
 8542 12080 0000F8FF 			.word	0xFFF80000, 0x00001FFC
 8542      FC1F0000 
 8543 12088 0000F8FF 			.word	0xFFF80000, 0x00001FFC
 8543      FC1F0000 
 8544 12090 0000F87F 			.word	0x7FF80000, 0x00003FFC
 8544      FC3F0000 
 8545 12098 0000F87F 			.word	0x7FF80000, 0x00003FFC
 8545      FC3F0000 
 8546 120a0 0000F87F 			.word	0x7FF80000, 0x00003FFC
 8546      FC3F0000 
 8547 120a8 0000FC7F 			.word	0x7FFC0000, 0x00003FFC
 8547      FC3F0000 
 8548 120b0 0000FC7F 			.word	0x7FFC0000, 0x00003FFC
 8548      FC3F0000 
 8549 120b8 0000FC3F 			.word	0x3FFC0000, 0x00007FFC
 8549      FC7F0000 
 8550 120c0 0000FE3F 			.word	0x3FFE0000, 0x00007FFC
 8550      FC7F0000 
 8551 120c8 0000FE3F 			.word	0x3FFE0000, 0x0000FFFC
ARM GAS  font_arial104.s 			page 331


 8551      FCFF0000 
 8552 120d0 0000FF3F 			.word	0x3FFF0000, 0x0000FFFC
 8552      FCFF0000 
 8553 120d8 0000FF1F 			.word	0x1FFF0000, 0x0001FFFC
 8553      FCFF0100 
 8554 120e0 0080FF1F 			.word	0x1FFF8000, 0x0001FFFC
 8554      FCFF0100 
 8555 120e8 00C0FF0F 			.word	0x0FFFC000, 0x0003FFFC
 8555      FCFF0300 
 8556 120f0 00E0FF0F 			.word	0x0FFFE000, 0x0007FFFC
 8556      FCFF0700 
 8557 120f8 00F0FF07 			.word	0x07FFF000, 0x000FFFFC
 8557      FCFF0F00 
 8558 12100 00F8FF07 			.word	0x07FFF800, 0x001FFFFC
 8558      FCFF1F00 
 8559 12108 00FEFF03 			.word	0x03FFFE00, 0x007FFFFC
 8559      FCFF7F00 
 8560 12110 80FFFF01 			.word	0x01FFFF80, 0x01FFFFFC
 8560      FCFFFF01 
 8561 12118 F0FFFF01 			.word	0x01FFFFF0, 0x0FFFFFFC
 8561      FCFFFF0F 
 8562 12120 FFFFFF00 			.word	0x00FFFFFF, 0xFFFFFFFC
 8562      FCFFFFFF 
 8563 12128 FFFF7F00 			.word	0x007FFFFF, 0xFFFFFFFC
 8563      FCFFFFFF 
 8564 12130 FFFF3F00 			.word	0x003FFFFF, 0xFFFFBFFC
 8564      FCBFFFFF 
 8565 12138 FFFF1F00 			.word	0x001FFFFF, 0xFFFF3FFC
 8565      FC3FFFFF 
 8566 12140 FFFF0F00 			.word	0x000FFFFF, 0xFFFE3FFC
 8566      FC3FFEFF 
 8567 12148 FFFF0700 			.word	0x0007FFFF, 0xFFFC3FFC
 8567      FC3FFCFF 
 8568 12150 FFFF0300 			.word	0x0003FFFF, 0xFFF83FFC
 8568      FC3FF8FF 
 8569 12158 FFFF0000 			.word	0x0000FFFF, 0xFFF03FFC
 8569      FC3FF0FF 
 8570 12160 FF7F0000 			.word	0x00007FFF, 0xFFC03FFC
 8570      FC3FC0FF 
 8571 12168 FF1F0000 			.word	0x00001FFF, 0xFF803FFC
 8571      FC3F80FF 
 8572 12170 FF030000 			.word	0x000003FF, 0xFE003FFC
 8572      FC3F00FE 
 8573 12178 3F000000 			.word	0x0000003F, 0xF0003FFC
 8573      FC3F00F0 
 8574 12180 00000000 			.word	0x00000000, 0x00003FFC
 8574      FC3F0000 
 8575 12188 00000000 			.word	0x00000000, 0x00003FFC
 8575      FC3F0000 
 8576 12190 00000000 			.word	0x00000000, 0x00003FFC
 8576      FC3F0000 
 8577 12198 00000000 			.word	0x00000000, 0x00003FFC
 8577      FC3F0000 
 8578 121a0 00000000 			.word	0x00000000, 0x00003FFC
 8578      FC3F0000 
 8579 121a8 00000000 			.word	0x00000000, 0x00003FFC
 8579      FC3F0000 
ARM GAS  font_arial104.s 			page 332


 8580 121b0 00000000 			.word	0x00000000, 0x00003FFC
 8580      FC3F0000 
 8581 121b8 00000000 			.word	0x00000000, 0x00003FFC
 8581      FC3F0000 
 8582 121c0 00000000 			.word	0x00000000, 0x00003FFC
 8582      FC3F0000 
 8583 121c8 00000000 			.word	0x00000000, 0x00003FFC
 8583      FC3F0000 
 8584 121d0 00000000 			.word	0x00000000, 0x00003FFC
 8584      FC3F0000 
 8585 121d8 00000000 			.word	0x00000000, 0x00003FFC
 8585      FC3F0000 
 8586 121e0 00000000 			.word	0x00000000, 0x00003FFC
 8586      FC3F0000 
 8587 121e8 00000000 			.word	0x00000000, 0x00003FFC
 8587      FC3F0000 
 8588 121f0 00000000 			.word	0x00000000, 0x00003FFC
 8588      FC3F0000 
 8589 121f8 00000000 			.word	0x00000000, 0x00003FFC
 8589      FC3F0000 
 8590 12200 00000000 			.word	0x00000000, 0x00003FFC
 8590      FC3F0000 
 8591 12208 00000000 			.word	0x00000000, 0x00003FFC
 8591      FC3F0000 
 8592 12210 00000000 			.word	0x00000000, 0x00003FFC
 8592      FC3F0000 
 8593 12218 00000000 			.word	0x00000000, 0x00003FFC
 8593      FC3F0000 
 8594 12220 00000000 			.word	0x00000000, 0x00003FFC
 8594      FC3F0000 
 8595 12228 00000000 			.word	0x00000000, 0x00003FFC
 8595      FC3F0000 
 8596 12230 00000000 			.word	0x00000000, 0x00003FFC
 8596      FC3F0000 
 8597 12238 00000000 			.word	0x00000000, 0x00003FFC
 8597      FC3F0000 
 8598 12240 00000000 			.word	0x00000000, 0x00003FFC
 8598      FC3F0000 
 8599 12248 00000000 			.word	0x00000000, 0x00003FFC
 8599      FC3F0000 
 8600 12250 00000000 			.word	0x00000000, 0x00003FFC
 8600      FC3F0000 
 8601              	
 8602              	LOWERCASE_R:
 8603 12258 72000000 			.word	'r			// ASCII "r" character
 8604 1225c 30000000 			.word	48			// cell pixel width
 8605 12260 82000000 			.word	CELLHGHT		// cell pixel height
 8606 12264 27000000 			.word	39			// glyph pixel width
 8607 12268 4A000000 			.word	74			// glyph pixel height
 8608 1226c 09000000 			.word	9			// blank horizontal pixels before glyph
 8609 12270 00000000 			.word	0			// blank horizontal pixels after glyph
 8610 12274 1A000000 			.word	26			// blank horizontal lines before glyph
 8611 12278 1E000000 			.word	30			// blank horizontal lines after glyph
 8612              							// bit mapped glyph
 8613 1227c FE010000 			.word	0x000001FE, 0x00000000
 8613      00000000 
 8614 12284 FF0FE0FF 			.word	0xFFE00FFF, 0xE0000000
ARM GAS  font_arial104.s 			page 333


 8614      000000E0 
 8615 1228c FF1FE0FF 			.word	0xFFE01FFF, 0xF8000000
 8615      000000F8 
 8616 12294 FF7FE0FF 			.word	0xFFE07FFF, 0xFE000000
 8616      000000FE 
 8617 1229c FFFFE0FF 			.word	0xFFE0FFFF, 0xFC000000
 8617      000000FC 
 8618 122a4 FFFFE1FF 			.word	0xFFE1FFFF, 0xFC000000
 8618      000000FC 
 8619 122ac FFFFE1FF 			.word	0xFFE1FFFF, 0xFC000000
 8619      000000FC 
 8620 122b4 FFFFE3FF 			.word	0xFFE3FFFF, 0xF8000000
 8620      000000F8 
 8621 122bc FFFFE7FF 			.word	0xFFE7FFFF, 0xF8000000
 8621      000000F8 
 8622 122c4 FFFFE7FF 			.word	0xFFE7FFFF, 0xF8000000
 8622      000000F8 
 8623 122cc FFFFEFFF 			.word	0xFFEFFFFF, 0xF0000000
 8623      000000F0 
 8624 122d4 FFFFFFFF 			.word	0xFFFFFFFF, 0xF0000000
 8624      000000F0 
 8625 122dc 03FCFFFF 			.word	0xFFFFFC03, 0xF0000000
 8625      000000F0 
 8626 122e4 00F0FFFF 			.word	0xFFFFF000, 0x60000000
 8626      00000060 
 8627 122ec 00E0FFFF 			.word	0xFFFFE000, 0x00000000
 8627      00000000 
 8628 122f4 00C0FFFF 			.word	0xFFFFC000, 0x00000000
 8628      00000000 
 8629 122fc 0080FFFF 			.word	0xFFFF8000, 0x00000000
 8629      00000000 
 8630 12304 0000FFFF 			.word	0xFFFF0000, 0x00000000
 8630      00000000 
 8631 1230c 0000FEFF 			.word	0xFFFE0000, 0x00000000
 8631      00000000 
 8632 12314 0000FEFF 			.word	0xFFFE0000, 0x00000000
 8632      00000000 
 8633 1231c 0000FEFF 			.word	0xFFFE0000, 0x00000000
 8633      00000000 
 8634 12324 0000FCFF 			.word	0xFFFC0000, 0x00000000
 8634      00000000 
 8635 1232c 0000FCFF 			.word	0xFFFC0000, 0x00000000
 8635      00000000 
 8636 12334 0000FCFF 			.word	0xFFFC0000, 0x00000000
 8636      00000000 
 8637 1233c 0000F8FF 			.word	0xFFF80000, 0x00000000
 8637      00000000 
 8638 12344 0000F8FF 			.word	0xFFF80000, 0x00000000
 8638      00000000 
 8639 1234c 0000F8FF 			.word	0xFFF80000, 0x00000000
 8639      00000000 
 8640 12354 0000F8FF 			.word	0xFFF80000, 0x00000000
 8640      00000000 
 8641 1235c 0000F8FF 			.word	0xFFF80000, 0x00000000
 8641      00000000 
 8642 12364 0000F8FF 			.word	0xFFF80000, 0x00000000
 8642      00000000 
ARM GAS  font_arial104.s 			page 334


 8643 1236c 0000F0FF 			.word	0xFFF00000, 0x00000000
 8643      00000000 
 8644 12374 0000F0FF 			.word	0xFFF00000, 0x00000000
 8644      00000000 
 8645 1237c 0000F0FF 			.word	0xFFF00000, 0x00000000
 8645      00000000 
 8646 12384 0000F0FF 			.word	0xFFF00000, 0x00000000
 8646      00000000 
 8647 1238c 0000F0FF 			.word	0xFFF00000, 0x00000000
 8647      00000000 
 8648 12394 0000F0FF 			.word	0xFFF00000, 0x00000000
 8648      00000000 
 8649 1239c 0000F0FF 			.word	0xFFF00000, 0x00000000
 8649      00000000 
 8650 123a4 0000F0FF 			.word	0xFFF00000, 0x00000000
 8650      00000000 
 8651 123ac 0000F0FF 			.word	0xFFF00000, 0x00000000
 8651      00000000 
 8652 123b4 0000F0FF 			.word	0xFFF00000, 0x00000000
 8652      00000000 
 8653 123bc 0000F0FF 			.word	0xFFF00000, 0x00000000
 8653      00000000 
 8654 123c4 0000F0FF 			.word	0xFFF00000, 0x00000000
 8654      00000000 
 8655 123cc 0000F0FF 			.word	0xFFF00000, 0x00000000
 8655      00000000 
 8656 123d4 0000F0FF 			.word	0xFFF00000, 0x00000000
 8656      00000000 
 8657 123dc 0000F0FF 			.word	0xFFF00000, 0x00000000
 8657      00000000 
 8658 123e4 0000F0FF 			.word	0xFFF00000, 0x00000000
 8658      00000000 
 8659 123ec 0000F0FF 			.word	0xFFF00000, 0x00000000
 8659      00000000 
 8660 123f4 0000F0FF 			.word	0xFFF00000, 0x00000000
 8660      00000000 
 8661 123fc 0000F0FF 			.word	0xFFF00000, 0x00000000
 8661      00000000 
 8662 12404 0000F0FF 			.word	0xFFF00000, 0x00000000
 8662      00000000 
 8663 1240c 0000F0FF 			.word	0xFFF00000, 0x00000000
 8663      00000000 
 8664 12414 0000F0FF 			.word	0xFFF00000, 0x00000000
 8664      00000000 
 8665 1241c 0000F0FF 			.word	0xFFF00000, 0x00000000
 8665      00000000 
 8666 12424 0000F0FF 			.word	0xFFF00000, 0x00000000
 8666      00000000 
 8667 1242c 0000F0FF 			.word	0xFFF00000, 0x00000000
 8667      00000000 
 8668 12434 0000F0FF 			.word	0xFFF00000, 0x00000000
 8668      00000000 
 8669 1243c 0000F0FF 			.word	0xFFF00000, 0x00000000
 8669      00000000 
 8670 12444 0000F0FF 			.word	0xFFF00000, 0x00000000
 8670      00000000 
 8671 1244c 0000F0FF 			.word	0xFFF00000, 0x00000000
ARM GAS  font_arial104.s 			page 335


 8671      00000000 
 8672 12454 0000F0FF 			.word	0xFFF00000, 0x00000000
 8672      00000000 
 8673 1245c 0000F0FF 			.word	0xFFF00000, 0x00000000
 8673      00000000 
 8674 12464 0000F0FF 			.word	0xFFF00000, 0x00000000
 8674      00000000 
 8675 1246c 0000F0FF 			.word	0xFFF00000, 0x00000000
 8675      00000000 
 8676 12474 0000F0FF 			.word	0xFFF00000, 0x00000000
 8676      00000000 
 8677 1247c 0000F0FF 			.word	0xFFF00000, 0x00000000
 8677      00000000 
 8678 12484 0000F0FF 			.word	0xFFF00000, 0x00000000
 8678      00000000 
 8679 1248c 0000F0FF 			.word	0xFFF00000, 0x00000000
 8679      00000000 
 8680 12494 0000F0FF 			.word	0xFFF00000, 0x00000000
 8680      00000000 
 8681 1249c 0000F0FF 			.word	0xFFF00000, 0x00000000
 8681      00000000 
 8682 124a4 0000F0FF 			.word	0xFFF00000, 0x00000000
 8682      00000000 
 8683 124ac 0000F0FF 			.word	0xFFF00000, 0x00000000
 8683      00000000 
 8684 124b4 0000F0FF 			.word	0xFFF00000, 0x00000000
 8684      00000000 
 8685 124bc 0000F0FF 			.word	0xFFF00000, 0x00000000
 8685      00000000 
 8686 124c4 0000F0FF 			.word	0xFFF00000, 0x00000000
 8686      00000000 
 8687              	
 8688              	LOWERCASE_S:
 8689 124cc 73000000 			.word	's			// ASCII "s" character
 8690 124d0 46000000 			.word	70			// cell pixel width
 8691 124d4 82000000 			.word	CELLHGHT		// cell pixel height
 8692 124d8 3B000000 			.word	59			// glyph pixel width
 8693 124dc 4B000000 			.word	75			// glyph pixel height
 8694 124e0 05000000 			.word	5			// blank horizontal pixels before glyph
 8695 124e4 06000000 			.word	6			// blank horizontal pixels after glyph
 8696 124e8 1A000000 			.word	26			// blank horizontal lines before glyph
 8697 124ec 1D000000 			.word	29			// blank horizontal lines after glyph
 8698              							// bit mapped glyph
 8699 124f0 FF030000 			.word	0x000003FF, 0xE0000000
 8699      000000E0 
 8700 124f8 FF3F0000 			.word	0x00003FFF, 0xFF000000
 8700      000000FF 
 8701 12500 FFFF0100 			.word	0x0001FFFF, 0xFFE00000
 8701      0000E0FF 
 8702 12508 FFFF0F00 			.word	0x000FFFFF, 0xFFF80000
 8702      0000F8FF 
 8703 12510 FFFF1F00 			.word	0x001FFFFF, 0xFFFE0000
 8703      0000FEFF 
 8704 12518 FFFF7F00 			.word	0x007FFFFF, 0xFFFF8000
 8704      0080FFFF 
 8705 12520 FFFFFF00 			.word	0x00FFFFFF, 0xFFFFC000
 8705      00C0FFFF 
ARM GAS  font_arial104.s 			page 336


 8706 12528 FFFFFF01 			.word	0x01FFFFFF, 0xFFFFE000
 8706      00E0FFFF 
 8707 12530 FFFFFF03 			.word	0x03FFFFFF, 0xFFFFF000
 8707      00F0FFFF 
 8708 12538 FFFFFF07 			.word	0x07FFFFFF, 0xFFFFF800
 8708      00F8FFFF 
 8709 12540 FFFFFF07 			.word	0x07FFFFFF, 0xFFFFF800
 8709      00F8FFFF 
 8710 12548 FFFFFF0F 			.word	0x0FFFFFFF, 0xFFFFFC00
 8710      00FCFFFF 
 8711 12550 00FCFF0F 			.word	0x0FFFFC00, 0x3FFFFC00
 8711      00FCFF3F 
 8712 12558 00C0FF1F 			.word	0x1FFFC000, 0x03FFFE00
 8712      00FEFF03 
 8713 12560 0080FF1F 			.word	0x1FFF8000, 0x00FFFE00
 8713      00FEFF00 
 8714 12568 0000FE3F 			.word	0x3FFE0000, 0x007FFE00
 8714      00FE7F00 
 8715 12570 0000FC3F 			.word	0x3FFC0000, 0x003FFF00
 8715      00FF3F00 
 8716 12578 0000FC3F 			.word	0x3FFC0000, 0x001FFF00
 8716      00FF1F00 
 8717 12580 0000F83F 			.word	0x3FF80000, 0x001FFF00
 8717      00FF1F00 
 8718 12588 0000F83F 			.word	0x3FF80000, 0x000FFF00
 8718      00FF0F00 
 8719 12590 0000F83F 			.word	0x3FF80000, 0x000FFF80
 8719      80FF0F00 
 8720 12598 0000F83F 			.word	0x3FF80000, 0x0007FC00
 8720      00FC0700 
 8721 125a0 0000FC3F 			.word	0x3FFC0000, 0x00070000
 8721      00000700 
 8722 125a8 0000FE3F 			.word	0x3FFE0000, 0x00000000
 8722      00000000 
 8723 125b0 0000FF3F 			.word	0x3FFF0000, 0x00000000
 8723      00000000 
 8724 125b8 0080FF3F 			.word	0x3FFF8000, 0x00000000
 8724      00000000 
 8725 125c0 00F0FF3F 			.word	0x3FFFF000, 0x00000000
 8725      00000000 
 8726 125c8 00FFFF1F 			.word	0x1FFFFF00, 0x00000000
 8726      00000000 
 8727 125d0 F0FFFF1F 			.word	0x1FFFFFF0, 0x00000000
 8727      00000000 
 8728 125d8 FFFFFF1F 			.word	0x1FFFFFFF, 0x00000000
 8728      00000000 
 8729 125e0 FFFFFF0F 			.word	0x0FFFFFFF, 0xF0000000
 8729      000000F0 
 8730 125e8 FFFFFF07 			.word	0x07FFFFFF, 0xFE000000
 8730      000000FE 
 8731 125f0 FFFFFF07 			.word	0x07FFFFFF, 0xFFC00000
 8731      0000C0FF 
 8732 125f8 FFFFFF03 			.word	0x03FFFFFF, 0xFFF80000
 8732      0000F8FF 
 8733 12600 FFFFFF01 			.word	0x01FFFFFF, 0xFFFF0000
 8733      0000FFFF 
 8734 12608 FFFFFF00 			.word	0x00FFFFFF, 0xFFFFC000
ARM GAS  font_arial104.s 			page 337


 8734      00C0FFFF 
 8735 12610 FFFF3F00 			.word	0x003FFFFF, 0xFFFFF000
 8735      00F0FFFF 
 8736 12618 FFFF1F00 			.word	0x001FFFFF, 0xFFFFF800
 8736      00F8FFFF 
 8737 12620 FFFF0700 			.word	0x0007FFFF, 0xFFFFFC00
 8737      00FCFFFF 
 8738 12628 FFFF0000 			.word	0x0000FFFF, 0xFFFFFE00
 8738      00FEFFFF 
 8739 12630 FF1F0000 			.word	0x00001FFF, 0xFFFFFF00
 8739      00FFFFFF 
 8740 12638 FF030000 			.word	0x000003FF, 0xFFFFFF80
 8740      80FFFFFF 
 8741 12640 7F000000 			.word	0x0000007F, 0xFFFFFF80
 8741      80FFFFFF 
 8742 12648 07000000 			.word	0x00000007, 0xFFFFFFC0
 8742      C0FFFFFF 
 8743 12650 00000000 			.word	0x00000000, 0x7FFFFFC0
 8743      C0FFFF7F 
 8744 12658 00000000 			.word	0x00000000, 0x07FFFFE0
 8744      E0FFFF07 
 8745 12660 00000000 			.word	0x00000000, 0x007FFFE0
 8745      E0FF7F00 
 8746 12668 00000000 			.word	0x00000000, 0x001FFFE0
 8746      E0FF1F00 
 8747 12670 00000000 			.word	0x00000000, 0x0007FFE0
 8747      E0FF0700 
 8748 12678 00000000 			.word	0x00000000, 0x0003FFE0
 8748      E0FF0300 
 8749 12680 00006000 			.word	0x00600000, 0x0003FFE0
 8749      E0FF0300 
 8750 12688 0000F03F 			.word	0x3FF00000, 0x0001FFE0
 8750      E0FF0100 
 8751 12690 0000F0FF 			.word	0xFFF00000, 0x0001FFE0
 8751      E0FF0100 
 8752 12698 0000F0FF 			.word	0xFFF00000, 0x0001FFE0
 8752      E0FF0100 
 8753 126a0 0000F8FF 			.word	0xFFF80000, 0x0001FFE0
 8753      E0FF0100 
 8754 126a8 0000F8FF 			.word	0xFFF80000, 0x0001FFE0
 8754      E0FF0100 
 8755 126b0 0000FC7F 			.word	0x7FFC0000, 0x0003FFE0
 8755      E0FF0300 
 8756 126b8 0000FE7F 			.word	0x7FFE0000, 0x0003FFE0
 8756      E0FF0300 
 8757 126c0 0000FF7F 			.word	0x7FFF0000, 0x0007FFC0
 8757      C0FF0700 
 8758 126c8 0080FF3F 			.word	0x3FFF8000, 0x000FFFC0
 8758      C0FF0F00 
 8759 126d0 00C0FF3F 			.word	0x3FFFC000, 0x003FFFC0
 8759      C0FF3F00 
 8760 126d8 00F8FF1F 			.word	0x1FFFF800, 0x00FFFF80
 8760      80FFFF00 
 8761 126e0 00FFFF1F 			.word	0x1FFFFF00, 0x07FFFF80
 8761      80FFFF07 
 8762 126e8 FFFFFF0F 			.word	0x0FFFFFFF, 0xFFFFFF00
 8762      00FFFFFF 
ARM GAS  font_arial104.s 			page 338


 8763 126f0 FFFFFF0F 			.word	0x0FFFFFFF, 0xFFFFFE00
 8763      00FEFFFF 
 8764 126f8 FFFFFF07 			.word	0x07FFFFFF, 0xFFFFFC00
 8764      00FCFFFF 
 8765 12700 FFFFFF03 			.word	0x03FFFFFF, 0xFFFFFC00
 8765      00FCFFFF 
 8766 12708 FFFFFF01 			.word	0x01FFFFFF, 0xFFFFF800
 8766      00F8FFFF 
 8767 12710 FFFFFF00 			.word	0x00FFFFFF, 0xFFFFE000
 8767      00E0FFFF 
 8768 12718 FFFF7F00 			.word	0x007FFFFF, 0xFFFFC000
 8768      00C0FFFF 
 8769 12720 FFFF1F00 			.word	0x001FFFFF, 0xFFFF0000
 8769      0000FFFF 
 8770 12728 FFFF0700 			.word	0x0007FFFF, 0xFFFE0000
 8770      0000FEFF 
 8771 12730 FFFF0100 			.word	0x0001FFFF, 0xFFF00000
 8771      0000F0FF 
 8772 12738 FF3F0000 			.word	0x00003FFF, 0xFF800000
 8772      000080FF 
 8773 12740 FF010000 			.word	0x000001FF, 0xF8000000
 8773      000000F8 
 8774              	
 8775              	LOWERCASE_T:
 8776 12748 74000000 			.word	't			// ASCII "t" character
 8777 1274c 27000000 			.word	39			// cell pixel width
 8778 12750 82000000 			.word	CELLHGHT		// cell pixel height
 8779 12754 23000000 			.word	35			// glyph pixel width
 8780 12758 63000000 			.word	99			// glyph pixel height
 8781 1275c 03000000 			.word	3			// blank horizontal pixels before glyph
 8782 12760 01000000 			.word	1			// blank horizontal pixels after glyph
 8783 12764 02000000 			.word	2			// blank horizontal lines before glyph
 8784 12768 1D000000 			.word	29			// blank horizontal lines after glyph
 8785              							// bit mapped glyph
 8786 1276c 00080000 			.word	0x00000800, 0x00000000
 8786      00000000 
 8787 12774 00380000 			.word	0x00003800, 0x00000000
 8787      00000000 
 8788 1277c 00F80000 			.word	0x0000F800, 0x00000000
 8788      00000000 
 8789 12784 00F80100 			.word	0x0001F800, 0x00000000
 8789      00000000 
 8790 1278c 00F80700 			.word	0x0007F800, 0x00000000
 8790      00000000 
 8791 12794 00F81F00 			.word	0x001FF800, 0x00000000
 8791      00000000 
 8792 1279c 00F83F00 			.word	0x003FF800, 0x00000000
 8792      00000000 
 8793 127a4 00F87F00 			.word	0x007FF800, 0x00000000
 8793      00000000 
 8794 127ac 00F87F00 			.word	0x007FF800, 0x00000000
 8794      00000000 
 8795 127b4 00F87F00 			.word	0x007FF800, 0x00000000
 8795      00000000 
 8796 127bc 00F87F00 			.word	0x007FF800, 0x00000000
 8796      00000000 
 8797 127c4 00F87F00 			.word	0x007FF800, 0x00000000
ARM GAS  font_arial104.s 			page 339


 8797      00000000 
 8798 127cc 00F87F00 			.word	0x007FF800, 0x00000000
 8798      00000000 
 8799 127d4 00F87F00 			.word	0x007FF800, 0x00000000
 8799      00000000 
 8800 127dc 00F87F00 			.word	0x007FF800, 0x00000000
 8800      00000000 
 8801 127e4 00F87F00 			.word	0x007FF800, 0x00000000
 8801      00000000 
 8802 127ec 00F87F00 			.word	0x007FF800, 0x00000000
 8802      00000000 
 8803 127f4 00F87F00 			.word	0x007FF800, 0x00000000
 8803      00000000 
 8804 127fc 00F87F00 			.word	0x007FF800, 0x00000000
 8804      00000000 
 8805 12804 00F87F00 			.word	0x007FF800, 0x00000000
 8805      00000000 
 8806 1280c 00F87F00 			.word	0x007FF800, 0x00000000
 8806      00000000 
 8807 12814 00F87F00 			.word	0x007FF800, 0x00000000
 8807      00000000 
 8808 1281c 00F87F00 			.word	0x007FF800, 0x00000000
 8808      00000000 
 8809 12824 00F87F00 			.word	0x007FF800, 0x00000000
 8809      00000000 
 8810 1282c 00F87F00 			.word	0x007FF800, 0x00000000
 8810      00000000 
 8811 12834 FFFFFFFF 			.word	0xFFFFFFFF, 0x80000000
 8811      00000080 
 8812 1283c FFFFFFFF 			.word	0xFFFFFFFF, 0x80000000
 8812      00000080 
 8813 12844 FFFFFFFF 			.word	0xFFFFFFFF, 0x80000000
 8813      00000080 
 8814 1284c FFFFFFFF 			.word	0xFFFFFFFF, 0x80000000
 8814      00000080 
 8815 12854 FFFFFFFF 			.word	0xFFFFFFFF, 0x80000000
 8815      00000080 
 8816 1285c FFFFFFFF 			.word	0xFFFFFFFF, 0x80000000
 8816      00000080 
 8817 12864 FFFFFFFF 			.word	0xFFFFFFFF, 0x80000000
 8817      00000080 
 8818 1286c FFFFFFFF 			.word	0xFFFFFFFF, 0x80000000
 8818      00000080 
 8819 12874 FFFFFFFF 			.word	0xFFFFFFFF, 0x80000000
 8819      00000080 
 8820 1287c FFFFFFFF 			.word	0xFFFFFFFF, 0x80000000
 8820      00000080 
 8821 12884 FFFFFFFF 			.word	0xFFFFFFFF, 0x80000000
 8821      00000080 
 8822 1288c FFFFFFFF 			.word	0xFFFFFFFF, 0x80000000
 8822      00000080 
 8823 12894 00F87F00 			.word	0x007FF800, 0x00000000
 8823      00000000 
 8824 1289c 00F87F00 			.word	0x007FF800, 0x00000000
 8824      00000000 
 8825 128a4 00F87F00 			.word	0x007FF800, 0x00000000
 8825      00000000 
ARM GAS  font_arial104.s 			page 340


 8826 128ac 00F87F00 			.word	0x007FF800, 0x00000000
 8826      00000000 
 8827 128b4 00F87F00 			.word	0x007FF800, 0x00000000
 8827      00000000 
 8828 128bc 00F87F00 			.word	0x007FF800, 0x00000000
 8828      00000000 
 8829 128c4 00F87F00 			.word	0x007FF800, 0x00000000
 8829      00000000 
 8830 128cc 00F87F00 			.word	0x007FF800, 0x00000000
 8830      00000000 
 8831 128d4 00F87F00 			.word	0x007FF800, 0x00000000
 8831      00000000 
 8832 128dc 00F87F00 			.word	0x007FF800, 0x00000000
 8832      00000000 
 8833 128e4 00F87F00 			.word	0x007FF800, 0x00000000
 8833      00000000 
 8834 128ec 00F87F00 			.word	0x007FF800, 0x00000000
 8834      00000000 
 8835 128f4 00F87F00 			.word	0x007FF800, 0x00000000
 8835      00000000 
 8836 128fc 00F87F00 			.word	0x007FF800, 0x00000000
 8836      00000000 
 8837 12904 00F87F00 			.word	0x007FF800, 0x00000000
 8837      00000000 
 8838 1290c 00F87F00 			.word	0x007FF800, 0x00000000
 8838      00000000 
 8839 12914 00F87F00 			.word	0x007FF800, 0x00000000
 8839      00000000 
 8840 1291c 00F87F00 			.word	0x007FF800, 0x00000000
 8840      00000000 
 8841 12924 00F87F00 			.word	0x007FF800, 0x00000000
 8841      00000000 
 8842 1292c 00F87F00 			.word	0x007FF800, 0x00000000
 8842      00000000 
 8843 12934 00F87F00 			.word	0x007FF800, 0x00000000
 8843      00000000 
 8844 1293c 00F87F00 			.word	0x007FF800, 0x00000000
 8844      00000000 
 8845 12944 00F87F00 			.word	0x007FF800, 0x00000000
 8845      00000000 
 8846 1294c 00F87F00 			.word	0x007FF800, 0x00000000
 8846      00000000 
 8847 12954 00F87F00 			.word	0x007FF800, 0x00000000
 8847      00000000 
 8848 1295c 00F87F00 			.word	0x007FF800, 0x00000000
 8848      00000000 
 8849 12964 00F87F00 			.word	0x007FF800, 0x00000000
 8849      00000000 
 8850 1296c 00F87F00 			.word	0x007FF800, 0x00000000
 8850      00000000 
 8851 12974 00F87F00 			.word	0x007FF800, 0x00000000
 8851      00000000 
 8852 1297c 00F87F00 			.word	0x007FF800, 0x00000000
 8852      00000000 
 8853 12984 00F87F00 			.word	0x007FF800, 0x00000000
 8853      00000000 
 8854 1298c 00F87F00 			.word	0x007FF800, 0x00000000
ARM GAS  font_arial104.s 			page 341


 8854      00000000 
 8855 12994 00F87F00 			.word	0x007FF800, 0x00000000
 8855      00000000 
 8856 1299c 00F87F00 			.word	0x007FF800, 0x00000000
 8856      00000000 
 8857 129a4 00F87F00 			.word	0x007FF800, 0x00000000
 8857      00000000 
 8858 129ac 00F87F00 			.word	0x007FF800, 0x00000000
 8858      00000000 
 8859 129b4 00F87F00 			.word	0x007FF800, 0x00000000
 8859      00000000 
 8860 129bc 00F87F00 			.word	0x007FF800, 0x00000000
 8860      00000000 
 8861 129c4 00F87F00 			.word	0x007FF800, 0x00000000
 8861      00000000 
 8862 129cc 00F87F00 			.word	0x007FF800, 0x00000000
 8862      00000000 
 8863 129d4 00F87F00 			.word	0x007FF800, 0x00000000
 8863      00000000 
 8864 129dc 00F87F00 			.word	0x007FF800, 0x00000000
 8864      00000000 
 8865 129e4 00F87F00 			.word	0x007FF800, 0x00000000
 8865      00000000 
 8866 129ec 00F87F00 			.word	0x007FF800, 0x00000000
 8866      00000000 
 8867 129f4 00F87F00 			.word	0x007FF800, 0x00000000
 8867      00000000 
 8868 129fc 00F87F00 			.word	0x007FF800, 0x00000000
 8868      00000000 
 8869 12a04 00F87F00 			.word	0x007FF800, 0x00000000
 8869      00000000 
 8870 12a0c 00FC7F00 			.word	0x007FFC00, 0x00000000
 8870      00000000 
 8871 12a14 00FC7F00 			.word	0x007FFC00, 0x00000000
 8871      00000000 
 8872 12a1c 00FF7F00 			.word	0x007FFF00, 0x00000000
 8872      00000000 
 8873 12a24 FFFF7F00 			.word	0x007FFFFF, 0x80000000
 8873      00000080 
 8874 12a2c FFFF7F00 			.word	0x007FFFFF, 0x80000000
 8874      00000080 
 8875 12a34 FFFF7F00 			.word	0x007FFFFF, 0x80000000
 8875      00000080 
 8876 12a3c FFFF3F00 			.word	0x003FFFFF, 0x80000000
 8876      00000080 
 8877 12a44 FFFF3F00 			.word	0x003FFFFF, 0xC0000000
 8877      000000C0 
 8878 12a4c FFFF1F00 			.word	0x001FFFFF, 0xC0000000
 8878      000000C0 
 8879 12a54 FFFF1F00 			.word	0x001FFFFF, 0xC0000000
 8879      000000C0 
 8880 12a5c FFFF0F00 			.word	0x000FFFFF, 0xC0000000
 8880      000000C0 
 8881 12a64 FFFF0700 			.word	0x0007FFFF, 0xC0000000
 8881      000000C0 
 8882 12a6c FFFF0300 			.word	0x0003FFFF, 0xC0000000
 8882      000000C0 
ARM GAS  font_arial104.s 			page 342


 8883 12a74 FFFF0000 			.word	0x0000FFFF, 0xE0000000
 8883      000000E0 
 8884 12a7c FE0F0000 			.word	0x00000FFE, 0x00000000
 8884      00000000 
 8885              	
 8886              	LOWERCASE_U:
 8887 12a84 75000000 			.word	'u			// ASCII "u" character
 8888 12a88 4D000000 			.word	77			// cell pixel width
 8889 12a8c 82000000 			.word	CELLHGHT		// cell pixel height
 8890 12a90 3A000000 			.word	58			// glyph pixel width
 8891 12a94 4A000000 			.word	74			// glyph pixel height
 8892 12a98 09000000 			.word	9			// blank horizontal pixels before glyph
 8893 12a9c 0A000000 			.word	10			// blank horizontal pixels after glyph
 8894 12aa0 1B000000 			.word	27			// blank horizontal lines before glyph
 8895 12aa4 1D000000 			.word	29			// blank horizontal lines after glyph
 8896              							// bit mapped glyph
 8897 12aa8 0000F0FF 			.word	0xFFF00000, 0x0003FFC0
 8897      C0FF0300 
 8898 12ab0 0000F0FF 			.word	0xFFF00000, 0x0003FFC0
 8898      C0FF0300 
 8899 12ab8 0000F0FF 			.word	0xFFF00000, 0x0003FFC0
 8899      C0FF0300 
 8900 12ac0 0000F0FF 			.word	0xFFF00000, 0x0003FFC0
 8900      C0FF0300 
 8901 12ac8 0000F0FF 			.word	0xFFF00000, 0x0003FFC0
 8901      C0FF0300 
 8902 12ad0 0000F0FF 			.word	0xFFF00000, 0x0003FFC0
 8902      C0FF0300 
 8903 12ad8 0000F0FF 			.word	0xFFF00000, 0x0003FFC0
 8903      C0FF0300 
 8904 12ae0 0000F0FF 			.word	0xFFF00000, 0x0003FFC0
 8904      C0FF0300 
 8905 12ae8 0000F0FF 			.word	0xFFF00000, 0x0003FFC0
 8905      C0FF0300 
 8906 12af0 0000F0FF 			.word	0xFFF00000, 0x0003FFC0
 8906      C0FF0300 
 8907 12af8 0000F0FF 			.word	0xFFF00000, 0x0003FFC0
 8907      C0FF0300 
 8908 12b00 0000F0FF 			.word	0xFFF00000, 0x0003FFC0
 8908      C0FF0300 
 8909 12b08 0000F0FF 			.word	0xFFF00000, 0x0003FFC0
 8909      C0FF0300 
 8910 12b10 0000F0FF 			.word	0xFFF00000, 0x0003FFC0
 8910      C0FF0300 
 8911 12b18 0000F0FF 			.word	0xFFF00000, 0x0003FFC0
 8911      C0FF0300 
 8912 12b20 0000F0FF 			.word	0xFFF00000, 0x0003FFC0
 8912      C0FF0300 
 8913 12b28 0000F0FF 			.word	0xFFF00000, 0x0003FFC0
 8913      C0FF0300 
 8914 12b30 0000F0FF 			.word	0xFFF00000, 0x0003FFC0
 8914      C0FF0300 
 8915 12b38 0000F0FF 			.word	0xFFF00000, 0x0003FFC0
 8915      C0FF0300 
 8916 12b40 0000F0FF 			.word	0xFFF00000, 0x0003FFC0
 8916      C0FF0300 
 8917 12b48 0000F0FF 			.word	0xFFF00000, 0x0003FFC0
ARM GAS  font_arial104.s 			page 343


 8917      C0FF0300 
 8918 12b50 0000F0FF 			.word	0xFFF00000, 0x0003FFC0
 8918      C0FF0300 
 8919 12b58 0000F0FF 			.word	0xFFF00000, 0x0003FFC0
 8919      C0FF0300 
 8920 12b60 0000F0FF 			.word	0xFFF00000, 0x0003FFC0
 8920      C0FF0300 
 8921 12b68 0000F0FF 			.word	0xFFF00000, 0x0003FFC0
 8921      C0FF0300 
 8922 12b70 0000F0FF 			.word	0xFFF00000, 0x0003FFC0
 8922      C0FF0300 
 8923 12b78 0000F0FF 			.word	0xFFF00000, 0x0003FFC0
 8923      C0FF0300 
 8924 12b80 0000F0FF 			.word	0xFFF00000, 0x0003FFC0
 8924      C0FF0300 
 8925 12b88 0000F0FF 			.word	0xFFF00000, 0x0003FFC0
 8925      C0FF0300 
 8926 12b90 0000F0FF 			.word	0xFFF00000, 0x0003FFC0
 8926      C0FF0300 
 8927 12b98 0000F0FF 			.word	0xFFF00000, 0x0003FFC0
 8927      C0FF0300 
 8928 12ba0 0000F0FF 			.word	0xFFF00000, 0x0003FFC0
 8928      C0FF0300 
 8929 12ba8 0000F0FF 			.word	0xFFF00000, 0x0003FFC0
 8929      C0FF0300 
 8930 12bb0 0000F0FF 			.word	0xFFF00000, 0x0003FFC0
 8930      C0FF0300 
 8931 12bb8 0000F0FF 			.word	0xFFF00000, 0x0003FFC0
 8931      C0FF0300 
 8932 12bc0 0000F0FF 			.word	0xFFF00000, 0x0003FFC0
 8932      C0FF0300 
 8933 12bc8 0000F0FF 			.word	0xFFF00000, 0x0003FFC0
 8933      C0FF0300 
 8934 12bd0 0000F0FF 			.word	0xFFF00000, 0x0003FFC0
 8934      C0FF0300 
 8935 12bd8 0000F0FF 			.word	0xFFF00000, 0x0003FFC0
 8935      C0FF0300 
 8936 12be0 0000F0FF 			.word	0xFFF00000, 0x0003FFC0
 8936      C0FF0300 
 8937 12be8 0000F0FF 			.word	0xFFF00000, 0x0003FFC0
 8937      C0FF0300 
 8938 12bf0 0000F0FF 			.word	0xFFF00000, 0x0003FFC0
 8938      C0FF0300 
 8939 12bf8 0000F0FF 			.word	0xFFF00000, 0x0003FFC0
 8939      C0FF0300 
 8940 12c00 0000F0FF 			.word	0xFFF00000, 0x0003FFC0
 8940      C0FF0300 
 8941 12c08 0000F0FF 			.word	0xFFF00000, 0x0007FFC0
 8941      C0FF0700 
 8942 12c10 0000F0FF 			.word	0xFFF00000, 0x0007FFC0
 8942      C0FF0700 
 8943 12c18 0000F0FF 			.word	0xFFF00000, 0x0007FFC0
 8943      C0FF0700 
 8944 12c20 0000F0FF 			.word	0xFFF00000, 0x0007FFC0
 8944      C0FF0700 
 8945 12c28 0000F0FF 			.word	0xFFF00000, 0x0007FFC0
 8945      C0FF0700 
ARM GAS  font_arial104.s 			page 344


 8946 12c30 0000F0FF 			.word	0xFFF00000, 0x0007FFC0
 8946      C0FF0700 
 8947 12c38 0000F8FF 			.word	0xFFF80000, 0x000FFFC0
 8947      C0FF0F00 
 8948 12c40 0000F8FF 			.word	0xFFF80000, 0x000FFFC0
 8948      C0FF0F00 
 8949 12c48 0000F8FF 			.word	0xFFF80000, 0x001FFFC0
 8949      C0FF1F00 
 8950 12c50 0000F8FF 			.word	0xFFF80000, 0x001FFFC0
 8950      C0FF1F00 
 8951 12c58 0000FCFF 			.word	0xFFFC0000, 0x003FFFC0
 8951      C0FF3F00 
 8952 12c60 0000FCFF 			.word	0xFFFC0000, 0x003FFFC0
 8952      C0FF3F00 
 8953 12c68 0000FE7F 			.word	0x7FFE0000, 0x007FFFC0
 8953      C0FF7F00 
 8954 12c70 0000FF7F 			.word	0x7FFF0000, 0x00FFFFC0
 8954      C0FFFF00 
 8955 12c78 0080FF7F 			.word	0x7FFF8000, 0x03FFFFC0
 8955      C0FFFF03 
 8956 12c80 00C0FF7F 			.word	0x7FFFC000, 0x07FFFFC0
 8956      C0FFFF07 
 8957 12c88 00F0FF3F 			.word	0x3FFFF000, 0x1FFFFFC0
 8957      C0FFFF1F 
 8958 12c90 01FCFF3F 			.word	0x3FFFFC01, 0xFFFDFFC0
 8958      C0FFFDFF 
 8959 12c98 FFFFFF1F 			.word	0x1FFFFFFF, 0xFFF9FFC0
 8959      C0FFF9FF 
 8960 12ca0 FFFFFF1F 			.word	0x1FFFFFFF, 0xFFF9FFC0
 8960      C0FFF9FF 
 8961 12ca8 FFFFFF0F 			.word	0x0FFFFFFF, 0xFFF1FFC0
 8961      C0FFF1FF 
 8962 12cb0 FFFFFF0F 			.word	0x0FFFFFFF, 0xFFE1FFC0
 8962      C0FFE1FF 
 8963 12cb8 FFFFFF07 			.word	0x07FFFFFF, 0xFFC1FFC0
 8963      C0FFC1FF 
 8964 12cc0 FFFFFF03 			.word	0x03FFFFFF, 0xFF81FFC0
 8964      C0FF81FF 
 8965 12cc8 FFFFFF01 			.word	0x01FFFFFF, 0xFF01FFC0
 8965      C0FF01FF 
 8966 12cd0 FFFF7F00 			.word	0x007FFFFF, 0xFE01FFC0
 8966      C0FF01FE 
 8967 12cd8 FFFF3F00 			.word	0x003FFFFF, 0xF801FFC0
 8967      C0FF01F8 
 8968 12ce0 FFFF0F00 			.word	0x000FFFFF, 0xE001FFC0
 8968      C0FF01E0 
 8969 12ce8 FFFF0100 			.word	0x0001FFFF, 0x8001FFC0
 8969      C0FF0180 
 8970 12cf0 FC1F0000 			.word	0x00001FFC, 0x00000000
 8970      00000000 
 8971              	
 8972              	LOWERCASE_V:
 8973 12cf8 76000000 			.word	'v			// ASCII "v" character
 8974 12cfc 47000000 			.word	71			// cell pixel width
 8975 12d00 82000000 			.word	CELLHGHT		// cell pixel height
 8976 12d04 41000000 			.word	65			// glyph pixel width
 8977 12d08 49000000 			.word	73			// glyph pixel height
ARM GAS  font_arial104.s 			page 345


 8978 12d0c 03000000 			.word	3			// blank horizontal pixels before glyph
 8979 12d10 03000000 			.word	3			// blank horizontal pixels after glyph
 8980 12d14 1B000000 			.word	27			// blank horizontal lines before glyph
 8981 12d18 1E000000 			.word	30			// blank horizontal lines after glyph
 8982              							// bit mapped glyph
 8983 12d1c 0000F0FF 			.word	0xFFF00000, 0x000007FF, 0x80000000
 8983      FF070000 
 8983      00000080 
 8984 12d28 0000F8FF 			.word	0xFFF80000, 0x000007FF, 0x80000000
 8984      FF070000 
 8984      00000080 
 8985 12d34 0000F87F 			.word	0x7FF80000, 0x00000FFF, 0x80000000
 8985      FF0F0000 
 8985      00000080 
 8986 12d40 0000FC7F 			.word	0x7FFC0000, 0x00000FFF, 0x00000000
 8986      FF0F0000 
 8986      00000000 
 8987 12d4c 0000FC7F 			.word	0x7FFC0000, 0x00000FFF, 0x00000000
 8987      FF0F0000 
 8987      00000000 
 8988 12d58 0000FC3F 			.word	0x3FFC0000, 0x00001FFE, 0x00000000
 8988      FE1F0000 
 8988      00000000 
 8989 12d64 0000FE3F 			.word	0x3FFE0000, 0x00001FFE, 0x00000000
 8989      FE1F0000 
 8989      00000000 
 8990 12d70 0000FE3F 			.word	0x3FFE0000, 0x00003FFE, 0x00000000
 8990      FE3F0000 
 8990      00000000 
 8991 12d7c 0000FE1F 			.word	0x1FFE0000, 0x00003FFC, 0x00000000
 8991      FC3F0000 
 8991      00000000 
 8992 12d88 0000FF1F 			.word	0x1FFF0000, 0x00003FFC, 0x00000000
 8992      FC3F0000 
 8992      00000000 
 8993 12d94 0000FF0F 			.word	0x0FFF0000, 0x00007FFC, 0x00000000
 8993      FC7F0000 
 8993      00000000 
 8994 12da0 0000FF0F 			.word	0x0FFF0000, 0x00007FF8, 0x00000000
 8994      F87F0000 
 8994      00000000 
 8995 12dac 0080FF0F 			.word	0x0FFF8000, 0x00007FF8, 0x00000000
 8995      F87F0000 
 8995      00000000 
 8996 12db8 0080FF07 			.word	0x07FF8000, 0x0000FFF8, 0x00000000
 8996      F8FF0000 
 8996      00000000 
 8997 12dc4 0080FF07 			.word	0x07FF8000, 0x0000FFF0, 0x00000000
 8997      F0FF0000 
 8997      00000000 
 8998 12dd0 00C0FF07 			.word	0x07FFC000, 0x0000FFF0, 0x00000000
 8998      F0FF0000 
 8998      00000000 
 8999 12ddc 00C0FF03 			.word	0x03FFC000, 0x0001FFE0, 0x00000000
 8999      E0FF0100 
 8999      00000000 
 9000 12de8 00C0FF03 			.word	0x03FFC000, 0x0001FFE0, 0x00000000
ARM GAS  font_arial104.s 			page 346


 9000      E0FF0100 
 9000      00000000 
 9001 12df4 00E0FF01 			.word	0x01FFE000, 0x0003FFE0, 0x00000000
 9001      E0FF0300 
 9001      00000000 
 9002 12e00 00E0FF01 			.word	0x01FFE000, 0x0003FFC0, 0x00000000
 9002      C0FF0300 
 9002      00000000 
 9003 12e0c 00F0FF01 			.word	0x01FFF000, 0x0003FFC0, 0x00000000
 9003      C0FF0300 
 9003      00000000 
 9004 12e18 00F0FF00 			.word	0x00FFF000, 0x0007FFC0, 0x00000000
 9004      C0FF0700 
 9004      00000000 
 9005 12e24 00F0FF00 			.word	0x00FFF000, 0x0007FF80, 0x00000000
 9005      80FF0700 
 9005      00000000 
 9006 12e30 00F8FF00 			.word	0x00FFF800, 0x0007FF80, 0x00000000
 9006      80FF0700 
 9006      00000000 
 9007 12e3c 00F87F00 			.word	0x007FF800, 0x000FFF00, 0x00000000
 9007      00FF0F00 
 9007      00000000 
 9008 12e48 00F87F00 			.word	0x007FF800, 0x000FFF00, 0x00000000
 9008      00FF0F00 
 9008      00000000 
 9009 12e54 00FC3F00 			.word	0x003FFC00, 0x000FFF00, 0x00000000
 9009      00FF0F00 
 9009      00000000 
 9010 12e60 00FC3F00 			.word	0x003FFC00, 0x001FFE00, 0x00000000
 9010      00FE1F00 
 9010      00000000 
 9011 12e6c 00FC3F00 			.word	0x003FFC00, 0x001FFE00, 0x00000000
 9011      00FE1F00 
 9011      00000000 
 9012 12e78 00FE1F00 			.word	0x001FFE00, 0x001FFE00, 0x00000000
 9012      00FE1F00 
 9012      00000000 
 9013 12e84 00FE1F00 			.word	0x001FFE00, 0x003FFC00, 0x00000000
 9013      00FC3F00 
 9013      00000000 
 9014 12e90 00FE1F00 			.word	0x001FFE00, 0x003FFC00, 0x00000000
 9014      00FC3F00 
 9014      00000000 
 9015 12e9c 00FF0F00 			.word	0x000FFF00, 0x007FF800, 0x00000000
 9015      00F87F00 
 9015      00000000 
 9016 12ea8 00FF0F00 			.word	0x000FFF00, 0x007FF800, 0x00000000
 9016      00F87F00 
 9016      00000000 
 9017 12eb4 80FF0700 			.word	0x0007FF80, 0x007FF800, 0x00000000
 9017      00F87F00 
 9017      00000000 
 9018 12ec0 80FF0700 			.word	0x0007FF80, 0x00FFF000, 0x00000000
 9018      00F0FF00 
 9018      00000000 
 9019 12ecc 80FF0700 			.word	0x0007FF80, 0x00FFF000, 0x00000000
ARM GAS  font_arial104.s 			page 347


 9019      00F0FF00 
 9019      00000000 
 9020 12ed8 C0FF0300 			.word	0x0003FFC0, 0x00FFF000, 0x00000000
 9020      00F0FF00 
 9020      00000000 
 9021 12ee4 C0FF0300 			.word	0x0003FFC0, 0x01FFE000, 0x00000000
 9021      00E0FF01 
 9021      00000000 
 9022 12ef0 C0FF0300 			.word	0x0003FFC0, 0x01FFE000, 0x00000000
 9022      00E0FF01 
 9022      00000000 
 9023 12efc E0FF0100 			.word	0x0001FFE0, 0x01FFC000, 0x00000000
 9023      00C0FF01 
 9023      00000000 
 9024 12f08 E0FF0100 			.word	0x0001FFE0, 0x03FFC000, 0x00000000
 9024      00C0FF03 
 9024      00000000 
 9025 12f14 E0FF0000 			.word	0x0000FFE0, 0x03FFC000, 0x00000000
 9025      00C0FF03 
 9025      00000000 
 9026 12f20 F0FF0000 			.word	0x0000FFF0, 0x03FF8000, 0x00000000
 9026      0080FF03 
 9026      00000000 
 9027 12f2c F0FF0000 			.word	0x0000FFF0, 0x07FF8000, 0x00000000
 9027      0080FF07 
 9027      00000000 
 9028 12f38 F07F0000 			.word	0x00007FF0, 0x07FF8000, 0x00000000
 9028      0080FF07 
 9028      00000000 
 9029 12f44 F87F0000 			.word	0x00007FF8, 0x0FFF0000, 0x00000000
 9029      0000FF0F 
 9029      00000000 
 9030 12f50 F87F0000 			.word	0x00007FF8, 0x0FFF0000, 0x00000000
 9030      0000FF0F 
 9030      00000000 
 9031 12f5c F83F0000 			.word	0x00003FF8, 0x0FFE0000, 0x00000000
 9031      0000FE0F 
 9031      00000000 
 9032 12f68 FC3F0000 			.word	0x00003FFC, 0x1FFE0000, 0x00000000
 9032      0000FE1F 
 9032      00000000 
 9033 12f74 FC1F0000 			.word	0x00001FFC, 0x1FFE0000, 0x00000000
 9033      0000FE1F 
 9033      00000000 
 9034 12f80 FC1F0000 			.word	0x00001FFC, 0x1FFC0000, 0x00000000
 9034      0000FC1F 
 9034      00000000 
 9035 12f8c FE1F0000 			.word	0x00001FFE, 0x3FFC0000, 0x00000000
 9035      0000FC3F 
 9035      00000000 
 9036 12f98 FE0F0000 			.word	0x00000FFE, 0x3FFC0000, 0x00000000
 9036      0000FC3F 
 9036      00000000 
 9037 12fa4 FE0F0000 			.word	0x00000FFE, 0x3FF80000, 0x00000000
 9037      0000F83F 
 9037      00000000 
 9038 12fb0 FF0F0000 			.word	0x00000FFF, 0x7FF80000, 0x00000000
ARM GAS  font_arial104.s 			page 348


 9038      0000F87F 
 9038      00000000 
 9039 12fbc FF070000 			.word	0x000007FF, 0x7FF00000, 0x00000000
 9039      0000F07F 
 9039      00000000 
 9040 12fc8 FF070000 			.word	0x000007FF, 0x7FF00000, 0x00000000
 9040      0000F07F 
 9040      00000000 
 9041 12fd4 FF030000 			.word	0x000003FF, 0xFFF00000, 0x00000000
 9041      0000F0FF 
 9041      00000000 
 9042 12fe0 FF030000 			.word	0x000003FF, 0xFFE00000, 0x00000000
 9042      0000E0FF 
 9042      00000000 
 9043 12fec FF030000 			.word	0x000003FF, 0xFFE00000, 0x00000000
 9043      0000E0FF 
 9043      00000000 
 9044 12ff8 FF010000 			.word	0x000001FF, 0xFFE00000, 0x00000000
 9044      0000E0FF 
 9044      00000000 
 9045 13004 FF010000 			.word	0x000001FF, 0xFFC00000, 0x00000000
 9045      0000C0FF 
 9045      00000000 
 9046 13010 FF010000 			.word	0x000001FF, 0xFFC00000, 0x00000000
 9046      0000C0FF 
 9046      00000000 
 9047 1301c FF000000 			.word	0x000000FF, 0xFF800000, 0x00000000
 9047      000080FF 
 9047      00000000 
 9048 13028 FF000000 			.word	0x000000FF, 0xFF800000, 0x00000000
 9048      000080FF 
 9048      00000000 
 9049 13034 7F000000 			.word	0x0000007F, 0xFF800000, 0x00000000
 9049      000080FF 
 9049      00000000 
 9050 13040 7F000000 			.word	0x0000007F, 0xFF000000, 0x00000000
 9050      000000FF 
 9050      00000000 
 9051 1304c 7F000000 			.word	0x0000007F, 0xFF000000, 0x00000000
 9051      000000FF 
 9051      00000000 
 9052 13058 3F000000 			.word	0x0000003F, 0xFF000000, 0x00000000
 9052      000000FF 
 9052      00000000 
 9053 13064 3F000000 			.word	0x0000003F, 0xFE000000, 0x00000000
 9053      000000FE 
 9053      00000000 
 9054 13070 3F000000 			.word	0x0000003F, 0xFE000000, 0x00000000
 9054      000000FE 
 9054      00000000 
 9055 1307c 1F000000 			.word	0x0000001F, 0xFC000000, 0x00000000
 9055      000000FC 
 9055      00000000 
 9056              	
 9057              	LOWERCASE_W:
 9058 13088 77000000 			.word	'w			// ASCII "w" character
 9059 1308c 63000000 			.word	99			// cell pixel width
ARM GAS  font_arial104.s 			page 349


 9060 13090 82000000 			.word	CELLHGHT		// cell pixel height
 9061 13094 61000000 			.word	97			// glyph pixel width
 9062 13098 49000000 			.word	73			// glyph pixel height
 9063 1309c 01000000 			.word	1			// blank horizontal pixels before glyph
 9064 130a0 01000000 			.word	1			// blank horizontal pixels after glyph
 9065 130a4 1B000000 			.word	27			// blank horizontal lines before glyph
 9066 130a8 1E000000 			.word	30			// blank horizontal lines after glyph
 9067              							// bit mapped glyph
 9068 130ac 0000F0FF 			.word	0xFFF00000, 0x003FFE00, 0x000007FF, 0x80000000
 9068      00FE3F00 
 9068      FF070000 
 9068      00000080 
 9069 130bc 0000F0FF 			.word	0xFFF00000, 0x003FFE00, 0x000007FF, 0x00000000
 9069      00FE3F00 
 9069      FF070000 
 9069      00000000 
 9070 130cc 0000F8FF 			.word	0xFFF80000, 0x003FFF00, 0x00000FFF, 0x00000000
 9070      00FF3F00 
 9070      FF0F0000 
 9070      00000000 
 9071 130dc 0000F87F 			.word	0x7FF80000, 0x003FFF00, 0x00000FFF, 0x00000000
 9071      00FF3F00 
 9071      FF0F0000 
 9071      00000000 
 9072 130ec 0000F87F 			.word	0x7FF80000, 0x007FFF00, 0x00000FFF, 0x00000000
 9072      00FF7F00 
 9072      FF0F0000 
 9072      00000000 
 9073 130fc 0000F87F 			.word	0x7FF80000, 0x007FFF00, 0x00000FFE, 0x00000000
 9073      00FF7F00 
 9073      FE0F0000 
 9073      00000000 
 9074 1310c 0000FC7F 			.word	0x7FFC0000, 0x007FFF00, 0x00001FFE, 0x00000000
 9074      00FF7F00 
 9074      FE1F0000 
 9074      00000000 
 9075 1311c 0000FC3F 			.word	0x3FFC0000, 0x007FFF80, 0x00001FFE, 0x00000000
 9075      80FF7F00 
 9075      FE1F0000 
 9075      00000000 
 9076 1312c 0000FC3F 			.word	0x3FFC0000, 0x00FFFF80, 0x00001FFC, 0x00000000
 9076      80FFFF00 
 9076      FC1F0000 
 9076      00000000 
 9077 1313c 0000FE3F 			.word	0x3FFE0000, 0x00FFFF80, 0x00003FFC, 0x00000000
 9077      80FFFF00 
 9077      FC3F0000 
 9077      00000000 
 9078 1314c 0000FE1F 			.word	0x1FFE0000, 0x00FFFF80, 0x00003FFC, 0x00000000
 9078      80FFFF00 
 9078      FC3F0000 
 9078      00000000 
 9079 1315c 0000FE1F 			.word	0x1FFE0000, 0x01FFFFC0, 0x00003FF8, 0x00000000
 9079      C0FFFF01 
 9079      F83F0000 
 9079      00000000 
 9080 1316c 0000FE1F 			.word	0x1FFE0000, 0x01FFFFC0, 0x00003FF8, 0x00000000
ARM GAS  font_arial104.s 			page 350


 9080      C0FFFF01 
 9080      F83F0000 
 9080      00000000 
 9081 1317c 0000FF0F 			.word	0x0FFF0000, 0x01FFFFC0, 0x00007FF8, 0x00000000
 9081      C0FFFF01 
 9081      F87F0000 
 9081      00000000 
 9082 1318c 0000FF0F 			.word	0x0FFF0000, 0x01FFFFC0, 0x00007FF0, 0x00000000
 9082      C0FFFF01 
 9082      F07F0000 
 9082      00000000 
 9083 1319c 0000FF0F 			.word	0x0FFF0000, 0x03FFFFE0, 0x00007FF0, 0x00000000
 9083      E0FFFF03 
 9083      F07F0000 
 9083      00000000 
 9084 131ac 0000FF0F 			.word	0x0FFF0000, 0x03FFFFE0, 0x0000FFF0, 0x00000000
 9084      E0FFFF03 
 9084      F0FF0000 
 9084      00000000 
 9085 131bc 0080FF07 			.word	0x07FF8000, 0x03FFFFE0, 0x0000FFF0, 0x00000000
 9085      E0FFFF03 
 9085      F0FF0000 
 9085      00000000 
 9086 131cc 0080FF07 			.word	0x07FF8000, 0x03FF7FE0, 0x0000FFE0, 0x00000000
 9086      E07FFF03 
 9086      E0FF0000 
 9086      00000000 
 9087 131dc 0080FF07 			.word	0x07FF8000, 0x07FE7FF0, 0x0000FFE0, 0x00000000
 9087      F07FFE07 
 9087      E0FF0000 
 9087      00000000 
 9088 131ec 0080FF03 			.word	0x03FF8000, 0x07FE7FF0, 0x0001FFE0, 0x00000000
 9088      F07FFE07 
 9088      E0FF0100 
 9088      00000000 
 9089 131fc 00C0FF03 			.word	0x03FFC000, 0x07FE7FF0, 0x0001FFC0, 0x00000000
 9089      F07FFE07 
 9089      C0FF0100 
 9089      00000000 
 9090 1320c 00C0FF03 			.word	0x03FFC000, 0x07FE3FF0, 0x0001FFC0, 0x00000000
 9090      F03FFE07 
 9090      C0FF0100 
 9090      00000000 
 9091 1321c 00C0FF01 			.word	0x01FFC000, 0x0FFC3FF8, 0x0003FFC0, 0x00000000
 9091      F83FFC0F 
 9091      C0FF0300 
 9091      00000000 
 9092 1322c 00E0FF01 			.word	0x01FFE000, 0x0FFC3FF8, 0x0003FF80, 0x00000000
 9092      F83FFC0F 
 9092      80FF0300 
 9092      00000000 
 9093 1323c 00E0FF01 			.word	0x01FFE000, 0x0FFC3FF8, 0x0003FF80, 0x00000000
 9093      F83FFC0F 
 9093      80FF0300 
 9093      00000000 
 9094 1324c 00E0FF01 			.word	0x01FFE000, 0x0FFC3FF8, 0x0003FF80, 0x00000000
 9094      F83FFC0F 
ARM GAS  font_arial104.s 			page 351


 9094      80FF0300 
 9094      00000000 
 9095 1325c 00E0FF00 			.word	0x00FFE000, 0x1FF81FFC, 0x0007FF00, 0x00000000
 9095      FC1FF81F 
 9095      00FF0700 
 9095      00000000 
 9096 1326c 00F0FF00 			.word	0x00FFF000, 0x1FF81FFC, 0x0007FF00, 0x00000000
 9096      FC1FF81F 
 9096      00FF0700 
 9096      00000000 
 9097 1327c 00F0FF00 			.word	0x00FFF000, 0x1FF81FFC, 0x0007FF00, 0x00000000
 9097      FC1FF81F 
 9097      00FF0700 
 9097      00000000 
 9098 1328c 00F07F00 			.word	0x007FF000, 0x3FF81FFC, 0x000FFF00, 0x00000000
 9098      FC1FF83F 
 9098      00FF0F00 
 9098      00000000 
 9099 1329c 00F07F00 			.word	0x007FF000, 0x3FF00FFE, 0x000FFE00, 0x00000000
 9099      FE0FF03F 
 9099      00FE0F00 
 9099      00000000 
 9100 132ac 00F87F00 			.word	0x007FF800, 0x3FF00FFE, 0x000FFE00, 0x00000000
 9100      FE0FF03F 
 9100      00FE0F00 
 9100      00000000 
 9101 132bc 00F83F00 			.word	0x003FF800, 0x3FF00FFE, 0x000FFE00, 0x00000000
 9101      FE0FF03F 
 9101      00FE0F00 
 9101      00000000 
 9102 132cc 00F83F00 			.word	0x003FF800, 0x7FF00FFE, 0x001FFC00, 0x00000000
 9102      FE0FF07F 
 9102      00FC1F00 
 9102      00000000 
 9103 132dc 00F83F00 			.word	0x003FF800, 0x7FE007FF, 0x001FFC00, 0x00000000
 9103      FF07E07F 
 9103      00FC1F00 
 9103      00000000 
 9104 132ec 00FC3F00 			.word	0x003FFC00, 0x7FE007FF, 0x001FFC00, 0x00000000
 9104      FF07E07F 
 9104      00FC1F00 
 9104      00000000 
 9105 132fc 00FC1F00 			.word	0x001FFC00, 0x7FE007FF, 0x003FF800, 0x00000000
 9105      FF07E07F 
 9105      00F83F00 
 9105      00000000 
 9106 1330c 00FC1F00 			.word	0x001FFC00, 0xFFE007FF, 0x003FF800, 0x00000000
 9106      FF07E0FF 
 9106      00F83F00 
 9106      00000000 
 9107 1331c 00FE1F00 			.word	0x001FFE00, 0xFFC003FF, 0x803FF800, 0x00000000
 9107      FF03C0FF 
 9107      00F83F80 
 9107      00000000 
 9108 1332c 00FE0F00 			.word	0x000FFE00, 0xFFC003FF, 0x803FF800, 0x00000000
 9108      FF03C0FF 
 9108      00F83F80 
ARM GAS  font_arial104.s 			page 352


 9108      00000000 
 9109 1333c 00FE0F00 			.word	0x000FFE00, 0xFFC003FF, 0x807FF000, 0x00000000
 9109      FF03C0FF 
 9109      00F07F80 
 9109      00000000 
 9110 1334c 01FE0F00 			.word	0x000FFE01, 0xFFC003FF, 0x807FF000, 0x00000000
 9110      FF03C0FF 
 9110      00F07F80 
 9110      00000000 
 9111 1335c 01FF0F00 			.word	0x000FFF01, 0xFF8001FF, 0xC07FF000, 0x00000000
 9111      FF0180FF 
 9111      00F07FC0 
 9111      00000000 
 9112 1336c 01FF0700 			.word	0x0007FF01, 0xFF8001FF, 0xC0FFE000, 0x00000000
 9112      FF0180FF 
 9112      00E0FFC0 
 9112      00000000 
 9113 1337c 01FF0700 			.word	0x0007FF01, 0xFF8001FF, 0xC0FFE000, 0x00000000
 9113      FF0180FF 
 9113      00E0FFC0 
 9113      00000000 
 9114 1338c 03FF0700 			.word	0x0007FF03, 0xFF8001FF, 0xC0FFE000, 0x00000000
 9114      FF0180FF 
 9114      00E0FFC0 
 9114      00000000 
 9115 1339c 83FF0300 			.word	0x0003FF83, 0xFF0000FF, 0xE0FFC000, 0x00000000
 9115      FF0000FF 
 9115      00C0FFE0 
 9115      00000000 
 9116 133ac 83FF0300 			.word	0x0003FF83, 0xFF0000FF, 0xE1FFC000, 0x00000000
 9116      FF0000FF 
 9116      00C0FFE1 
 9116      00000000 
 9117 133bc 83FF0300 			.word	0x0003FF83, 0xFF0000FF, 0xE1FFC000, 0x00000000
 9117      FF0000FF 
 9117      00C0FFE1 
 9117      00000000 
 9118 133cc 87FF0100 			.word	0x0001FF87, 0xFF0000FF, 0xE1FF8000, 0x00000000
 9118      FF0000FF 
 9118      0080FFE1 
 9118      00000000 
 9119 133dc C7FF0100 			.word	0x0001FFC7, 0xFE00007F, 0xF3FF8000, 0x00000000
 9119      7F0000FE 
 9119      0080FFF3 
 9119      00000000 
 9120 133ec C7FF0100 			.word	0x0001FFC7, 0xFE00007F, 0xF3FF8000, 0x00000000
 9120      7F0000FE 
 9120      0080FFF3 
 9120      00000000 
 9121 133fc C7FF0100 			.word	0x0001FFC7, 0xFE00007F, 0xF3FF8000, 0x00000000
 9121      7F0000FE 
 9121      0080FFF3 
 9121      00000000 
 9122 1340c EFFF0000 			.word	0x0000FFEF, 0xFE00007F, 0xF3FF0000, 0x00000000
 9122      7F0000FE 
 9122      0000FFF3 
 9122      00000000 
ARM GAS  font_arial104.s 			page 353


 9123 1341c EFFF0000 			.word	0x0000FFEF, 0xFC00003F, 0xFFFF0000, 0x00000000
 9123      3F0000FC 
 9123      0000FFFF 
 9123      00000000 
 9124 1342c EFFF0000 			.word	0x0000FFEF, 0xFC00003F, 0xFFFF0000, 0x00000000
 9124      3F0000FC 
 9124      0000FFFF 
 9124      00000000 
 9125 1343c FF7F0000 			.word	0x00007FFF, 0xFC00003F, 0xFFFE0000, 0x00000000
 9125      3F0000FC 
 9125      0000FEFF 
 9125      00000000 
 9126 1344c FF7F0000 			.word	0x00007FFF, 0xFC00003F, 0xFFFE0000, 0x00000000
 9126      3F0000FC 
 9126      0000FEFF 
 9126      00000000 
 9127 1345c FF7F0000 			.word	0x00007FFF, 0xF800001F, 0xFFFE0000, 0x00000000
 9127      1F0000F8 
 9127      0000FEFF 
 9127      00000000 
 9128 1346c FF3F0000 			.word	0x00003FFF, 0xF800001F, 0xFFFC0000, 0x00000000
 9128      1F0000F8 
 9128      0000FCFF 
 9128      00000000 
 9129 1347c FF3F0000 			.word	0x00003FFF, 0xF800001F, 0xFFFC0000, 0x00000000
 9129      1F0000F8 
 9129      0000FCFF 
 9129      00000000 
 9130 1348c FF3F0000 			.word	0x00003FFF, 0xF800001F, 0xFFFC0000, 0x00000000
 9130      1F0000F8 
 9130      0000FCFF 
 9130      00000000 
 9131 1349c FF3F0000 			.word	0x00003FFF, 0xF000000F, 0xFFFC0000, 0x00000000
 9131      0F0000F0 
 9131      0000FCFF 
 9131      00000000 
 9132 134ac FF1F0000 			.word	0x00001FFF, 0xF000000F, 0xFFF80000, 0x00000000
 9132      0F0000F0 
 9132      0000F8FF 
 9132      00000000 
 9133 134bc FF1F0000 			.word	0x00001FFF, 0xF000000F, 0xFFF80000, 0x00000000
 9133      0F0000F0 
 9133      0000F8FF 
 9133      00000000 
 9134 134cc FF1F0000 			.word	0x00001FFF, 0xF000000F, 0xFFF80000, 0x00000000
 9134      0F0000F0 
 9134      0000F8FF 
 9134      00000000 
 9135 134dc FF0F0000 			.word	0x00000FFF, 0xE0000007, 0xFFF00000, 0x00000000
 9135      070000E0 
 9135      0000F0FF 
 9135      00000000 
 9136 134ec FF0F0000 			.word	0x00000FFF, 0xE0000007, 0xFFF00000, 0x00000000
 9136      070000E0 
 9136      0000F0FF 
 9136      00000000 
 9137 134fc FF0F0000 			.word	0x00000FFF, 0xE0000007, 0xFFF00000, 0x00000000
ARM GAS  font_arial104.s 			page 354


 9137      070000E0 
 9137      0000F0FF 
 9137      00000000 
 9138 1350c FF070000 			.word	0x000007FF, 0xE0000007, 0xFFE00000, 0x00000000
 9138      070000E0 
 9138      0000E0FF 
 9138      00000000 
 9139 1351c FF070000 			.word	0x000007FF, 0xC0000003, 0xFFE00000, 0x00000000
 9139      030000C0 
 9139      0000E0FF 
 9139      00000000 
 9140 1352c FF070000 			.word	0x000007FF, 0xC0000003, 0xFFE00000, 0x00000000
 9140      030000C0 
 9140      0000E0FF 
 9140      00000000 
 9141              	
 9142              	LOWERCASE_X:
 9143 1353c 78000000 			.word	'x			// ASCII "x" character
 9144 13540 46000000 			.word	70			// cell pixel width
 9145 13544 82000000 			.word	CELLHGHT		// cell pixel height
 9146 13548 44000000 			.word	68			// glyph pixel width
 9147 1354c 49000000 			.word	73			// glyph pixel height
 9148 13550 01000000 			.word	1			// blank horizontal pixels before glyph
 9149 13554 01000000 			.word	1			// blank horizontal pixels after glyph
 9150 13558 1B000000 			.word	27			// blank horizontal lines before glyph
 9151 1355c 1E000000 			.word	30			// blank horizontal lines after glyph
 9152              							// bit mapped glyph
 9153 13560 00C0FF3F 			.word	0x3FFFC000, 0x00001FFF, 0xC0000000
 9153      FF1F0000 
 9153      000000C0 
 9154 1356c 00C0FF1F 			.word	0x1FFFC000, 0x00003FFF, 0x80000000
 9154      FF3F0000 
 9154      00000080 
 9155 13578 00E0FF0F 			.word	0x0FFFE000, 0x00003FFF, 0x00000000
 9155      FF3F0000 
 9155      00000000 
 9156 13584 00F0FF07 			.word	0x07FFF000, 0x00007FFE, 0x00000000
 9156      FE7F0000 
 9156      00000000 
 9157 13590 00F0FF07 			.word	0x07FFF000, 0x0000FFFE, 0x00000000
 9157      FEFF0000 
 9157      00000000 
 9158 1359c 00F8FF03 			.word	0x03FFF800, 0x0000FFFC, 0x00000000
 9158      FCFF0000 
 9158      00000000 
 9159 135a8 00FCFF01 			.word	0x01FFFC00, 0x0001FFF8, 0x00000000
 9159      F8FF0100 
 9159      00000000 
 9160 135b4 00FCFF01 			.word	0x01FFFC00, 0x0003FFF0, 0x00000000
 9160      F0FF0300 
 9160      00000000 
 9161 135c0 00FEFF00 			.word	0x00FFFE00, 0x0007FFF0, 0x00000000
 9161      F0FF0700 
 9161      00000000 
 9162 135cc 00FE7F00 			.word	0x007FFE00, 0x0007FFE0, 0x00000000
 9162      E0FF0700 
 9162      00000000 
ARM GAS  font_arial104.s 			page 355


 9163 135d8 00FF7F00 			.word	0x007FFF00, 0x000FFFC0, 0x00000000
 9163      C0FF0F00 
 9163      00000000 
 9164 135e4 80FF3F00 			.word	0x003FFF80, 0x001FFFC0, 0x00000000
 9164      C0FF1F00 
 9164      00000000 
 9165 135f0 80FF1F00 			.word	0x001FFF80, 0x001FFF80, 0x00000000
 9165      80FF1F00 
 9165      00000000 
 9166 135fc C0FF0F00 			.word	0x000FFFC0, 0x003FFF00, 0x00000000
 9166      00FF3F00 
 9166      00000000 
 9167 13608 E0FF0F00 			.word	0x000FFFE0, 0x007FFE00, 0x00000000
 9167      00FE7F00 
 9167      00000000 
 9168 13614 E0FF0700 			.word	0x0007FFE0, 0x00FFFE00, 0x00000000
 9168      00FEFF00 
 9168      00000000 
 9169 13620 F0FF0300 			.word	0x0003FFF0, 0x00FFFC00, 0x00000000
 9169      00FCFF00 
 9169      00000000 
 9170 1362c F8FF0300 			.word	0x0003FFF8, 0x01FFF800, 0x00000000
 9170      00F8FF01 
 9170      00000000 
 9171 13638 F8FF0100 			.word	0x0001FFF8, 0x03FFF000, 0x00000000
 9171      00F0FF03 
 9171      00000000 
 9172 13644 FCFF0000 			.word	0x0000FFFC, 0x03FFF000, 0x00000000
 9172      00F0FF03 
 9172      00000000 
 9173 13650 FEFF0000 			.word	0x0000FFFE, 0x07FFE000, 0x00000000
 9173      00E0FF07 
 9173      00000000 
 9174 1365c FE7F0000 			.word	0x00007FFE, 0x0FFFC000, 0x00000000
 9174      00C0FF0F 
 9174      00000000 
 9175 13668 FF3F0000 			.word	0x00003FFF, 0x0FFFC000, 0x00000000
 9175      00C0FF0F 
 9175      00000000 
 9176 13674 FF1F0000 			.word	0x00001FFF, 0x1FFF8000, 0x00000000
 9176      0080FF1F 
 9176      00000000 
 9177 13680 FF1F0000 			.word	0x00001FFF, 0xBFFF0000, 0x00000000
 9177      0000FFBF 
 9177      00000000 
 9178 1368c FF0F0000 			.word	0x00000FFF, 0xFFFE0000, 0x00000000
 9178      0000FEFF 
 9178      00000000 
 9179 13698 FF070000 			.word	0x000007FF, 0xFFFE0000, 0x00000000
 9179      0000FEFF 
 9179      00000000 
 9180 136a4 FF070000 			.word	0x000007FF, 0xFFFC0000, 0x00000000
 9180      0000FCFF 
 9180      00000000 
 9181 136b0 FF030000 			.word	0x000003FF, 0xFFF80000, 0x00000000
 9181      0000F8FF 
 9181      00000000 
ARM GAS  font_arial104.s 			page 356


 9182 136bc FF010000 			.word	0x000001FF, 0xFFF00000, 0x00000000
 9182      0000F0FF 
 9182      00000000 
 9183 136c8 FF010000 			.word	0x000001FF, 0xFFF00000, 0x00000000
 9183      0000F0FF 
 9183      00000000 
 9184 136d4 FF000000 			.word	0x000000FF, 0xFFE00000, 0x00000000
 9184      0000E0FF 
 9184      00000000 
 9185 136e0 7F000000 			.word	0x0000007F, 0xFFC00000, 0x00000000
 9185      0000C0FF 
 9185      00000000 
 9186 136ec 3F000000 			.word	0x0000003F, 0xFFC00000, 0x00000000
 9186      0000C0FF 
 9186      00000000 
 9187 136f8 3F000000 			.word	0x0000003F, 0xFF800000, 0x00000000
 9187      000080FF 
 9187      00000000 
 9188 13704 3F000000 			.word	0x0000003F, 0xFFC00000, 0x00000000
 9188      0000C0FF 
 9188      00000000 
 9189 13710 3F000000 			.word	0x0000003F, 0xFFC00000, 0x00000000
 9189      0000C0FF 
 9189      00000000 
 9190 1371c 7F000000 			.word	0x0000007F, 0xFFE00000, 0x00000000
 9190      0000E0FF 
 9190      00000000 
 9191 13728 FF000000 			.word	0x000000FF, 0xFFF00000, 0x00000000
 9191      0000F0FF 
 9191      00000000 
 9192 13734 FF000000 			.word	0x000000FF, 0xFFF00000, 0x00000000
 9192      0000F0FF 
 9192      00000000 
 9193 13740 FF010000 			.word	0x000001FF, 0xFFF80000, 0x00000000
 9193      0000F8FF 
 9193      00000000 
 9194 1374c FF030000 			.word	0x000003FF, 0xFFFC0000, 0x00000000
 9194      0000FCFF 
 9194      00000000 
 9195 13758 FF070000 			.word	0x000007FF, 0xFFFE0000, 0x00000000
 9195      0000FEFF 
 9195      00000000 
 9196 13764 FF070000 			.word	0x000007FF, 0xFFFE0000, 0x00000000
 9196      0000FEFF 
 9196      00000000 
 9197 13770 FF0F0000 			.word	0x00000FFF, 0xFFFF0000, 0x00000000
 9197      0000FFFF 
 9197      00000000 
 9198 1377c FF1F0000 			.word	0x00001FFF, 0x9FFF8000, 0x00000000
 9198      0080FF9F 
 9198      00000000 
 9199 13788 FF1F0000 			.word	0x00001FFF, 0x0FFF8000, 0x00000000
 9199      0080FF0F 
 9199      00000000 
 9200 13794 FF3F0000 			.word	0x00003FFF, 0x0FFFC000, 0x00000000
 9200      00C0FF0F 
 9200      00000000 
ARM GAS  font_arial104.s 			page 357


 9201 137a0 FE7F0000 			.word	0x00007FFE, 0x07FFE000, 0x00000000
 9201      00E0FF07 
 9201      00000000 
 9202 137ac FC7F0000 			.word	0x00007FFC, 0x03FFE000, 0x00000000
 9202      00E0FF03 
 9202      00000000 
 9203 137b8 FCFF0000 			.word	0x0000FFFC, 0x03FFF000, 0x00000000
 9203      00F0FF03 
 9203      00000000 
 9204 137c4 F8FF0100 			.word	0x0001FFF8, 0x01FFF800, 0x00000000
 9204      00F8FF01 
 9204      00000000 
 9205 137d0 F0FF0300 			.word	0x0003FFF0, 0x01FFFC00, 0x00000000
 9205      00FCFF01 
 9205      00000000 
 9206 137dc F0FF0300 			.word	0x0003FFF0, 0x00FFFC00, 0x00000000
 9206      00FCFF00 
 9206      00000000 
 9207 137e8 E0FF0700 			.word	0x0007FFE0, 0x007FFE00, 0x00000000
 9207      00FE7F00 
 9207      00000000 
 9208 137f4 C0FF0F00 			.word	0x000FFFC0, 0x007FFF00, 0x00000000
 9208      00FF7F00 
 9208      00000000 
 9209 13800 C0FF0F00 			.word	0x000FFFC0, 0x003FFF00, 0x00000000
 9209      00FF3F00 
 9209      00000000 
 9210 1380c 80FF1F00 			.word	0x001FFF80, 0x001FFF80, 0x00000000
 9210      80FF1F00 
 9210      00000000 
 9211 13818 00FF3F00 			.word	0x003FFF00, 0x001FFFC0, 0x00000000
 9211      C0FF1F00 
 9211      00000000 
 9212 13824 00FF3F00 			.word	0x003FFF00, 0x000FFFC0, 0x00000000
 9212      C0FF0F00 
 9212      00000000 
 9213 13830 00FE7F00 			.word	0x007FFE00, 0x0007FFE0, 0x00000000
 9213      E0FF0700 
 9213      00000000 
 9214 1383c 00FCFF00 			.word	0x00FFFC00, 0x0007FFF0, 0x00000000
 9214      F0FF0700 
 9214      00000000 
 9215 13848 00FCFF01 			.word	0x01FFFC00, 0x0003FFF8, 0x00000000
 9215      F8FF0300 
 9215      00000000 
 9216 13854 00F8FF01 			.word	0x01FFF800, 0x0001FFF8, 0x00000000
 9216      F8FF0100 
 9216      00000000 
 9217 13860 00F0FF03 			.word	0x03FFF000, 0x0001FFFC, 0x00000000
 9217      FCFF0100 
 9217      00000000 
 9218 1386c 00F0FF07 			.word	0x07FFF000, 0x0000FFFE, 0x00000000
 9218      FEFF0000 
 9218      00000000 
 9219 13878 00E0FF07 			.word	0x07FFE000, 0x00007FFE, 0x00000000
 9219      FE7F0000 
 9219      00000000 
ARM GAS  font_arial104.s 			page 358


 9220 13884 00C0FF0F 			.word	0x0FFFC000, 0x00007FFF, 0x00000000
 9220      FF7F0000 
 9220      00000000 
 9221 13890 00C0FF1F 			.word	0x1FFFC000, 0x00003FFF, 0x80000000
 9221      FF3F0000 
 9221      00000080 
 9222 1389c 0080FF1F 			.word	0x1FFF8000, 0x00001FFF, 0x80000000
 9222      FF1F0000 
 9222      00000080 
 9223 138a8 0000FF3F 			.word	0x3FFF0000, 0x00001FFF, 0xC0000000
 9223      FF1F0000 
 9223      000000C0 
 9224 138b4 0000FF7F 			.word	0x7FFF0000, 0x00000FFF, 0xE0000000
 9224      FF0F0000 
 9224      000000E0 
 9225 138c0 0000FEFF 			.word	0xFFFE0000, 0x000007FF, 0xF0000000
 9225      FF070000 
 9225      000000F0 
 9226              	
 9227              	LOWERCASE_Y:
 9228 138cc 79000000 			.word	'y			// ASCII "y" character
 9229 138d0 43000000 			.word	67			// cell pixel width
 9230 138d4 82000000 			.word	CELLHGHT		// cell pixel height
 9231 138d8 40000000 			.word	64			// glyph pixel width
 9232 138dc 66000000 			.word	102			// glyph pixel height
 9233 138e0 02000000 			.word	2			// blank horizontal pixels before glyph
 9234 138e4 01000000 			.word	1			// blank horizontal pixels after glyph
 9235 138e8 1B000000 			.word	27			// blank horizontal lines before glyph
 9236 138ec 01000000 			.word	1			// blank horizontal lines after glyph
 9237              							// bit mapped glyph
 9238 138f0 0000F8FF 			.word	0xFFF80000, 0x00000FFF
 9238      FF0F0000 
 9239 138f8 0000F87F 			.word	0x7FF80000, 0x00000FFE
 9239      FE0F0000 
 9240 13900 0000FC7F 			.word	0x7FFC0000, 0x00001FFE
 9240      FE1F0000 
 9241 13908 0000FC3F 			.word	0x3FFC0000, 0x00001FFC
 9241      FC1F0000 
 9242 13910 0000FC3F 			.word	0x3FFC0000, 0x00001FFC
 9242      FC1F0000 
 9243 13918 0000FE3F 			.word	0x3FFE0000, 0x00003FFC
 9243      FC3F0000 
 9244 13920 0000FE1F 			.word	0x1FFE0000, 0x00003FF8
 9244      F83F0000 
 9245 13928 0000FE1F 			.word	0x1FFE0000, 0x00007FF8
 9245      F87F0000 
 9246 13930 0000FF1F 			.word	0x1FFF0000, 0x00007FF8
 9246      F87F0000 
 9247 13938 0000FF0F 			.word	0x0FFF0000, 0x00007FF0
 9247      F07F0000 
 9248 13940 0000FF0F 			.word	0x0FFF0000, 0x0000FFF0
 9248      F0FF0000 
 9249 13948 0080FF0F 			.word	0x0FFF8000, 0x0000FFF0
 9249      F0FF0000 
 9250 13950 0080FF07 			.word	0x07FF8000, 0x0000FFE0
 9250      E0FF0000 
 9251 13958 0080FF07 			.word	0x07FF8000, 0x0001FFE0
ARM GAS  font_arial104.s 			page 359


 9251      E0FF0100 
 9252 13960 00C0FF03 			.word	0x03FFC000, 0x0001FFE0
 9252      E0FF0100 
 9253 13968 00C0FF03 			.word	0x03FFC000, 0x0001FFC0
 9253      C0FF0100 
 9254 13970 00C0FF03 			.word	0x03FFC000, 0x0003FFC0
 9254      C0FF0300 
 9255 13978 00E0FF01 			.word	0x01FFE000, 0x0003FF80
 9255      80FF0300 
 9256 13980 00E0FF01 			.word	0x01FFE000, 0x0003FF80
 9256      80FF0300 
 9257 13988 00E0FF01 			.word	0x01FFE000, 0x0007FF80
 9257      80FF0700 
 9258 13990 00F0FF00 			.word	0x00FFF000, 0x0007FF00
 9258      00FF0700 
 9259 13998 00F0FF00 			.word	0x00FFF000, 0x0007FF00
 9259      00FF0700 
 9260 139a0 00F8FF00 			.word	0x00FFF800, 0x000FFF00
 9260      00FF0F00 
 9261 139a8 00F87F00 			.word	0x007FF800, 0x000FFE00
 9261      00FE0F00 
 9262 139b0 00F87F00 			.word	0x007FF800, 0x000FFE00
 9262      00FE0F00 
 9263 139b8 00FC7F00 			.word	0x007FFC00, 0x001FFE00
 9263      00FE1F00 
 9264 139c0 00FC3F00 			.word	0x003FFC00, 0x001FFC00
 9264      00FC1F00 
 9265 139c8 00FC3F00 			.word	0x003FFC00, 0x003FFC00
 9265      00FC3F00 
 9266 139d0 00FE1F00 			.word	0x001FFE00, 0x003FFC00
 9266      00FC3F00 
 9267 139d8 00FE1F00 			.word	0x001FFE00, 0x003FF800
 9267      00F83F00 
 9268 139e0 00FE1F00 			.word	0x001FFE00, 0x007FF800
 9268      00F87F00 
 9269 139e8 00FF0F00 			.word	0x000FFF00, 0x007FF000
 9269      00F07F00 
 9270 139f0 00FF0F00 			.word	0x000FFF00, 0x007FF000
 9270      00F07F00 
 9271 139f8 00FF0F00 			.word	0x000FFF00, 0x00FFF000
 9271      00F0FF00 
 9272 13a00 80FF0700 			.word	0x0007FF80, 0x00FFE000
 9272      00E0FF00 
 9273 13a08 80FF0700 			.word	0x0007FF80, 0x00FFE000
 9273      00E0FF00 
 9274 13a10 80FF0700 			.word	0x0007FF80, 0x01FFE000
 9274      00E0FF01 
 9275 13a18 C0FF0300 			.word	0x0003FFC0, 0x01FFC000
 9275      00C0FF01 
 9276 13a20 C0FF0300 			.word	0x0003FFC0, 0x01FFC000
 9276      00C0FF01 
 9277 13a28 C0FF0100 			.word	0x0001FFC0, 0x03FFC000
 9277      00C0FF03 
 9278 13a30 E0FF0100 			.word	0x0001FFE0, 0x03FF8000
 9278      0080FF03 
 9279 13a38 E0FF0100 			.word	0x0001FFE0, 0x03FF8000
 9279      0080FF03 
ARM GAS  font_arial104.s 			page 360


 9280 13a40 E0FF0000 			.word	0x0000FFE0, 0x07FF8000
 9280      0080FF07 
 9281 13a48 F0FF0000 			.word	0x0000FFF0, 0x07FF0000
 9281      0000FF07 
 9282 13a50 F0FF0000 			.word	0x0000FFF0, 0x07FF0000
 9282      0000FF07 
 9283 13a58 F07F0000 			.word	0x00007FF0, 0x0FFE0000
 9283      0000FE0F 
 9284 13a60 F87F0000 			.word	0x00007FF8, 0x0FFE0000
 9284      0000FE0F 
 9285 13a68 F87F0000 			.word	0x00007FF8, 0x0FFE0000
 9285      0000FE0F 
 9286 13a70 F83F0000 			.word	0x00003FF8, 0x1FFC0000
 9286      0000FC1F 
 9287 13a78 FC3F0000 			.word	0x00003FFC, 0x1FFC0000
 9287      0000FC1F 
 9288 13a80 FC1F0000 			.word	0x00001FFC, 0x1FFC0000
 9288      0000FC1F 
 9289 13a88 FC1F0000 			.word	0x00001FFC, 0x3FF80000
 9289      0000F83F 
 9290 13a90 FE1F0000 			.word	0x00001FFE, 0x3FF80000
 9290      0000F83F 
 9291 13a98 FE0F0000 			.word	0x00000FFE, 0x3FF80000
 9291      0000F83F 
 9292 13aa0 FE0F0000 			.word	0x00000FFE, 0x3FF00000
 9292      0000F03F 
 9293 13aa8 FE0F0000 			.word	0x00000FFE, 0x7FF00000
 9293      0000F07F 
 9294 13ab0 FF070000 			.word	0x000007FF, 0x7FE00000
 9294      0000E07F 
 9295 13ab8 FF070000 			.word	0x000007FF, 0x7FE00000
 9295      0000E07F 
 9296 13ac0 FF070000 			.word	0x000007FF, 0xFFE00000
 9296      0000E0FF 
 9297 13ac8 FF030000 			.word	0x000003FF, 0xFFC00000
 9297      0000C0FF 
 9298 13ad0 FF030000 			.word	0x000003FF, 0xFFC00000
 9298      0000C0FF 
 9299 13ad8 FF010000 			.word	0x000001FF, 0xFFC00000
 9299      0000C0FF 
 9300 13ae0 FF010000 			.word	0x000001FF, 0xFF800000
 9300      000080FF 
 9301 13ae8 FF010000 			.word	0x000001FF, 0xFF800000
 9301      000080FF 
 9302 13af0 FF000000 			.word	0x000000FF, 0xFF800000
 9302      000080FF 
 9303 13af8 FF000000 			.word	0x000000FF, 0xFF000000
 9303      000000FF 
 9304 13b00 FF000000 			.word	0x000000FF, 0xFF000000
 9304      000000FF 
 9305 13b08 7F000000 			.word	0x0000007F, 0xFF000000
 9305      000000FF 
 9306 13b10 7F000000 			.word	0x0000007F, 0xFE000000
 9306      000000FE 
 9307 13b18 7F000000 			.word	0x0000007F, 0xFE000000
 9307      000000FE 
 9308 13b20 3F000000 			.word	0x0000003F, 0xFC000000
ARM GAS  font_arial104.s 			page 361


 9308      000000FC 
 9309 13b28 3F000000 			.word	0x0000003F, 0xFC000000
 9309      000000FC 
 9310 13b30 1F000000 			.word	0x0000001F, 0xFC000000
 9310      000000FC 
 9311 13b38 3F000000 			.word	0x0000003F, 0xF8000000
 9311      000000F8 
 9312 13b40 3F000000 			.word	0x0000003F, 0xF8000000
 9312      000000F8 
 9313 13b48 3F000000 			.word	0x0000003F, 0xF8000000
 9313      000000F8 
 9314 13b50 7F000000 			.word	0x0000007F, 0xF0000000
 9314      000000F0 
 9315 13b58 7F000000 			.word	0x0000007F, 0xF0000000
 9315      000000F0 
 9316 13b60 7F000000 			.word	0x0000007F, 0xF0000000
 9316      000000F0 
 9317 13b68 FF000000 			.word	0x000000FF, 0xE0000000
 9317      000000E0 
 9318 13b70 FF000000 			.word	0x000000FF, 0xE0000000
 9318      000000E0 
 9319 13b78 FF010000 			.word	0x000001FF, 0xC0000000
 9319      000000C0 
 9320 13b80 FF010000 			.word	0x000001FF, 0xC0000000
 9320      000000C0 
 9321 13b88 FF010000 			.word	0x000001FF, 0xC0000000
 9321      000000C0 
 9322 13b90 FF030000 			.word	0x000003FF, 0x80000000
 9322      00000080 
 9323 13b98 FF030000 			.word	0x000003FF, 0x80000000
 9323      00000080 
 9324 13ba0 FF070000 			.word	0x000007FF, 0x00000000
 9324      00000000 
 9325 13ba8 FF0F0000 			.word	0x00000FFF, 0x00000000
 9325      00000000 
 9326 13bb0 FF3F0000 			.word	0x00003FFF, 0x00000000
 9326      00000000 
 9327 13bb8 FEFF0006 			.word	0x0600FFFE, 0x00000000
 9327      00000000 
 9328 13bc0 FEFFFF07 			.word	0x07FFFFFE, 0x00000000
 9328      00000000 
 9329 13bc8 FCFFFF07 			.word	0x07FFFFFC, 0x00000000
 9329      00000000 
 9330 13bd0 F8FFFF07 			.word	0x07FFFFF8, 0x00000000
 9330      00000000 
 9331 13bd8 F8FFFF03 			.word	0x03FFFFF8, 0x00000000
 9331      00000000 
 9332 13be0 F0FFFF03 			.word	0x03FFFFF0, 0x00000000
 9332      00000000 
 9333 13be8 E0FFFF03 			.word	0x03FFFFE0, 0x00000000
 9333      00000000 
 9334 13bf0 C0FFFF03 			.word	0x03FFFFC0, 0x00000000
 9334      00000000 
 9335 13bf8 C0FFFF03 			.word	0x03FFFFC0, 0x00000000
 9335      00000000 
 9336 13c00 00FFFF03 			.word	0x03FFFF00, 0x00000000
 9336      00000000 
ARM GAS  font_arial104.s 			page 362


 9337 13c08 00FEFF03 			.word	0x03FFFE00, 0x00000000
 9337      00000000 
 9338 13c10 00F8FF03 			.word	0x03FFF800, 0x00000000
 9338      00000000 
 9339 13c18 00C03F00 			.word	0x003FC000, 0x00000000
 9339      00000000 
 9340              	
 9341              	LOWERCASE_Z:
 9342 13c20 7A000000 			.word	'z			// ASCII "z" character
 9343 13c24 46000000 			.word	70			// cell pixel width
 9344 13c28 82000000 			.word	CELLHGHT		// cell pixel height
 9345 13c2c 40000000 			.word	64			// glyph pixel width
 9346 13c30 49000000 			.word	73			// glyph pixel height
 9347 13c34 03000000 			.word	3			// blank horizontal pixels before glyph
 9348 13c38 03000000 			.word	3			// blank horizontal pixels after glyph
 9349 13c3c 1B000000 			.word	27			// blank horizontal lines before glyph
 9350 13c40 1E000000 			.word	30			// blank horizontal lines after glyph
 9351              							// bit mapped glyph
 9352 13c44 FFFFFF1F 			.word	0x1FFFFFFF, 0xFFFFFFFC
 9352      FCFFFFFF 
 9353 13c4c FFFFFF1F 			.word	0x1FFFFFFF, 0xFFFFFFFC
 9353      FCFFFFFF 
 9354 13c54 FFFFFF1F 			.word	0x1FFFFFFF, 0xFFFFFFFC
 9354      FCFFFFFF 
 9355 13c5c FFFFFF1F 			.word	0x1FFFFFFF, 0xFFFFFFFC
 9355      FCFFFFFF 
 9356 13c64 FFFFFF1F 			.word	0x1FFFFFFF, 0xFFFFFFFC
 9356      FCFFFFFF 
 9357 13c6c FFFFFF1F 			.word	0x1FFFFFFF, 0xFFFFFFFC
 9357      FCFFFFFF 
 9358 13c74 FFFFFF1F 			.word	0x1FFFFFFF, 0xFFFFFFFC
 9358      FCFFFFFF 
 9359 13c7c FFFFFF1F 			.word	0x1FFFFFFF, 0xFFFFFFFC
 9359      FCFFFFFF 
 9360 13c84 FFFFFF1F 			.word	0x1FFFFFFF, 0xFFFFFFFC
 9360      FCFFFFFF 
 9361 13c8c FFFFFF1F 			.word	0x1FFFFFFF, 0xFFFFFFFC
 9361      FCFFFFFF 
 9362 13c94 FFFFFF1F 			.word	0x1FFFFFFF, 0xFFFFFFF8
 9362      F8FFFFFF 
 9363 13c9c FFFFFF1F 			.word	0x1FFFFFFF, 0xFF87FFF0
 9363      F0FF87FF 
 9364 13ca4 00000000 			.word	0x00000000, 0x000FFFE0
 9364      E0FF0F00 
 9365 13cac 00000000 			.word	0x00000000, 0x001FFFC0
 9365      C0FF1F00 
 9366 13cb4 00000000 			.word	0x00000000, 0x003FFF80
 9366      80FF3F00 
 9367 13cbc 00000000 			.word	0x00000000, 0x003FFF00
 9367      00FF3F00 
 9368 13cc4 00000000 			.word	0x00000000, 0x007FFE00
 9368      00FE7F00 
 9369 13ccc 00000000 			.word	0x00000000, 0x00FFFC00
 9369      00FCFF00 
 9370 13cd4 00000000 			.word	0x00000000, 0x01FFFC00
 9370      00FCFF01 
 9371 13cdc 00000000 			.word	0x00000000, 0x03FFF800
ARM GAS  font_arial104.s 			page 363


 9371      00F8FF03 
 9372 13ce4 00000000 			.word	0x00000000, 0x07FFF000
 9372      00F0FF07 
 9373 13cec 00000000 			.word	0x00000000, 0x0FFFE000
 9373      00E0FF0F 
 9374 13cf4 00000000 			.word	0x00000000, 0x1FFFC000
 9374      00C0FF1F 
 9375 13cfc 00000000 			.word	0x00000000, 0x3FFF8000
 9375      0080FF3F 
 9376 13d04 00000000 			.word	0x00000000, 0x7FFF0000
 9376      0000FF7F 
 9377 13d0c 00000000 			.word	0x00000000, 0x7FFE0000
 9377      0000FE7F 
 9378 13d14 00000000 			.word	0x00000000, 0xFFFE0000
 9378      0000FEFF 
 9379 13d1c 01000000 			.word	0x00000001, 0xFFFC0000
 9379      0000FCFF 
 9380 13d24 03000000 			.word	0x00000003, 0xFFF80000
 9380      0000F8FF 
 9381 13d2c 07000000 			.word	0x00000007, 0xFFF00000
 9381      0000F0FF 
 9382 13d34 0F000000 			.word	0x0000000F, 0xFFE00000
 9382      0000E0FF 
 9383 13d3c 1F000000 			.word	0x0000001F, 0xFFC00000
 9383      0000C0FF 
 9384 13d44 3F000000 			.word	0x0000003F, 0xFF800000
 9384      000080FF 
 9385 13d4c 7F000000 			.word	0x0000007F, 0xFF000000
 9385      000000FF 
 9386 13d54 FF000000 			.word	0x000000FF, 0xFE000000
 9386      000000FE 
 9387 13d5c FF010000 			.word	0x000001FF, 0xFE000000
 9387      000000FE 
 9388 13d64 FF010000 			.word	0x000001FF, 0xFC000000
 9388      000000FC 
 9389 13d6c FF030000 			.word	0x000003FF, 0xF8000000
 9389      000000F8 
 9390 13d74 FF070000 			.word	0x000007FF, 0xF0000000
 9390      000000F0 
 9391 13d7c FF0F0000 			.word	0x00000FFF, 0xE0000000
 9391      000000E0 
 9392 13d84 FF1F0000 			.word	0x00001FFF, 0xC0000000
 9392      000000C0 
 9393 13d8c FF3F0000 			.word	0x00003FFF, 0x80000000
 9393      00000080 
 9394 13d94 FF7F0000 			.word	0x00007FFF, 0x00000000
 9394      00000000 
 9395 13d9c FEFF0000 			.word	0x0000FFFE, 0x00000000
 9395      00000000 
 9396 13da4 FEFF0100 			.word	0x0001FFFE, 0x00000000
 9396      00000000 
 9397 13dac FCFF0300 			.word	0x0003FFFC, 0x00000000
 9397      00000000 
 9398 13db4 F8FF0300 			.word	0x0003FFF8, 0x00000000
 9398      00000000 
 9399 13dbc F0FF0700 			.word	0x0007FFF0, 0x00000000
 9399      00000000 
ARM GAS  font_arial104.s 			page 364


 9400 13dc4 E0FF0F00 			.word	0x000FFFE0, 0x00000000
 9400      00000000 
 9401 13dcc C0FF1F00 			.word	0x001FFFC0, 0x00000000
 9401      00000000 
 9402 13dd4 80FF3F00 			.word	0x003FFF80, 0x00000000
 9402      00000000 
 9403 13ddc 00FF7F00 			.word	0x007FFF00, 0x00000000
 9403      00000000 
 9404 13de4 00FFFF00 			.word	0x00FFFF00, 0x00000000
 9404      00000000 
 9405 13dec 00FEFF01 			.word	0x01FFFE00, 0x00000000
 9405      00000000 
 9406 13df4 00FCFF03 			.word	0x03FFFC00, 0x00000000
 9406      00000000 
 9407 13dfc 00F8FF07 			.word	0x07FFF800, 0x00000000
 9407      00000000 
 9408 13e04 00F0FF07 			.word	0x07FFF000, 0x00000000
 9408      00000000 
 9409 13e0c 00E0FF0F 			.word	0x0FFFE000, 0x00000000
 9409      00000000 
 9410 13e14 00C0FF1F 			.word	0x1FFFC000, 0x00000000
 9410      00000000 
 9411 13e1c 0080FF3F 			.word	0x3FFF8000, 0x00000000
 9411      00000000 
 9412 13e24 0000FF7F 			.word	0x7FFF0000, 0x00000000
 9412      00000000 
 9413 13e2c FF0FFEFF 			.word	0xFFFE0FFF, 0xFFFFFFFF
 9413      FFFFFFFF 
 9414 13e34 FFFFFFFF 			.word	0xFFFFFFFF, 0xFFFFFFFF
 9414      FFFFFFFF 
 9415 13e3c FFFFFFFF 			.word	0xFFFFFFFF, 0xFFFFFFFF
 9415      FFFFFFFF 
 9416 13e44 FFFFFFFF 			.word	0xFFFFFFFF, 0xFFFFFFFF
 9416      FFFFFFFF 
 9417 13e4c FFFFFFFF 			.word	0xFFFFFFFF, 0xFFFFFFFF
 9417      FFFFFFFF 
 9418 13e54 FFFFFFFF 			.word	0xFFFFFFFF, 0xFFFFFFFF
 9418      FFFFFFFF 
 9419 13e5c FFFFFFFF 			.word	0xFFFFFFFF, 0xFFFFFFFF
 9419      FFFFFFFF 
 9420 13e64 FFFFFFFF 			.word	0xFFFFFFFF, 0xFFFFFFFF
 9420      FFFFFFFF 
 9421 13e6c FFFFFFFF 			.word	0xFFFFFFFF, 0xFFFFFFFF
 9421      FFFFFFFF 
 9422 13e74 FFFFFFFF 			.word	0xFFFFFFFF, 0xFFFFFFFF
 9422      FFFFFFFF 
 9423 13e7c FFFFFFFF 			.word	0xFFFFFFFF, 0xFFFFFFFF
 9423      FFFFFFFF 
 9424 13e84 FFFFFFFF 			.word	0xFFFFFFFF, 0xFFFFFFFF
 9424      FFFFFFFF 
 9425              	
 9426              	LEFT_CURLY_BRACKET:
 9427 13e8c 7B000000 			.word	'{			// ASCII "{" character
 9428 13e90 2E000000 			.word	46			// cell pixel width
 9429 13e94 82000000 			.word	CELLHGHT		// cell pixel height
 9430 13e98 27000000 			.word	39			// glyph pixel width
 9431 13e9c 82000000 			.word	130			// glyph pixel height
ARM GAS  font_arial104.s 			page 365


 9432 13ea0 04000000 			.word	4			// blank horizontal pixels before glyph
 9433 13ea4 03000000 			.word	3			// blank horizontal pixels after glyph
 9434 13ea8 00000000 			.word	0			// blank horizontal lines before glyph
 9435 13eac 00000000 			.word	0			// blank horizontal lines after glyph
 9436              							// bit mapped glyph
 9437 13eb0 1F000000 			.word	0x0000001F, 0xFE000000
 9437      000000FE 
 9438 13eb8 FF000000 			.word	0x000000FF, 0xFE000000
 9438      000000FE 
 9439 13ec0 FF030000 			.word	0x000003FF, 0xFE000000
 9439      000000FE 
 9440 13ec8 FF070000 			.word	0x000007FF, 0xFE000000
 9440      000000FE 
 9441 13ed0 FF0F0000 			.word	0x00000FFF, 0xFE000000
 9441      000000FE 
 9442 13ed8 FF1F0000 			.word	0x00001FFF, 0xFE000000
 9442      000000FE 
 9443 13ee0 FF3F0000 			.word	0x00003FFF, 0xFE000000
 9443      000000FE 
 9444 13ee8 FF7F0000 			.word	0x00007FFF, 0xFE000000
 9444      000000FE 
 9445 13ef0 FF7F0000 			.word	0x00007FFF, 0xFE000000
 9445      000000FE 
 9446 13ef8 FFFF0000 			.word	0x0000FFFF, 0xFE000000
 9446      000000FE 
 9447 13f00 FFFF0000 			.word	0x0000FFFF, 0xFE000000
 9447      000000FE 
 9448 13f08 FFFF0100 			.word	0x0001FFFF, 0xFE000000
 9448      000000FE 
 9449 13f10 FEFF0100 			.word	0x0001FFFE, 0x00000000
 9449      00000000 
 9450 13f18 F8FF0100 			.word	0x0001FFF8, 0x00000000
 9450      00000000 
 9451 13f20 E0FF0100 			.word	0x0001FFE0, 0x00000000
 9451      00000000 
 9452 13f28 E0FF0100 			.word	0x0001FFE0, 0x00000000
 9452      00000000 
 9453 13f30 C0FF0300 			.word	0x0003FFC0, 0x00000000
 9453      00000000 
 9454 13f38 C0FF0300 			.word	0x0003FFC0, 0x00000000
 9454      00000000 
 9455 13f40 C0FF0300 			.word	0x0003FFC0, 0x00000000
 9455      00000000 
 9456 13f48 80FF0300 			.word	0x0003FF80, 0x00000000
 9456      00000000 
 9457 13f50 80FF0300 			.word	0x0003FF80, 0x00000000
 9457      00000000 
 9458 13f58 80FF0300 			.word	0x0003FF80, 0x00000000
 9458      00000000 
 9459 13f60 80FF0300 			.word	0x0003FF80, 0x00000000
 9459      00000000 
 9460 13f68 80FF0300 			.word	0x0003FF80, 0x00000000
 9460      00000000 
 9461 13f70 80FF0300 			.word	0x0003FF80, 0x00000000
 9461      00000000 
 9462 13f78 80FF0300 			.word	0x0003FF80, 0x00000000
 9462      00000000 
ARM GAS  font_arial104.s 			page 366


 9463 13f80 80FF0300 			.word	0x0003FF80, 0x00000000
 9463      00000000 
 9464 13f88 80FF0300 			.word	0x0003FF80, 0x00000000
 9464      00000000 
 9465 13f90 80FF0300 			.word	0x0003FF80, 0x00000000
 9465      00000000 
 9466 13f98 80FF0300 			.word	0x0003FF80, 0x00000000
 9466      00000000 
 9467 13fa0 80FF0300 			.word	0x0003FF80, 0x00000000
 9467      00000000 
 9468 13fa8 80FF0300 			.word	0x0003FF80, 0x00000000
 9468      00000000 
 9469 13fb0 80FF0300 			.word	0x0003FF80, 0x00000000
 9469      00000000 
 9470 13fb8 80FF0300 			.word	0x0003FF80, 0x00000000
 9470      00000000 
 9471 13fc0 80FF0300 			.word	0x0003FF80, 0x00000000
 9471      00000000 
 9472 13fc8 80FF0300 			.word	0x0003FF80, 0x00000000
 9472      00000000 
 9473 13fd0 80FF0300 			.word	0x0003FF80, 0x00000000
 9473      00000000 
 9474 13fd8 80FF0300 			.word	0x0003FF80, 0x00000000
 9474      00000000 
 9475 13fe0 80FF0300 			.word	0x0003FF80, 0x00000000
 9475      00000000 
 9476 13fe8 80FF0300 			.word	0x0003FF80, 0x00000000
 9476      00000000 
 9477 13ff0 80FF0300 			.word	0x0003FF80, 0x00000000
 9477      00000000 
 9478 13ff8 80FF0700 			.word	0x0007FF80, 0x00000000
 9478      00000000 
 9479 14000 80FF0700 			.word	0x0007FF80, 0x00000000
 9479      00000000 
 9480 14008 80FF0700 			.word	0x0007FF80, 0x00000000
 9480      00000000 
 9481 14010 80FF0700 			.word	0x0007FF80, 0x00000000
 9481      00000000 
 9482 14018 00FF0700 			.word	0x0007FF00, 0x00000000
 9482      00000000 
 9483 14020 00FF0700 			.word	0x0007FF00, 0x00000000
 9483      00000000 
 9484 14028 00FF0700 			.word	0x0007FF00, 0x00000000
 9484      00000000 
 9485 14030 00FF0700 			.word	0x0007FF00, 0x00000000
 9485      00000000 
 9486 14038 00FF0F00 			.word	0x000FFF00, 0x00000000
 9486      00000000 
 9487 14040 00FE0F00 			.word	0x000FFE00, 0x00000000
 9487      00000000 
 9488 14048 00FE1F00 			.word	0x001FFE00, 0x00000000
 9488      00000000 
 9489 14050 00FE1F00 			.word	0x001FFE00, 0x00000000
 9489      00000000 
 9490 14058 00FC3F00 			.word	0x003FFC00, 0x00000000
 9490      00000000 
 9491 14060 00FC7F00 			.word	0x007FFC00, 0x00000000
ARM GAS  font_arial104.s 			page 367


 9491      00000000 
 9492 14068 00F8FF00 			.word	0x00FFF800, 0x00000000
 9492      00000000 
 9493 14070 00F8FF03 			.word	0x03FFF800, 0x00000000
 9493      00000000 
 9494 14078 00F0FF0F 			.word	0x0FFFF000, 0x00000000
 9494      00000000 
 9495 14080 00E0FFFF 			.word	0xFFFFE000, 0x00000000
 9495      00000000 
 9496 14088 00C0FFFF 			.word	0xFFFFC000, 0x00000000
 9496      00000000 
 9497 14090 0080FFFF 			.word	0xFFFF8000, 0x00000000
 9497      00000000 
 9498 14098 0000FEFF 			.word	0xFFFE0000, 0x00000000
 9498      00000000 
 9499 140a0 0000FCFF 			.word	0xFFFC0000, 0x00000000
 9499      00000000 
 9500 140a8 0000F0FF 			.word	0xFFF00000, 0x00000000
 9500      00000000 
 9501 140b0 0000F0FF 			.word	0xFFF00000, 0x00000000
 9501      00000000 
 9502 140b8 0000FCFF 			.word	0xFFFC0000, 0x00000000
 9502      00000000 
 9503 140c0 0000FEFF 			.word	0xFFFE0000, 0x00000000
 9503      00000000 
 9504 140c8 0080FFFF 			.word	0xFFFF8000, 0x00000000
 9504      00000000 
 9505 140d0 00C0FFFF 			.word	0xFFFFC000, 0x00000000
 9505      00000000 
 9506 140d8 00E0FFFF 			.word	0xFFFFE000, 0x00000000
 9506      00000000 
 9507 140e0 00F0FF0F 			.word	0x0FFFF000, 0x00000000
 9507      00000000 
 9508 140e8 00F0FF03 			.word	0x03FFF000, 0x00000000
 9508      00000000 
 9509 140f0 00F8FF00 			.word	0x00FFF800, 0x00000000
 9509      00000000 
 9510 140f8 00FC7F00 			.word	0x007FFC00, 0x00000000
 9510      00000000 
 9511 14100 00FC3F00 			.word	0x003FFC00, 0x00000000
 9511      00000000 
 9512 14108 00FE1F00 			.word	0x001FFE00, 0x00000000
 9512      00000000 
 9513 14110 00FE1F00 			.word	0x001FFE00, 0x00000000
 9513      00000000 
 9514 14118 00FE0F00 			.word	0x000FFE00, 0x00000000
 9514      00000000 
 9515 14120 00FF0F00 			.word	0x000FFF00, 0x00000000
 9515      00000000 
 9516 14128 00FF0F00 			.word	0x000FFF00, 0x00000000
 9516      00000000 
 9517 14130 00FF0700 			.word	0x0007FF00, 0x00000000
 9517      00000000 
 9518 14138 00FF0700 			.word	0x0007FF00, 0x00000000
 9518      00000000 
 9519 14140 00FF0700 			.word	0x0007FF00, 0x00000000
 9519      00000000 
ARM GAS  font_arial104.s 			page 368


 9520 14148 00FF0700 			.word	0x0007FF00, 0x00000000
 9520      00000000 
 9521 14150 80FF0700 			.word	0x0007FF80, 0x00000000
 9521      00000000 
 9522 14158 80FF0700 			.word	0x0007FF80, 0x00000000
 9522      00000000 
 9523 14160 80FF0700 			.word	0x0007FF80, 0x00000000
 9523      00000000 
 9524 14168 80FF0700 			.word	0x0007FF80, 0x00000000
 9524      00000000 
 9525 14170 80FF0700 			.word	0x0007FF80, 0x00000000
 9525      00000000 
 9526 14178 80FF0700 			.word	0x0007FF80, 0x00000000
 9526      00000000 
 9527 14180 80FF0700 			.word	0x0007FF80, 0x00000000
 9527      00000000 
 9528 14188 80FF0300 			.word	0x0003FF80, 0x00000000
 9528      00000000 
 9529 14190 80FF0300 			.word	0x0003FF80, 0x00000000
 9529      00000000 
 9530 14198 80FF0300 			.word	0x0003FF80, 0x00000000
 9530      00000000 
 9531 141a0 80FF0300 			.word	0x0003FF80, 0x00000000
 9531      00000000 
 9532 141a8 80FF0300 			.word	0x0003FF80, 0x00000000
 9532      00000000 
 9533 141b0 80FF0300 			.word	0x0003FF80, 0x00000000
 9533      00000000 
 9534 141b8 80FF0300 			.word	0x0003FF80, 0x00000000
 9534      00000000 
 9535 141c0 80FF0300 			.word	0x0003FF80, 0x00000000
 9535      00000000 
 9536 141c8 80FF0300 			.word	0x0003FF80, 0x00000000
 9536      00000000 
 9537 141d0 80FF0300 			.word	0x0003FF80, 0x00000000
 9537      00000000 
 9538 141d8 80FF0300 			.word	0x0003FF80, 0x00000000
 9538      00000000 
 9539 141e0 80FF0300 			.word	0x0003FF80, 0x00000000
 9539      00000000 
 9540 141e8 80FF0300 			.word	0x0003FF80, 0x00000000
 9540      00000000 
 9541 141f0 80FF0300 			.word	0x0003FF80, 0x00000000
 9541      00000000 
 9542 141f8 80FF0300 			.word	0x0003FF80, 0x00000000
 9542      00000000 
 9543 14200 80FF0300 			.word	0x0003FF80, 0x00000000
 9543      00000000 
 9544 14208 80FF0300 			.word	0x0003FF80, 0x00000000
 9544      00000000 
 9545 14210 80FF0300 			.word	0x0003FF80, 0x00000000
 9545      00000000 
 9546 14218 80FF0300 			.word	0x0003FF80, 0x00000000
 9546      00000000 
 9547 14220 80FF0300 			.word	0x0003FF80, 0x00000000
 9547      00000000 
 9548 14228 C0FF0300 			.word	0x0003FFC0, 0x00000000
ARM GAS  font_arial104.s 			page 369


 9548      00000000 
 9549 14230 C0FF0300 			.word	0x0003FFC0, 0x00000000
 9549      00000000 
 9550 14238 C0FF0300 			.word	0x0003FFC0, 0x00000000
 9550      00000000 
 9551 14240 E0FF0100 			.word	0x0001FFE0, 0x00000000
 9551      00000000 
 9552 14248 E0FF0100 			.word	0x0001FFE0, 0x00000000
 9552      00000000 
 9553 14250 F0FF0100 			.word	0x0001FFF0, 0x00000000
 9553      00000000 
 9554 14258 FEFF0100 			.word	0x0001FFFE, 0x00000000
 9554      00000000 
 9555 14260 FFFF0100 			.word	0x0001FFFF, 0xFE000000
 9555      000000FE 
 9556 14268 FFFF0000 			.word	0x0000FFFF, 0xFE000000
 9556      000000FE 
 9557 14270 FFFF0000 			.word	0x0000FFFF, 0xFE000000
 9557      000000FE 
 9558 14278 FF7F0000 			.word	0x00007FFF, 0xFE000000
 9558      000000FE 
 9559 14280 FF7F0000 			.word	0x00007FFF, 0xFE000000
 9559      000000FE 
 9560 14288 FF3F0000 			.word	0x00003FFF, 0xFE000000
 9560      000000FE 
 9561 14290 FF1F0000 			.word	0x00001FFF, 0xFE000000
 9561      000000FE 
 9562 14298 FF0F0000 			.word	0x00000FFF, 0xFE000000
 9562      000000FE 
 9563 142a0 FF070000 			.word	0x000007FF, 0xFE000000
 9563      000000FE 
 9564 142a8 FF010000 			.word	0x000001FF, 0xFE000000
 9564      000000FE 
 9565 142b0 FF000000 			.word	0x000000FF, 0xFE000000
 9565      000000FE 
 9566 142b8 0F000000 			.word	0x0000000F, 0xFE000000
 9566      000000FE 
 9567              	
 9568              	VERTCIAL_LINE:
 9569 142c0 7C000000 			.word	'|			// ASCII "|" character
 9570 142c4 22000000 			.word	34			// cell pixel width
 9571 142c8 82000000 			.word	CELLHGHT		// cell pixel height
 9572 142cc 0A000000 			.word	10			// glyph pixel width
 9573 142d0 82000000 			.word	130			// glyph pixel height
 9574 142d4 0C000000 			.word	12			// blank horizontal pixels before glyph
 9575 142d8 0C000000 			.word	12			// blank horizontal pixels after glyph
 9576 142dc 00000000 			.word	0			// blank horizontal lines before glyph
 9577 142e0 00000000 			.word	0			// blank horizontal lines after glyph
 9578              							// bit mapped glyph
 9579 142e4 0000C0FF 			.word	0xFFC00000
 9580 142e8 0000C0FF 			.word	0xFFC00000
 9581 142ec 0000C0FF 			.word	0xFFC00000
 9582 142f0 0000C0FF 			.word	0xFFC00000
 9583 142f4 0000C0FF 			.word	0xFFC00000
 9584 142f8 0000C0FF 			.word	0xFFC00000
 9585 142fc 0000C0FF 			.word	0xFFC00000
 9586 14300 0000C0FF 			.word	0xFFC00000
ARM GAS  font_arial104.s 			page 370


 9587 14304 0000C0FF 			.word	0xFFC00000
 9588 14308 0000C0FF 			.word	0xFFC00000
 9589 1430c 0000C0FF 			.word	0xFFC00000
 9590 14310 0000C0FF 			.word	0xFFC00000
 9591 14314 0000C0FF 			.word	0xFFC00000
 9592 14318 0000C0FF 			.word	0xFFC00000
 9593 1431c 0000C0FF 			.word	0xFFC00000
 9594 14320 0000C0FF 			.word	0xFFC00000
 9595 14324 0000C0FF 			.word	0xFFC00000
 9596 14328 0000C0FF 			.word	0xFFC00000
 9597 1432c 0000C0FF 			.word	0xFFC00000
 9598 14330 0000C0FF 			.word	0xFFC00000
 9599 14334 0000C0FF 			.word	0xFFC00000
 9600 14338 0000C0FF 			.word	0xFFC00000
 9601 1433c 0000C0FF 			.word	0xFFC00000
 9602 14340 0000C0FF 			.word	0xFFC00000
 9603 14344 0000C0FF 			.word	0xFFC00000
 9604 14348 0000C0FF 			.word	0xFFC00000
 9605 1434c 0000C0FF 			.word	0xFFC00000
 9606 14350 0000C0FF 			.word	0xFFC00000
 9607 14354 0000C0FF 			.word	0xFFC00000
 9608 14358 0000C0FF 			.word	0xFFC00000
 9609 1435c 0000C0FF 			.word	0xFFC00000
 9610 14360 0000C0FF 			.word	0xFFC00000
 9611 14364 0000C0FF 			.word	0xFFC00000
 9612 14368 0000C0FF 			.word	0xFFC00000
 9613 1436c 0000C0FF 			.word	0xFFC00000
 9614 14370 0000C0FF 			.word	0xFFC00000
 9615 14374 0000C0FF 			.word	0xFFC00000
 9616 14378 0000C0FF 			.word	0xFFC00000
 9617 1437c 0000C0FF 			.word	0xFFC00000
 9618 14380 0000C0FF 			.word	0xFFC00000
 9619 14384 0000C0FF 			.word	0xFFC00000
 9620 14388 0000C0FF 			.word	0xFFC00000
 9621 1438c 0000C0FF 			.word	0xFFC00000
 9622 14390 0000C0FF 			.word	0xFFC00000
 9623 14394 0000C0FF 			.word	0xFFC00000
 9624 14398 0000C0FF 			.word	0xFFC00000
 9625 1439c 0000C0FF 			.word	0xFFC00000
 9626 143a0 0000C0FF 			.word	0xFFC00000
 9627 143a4 0000C0FF 			.word	0xFFC00000
 9628 143a8 0000C0FF 			.word	0xFFC00000
 9629 143ac 0000C0FF 			.word	0xFFC00000
 9630 143b0 0000C0FF 			.word	0xFFC00000
 9631 143b4 0000C0FF 			.word	0xFFC00000
 9632 143b8 0000C0FF 			.word	0xFFC00000
 9633 143bc 0000C0FF 			.word	0xFFC00000
 9634 143c0 0000C0FF 			.word	0xFFC00000
 9635 143c4 0000C0FF 			.word	0xFFC00000
 9636 143c8 0000C0FF 			.word	0xFFC00000
 9637 143cc 0000C0FF 			.word	0xFFC00000
 9638 143d0 0000C0FF 			.word	0xFFC00000
 9639 143d4 0000C0FF 			.word	0xFFC00000
 9640 143d8 0000C0FF 			.word	0xFFC00000
 9641 143dc 0000C0FF 			.word	0xFFC00000
 9642 143e0 0000C0FF 			.word	0xFFC00000
 9643 143e4 0000C0FF 			.word	0xFFC00000
ARM GAS  font_arial104.s 			page 371


 9644 143e8 0000C0FF 			.word	0xFFC00000
 9645 143ec 0000C0FF 			.word	0xFFC00000
 9646 143f0 0000C0FF 			.word	0xFFC00000
 9647 143f4 0000C0FF 			.word	0xFFC00000
 9648 143f8 0000C0FF 			.word	0xFFC00000
 9649 143fc 0000C0FF 			.word	0xFFC00000
 9650 14400 0000C0FF 			.word	0xFFC00000
 9651 14404 0000C0FF 			.word	0xFFC00000
 9652 14408 0000C0FF 			.word	0xFFC00000
 9653 1440c 0000C0FF 			.word	0xFFC00000
 9654 14410 0000C0FF 			.word	0xFFC00000
 9655 14414 0000C0FF 			.word	0xFFC00000
 9656 14418 0000C0FF 			.word	0xFFC00000
 9657 1441c 0000C0FF 			.word	0xFFC00000
 9658 14420 0000C0FF 			.word	0xFFC00000
 9659 14424 0000C0FF 			.word	0xFFC00000
 9660 14428 0000C0FF 			.word	0xFFC00000
 9661 1442c 0000C0FF 			.word	0xFFC00000
 9662 14430 0000C0FF 			.word	0xFFC00000
 9663 14434 0000C0FF 			.word	0xFFC00000
 9664 14438 0000C0FF 			.word	0xFFC00000
 9665 1443c 0000C0FF 			.word	0xFFC00000
 9666 14440 0000C0FF 			.word	0xFFC00000
 9667 14444 0000C0FF 			.word	0xFFC00000
 9668 14448 0000C0FF 			.word	0xFFC00000
 9669 1444c 0000C0FF 			.word	0xFFC00000
 9670 14450 0000C0FF 			.word	0xFFC00000
 9671 14454 0000C0FF 			.word	0xFFC00000
 9672 14458 0000C0FF 			.word	0xFFC00000
 9673 1445c 0000C0FF 			.word	0xFFC00000
 9674 14460 0000C0FF 			.word	0xFFC00000
 9675 14464 0000C0FF 			.word	0xFFC00000
 9676 14468 0000C0FF 			.word	0xFFC00000
 9677 1446c 0000C0FF 			.word	0xFFC00000
 9678 14470 0000C0FF 			.word	0xFFC00000
 9679 14474 0000C0FF 			.word	0xFFC00000
 9680 14478 0000C0FF 			.word	0xFFC00000
 9681 1447c 0000C0FF 			.word	0xFFC00000
 9682 14480 0000C0FF 			.word	0xFFC00000
 9683 14484 0000C0FF 			.word	0xFFC00000
 9684 14488 0000C0FF 			.word	0xFFC00000
 9685 1448c 0000C0FF 			.word	0xFFC00000
 9686 14490 0000C0FF 			.word	0xFFC00000
 9687 14494 0000C0FF 			.word	0xFFC00000
 9688 14498 0000C0FF 			.word	0xFFC00000
 9689 1449c 0000C0FF 			.word	0xFFC00000
 9690 144a0 0000C0FF 			.word	0xFFC00000
 9691 144a4 0000C0FF 			.word	0xFFC00000
 9692 144a8 0000C0FF 			.word	0xFFC00000
 9693 144ac 0000C0FF 			.word	0xFFC00000
 9694 144b0 0000C0FF 			.word	0xFFC00000
 9695 144b4 0000C0FF 			.word	0xFFC00000
 9696 144b8 0000C0FF 			.word	0xFFC00000
 9697 144bc 0000C0FF 			.word	0xFFC00000
 9698 144c0 0000C0FF 			.word	0xFFC00000
 9699 144c4 0000C0FF 			.word	0xFFC00000
 9700 144c8 0000C0FF 			.word	0xFFC00000
ARM GAS  font_arial104.s 			page 372


 9701 144cc 0000C0FF 			.word	0xFFC00000
 9702 144d0 0000C0FF 			.word	0xFFC00000
 9703 144d4 0000C0FF 			.word	0xFFC00000
 9704 144d8 0000C0FF 			.word	0xFFC00000
 9705 144dc 0000C0FF 			.word	0xFFC00000
 9706 144e0 0000C0FF 			.word	0xFFC00000
 9707 144e4 0000C0FF 			.word	0xFFC00000
 9708 144e8 0000C0FF 			.word	0xFFC00000
 9709              	
 9710              	RIGHT_CURLY_BRACKET:
 9711 144ec 7D000000 			.word	'}			// ASCII "}" character
 9712 144f0 2E000000 			.word	46			// cell pixel width
 9713 144f4 82000000 			.word	CELLHGHT		// cell pixel height
 9714 144f8 27000000 			.word	39			// glyph pixel width
 9715 144fc 82000000 			.word	130			// glyph pixel height
 9716 14500 03000000 			.word	3			// blank horizontal pixels before glyph
 9717 14504 04000000 			.word	4			// blank horizontal pixels after glyph
 9718 14508 00000000 			.word	0			// blank horizontal lines before glyph
 9719 1450c 00000000 			.word	0			// blank horizontal lines after glyph
 9720              							// bit mapped glyph
 9721 14510 0000E0FF 			.word	0xFFE00000, 0x00000000
 9721      00000000 
 9722 14518 0000FCFF 			.word	0xFFFC0000, 0x00000000
 9722      00000000 
 9723 14520 0000FFFF 			.word	0xFFFF0000, 0x00000000
 9723      00000000 
 9724 14528 00C0FFFF 			.word	0xFFFFC000, 0x00000000
 9724      00000000 
 9725 14530 00E0FFFF 			.word	0xFFFFE000, 0x00000000
 9725      00000000 
 9726 14538 00F0FFFF 			.word	0xFFFFF000, 0x00000000
 9726      00000000 
 9727 14540 00F8FFFF 			.word	0xFFFFF800, 0x00000000
 9727      00000000 
 9728 14548 00FCFFFF 			.word	0xFFFFFC00, 0x00000000
 9728      00000000 
 9729 14550 00FCFFFF 			.word	0xFFFFFC00, 0x00000000
 9729      00000000 
 9730 14558 00FEFFFF 			.word	0xFFFFFE00, 0x00000000
 9730      00000000 
 9731 14560 00FEFFFF 			.word	0xFFFFFE00, 0x00000000
 9731      00000000 
 9732 14568 00FEFFFF 			.word	0xFFFFFE00, 0x00000000
 9732      00000000 
 9733 14570 00FFFF00 			.word	0x00FFFF00, 0x00000000
 9733      00000000 
 9734 14578 00FF3F00 			.word	0x003FFF00, 0x00000000
 9734      00000000 
 9735 14580 00FF0F00 			.word	0x000FFF00, 0x00000000
 9735      00000000 
 9736 14588 00FF0F00 			.word	0x000FFF00, 0x00000000
 9736      00000000 
 9737 14590 00FF0700 			.word	0x0007FF00, 0x00000000
 9737      00000000 
 9738 14598 80FF0700 			.word	0x0007FF80, 0x00000000
 9738      00000000 
 9739 145a0 80FF0700 			.word	0x0007FF80, 0x00000000
ARM GAS  font_arial104.s 			page 373


 9739      00000000 
 9740 145a8 80FF0700 			.word	0x0007FF80, 0x00000000
 9740      00000000 
 9741 145b0 80FF0700 			.word	0x0007FF80, 0x00000000
 9741      00000000 
 9742 145b8 80FF0300 			.word	0x0003FF80, 0x00000000
 9742      00000000 
 9743 145c0 80FF0300 			.word	0x0003FF80, 0x00000000
 9743      00000000 
 9744 145c8 80FF0300 			.word	0x0003FF80, 0x00000000
 9744      00000000 
 9745 145d0 80FF0300 			.word	0x0003FF80, 0x00000000
 9745      00000000 
 9746 145d8 80FF0300 			.word	0x0003FF80, 0x00000000
 9746      00000000 
 9747 145e0 80FF0300 			.word	0x0003FF80, 0x00000000
 9747      00000000 
 9748 145e8 80FF0300 			.word	0x0003FF80, 0x00000000
 9748      00000000 
 9749 145f0 80FF0300 			.word	0x0003FF80, 0x00000000
 9749      00000000 
 9750 145f8 80FF0300 			.word	0x0003FF80, 0x00000000
 9750      00000000 
 9751 14600 80FF0300 			.word	0x0003FF80, 0x00000000
 9751      00000000 
 9752 14608 80FF0300 			.word	0x0003FF80, 0x00000000
 9752      00000000 
 9753 14610 80FF0300 			.word	0x0003FF80, 0x00000000
 9753      00000000 
 9754 14618 80FF0300 			.word	0x0003FF80, 0x00000000
 9754      00000000 
 9755 14620 80FF0300 			.word	0x0003FF80, 0x00000000
 9755      00000000 
 9756 14628 80FF0300 			.word	0x0003FF80, 0x00000000
 9756      00000000 
 9757 14630 80FF0300 			.word	0x0003FF80, 0x00000000
 9757      00000000 
 9758 14638 80FF0300 			.word	0x0003FF80, 0x00000000
 9758      00000000 
 9759 14640 80FF0300 			.word	0x0003FF80, 0x00000000
 9759      00000000 
 9760 14648 80FF0300 			.word	0x0003FF80, 0x00000000
 9760      00000000 
 9761 14650 80FF0300 			.word	0x0003FF80, 0x00000000
 9761      00000000 
 9762 14658 80FF0300 			.word	0x0003FF80, 0x00000000
 9762      00000000 
 9763 14660 80FF0300 			.word	0x0003FF80, 0x00000000
 9763      00000000 
 9764 14668 80FF0300 			.word	0x0003FF80, 0x00000000
 9764      00000000 
 9765 14670 C0FF0300 			.word	0x0003FFC0, 0x00000000
 9765      00000000 
 9766 14678 C0FF0300 			.word	0x0003FFC0, 0x00000000
 9766      00000000 
 9767 14680 C0FF0300 			.word	0x0003FFC0, 0x00000000
 9767      00000000 
ARM GAS  font_arial104.s 			page 374


 9768 14688 C0FF0100 			.word	0x0001FFC0, 0x00000000
 9768      00000000 
 9769 14690 C0FF0100 			.word	0x0001FFC0, 0x00000000
 9769      00000000 
 9770 14698 C0FF0100 			.word	0x0001FFC0, 0x00000000
 9770      00000000 
 9771 146a0 E0FF0100 			.word	0x0001FFE0, 0x00000000
 9771      00000000 
 9772 146a8 E0FF0000 			.word	0x0000FFE0, 0x00000000
 9772      00000000 
 9773 146b0 F0FF0000 			.word	0x0000FFF0, 0x00000000
 9773      00000000 
 9774 146b8 F8FF0000 			.word	0x0000FFF8, 0x00000000
 9774      00000000 
 9775 146c0 FC7F0000 			.word	0x00007FFC, 0x00000000
 9775      00000000 
 9776 146c8 FE7F0000 			.word	0x00007FFE, 0x00000000
 9776      00000000 
 9777 146d0 FF3F0000 			.word	0x00003FFF, 0x00000000
 9777      00000000 
 9778 146d8 FF1F0000 			.word	0x00001FFF, 0xE0000000
 9778      000000E0 
 9779 146e0 FF0F0000 			.word	0x00000FFF, 0xFE000000
 9779      000000FE 
 9780 146e8 FF070000 			.word	0x000007FF, 0xFE000000
 9780      000000FE 
 9781 146f0 FF030000 			.word	0x000003FF, 0xFE000000
 9781      000000FE 
 9782 146f8 FF010000 			.word	0x000001FF, 0xFE000000
 9782      000000FE 
 9783 14700 7F000000 			.word	0x0000007F, 0xFE000000
 9783      000000FE 
 9784 14708 1F000000 			.word	0x0000001F, 0xFE000000
 9784      000000FE 
 9785 14710 1F000000 			.word	0x0000001F, 0xFE000000
 9785      000000FE 
 9786 14718 7F000000 			.word	0x0000007F, 0xFE000000
 9786      000000FE 
 9787 14720 FF010000 			.word	0x000001FF, 0xFE000000
 9787      000000FE 
 9788 14728 FF030000 			.word	0x000003FF, 0xFE000000
 9788      000000FE 
 9789 14730 FF070000 			.word	0x000007FF, 0xFE000000
 9789      000000FE 
 9790 14738 FF0F0000 			.word	0x00000FFF, 0xFE000000
 9790      000000FE 
 9791 14740 FF1F0000 			.word	0x00001FFF, 0xE0000000
 9791      000000E0 
 9792 14748 FF3F0000 			.word	0x00003FFF, 0x80000000
 9792      00000080 
 9793 14750 FE3F0000 			.word	0x00003FFE, 0x00000000
 9793      00000000 
 9794 14758 FC7F0000 			.word	0x00007FFC, 0x00000000
 9794      00000000 
 9795 14760 F87F0000 			.word	0x00007FF8, 0x00000000
 9795      00000000 
 9796 14768 F0FF0000 			.word	0x0000FFF0, 0x00000000
ARM GAS  font_arial104.s 			page 375


 9796      00000000 
 9797 14770 F0FF0000 			.word	0x0000FFF0, 0x00000000
 9797      00000000 
 9798 14778 E0FF0000 			.word	0x0000FFE0, 0x00000000
 9798      00000000 
 9799 14780 E0FF0100 			.word	0x0001FFE0, 0x00000000
 9799      00000000 
 9800 14788 E0FF0100 			.word	0x0001FFE0, 0x00000000
 9800      00000000 
 9801 14790 C0FF0100 			.word	0x0001FFC0, 0x00000000
 9801      00000000 
 9802 14798 C0FF0100 			.word	0x0001FFC0, 0x00000000
 9802      00000000 
 9803 147a0 C0FF0100 			.word	0x0001FFC0, 0x00000000
 9803      00000000 
 9804 147a8 C0FF0300 			.word	0x0003FFC0, 0x00000000
 9804      00000000 
 9805 147b0 C0FF0300 			.word	0x0003FFC0, 0x00000000
 9805      00000000 
 9806 147b8 C0FF0300 			.word	0x0003FFC0, 0x00000000
 9806      00000000 
 9807 147c0 C0FF0300 			.word	0x0003FFC0, 0x00000000
 9807      00000000 
 9808 147c8 80FF0300 			.word	0x0003FF80, 0x00000000
 9808      00000000 
 9809 147d0 80FF0300 			.word	0x0003FF80, 0x00000000
 9809      00000000 
 9810 147d8 80FF0300 			.word	0x0003FF80, 0x00000000
 9810      00000000 
 9811 147e0 80FF0300 			.word	0x0003FF80, 0x00000000
 9811      00000000 
 9812 147e8 80FF0300 			.word	0x0003FF80, 0x00000000
 9812      00000000 
 9813 147f0 80FF0300 			.word	0x0003FF80, 0x00000000
 9813      00000000 
 9814 147f8 80FF0300 			.word	0x0003FF80, 0x00000000
 9814      00000000 
 9815 14800 80FF0300 			.word	0x0003FF80, 0x00000000
 9815      00000000 
 9816 14808 80FF0300 			.word	0x0003FF80, 0x00000000
 9816      00000000 
 9817 14810 80FF0300 			.word	0x0003FF80, 0x00000000
 9817      00000000 
 9818 14818 80FF0300 			.word	0x0003FF80, 0x00000000
 9818      00000000 
 9819 14820 80FF0300 			.word	0x0003FF80, 0x00000000
 9819      00000000 
 9820 14828 80FF0300 			.word	0x0003FF80, 0x00000000
 9820      00000000 
 9821 14830 80FF0300 			.word	0x0003FF80, 0x00000000
 9821      00000000 
 9822 14838 80FF0300 			.word	0x0003FF80, 0x00000000
 9822      00000000 
 9823 14840 80FF0300 			.word	0x0003FF80, 0x00000000
 9823      00000000 
 9824 14848 80FF0300 			.word	0x0003FF80, 0x00000000
 9824      00000000 
ARM GAS  font_arial104.s 			page 376


 9825 14850 80FF0300 			.word	0x0003FF80, 0x00000000
 9825      00000000 
 9826 14858 80FF0300 			.word	0x0003FF80, 0x00000000
 9826      00000000 
 9827 14860 80FF0300 			.word	0x0003FF80, 0x00000000
 9827      00000000 
 9828 14868 80FF0300 			.word	0x0003FF80, 0x00000000
 9828      00000000 
 9829 14870 80FF0300 			.word	0x0003FF80, 0x00000000
 9829      00000000 
 9830 14878 80FF0300 			.word	0x0003FF80, 0x00000000
 9830      00000000 
 9831 14880 80FF0700 			.word	0x0007FF80, 0x00000000
 9831      00000000 
 9832 14888 80FF0700 			.word	0x0007FF80, 0x00000000
 9832      00000000 
 9833 14890 80FF0700 			.word	0x0007FF80, 0x00000000
 9833      00000000 
 9834 14898 00FF0700 			.word	0x0007FF00, 0x00000000
 9834      00000000 
 9835 148a0 00FF0F00 			.word	0x000FFF00, 0x00000000
 9835      00000000 
 9836 148a8 00FF0F00 			.word	0x000FFF00, 0x00000000
 9836      00000000 
 9837 148b0 00FF3F00 			.word	0x003FFF00, 0x00000000
 9837      00000000 
 9838 148b8 00FFFF00 			.word	0x00FFFF00, 0x00000000
 9838      00000000 
 9839 148c0 00FEFFFF 			.word	0xFFFFFE00, 0x00000000
 9839      00000000 
 9840 148c8 00FEFFFF 			.word	0xFFFFFE00, 0x00000000
 9840      00000000 
 9841 148d0 00FEFFFF 			.word	0xFFFFFE00, 0x00000000
 9841      00000000 
 9842 148d8 00FCFFFF 			.word	0xFFFFFC00, 0x00000000
 9842      00000000 
 9843 148e0 00F8FFFF 			.word	0xFFFFF800, 0x00000000
 9843      00000000 
 9844 148e8 00F8FFFF 			.word	0xFFFFF800, 0x00000000
 9844      00000000 
 9845 148f0 00F0FFFF 			.word	0xFFFFF000, 0x00000000
 9845      00000000 
 9846 148f8 00E0FFFF 			.word	0xFFFFE000, 0x00000000
 9846      00000000 
 9847 14900 00C0FFFF 			.word	0xFFFFC000, 0x00000000
 9847      00000000 
 9848 14908 0000FFFF 			.word	0xFFFF0000, 0x00000000
 9848      00000000 
 9849 14910 0000FCFF 			.word	0xFFFC0000, 0x00000000
 9849      00000000 
 9850 14918 0000E0FF 			.word	0xFFE00000, 0x00000000
 9850      00000000 
 9851              	
 9852              	TILDE:
 9853 14920 7E000000 			.word	'~			// ASCII "~" character
 9854 14924 51000000 			.word	81			// cell pixel width
 9855 14928 82000000 			.word	CELLHGHT		// cell pixel height
ARM GAS  font_arial104.s 			page 377


 9856 1492c 45000000 			.word	69			// glyph pixel width
 9857 14930 16000000 			.word	22			// glyph pixel height
 9858 14934 06000000 			.word	6			// blank horizontal pixels before glyph
 9859 14938 06000000 			.word	6			// blank horizontal pixels after glyph
 9860 1493c 28000000 			.word	40			// blank horizontal lines before glyph
 9861 14940 44000000 			.word	68			// blank horizontal lines after glyph
 9862              							// bit mapped glyph
 9863 14944 00FF0300 			.word	0x0003FF00, 0x00000000, 0x00000000
 9863      00000000 
 9863      00000000 
 9864 14950 F0FF3F00 			.word	0x003FFFF0, 0x00000000, 0x08000000
 9864      00000000 
 9864      00000008 
 9865 1495c FEFFFF00 			.word	0x00FFFFFE, 0x00000000, 0x18000000
 9865      00000000 
 9865      00000018 
 9866 14968 FFFFFF03 			.word	0x03FFFFFF, 0xC0000000, 0x78000000
 9866      000000C0 
 9866      00000078 
 9867 14974 FFFFFF07 			.word	0x07FFFFFF, 0xF8000000, 0xF8000000
 9867      000000F8 
 9867      000000F8 
 9868 14980 FFFFFF1F 			.word	0x1FFFFFFF, 0xFE000001, 0xF8000000
 9868      010000FE 
 9868      000000F8 
 9869 1498c FFFFFF3F 			.word	0x3FFFFFFF, 0xFFC00007, 0xF8000000
 9869      0700C0FF 
 9869      000000F8 
 9870 14998 FFFFFF7F 			.word	0x7FFFFFFF, 0xFFF0001F, 0xF8000000
 9870      1F00F0FF 
 9870      000000F8 
 9871 149a4 FFFFFFFF 			.word	0xFFFFFFFF, 0xFFFE00FF, 0xF8000000
 9871      FF00FEFF 
 9871      000000F8 
 9872 149b0 FFFFFFFF 			.word	0xFFFFFFFF, 0xFFFFFFFF, 0xF8000000
 9872      FFFFFFFF 
 9872      000000F8 
 9873 149bc FFFFFFFF 			.word	0xFFFFFFFF, 0xFFFFFFFF, 0xF8000000
 9873      FFFFFFFF 
 9873      000000F8 
 9874 149c8 FFFFFFFF 			.word	0xFFFFFFFF, 0xFFFFFFFF, 0xF8000000
 9874      FFFFFFFF 
 9874      000000F8 
 9875 149d4 FFFFFFFF 			.word	0xFFFFFFFF, 0xFFFFFFFF, 0xF8000000
 9875      FFFFFFFF 
 9875      000000F8 
 9876 149e0 FF03F8FF 			.word	0xFFF803FF, 0xFFFFFFFF, 0xF8000000
 9876      FFFFFFFF 
 9876      000000F8 
 9877 149ec 3F00C0FF 			.word	0xFFC0003F, 0xFFFFFFFF, 0xF0000000
 9877      FFFFFFFF 
 9877      000000F0 
 9878 149f8 070000FF 			.word	0xFF000007, 0xFFFFFFFF, 0xE0000000
 9878      FFFFFFFF 
 9878      000000E0 
 9879 14a04 010000FE 			.word	0xFE000001, 0xFFFFFFFF, 0x80000000
 9879      FFFFFFFF 
ARM GAS  font_arial104.s 			page 378


 9879      00000080 
 9880 14a10 000000F8 			.word	0xF8000000, 0x7FFFFFFF, 0x00000000
 9880      FFFFFF7F 
 9880      00000000 
 9881 14a1c 000000F0 			.word	0xF0000000, 0x0FFFFFFE, 0x00000000
 9881      FEFFFF0F 
 9881      00000000 
 9882 14a28 000000E0 			.word	0xE0000000, 0x03FFFFF8, 0x00000000
 9882      F8FFFF03 
 9882      00000000 
 9883 14a34 00000080 			.word	0x80000000, 0x007FFFE0, 0x00000000
 9883      E0FF7F00 
 9883      00000000 
 9884 14a40 00000000 			.word	0x00000000, 0x0007FE00, 0x00000000
 9884      00FE0700 
 9884      00000000 
 9885              	
 9886              	HEX_0XF8:
 9887 14a4c 00000000 			.word	NULL			// no equivalent ASCII character
 9888 14a50 38000000 			.word	56			// cell pixel width
 9889 14a54 82000000 			.word	CELLHGHT		// cell pixel height
 9890 14a58 26000000 			.word	38			// glyph pixel width
 9891 14a5c 26000000 			.word	38			// glyph pixel height
 9892 14a60 09000000 			.word	9			// blank horizontal pixels before glyph
 9893 14a64 09000000 			.word	9			// blank horizontal pixels after glyph
 9894 14a68 00000000 			.word	0			// blank horizontal lines before glyph
 9895 14a6c 5C000000 			.word	92			// blank horizontal lines after glyph
 9896              							// bit mapped glyph
 9897 14a70 00FF0300 			.word	0x0003FF00, 0x00000000
 9897      00000000 
 9898 14a78 E0FF1F00 			.word	0x001FFFE0, 0x00000000
 9898      00000000 
 9899 14a80 F8FF7F00 			.word	0x007FFFF8, 0x00000000
 9899      00000000 
 9900 14a88 FCFFFF00 			.word	0x00FFFFFC, 0x00000000
 9900      00000000 
 9901 14a90 FEFFFF01 			.word	0x01FFFFFE, 0x00000000
 9901      00000000 
 9902 14a98 FFFFFF07 			.word	0x07FFFFFF, 0x80000000
 9902      00000080 
 9903 14aa0 FFFFFF0F 			.word	0x0FFFFFFF, 0xC0000000
 9903      000000C0 
 9904 14aa8 FF01FE0F 			.word	0x0FFE01FF, 0xC0000000
 9904      000000C0 
 9905 14ab0 7F00F81F 			.word	0x1FF8007F, 0xE0000000
 9905      000000E0 
 9906 14ab8 3F00F03F 			.word	0x3FF0003F, 0xF0000000
 9906      000000F0 
 9907 14ac0 0F00C03F 			.word	0x3FC0000F, 0xF0000000
 9907      000000F0 
 9908 14ac8 0F00C07F 			.word	0x7FC0000F, 0xF8000000
 9908      000000F8 
 9909 14ad0 0700807F 			.word	0x7F800007, 0xF8000000
 9909      000000F8 
 9910 14ad8 0300007F 			.word	0x7F000003, 0xF8000000
 9910      000000F8 
 9911 14ae0 030000FF 			.word	0xFF000003, 0xFC000000
ARM GAS  font_arial104.s 			page 379


 9911      000000FC 
 9912 14ae8 010000FE 			.word	0xFE000001, 0xFC000000
 9912      000000FC 
 9913 14af0 010000FE 			.word	0xFE000001, 0xFC000000
 9913      000000FC 
 9914 14af8 010000FE 			.word	0xFE000001, 0xFC000000
 9914      000000FC 
 9915 14b00 010000FE 			.word	0xFE000001, 0xFC000000
 9915      000000FC 
 9916 14b08 010000FE 			.word	0xFE000001, 0xFC000000
 9916      000000FC 
 9917 14b10 010000FE 			.word	0xFE000001, 0xFC000000
 9917      000000FC 
 9918 14b18 010000FE 			.word	0xFE000001, 0xFC000000
 9918      000000FC 
 9919 14b20 010000FE 			.word	0xFE000001, 0xFC000000
 9919      000000FC 
 9920 14b28 030000FF 			.word	0xFF000003, 0xFC000000
 9920      000000FC 
 9921 14b30 0300007F 			.word	0x7F000003, 0xF8000000
 9921      000000F8 
 9922 14b38 0700807F 			.word	0x7F800007, 0xF8000000
 9922      000000F8 
 9923 14b40 0F00C07F 			.word	0x7FC0000F, 0xF8000000
 9923      000000F8 
 9924 14b48 0F00C03F 			.word	0x3FC0000F, 0xF0000000
 9924      000000F0 
 9925 14b50 3F00F03F 			.word	0x3FF0003F, 0xF0000000
 9925      000000F0 
 9926 14b58 7F00F81F 			.word	0x1FF8007F, 0xE0000000
 9926      000000E0 
 9927 14b60 FF01FE0F 			.word	0x0FFE01FF, 0xC0000000
 9927      000000C0 
 9928 14b68 FFFFFF0F 			.word	0x0FFFFFFF, 0xC0000000
 9928      000000C0 
 9929 14b70 FFFFFF07 			.word	0x07FFFFFF, 0x80000000
 9929      00000080 
 9930 14b78 FEFFFF01 			.word	0x01FFFFFE, 0x00000000
 9930      00000000 
 9931 14b80 FCFFFF00 			.word	0x00FFFFFC, 0x00000000
 9931      00000000 
 9932 14b88 F8FF7F00 			.word	0x007FFFF8, 0x00000000
 9932      00000000 
 9933 14b90 E0FF1F00 			.word	0x001FFFE0, 0x00000000
 9933      00000000 
 9934 14b98 00FF0300 			.word	0x0003FF00, 0x00000000
 9934      00000000 
 9935              	
 9936              	HEX_0XFD:
 9937 14ba0 00000000 			.word	NULL			// no equivalent ASCII character
 9938 14ba4 2E000000 			.word	46			// cell pixel width
 9939 14ba8 82000000 			.word	CELLHGHT		// cell pixel height
 9940 14bac 2A000000 			.word	42			// glyph pixel width
 9941 14bb0 33000000 			.word	51			// glyph pixel height
 9942 14bb4 02000000 			.word	2			// blank horizontal pixels before glyph
 9943 14bb8 02000000 			.word	2			// blank horizontal pixels after glyph
 9944 14bbc 00000000 			.word	0			// blank horizontal lines before glyph
ARM GAS  font_arial104.s 			page 380


 9945 14bc0 4F000000 			.word	79			// blank horizontal lines after glyph
 9946              							// bit mapped glyph
 9947 14bc4 F0FF0000 			.word	0x0000FFF0, 0x00000000
 9947      00000000 
 9948 14bcc FFFF0F00 			.word	0x000FFFFF, 0x00000000
 9948      00000000 
 9949 14bd4 FFFF3F00 			.word	0x003FFFFF, 0xC0000000
 9949      000000C0 
 9950 14bdc FFFFFF00 			.word	0x00FFFFFF, 0xF0000000
 9950      000000F0 
 9951 14be4 FFFFFF01 			.word	0x01FFFFFF, 0xF8000000
 9951      000000F8 
 9952 14bec FFFFFF03 			.word	0x03FFFFFF, 0xFC000000
 9952      000000FC 
 9953 14bf4 FFFFFF07 			.word	0x07FFFFFF, 0xFE000000
 9953      000000FE 
 9954 14bfc FFFFFF0F 			.word	0x0FFFFFFF, 0xFF000000
 9954      000000FF 
 9955 14c04 3F80FF0F 			.word	0x0FFF803F, 0xFF000000
 9955      000000FF 
 9956 14c0c 0F00FE1F 			.word	0x1FFE000F, 0xFF800000
 9956      000080FF 
 9957 14c14 0700FC1F 			.word	0x1FFC0007, 0xFF800000
 9957      000080FF 
 9958 14c1c 0300F83F 			.word	0x3FF80003, 0xFF800000
 9958      000080FF 
 9959 14c24 0300F83F 			.word	0x3FF80003, 0xFF800000
 9959      000080FF 
 9960 14c2c 0100F07F 			.word	0x7FF00001, 0xFF800000
 9960      000080FF 
 9961 14c34 0100F00F 			.word	0x0FF00001, 0xFF800000
 9961      000080FF 
 9962 14c3c 01007000 			.word	0x00700001, 0xFF800000
 9962      000080FF 
 9963 14c44 01000000 			.word	0x00000001, 0xFF800000
 9963      000080FF 
 9964 14c4c 01000000 			.word	0x00000001, 0xFF800000
 9964      000080FF 
 9965 14c54 03000000 			.word	0x00000003, 0xFF800000
 9965      000080FF 
 9966 14c5c 03000000 			.word	0x00000003, 0xFF000000
 9966      000000FF 
 9967 14c64 07000000 			.word	0x00000007, 0xFF000000
 9967      000000FF 
 9968 14c6c 0F000000 			.word	0x0000000F, 0xFE000000
 9968      000000FE 
 9969 14c74 1F000000 			.word	0x0000001F, 0xFE000000
 9969      000000FE 
 9970 14c7c 3F000000 			.word	0x0000003F, 0xFC000000
 9970      000000FC 
 9971 14c84 7F000000 			.word	0x0000007F, 0xFC000000
 9971      000000FC 
 9972 14c8c FF010000 			.word	0x000001FF, 0xF8000000
 9972      000000F8 
 9973 14c94 FF030000 			.word	0x000003FF, 0xF0000000
 9973      000000F0 
 9974 14c9c FF070000 			.word	0x000007FF, 0xE0000000
ARM GAS  font_arial104.s 			page 381


 9974      000000E0 
 9975 14ca4 FF1F0000 			.word	0x00001FFF, 0xC0000000
 9975      000000C0 
 9976 14cac FF3F0000 			.word	0x00003FFF, 0x00000000
 9976      00000000 
 9977 14cb4 FE7F0000 			.word	0x00007FFE, 0x00000000
 9977      00000000 
 9978 14cbc FCFF0100 			.word	0x0001FFFC, 0x00000000
 9978      00000000 
 9979 14cc4 F8FF0300 			.word	0x0003FFF8, 0x00000000
 9979      00000000 
 9980 14ccc E0FF0700 			.word	0x0007FFE0, 0x00000000
 9980      00000000 
 9981 14cd4 C0FF0F00 			.word	0x000FFFC0, 0x00000000
 9981      00000000 
 9982 14cdc 80FF3F00 			.word	0x003FFF80, 0x00000000
 9982      00000000 
 9983 14ce4 00FE7F00 			.word	0x007FFE00, 0x00000000
 9983      00000000 
 9984 14cec 00FCFF00 			.word	0x00FFFC00, 0x00000000
 9984      00000000 
 9985 14cf4 00F8FF01 			.word	0x01FFF800, 0x00000000
 9985      00000000 
 9986 14cfc 00F0FF03 			.word	0x03FFF000, 0x00000000
 9986      00000000 
 9987 14d04 00C0FF07 			.word	0x07FFC000, 0x00000000
 9987      00000000 
 9988 14d0c 0080FF0F 			.word	0x0FFF8000, 0x00000000
 9988      00000000 
 9989 14d14 0000FF1F 			.word	0x1FFF0000, 0x00000000
 9989      00000000 
 9990 14d1c FFFFFF1F 			.word	0x1FFFFFFF, 0xFFC00000
 9990      0000C0FF 
 9991 14d24 FFFFFF3F 			.word	0x3FFFFFFF, 0xFFC00000
 9991      0000C0FF 
 9992 14d2c FFFFFF7F 			.word	0x7FFFFFFF, 0xFFC00000
 9992      0000C0FF 
 9993 14d34 FFFFFF7F 			.word	0x7FFFFFFF, 0xFFC00000
 9993      0000C0FF 
 9994 14d3c FFFFFF7F 			.word	0x7FFFFFFF, 0xFFC00000
 9994      0000C0FF 
 9995 14d44 FFFFFFFF 			.word	0xFFFFFFFF, 0xFFC00000
 9995      0000C0FF 
 9996 14d4c FFFFFFFF 			.word	0xFFFFFFFF, 0xFFC00000
 9996      0000C0FF 
 9997 14d54 FFFFFFFF 			.word	0xFFFFFFFF, 0xFFC00000
 9997      0000C0FF 
 9998              	
 9999              			.end
