ARM GAS  font_arial123.s 			page 1


   1              	/*******************************************************************************
   2              	*
   3              	* Arial font (123 pixels) file
   4              	*
   5              	* Copyright (c) 2022
   6              	*
   7              	*******************************************************************************/
   8              	
   9              	/*******************************************************************************
  10              	*
  11              	* Revision History
  12              	* ----------------------------------------------
  13              	* 10h	 4/10/22	PMW	Initial creation
  14              	*
  15              	*******************************************************************************/
  16              	
  17              	// External reference
  18              	
  19              			.global  FontArial123
  20              	
  21              	// Equates (i.e. defines)
  22              	
  23              			.equ	NULL, 0
  24              			.equ	CELLWDTH, 88
  25              			.equ	CELLHGHT, 122
  26              	
  27              	// Data Section
  28              	
  29              			.data
  30              	
  31              			.align	12
  32              	
  33              	/*******************************************************************************
  34              	*
  35              	* Font information, must be at beginning of font file
  36              	*
  37              	*******************************************************************************/
  38              	
  39              	FontArial123:
  40              	
  41 0000 10000000 			.word	STRING			// String font name offset
  42 0004 28000000 			.word	TABLE			// ASCII character table of offset addresses
  43 0008 58000000 			.word	CELLWDTH		// cell pixel width
  44 000c 7A000000 			.word	CELLHGHT		// cell pixel height
  45              	
  46              	/*******************************************************************************
  47              	*
  48              	* Font string name
  49              	*
  50              	*******************************************************************************/
  51              	
  52              	STRING:
  53              	
  54 0010 41726961 			.asciz	"Arial font (123 pixels)"
  54      6C20666F 
  54      6E742028 
  54      31323320 
ARM GAS  font_arial123.s 			page 2


  54      70697865 
  55              	
  56              			.align	2
  57              	
  58              	/*******************************************************************************
  59              	*
  60              	* ASCII character table of offset addresses
  61              	*
  62              	* There is one entry for each of 128 ASCII characters
  63              	* A null entry means there is no gyph associated with that entry
  64              	*
  65              	*******************************************************************************/
  66              	
  67              	TABLE:
  68 0028 00000000 			.word	NULL			// 00h - null, can't be used as it's string terminator
  69 002c 00000000 			.word	NULL			// 01h
  70 0030 00000000 			.word	NULL			// 02h
  71 0034 00000000 			.word	NULL			// 03h
  72 0038 00000000 			.word	NULL			// 04h
  73 003c 00000000 			.word	NULL			// 05h
  74 0040 00000000 			.word	NULL			// 06h
  75 0044 00000000 			.word	NULL			// 07h
  76 0048 00000000 			.word	NULL			// 08h
  77 004c 00000000 			.word	NULL			// 09h
  78 0050 00000000 			.word	NULL			// 0Ah
  79 0054 00000000 			.word	NULL			// 0Bh
  80 0058 00000000 			.word	NULL			// 0Ch
  81 005c 00000000 			.word	NULL			// 0Dh
  82 0060 00000000 			.word	NULL			// 0Eh
  83 0064 00000000 			.word	NULL			// 0Fh
  84 0068 00000000 			.word	NULL			// 10h
  85 006c 00000000 			.word	NULL			// 11h
  86 0070 00000000 			.word	NULL			// 12h
  87 0074 00000000 			.word	NULL			// 13h
  88 0078 00000000 			.word	NULL			// 14h
  89 007c 00000000 			.word	NULL			// 15h
  90 0080 00000000 			.word	NULL			// 16h
  91 0084 00000000 			.word	NULL			// 17h
  92 0088 00000000 			.word	NULL			// 18h
  93 008c 00000000 			.word	NULL			// 19h
  94 0090 00000000 			.word	NULL			// 1Ah
  95 0094 00000000 			.word	NULL			// 1Bh
  96 0098 00000000 			.word	NULL			// 1Ch
  97 009c 00000000 			.word	NULL			// 1Dh
  98 00a0 00000000 			.word	NULL			// 1Eh
  99 00a4 00000000 			.word	NULL			// 1Fh
 100 00a8 28040000 			.word	SPACE			// <space>
 101 00ac 00000000 			.word	NULL			// EXCLAMATION_MARK	// !
 102 00b0 4C040000 			.word	QUOTE_MARK		// "
 103 00b4 00000000 			.word	NULL			// NUMBER_SIGN		// #
 104 00b8 00000000 			.word	NULL			// DOLLAR_SIGN		// $
 105 00bc C8050000 			.word	PERCENT_SIGN		// %
 106 00c0 00000000 			.word	NULL			// AMPERSAND		// &
 107 00c4 00000000 			.word	NULL			// APOSTROPHE		// '
 108 00c8 00000000 			.word	NULL			// LEFT_PAREN		// (
 109 00cc 00000000 			.word	NULL			// RIGHT_PAREN		// )
 110 00d0 00000000 			.word	NULL			// ASTERISK		// *
ARM GAS  font_arial123.s 			page 3


 111 00d4 8C0D0000 			.word	PLUS_SIGN		// +
 112 00d8 00000000 			.word	NULL			// COMMA		// ,
 113 00dc 70110000 			.word	MINUS_SIGN		// -
 114 00e0 3C120000 			.word	PERIOD			// .
 115 00e4 A0120000 			.word	FORWARD_SLASH		// /
 116 00e8 8C160000 			.word	ZERO			// 0
 117 00ec 501C0000 			.word	ONE			// 1
 118 00f0 24200000 			.word	TWO			// 2
 119 00f4 D0250000 			.word	THREE			// 3
 120 00f8 942B0000 			.word	FOUR			// 4
 121 00fc 34310000 			.word	FIVE			// 5
 122 0100 E0360000 			.word	SIX			// 6
 123 0104 A43C0000 			.word	SEVEN			// 7
 124 0108 38420000 			.word	EIGHT			// 8
 125 010c FC470000 			.word	NINE			// 9
 126 0110 C04D0000 			.word	COLON			// :
 127 0114 00000000 			.word	NULL			// SEMI_COLON		// ;
 128 0118 00000000 			.word	NULL			// LESS_THAN_SIGN	// <
 129 011c 00000000 			.word	NULL			// EQUAL_SIGN		// =
 130 0120 00000000 			.word	NULL			// GREATER_THAN_SIGN	// >
 131 0124 00000000 			.word	NULL			// QUESTION_MARK	// ?
 132 0128 3C4F0000 			.word	AT_SIGN			// @
 133 012c 00000000 			.word	NULL			// UPPERCASE_A		// A
 134 0130 00000000 			.word	NULL			// UPPERCASE_B		// B
 135 0134 00000000 			.word	NULL			// UPPERCASE_C		// C
 136 0138 00000000 			.word	NULL			// UPPERCASE_D		// D
 137 013c B0550000 			.word	UPPERCASE_E		// E
 138 0140 5C5B0000 			.word	UPPERCASE_F		// F
 139 0144 00000000 			.word	NULL			// UPPERCASE_G		// G
 140 0148 00000000 			.word	NULL			// UPPERCASE_H		// H
 141 014c 00000000 			.word	NULL			// UPPERCASE_I		// I
 142 0150 00000000 			.word	NULL			// UPPERCASE_J		// J
 143 0154 00000000 			.word	NULL			// UPPERCASE_K		// K
 144 0158 00000000 			.word	NULL			// UPPERCASE_L		// L
 145 015c 00000000 			.word	NULL			// UPPERCASE_M		// M
 146 0160 08610000 			.word	UPPERCASE_N		// N
 147 0164 00000000 			.word	NULL			// UPPERCASE_O		// O
 148 0168 00000000 			.word	NULL			// UPPERCASE_P		// P
 149 016c 00000000 			.word	NULL			// UPPERCASE_Q		// Q
 150 0170 00000000 			.word	NULL			// UPPERCASE_R		// R
 151 0174 B4660000 			.word	UPPERCASE_S		// S
 152 0178 00000000 			.word	NULL			// UPPERCASE_T		// T
 153 017c 00000000 			.word	NULL			// UPPERCASE_U		// U
 154 0180 00000000 			.word	NULL			// UPPERCASE_V		// V
 155 0184 906C0000 			.word	UPPERCASE_W		// W
 156 0188 00000000 			.word	NULL			// UPPERCASE_X		// X
 157 018c 00000000 			.word	NULL			// UPPERCASE_Y		// Y
 158 0190 00000000 			.word	NULL			// UPPERCASE_Z		// Z
 159 0194 00000000 			.word	NULL			// LEFT_SQUARE_BRACKET	// [
 160 0198 00000000 			.word	NULL			// BACK_SLASH		// \
 161 019c 00000000 			.word	NULL			// RIGHT_SQUARE_BRACKET	// ]
 162 01a0 00000000 			.word	NULL			// CARROT		// ^
 163 01a4 00000000 			.word	NULL			// UNDERSCORE		// _
 164 01a8 00000000 			.word	NULL			// ACCENT_MARK		// `
 165 01ac 00000000 			.word	NULL			// LOWERCASE_A		// a
 166 01b0 00000000 			.word	NULL			// LOWERCASE_B		// b
 167 01b4 00000000 			.word	NULL			// LOWERCASE_C		// c
ARM GAS  font_arial123.s 			page 4


 168 01b8 00000000 			.word	NULL			// LOWERCASE_D		// d
 169 01bc 00000000 			.word	NULL			// LOWERCASE_E		// e
 170 01c0 00000000 			.word	NULL			// LOWERCASE_F		// f
 171 01c4 00000000 			.word	NULL			// LOWERCASE_G		// g
 172 01c8 00000000 			.word	NULL			// LOWERCASE_H		// h
 173 01cc 00000000 			.word	NULL			// LOWERCASE_I		// i
 174 01d0 00000000 			.word	NULL			// LOWERCASE_J		// j
 175 01d4 00000000 			.word	NULL			// LOWERCASE_K		// k
 176 01d8 00000000 			.word	NULL			// LOWERCASE_L		// l
 177 01dc EC750000 			.word	LOWERCASE_M		// m
 178 01e0 00000000 			.word	NULL			// LOWERCASE_N		// n
 179 01e4 00000000 			.word	NULL			// LOWERCASE_O		// o
 180 01e8 00000000 			.word	NULL			// LOWERCASE_P		// p
 181 01ec 00000000 			.word	NULL			// LOWERCASE_Q		// q
 182 01f0 00000000 			.word	NULL			// LOWERCASE_R		// r
 183 01f4 00000000 			.word	NULL			// LOWERCASE_S		// s
 184 01f8 00000000 			.word	NULL			// LOWERCASE_T		// t
 185 01fc 00000000 			.word	NULL			// LOWERCASE_U		// u
 186 0200 00000000 			.word	NULL			// LOWERCASE_V		// v
 187 0204 00000000 			.word	NULL			// LOWERCASE_W		// w
 188 0208 00000000 			.word	NULL			// LOWERCASE_X		// x
 189 020c 00000000 			.word	NULL			// LOWERCASE_Y		// y
 190 0210 00000000 			.word	NULL			// LOWERCASE_Z		// z
 191 0214 00000000 			.word	NULL			// LEFT_CURLY_BRACKET	// {
 192 0218 00000000 			.word	NULL			// VERTCIAL_LINE	// |
 193 021c 00000000 			.word	NULL			// RIGHT_CURLY_BRACKET	// }
 194 0220 00000000 			.word	NULL			// TILDE		// ~
 195 0224 00000000 			.word	NULL			// <delete>
 196 0228 00000000 			.word	NULL			// HEX_0X80
 197 022c 00000000 			.word	NULL			// HEX_0X81
 198 0230 00000000 			.word	NULL			// HEX_0X82
 199 0234 00000000 			.word	NULL			// HEX_0X83
 200 0238 00000000 			.word	NULL			// HEX_0X84
 201 023c 00000000 			.word	NULL			// HEX_0X85
 202 0240 00000000 			.word	NULL			// HEX_0X86
 203 0244 00000000 			.word	NULL			// HEX_0X87
 204 0248 00000000 			.word	NULL			// HEX_0X88
 205 024c 00000000 			.word	NULL			// HEX_0X89
 206 0250 00000000 			.word	NULL			// HEX_0X8A
 207 0254 00000000 			.word	NULL			// HEX_0X8B
 208 0258 00000000 			.word	NULL			// HEX_0X8C
 209 025c 00000000 			.word	NULL			// HEX_0X8D
 210 0260 00000000 			.word	NULL			// HEX_0X8E
 211 0264 00000000 			.word	NULL			// HEX_0X8F
 212 0268 00000000 			.word	NULL			// HEX_0X90
 213 026c 00000000 			.word	NULL			// HEX_0X91
 214 0270 00000000 			.word	NULL			// HEX_0X92
 215 0274 00000000 			.word	NULL			// HEX_0X93
 216 0278 00000000 			.word	NULL			// HEX_0X94
 217 027c 00000000 			.word	NULL			// HEX_0X95
 218 0280 00000000 			.word	NULL			// HEX_0X96
 219 0284 00000000 			.word	NULL			// HEX_0X97
 220 0288 00000000 			.word	NULL			// HEX_0X98
 221 028c 00000000 			.word	NULL			// HEX_0X99
 222 0290 00000000 			.word	NULL			// HEX_0X9A
 223 0294 00000000 			.word	NULL			// HEX_0X9B
 224 0298 00000000 			.word	NULL			// HEX_0X9C
ARM GAS  font_arial123.s 			page 5


 225 029c 00000000 			.word	NULL			// HEX_0X9D
 226 02a0 00000000 			.word	NULL			// HEX_0X9E
 227 02a4 00000000 			.word	NULL			// HEX_0X9F
 228 02a8 00000000 			.word	NULL			// HEX_0XA0
 229 02ac 00000000 			.word	NULL			// HEX_0XA1
 230 02b0 00000000 			.word	NULL			// HEX_0XA2
 231 02b4 00000000 			.word	NULL			// HEX_0XA3
 232 02b8 00000000 			.word	NULL			// HEX_0XA4
 233 02bc 00000000 			.word	NULL			// HEX_0XA5
 234 02c0 00000000 			.word	NULL			// HEX_0XA6
 235 02c4 00000000 			.word	NULL			// HEX_0XA7
 236 02c8 00000000 			.word	NULL			// HEX_0XA8
 237 02cc 00000000 			.word	NULL			// HEX_0XA9
 238 02d0 00000000 			.word	NULL			// HEX_0XAA
 239 02d4 00000000 			.word	NULL			// HEX_0XAB
 240 02d8 00000000 			.word	NULL			// HEX_0XAC
 241 02dc 00000000 			.word	NULL			// HEX_0XAD
 242 02e0 00000000 			.word	NULL			// HEX_0XAE
 243 02e4 00000000 			.word	NULL			// HEX_0XAF
 244 02e8 00000000 			.word	NULL			// HEX_0XB0
 245 02ec 00000000 			.word	NULL			// HEX_0XB1
 246 02f0 00000000 			.word	NULL			// HEX_0XB2
 247 02f4 00000000 			.word	NULL			// HEX_0XB3
 248 02f8 00000000 			.word	NULL			// HEX_0XB4
 249 02fc 00000000 			.word	NULL			// HEX_0XB5
 250 0300 00000000 			.word	NULL			// HEX_0XB6
 251 0304 00000000 			.word	NULL			// HEX_0XB7
 252 0308 00000000 			.word	NULL			// HEX_0XB8
 253 030c 00000000 			.word	NULL			// HEX_0XB9
 254 0310 00000000 			.word	NULL			// HEX_0XBA
 255 0314 00000000 			.word	NULL			// HEX_0XBB
 256 0318 00000000 			.word	NULL			// HEX_0XBC
 257 031c 00000000 			.word	NULL			// HEX_0XBD
 258 0320 00000000 			.word	NULL			// HEX_0XBE
 259 0324 00000000 			.word	NULL			// HEX_0XBF
 260 0328 00000000 			.word	NULL			// HEX_0XC0
 261 032c 00000000 			.word	NULL			// HEX_0XC1
 262 0330 00000000 			.word	NULL			// HEX_0XC2
 263 0334 00000000 			.word	NULL			// HEX_0XC3
 264 0338 00000000 			.word	NULL			// HEX_0XC4
 265 033c 00000000 			.word	NULL			// HEX_0XC5
 266 0340 00000000 			.word	NULL			// HEX_0XC6
 267 0344 00000000 			.word	NULL			// HEX_0XC7
 268 0348 00000000 			.word	NULL			// HEX_0XC8
 269 034c 00000000 			.word	NULL			// HEX_0XC9
 270 0350 00000000 			.word	NULL			// HEX_0XCA
 271 0354 00000000 			.word	NULL			// HEX_0XCB
 272 0358 00000000 			.word	NULL			// HEX_0XCC
 273 035c 00000000 			.word	NULL			// HEX_0XCD
 274 0360 00000000 			.word	NULL			// HEX_0XCE
 275 0364 00000000 			.word	NULL			// HEX_0XCF
 276 0368 00000000 			.word	NULL			// HEX_0XD0
 277 036c 00000000 			.word	NULL			// HEX_0XD1
 278 0370 00000000 			.word	NULL			// HEX_0XD2
 279 0374 00000000 			.word	NULL			// HEX_0XD3
 280 0378 00000000 			.word	NULL			// HEX_0XD4
 281 037c 00000000 			.word	NULL			// HEX_0XD5
ARM GAS  font_arial123.s 			page 6


 282 0380 00000000 			.word	NULL			// HEX_0XD6
 283 0384 00000000 			.word	NULL			// HEX_0XD7
 284 0388 00000000 			.word	NULL			// HEX_0XD8
 285 038c 00000000 			.word	NULL			// HEX_0XD9
 286 0390 00000000 			.word	NULL			// HEX_0XDA
 287 0394 00000000 			.word	NULL			// HEX_0XDB
 288 0398 00000000 			.word	NULL			// HEX_0XDC
 289 039c 00000000 			.word	NULL			// HEX_0XDD
 290 03a0 00000000 			.word	NULL			// HEX_0XDE
 291 03a4 00000000 			.word	NULL			// HEX_0XDF
 292 03a8 00000000 			.word	NULL			// HEX_0XE0
 293 03ac 00000000 			.word	NULL			// HEX_0XE1
 294 03b0 00000000 			.word	NULL			// HEX_0XE2
 295 03b4 00000000 			.word	NULL			// HEX_0XE3
 296 03b8 00000000 			.word	NULL			// HEX_0XE4
 297 03bc 00000000 			.word	NULL			// HEX_0XE5
 298 03c0 00000000 			.word	NULL			// HEX_0XE6
 299 03c4 00000000 			.word	NULL			// HEX_0XE7
 300 03c8 00000000 			.word	NULL			// HEX_0XE8
 301 03cc 00000000 			.word	NULL			// HEX_0XE9
 302 03d0 00000000 			.word	NULL			// HEX_0XEA
 303 03d4 00000000 			.word	NULL			// HEX_0XEB
 304 03d8 00000000 			.word	NULL			// HEX_0XEC
 305 03dc 00000000 			.word	NULL			// HEX_0XED
 306 03e0 00000000 			.word	NULL			// HEX_0XEE
 307 03e4 00000000 			.word	NULL			// HEX_0XEF
 308 03e8 00000000 			.word	NULL			// HEX_0XF0
 309 03ec 00000000 			.word	NULL			// HEX_0XF1
 310 03f0 00000000 			.word	NULL			// HEX_0XF2
 311 03f4 00000000 			.word	NULL			// HEX_0XF3
 312 03f8 00000000 			.word	NULL			// HEX_0XF4
 313 03fc 00000000 			.word	NULL			// HEX_0XF5
 314 0400 00000000 			.word	NULL			// HEX_0XF6
 315 0404 00000000 			.word	NULL			// HEX_0XF7
 316 0408 907B0000 			.word	HEX_0XF8
 317 040c 00000000 			.word	NULL			// HEX_0XF9
 318 0410 00000000 			.word	NULL			// HEX_0XFA
 319 0414 00000000 			.word	NULL			// HEX_0XFB
 320 0418 00000000 			.word	NULL			// HEX_0XFC
 321 041c 147D0000 			.word	HEX_0XFD
 322 0420 00000000 			.word	NULL			// HEX_0XFE
 323 0424 00000000 			.word	NULL			// HEX_0XFF
 324              	
 325              	/*******************************************************************************
 326              	*
 327              	* Bit mapped glyph data (address offsets)
 328              	* 0: ASCII character
 329              	* 4: cell pixel width (may be variable for proportional spacing)
 330              	* 8: cell pixel height (must be constant for all characters in a font)
 331              	* 12: glyph pixel width
 332              	* 16: glyph pixel height
 333              	* 20: blank horizontal pixels before glyph
 334              	* 24: blank horizontal pixels after glyph
 335              	* 28: blank horizontal lines before glyph
 336              	* 32: blank horizontal lines after glyph
 337              	* 36: bit mapped glyph
 338              	*
ARM GAS  font_arial123.s 			page 7


 339              	* cell pixel width = blank horizontal pixels before glyph + glyph pixel width + blank horizontal pi
 340              	*
 341              	* cell pixel height = blank horizontal lines before glyph + glyph pixel height + blank horizontal l
 342              	*
 343              	*******************************************************************************/
 344              	
 345              	SPACE:
 346 0428 20000000 			.word	' 			// ASCII " " character
 347 042c 1F000000 			.word	31			// cell pixel width
 348 0430 7A000000 			.word	CELLHGHT		// cell pixel height
 349 0434 00000000 			.word	0			// glyph pixel width
 350 0438 00000000 			.word	0			// glyph pixel height
 351 043c 00000000 			.word	0			// blank horizontal pixels before glyph
 352 0440 00000000 			.word	0			// blank horizontal pixels after glyph
 353 0444 7A000000 			.word	CELLHGHT		// blank horizontal lines before glyph
 354 0448 00000000 			.word	0			// blank horizontal lines after glyph
 355              							// no bit mapped glyph for <space>
 356              	
 357              	QUOTE_MARK:
 358 044c 22000000 			.word	'"			// ASCII """ character
 359 0450 3A000000 			.word	58			// cell pixel width
 360 0454 7A000000 			.word	CELLHGHT		// cell pixel height
 361 0458 2B000000 			.word	43			// glyph pixel width
 362 045c 2B000000 			.word	43			// glyph pixel height
 363 0460 07000000 			.word	7			// blank horizontal pixels before glyph
 364 0464 08000000 			.word	8			// blank horizontal pixels after glyph
 365 0468 02000000 			.word	2			// blank horizontal lines before glyph
 366 046c 4D000000 			.word	77			// blank horizontal lines after glyph
 367              							// bit mapped glyph
 368 0470 1F00FFFF 			.word	0xFFFF001F, 0xFFE00000
 368      0000E0FF 
 369 0478 1F00FFFF 			.word	0xFFFF001F, 0xFFE00000
 369      0000E0FF 
 370 0480 1F00FFFF 			.word	0xFFFF001F, 0xFFE00000
 370      0000E0FF 
 371 0488 1F00FFFF 			.word	0xFFFF001F, 0xFFE00000
 371      0000E0FF 
 372 0490 1F00FFFF 			.word	0xFFFF001F, 0xFFE00000
 372      0000E0FF 
 373 0498 1F00FFFF 			.word	0xFFFF001F, 0xFFE00000
 373      0000E0FF 
 374 04a0 1F00FFFF 			.word	0xFFFF001F, 0xFFE00000
 374      0000E0FF 
 375 04a8 1F00FFFF 			.word	0xFFFF001F, 0xFFE00000
 375      0000E0FF 
 376 04b0 1F00FFFF 			.word	0xFFFF001F, 0xFFE00000
 376      0000E0FF 
 377 04b8 1F00FFFF 			.word	0xFFFF001F, 0xFFE00000
 377      0000E0FF 
 378 04c0 1F00FFFF 			.word	0xFFFF001F, 0xFFE00000
 378      0000E0FF 
 379 04c8 1F00FFFF 			.word	0xFFFF001F, 0xFFE00000
 379      0000E0FF 
 380 04d0 1F00FFFF 			.word	0xFFFF001F, 0xFFE00000
 380      0000E0FF 
 381 04d8 1F00FFFF 			.word	0xFFFF001F, 0xFFE00000
 381      0000E0FF 
ARM GAS  font_arial123.s 			page 8


 382 04e0 1F00FFFF 			.word	0xFFFF001F, 0xFFE00000
 382      0000E0FF 
 383 04e8 1F00FFFF 			.word	0xFFFF001F, 0xFFE00000
 383      0000E0FF 
 384 04f0 1F00FFFF 			.word	0xFFFF001F, 0xFFE00000
 384      0000E0FF 
 385 04f8 1F00FFFF 			.word	0xFFFF001F, 0xFFE00000
 385      0000E0FF 
 386 0500 1F00FFFF 			.word	0xFFFF001F, 0xFFE00000
 386      0000E0FF 
 387 0508 1F00FFFF 			.word	0xFFFF001F, 0xFFE00000
 387      0000E0FF 
 388 0510 1F00FFFF 			.word	0xFFFF001F, 0xFFE00000
 388      0000E0FF 
 389 0518 1F00FFFF 			.word	0xFFFF001F, 0xFFE00000
 389      0000E0FF 
 390 0520 1F00FFFF 			.word	0xFFFF001F, 0xFFE00000
 390      0000E0FF 
 391 0528 1F00FFFF 			.word	0xFFFF001F, 0xFFE00000
 391      0000E0FF 
 392 0530 1F00FEFF 			.word	0xFFFE001F, 0xFFC00000
 392      0000C0FF 
 393 0538 0F00FE7F 			.word	0x7FFE000F, 0xFFC00000
 393      0000C0FF 
 394 0540 0F00FE7F 			.word	0x7FFE000F, 0xFFC00000
 394      0000C0FF 
 395 0548 0F00FE7F 			.word	0x7FFE000F, 0xFFC00000
 395      0000C0FF 
 396 0550 0F00FE7F 			.word	0x7FFE000F, 0xFFC00000
 396      0000C0FF 
 397 0558 0F00FE7F 			.word	0x7FFE000F, 0xFFC00000
 397      0000C0FF 
 398 0560 0F00FC7F 			.word	0x7FFC000F, 0xFF800000
 398      000080FF 
 399 0568 0700FC3F 			.word	0x3FFC0007, 0xFF800000
 399      000080FF 
 400 0570 0700FC3F 			.word	0x3FFC0007, 0xFF800000
 400      000080FF 
 401 0578 0700FC3F 			.word	0x3FFC0007, 0xFF800000
 401      000080FF 
 402 0580 0700FC3F 			.word	0x3FFC0007, 0xFF800000
 402      000080FF 
 403 0588 0700FC3F 			.word	0x3FFC0007, 0xFF800000
 403      000080FF 
 404 0590 0300F81F 			.word	0x1FF80003, 0xFF000000
 404      000000FF 
 405 0598 0300F81F 			.word	0x1FF80003, 0xFF000000
 405      000000FF 
 406 05a0 0300F81F 			.word	0x1FF80003, 0xFF000000
 406      000000FF 
 407 05a8 0300F81F 			.word	0x1FF80003, 0xFF000000
 407      000000FF 
 408 05b0 0300F81F 			.word	0x1FF80003, 0xFF000000
 408      000000FF 
 409 05b8 0300F81F 			.word	0x1FF80003, 0xFF000000
 409      000000FF 
 410 05c0 0100F00F 			.word	0x0FF00001, 0xFE000000
ARM GAS  font_arial123.s 			page 9


 410      000000FE 
 411              	
 412              	PERCENT_SIGN:
 413 05c8 25000000 			.word	'%			// ASCII "%" character
 414 05cc 8B000000 			.word	139			// cell pixel width
 415 05d0 7A000000 			.word	CELLHGHT		// cell pixel height
 416 05d4 7C000000 			.word	124			// glyph pixel width
 417 05d8 7A000000 			.word	122			// glyph pixel height
 418 05dc 07000000 			.word	7			// blank horizontal pixels before glyph
 419 05e0 08000000 			.word	8			// blank horizontal pixels after glyph
 420 05e4 00000000 			.word	0			// blank horizontal lines before glyph
 421 05e8 00000000 			.word	0			// blank horizontal lines after glyph
 422              							// bit mapped glyph
 423 05ec FC1F0000 			.word	0x00001FFC, 0x00000000, 0x000000FF, 0xE0000000
 423      00000000 
 423      FF000000 
 423      000000E0 
 424 05fc FFFF0000 			.word	0x0000FFFF, 0x80000000, 0x000001FF, 0xE0000000
 424      00000080 
 424      FF010000 
 424      000000E0 
 425 060c FFFF0300 			.word	0x0003FFFF, 0xF0000000, 0x000001FF, 0xC0000000
 425      000000F0 
 425      FF010000 
 425      000000C0 
 426 061c FFFF0F00 			.word	0x000FFFFF, 0xF8000000, 0x000003FF, 0xC0000000
 426      000000F8 
 426      FF030000 
 426      000000C0 
 427 062c FFFF1F00 			.word	0x001FFFFF, 0xFE000000, 0x000003FF, 0x80000000
 427      000000FE 
 427      FF030000 
 427      00000080 
 428 063c FFFF3F00 			.word	0x003FFFFF, 0xFF000000, 0x000007FF, 0x80000000
 428      000000FF 
 428      FF070000 
 428      00000080 
 429 064c FFFF7F00 			.word	0x007FFFFF, 0xFF800000, 0x000007FF, 0x00000000
 429      000080FF 
 429      FF070000 
 429      00000000 
 430 065c FFFFFF00 			.word	0x00FFFFFF, 0xFFC00000, 0x00000FFF, 0x00000000
 430      0000C0FF 
 430      FF0F0000 
 430      00000000 
 431 066c FFFFFF01 			.word	0x01FFFFFF, 0xFFE00000, 0x00000FFE, 0x00000000
 431      0000E0FF 
 431      FE0F0000 
 431      00000000 
 432 067c FFFFFF03 			.word	0x03FFFFFF, 0xFFF00000, 0x00001FFE, 0x00000000
 432      0000F0FF 
 432      FE1F0000 
 432      00000000 
 433 068c 0FFCFF03 			.word	0x03FFFC0F, 0xFFF00000, 0x00001FFC, 0x00000000
 433      0000F0FF 
 433      FC1F0000 
 433      00000000 
ARM GAS  font_arial123.s 			page 10


 434 069c 03E0FF07 			.word	0x07FFE003, 0xFFF80000, 0x00003FF8, 0x00000000
 434      0000F8FF 
 434      F83F0000 
 434      00000000 
 435 06ac 00C0FF0F 			.word	0x0FFFC000, 0xFFFC0000, 0x00003FF8, 0x00000000
 435      0000FCFF 
 435      F83F0000 
 435      00000000 
 436 06bc 0080FF0F 			.word	0x0FFF8000, 0x7FFC0000, 0x00007FF0, 0x00000000
 436      0000FC7F 
 436      F07F0000 
 436      00000000 
 437 06cc 0000FF1F 			.word	0x1FFF0000, 0x3FFE0000, 0x00007FF0, 0x00000000
 437      0000FE3F 
 437      F07F0000 
 437      00000000 
 438 06dc 0000FF1F 			.word	0x1FFF0000, 0x3FFE0000, 0x0000FFE0, 0x00000000
 438      0000FE3F 
 438      E0FF0000 
 438      00000000 
 439 06ec 0000FE1F 			.word	0x1FFE0000, 0x1FFE0000, 0x0000FFE0, 0x00000000
 439      0000FE1F 
 439      E0FF0000 
 439      00000000 
 440 06fc 0000FE3F 			.word	0x3FFE0000, 0x1FFF0000, 0x0001FFC0, 0x00000000
 440      0000FF1F 
 440      C0FF0100 
 440      00000000 
 441 070c 0000FC3F 			.word	0x3FFC0000, 0x0FFF0000, 0x0001FFC0, 0x00000000
 441      0000FF0F 
 441      C0FF0100 
 441      00000000 
 442 071c 0000FC3F 			.word	0x3FFC0000, 0x0FFF0000, 0x0003FF80, 0x00000000
 442      0000FF0F 
 442      80FF0300 
 442      00000000 
 443 072c 0000FC7F 			.word	0x7FFC0000, 0x0FFF8000, 0x0003FF80, 0x00000000
 443      0080FF0F 
 443      80FF0300 
 443      00000000 
 444 073c 0000F87F 			.word	0x7FF80000, 0x07FF8000, 0x0007FF00, 0x00000000
 444      0080FF07 
 444      00FF0700 
 444      00000000 
 445 074c 0000F87F 			.word	0x7FF80000, 0x07FF8000, 0x000FFF00, 0x00000000
 445      0080FF07 
 445      00FF0F00 
 445      00000000 
 446 075c 0000F87F 			.word	0x7FF80000, 0x07FF8000, 0x000FFE00, 0x00000000
 446      0080FF07 
 446      00FE0F00 
 446      00000000 
 447 076c 0000F87F 			.word	0x7FF80000, 0x07FF8000, 0x001FFE00, 0x00000000
 447      0080FF07 
 447      00FE1F00 
 447      00000000 
 448 077c 0000F87F 			.word	0x7FF80000, 0x07FF8000, 0x001FFC00, 0x00000000
ARM GAS  font_arial123.s 			page 11


 448      0080FF07 
 448      00FC1F00 
 448      00000000 
 449 078c 0000F87F 			.word	0x7FF80000, 0x07FF8000, 0x003FFC00, 0x00000000
 449      0080FF07 
 449      00FC3F00 
 449      00000000 
 450 079c 0000F87F 			.word	0x7FF80000, 0x07FF8000, 0x003FF800, 0x00000000
 450      0080FF07 
 450      00F83F00 
 450      00000000 
 451 07ac 0000F8FF 			.word	0xFFF80000, 0x07FF8000, 0x007FF800, 0x00000000
 451      0080FF07 
 451      00F87F00 
 451      00000000 
 452 07bc 0000F8FF 			.word	0xFFF80000, 0x07FFC000, 0x007FF000, 0x00000000
 452      00C0FF07 
 452      00F07F00 
 452      00000000 
 453 07cc 0000F8FF 			.word	0xFFF80000, 0x07FFC000, 0x00FFF000, 0x00000000
 453      00C0FF07 
 453      00F0FF00 
 453      00000000 
 454 07dc 0000F8FF 			.word	0xFFF80000, 0x07FFC000, 0x00FFE000, 0x00000000
 454      00C0FF07 
 454      00E0FF00 
 454      00000000 
 455 07ec 0000F8FF 			.word	0xFFF80000, 0x07FFC000, 0x01FFE000, 0x00000000
 455      00C0FF07 
 455      00E0FF01 
 455      00000000 
 456 07fc 0000F87F 			.word	0x7FF80000, 0x07FF8000, 0x01FFC000, 0x00000000
 456      0080FF07 
 456      00C0FF01 
 456      00000000 
 457 080c 0000F87F 			.word	0x7FF80000, 0x07FF8000, 0x03FFC000, 0x00000000
 457      0080FF07 
 457      00C0FF03 
 457      00000000 
 458 081c 0000F87F 			.word	0x7FF80000, 0x07FF8000, 0x03FF8000, 0x00000000
 458      0080FF07 
 458      0080FF03 
 458      00000000 
 459 082c 0000F87F 			.word	0x7FF80000, 0x07FF8000, 0x07FF8000, 0x00000000
 459      0080FF07 
 459      0080FF07 
 459      00000000 
 460 083c 0000F87F 			.word	0x7FF80000, 0x07FF8000, 0x07FF0000, 0x00000000
 460      0080FF07 
 460      0000FF07 
 460      00000000 
 461 084c 0000F87F 			.word	0x7FF80000, 0x07FF8000, 0x0FFF0000, 0x00000000
 461      0080FF07 
 461      0000FF0F 
 461      00000000 
 462 085c 0000F87F 			.word	0x7FF80000, 0x07FF8000, 0x0FFE0000, 0x00000000
 462      0080FF07 
ARM GAS  font_arial123.s 			page 12


 462      0000FE0F 
 462      00000000 
 463 086c 0000F87F 			.word	0x7FF80000, 0x07FF8000, 0x1FFE0000, 0x00000000
 463      0080FF07 
 463      0000FE1F 
 463      00000000 
 464 087c 0000FC3F 			.word	0x3FFC0000, 0x0FFF0000, 0x1FFC0000, 0x00000000
 464      0000FF0F 
 464      0000FC1F 
 464      00000000 
 465 088c 0000FC3F 			.word	0x3FFC0000, 0x0FFF0000, 0x3FFC0000, 0x00000000
 465      0000FF0F 
 465      0000FC3F 
 465      00000000 
 466 089c 0000FC3F 			.word	0x3FFC0000, 0x0FFF0000, 0x3FF80000, 0x00000000
 466      0000FF0F 
 466      0000F83F 
 466      00000000 
 467 08ac 0000FE3F 			.word	0x3FFE0000, 0x1FFF0000, 0x7FF80000, 0x00000000
 467      0000FF1F 
 467      0000F87F 
 467      00000000 
 468 08bc 0000FE1F 			.word	0x1FFE0000, 0x1FFE0000, 0x7FF00000, 0x00000000
 468      0000FE1F 
 468      0000F07F 
 468      00000000 
 469 08cc 0000FF1F 			.word	0x1FFF0000, 0x3FFE0000, 0xFFE00000, 0x00000000
 469      0000FE3F 
 469      0000E0FF 
 469      00000000 
 470 08dc 0000FF1F 			.word	0x1FFF0000, 0x3FFE0000, 0xFFE00000, 0x00000000
 470      0000FE3F 
 470      0000E0FF 
 470      00000000 
 471 08ec 0080FF0F 			.word	0x0FFF8000, 0x7FFC0001, 0xFFC00000, 0x00000000
 471      0100FC7F 
 471      0000C0FF 
 471      00000000 
 472 08fc 00C0FF0F 			.word	0x0FFFC000, 0xFFFC0001, 0xFFC00000, 0x00000000
 472      0100FCFF 
 472      0000C0FF 
 472      00000000 
 473 090c 01E0FF07 			.word	0x07FFE001, 0xFFF80003, 0xFF800000, 0x00000000
 473      0300F8FF 
 473      000080FF 
 473      00000000 
 474 091c 0FFCFF07 			.word	0x07FFFC0F, 0xFFF00003, 0xFF800000, 0x00000000
 474      0300F0FF 
 474      000080FF 
 474      00000000 
 475 092c FFFFFF03 			.word	0x03FFFFFF, 0xFFF00007, 0xFF000000, 0x00000000
 475      0700F0FF 
 475      000000FF 
 475      00000000 
 476 093c FFFFFF01 			.word	0x01FFFFFF, 0xFFE0000F, 0xFF000000, 0x00000000
 476      0F00E0FF 
 476      000000FF 
ARM GAS  font_arial123.s 			page 13


 476      00000000 
 477 094c FFFFFF00 			.word	0x00FFFFFF, 0xFFC0000F, 0xFE000000, 0x00000000
 477      0F00C0FF 
 477      000000FE 
 477      00000000 
 478 095c FFFF7F00 			.word	0x007FFFFF, 0xFF80001F, 0xFE000000, 0x00000000
 478      1F0080FF 
 478      000000FE 
 478      00000000 
 479 096c FFFF3F00 			.word	0x003FFFFF, 0xFF00001F, 0xFC000000, 0x00000000
 479      1F0000FF 
 479      000000FC 
 479      00000000 
 480 097c FFFF1F00 			.word	0x001FFFFF, 0xFE00003F, 0xFC000000, 0x00000000
 480      3F0000FE 
 480      000000FC 
 480      00000000 
 481 098c FFFF0F00 			.word	0x000FFFFF, 0xF800003F, 0xF8000000, 0x00000000
 481      3F0000F8 
 481      000000F8 
 481      00000000 
 482 099c FFFF0300 			.word	0x0003FFFF, 0xE000007F, 0xF8000000, 0x00000000
 482      7F0000E0 
 482      000000F8 
 482      00000000 
 483 09ac FFFF0000 			.word	0x0000FFFF, 0x8000007F, 0xF0000003, 0xFF000000
 483      7F000080 
 483      030000F0 
 483      000000FF 
 484 09bc FC0F0000 			.word	0x00000FFC, 0x000000FF, 0xF000003F, 0xFFF00000
 484      FF000000 
 484      3F0000F0 
 484      0000F0FF 
 485 09cc 00000000 			.word	0x00000000, 0x000000FF, 0xE00000FF, 0xFFFC0000
 485      FF000000 
 485      FF0000E0 
 485      0000FCFF 
 486 09dc 00000000 			.word	0x00000000, 0x000001FF, 0xE00003FF, 0xFFFF0000
 486      FF010000 
 486      FF0300E0 
 486      0000FFFF 
 487 09ec 00000000 			.word	0x00000000, 0x000001FF, 0xC00007FF, 0xFFFF8000
 487      FF010000 
 487      FF0700C0 
 487      0080FFFF 
 488 09fc 00000000 			.word	0x00000000, 0x000003FF, 0xC0000FFF, 0xFFFFC000
 488      FF030000 
 488      FF0F00C0 
 488      00C0FFFF 
 489 0a0c 00000000 			.word	0x00000000, 0x000003FF, 0x80001FFF, 0xFFFFF000
 489      FF030000 
 489      FF1F0080 
 489      00F0FFFF 
 490 0a1c 00000000 			.word	0x00000000, 0x000007FF, 0x80003FFF, 0xFFFFF800
 490      FF070000 
 490      FF3F0080 
 490      00F8FFFF 
ARM GAS  font_arial123.s 			page 14


 491 0a2c 00000000 			.word	0x00000000, 0x000007FF, 0x00007FFF, 0xFFFFF800
 491      FF070000 
 491      FF7F0000 
 491      00F8FFFF 
 492 0a3c 00000000 			.word	0x00000000, 0x00000FFF, 0x00007FFF, 0xFFFFFC00
 492      FF0F0000 
 492      FF7F0000 
 492      00FCFFFF 
 493 0a4c 00000000 			.word	0x00000000, 0x00000FFE, 0x0000FFFF, 0x01FFFE00
 493      FE0F0000 
 493      FFFF0000 
 493      00FEFF01 
 494 0a5c 00000000 			.word	0x00000000, 0x00001FFE, 0x0001FFFC, 0x007FFF00
 494      FE1F0000 
 494      FCFF0100 
 494      00FF7F00 
 495 0a6c 00000000 			.word	0x00000000, 0x00001FFC, 0x0001FFF8, 0x003FFF00
 495      FC1F0000 
 495      F8FF0100 
 495      00FF3F00 
 496 0a7c 00000000 			.word	0x00000000, 0x00003FFC, 0x0003FFE0, 0x001FFF80
 496      FC3F0000 
 496      E0FF0300 
 496      80FF1F00 
 497 0a8c 00000000 			.word	0x00000000, 0x00003FF8, 0x0003FFE0, 0x000FFF80
 497      F83F0000 
 497      E0FF0300 
 497      80FF0F00 
 498 0a9c 00000000 			.word	0x00000000, 0x00007FF8, 0x0007FFC0, 0x0007FF80
 498      F87F0000 
 498      C0FF0700 
 498      80FF0700 
 499 0aac 00000000 			.word	0x00000000, 0x00007FF0, 0x0007FF80, 0x0007FFC0
 499      F07F0000 
 499      80FF0700 
 499      C0FF0700 
 500 0abc 00000000 			.word	0x00000000, 0x0000FFF0, 0x0007FF80, 0x0003FFC0
 500      F0FF0000 
 500      80FF0700 
 500      C0FF0300 
 501 0acc 00000000 			.word	0x00000000, 0x0000FFE0, 0x000FFF80, 0x0003FFC0
 501      E0FF0000 
 501      80FF0F00 
 501      C0FF0300 
 502 0adc 00000000 			.word	0x00000000, 0x0001FFE0, 0x000FFF00, 0x0001FFE0
 502      E0FF0100 
 502      00FF0F00 
 502      E0FF0100 
 503 0aec 00000000 			.word	0x00000000, 0x0001FFC0, 0x000FFF00, 0x0001FFE0
 503      C0FF0100 
 503      00FF0F00 
 503      E0FF0100 
 504 0afc 00000000 			.word	0x00000000, 0x0003FF80, 0x000FFF00, 0x0001FFE0
 504      80FF0300 
 504      00FF0F00 
 504      E0FF0100 
 505 0b0c 00000000 			.word	0x00000000, 0x0003FF80, 0x001FFF00, 0x0001FFE0
ARM GAS  font_arial123.s 			page 15


 505      80FF0300 
 505      00FF1F00 
 505      E0FF0100 
 506 0b1c 00000000 			.word	0x00000000, 0x0007FF00, 0x001FFF00, 0x0001FFE0
 506      00FF0700 
 506      00FF1F00 
 506      E0FF0100 
 507 0b2c 00000000 			.word	0x00000000, 0x000FFF00, 0x001FFE00, 0x0001FFF0
 507      00FF0F00 
 507      00FE1F00 
 507      F0FF0100 
 508 0b3c 00000000 			.word	0x00000000, 0x000FFE00, 0x001FFE00, 0x0000FFF0
 508      00FE0F00 
 508      00FE1F00 
 508      F0FF0000 
 509 0b4c 00000000 			.word	0x00000000, 0x001FFE00, 0x001FFE00, 0x0000FFF0
 509      00FE1F00 
 509      00FE1F00 
 509      F0FF0000 
 510 0b5c 00000000 			.word	0x00000000, 0x001FFC00, 0x001FFE00, 0x0000FFF0
 510      00FC1F00 
 510      00FE1F00 
 510      F0FF0000 
 511 0b6c 00000000 			.word	0x00000000, 0x003FFC00, 0x001FFE00, 0x0000FFF0
 511      00FC3F00 
 511      00FE1F00 
 511      F0FF0000 
 512 0b7c 00000000 			.word	0x00000000, 0x003FF800, 0x001FFE00, 0x0000FFF0
 512      00F83F00 
 512      00FE1F00 
 512      F0FF0000 
 513 0b8c 00000000 			.word	0x00000000, 0x007FF800, 0x001FFE00, 0x0000FFF0
 513      00F87F00 
 513      00FE1F00 
 513      F0FF0000 
 514 0b9c 00000000 			.word	0x00000000, 0x007FF000, 0x001FFE00, 0x0000FFF0
 514      00F07F00 
 514      00FE1F00 
 514      F0FF0000 
 515 0bac 00000000 			.word	0x00000000, 0x00FFF000, 0x001FFE00, 0x0000FFF0
 515      00F0FF00 
 515      00FE1F00 
 515      F0FF0000 
 516 0bbc 00000000 			.word	0x00000000, 0x00FFE000, 0x001FFE00, 0x0000FFF0
 516      00E0FF00 
 516      00FE1F00 
 516      F0FF0000 
 517 0bcc 00000000 			.word	0x00000000, 0x01FFE000, 0x001FFE00, 0x0000FFF0
 517      00E0FF01 
 517      00FE1F00 
 517      F0FF0000 
 518 0bdc 00000000 			.word	0x00000000, 0x01FFC000, 0x001FFE00, 0x0000FFF0
 518      00C0FF01 
 518      00FE1F00 
 518      F0FF0000 
 519 0bec 00000000 			.word	0x00000000, 0x03FFC000, 0x001FFE00, 0x0000FFF0
 519      00C0FF03 
ARM GAS  font_arial123.s 			page 16


 519      00FE1F00 
 519      F0FF0000 
 520 0bfc 00000000 			.word	0x00000000, 0x03FF8000, 0x001FFE00, 0x0001FFF0
 520      0080FF03 
 520      00FE1F00 
 520      F0FF0100 
 521 0c0c 00000000 			.word	0x00000000, 0x07FF8000, 0x001FFE00, 0x0001FFE0
 521      0080FF07 
 521      00FE1F00 
 521      E0FF0100 
 522 0c1c 00000000 			.word	0x00000000, 0x07FF0000, 0x000FFF00, 0x0001FFE0
 522      0000FF07 
 522      00FF0F00 
 522      E0FF0100 
 523 0c2c 00000000 			.word	0x00000000, 0x0FFF0000, 0x000FFF00, 0x0001FFE0
 523      0000FF0F 
 523      00FF0F00 
 523      E0FF0100 
 524 0c3c 00000000 			.word	0x00000000, 0x0FFE0000, 0x000FFF00, 0x0001FFE0
 524      0000FE0F 
 524      00FF0F00 
 524      E0FF0100 
 525 0c4c 00000000 			.word	0x00000000, 0x1FFE0000, 0x000FFF00, 0x0003FFE0
 525      0000FE1F 
 525      00FF0F00 
 525      E0FF0300 
 526 0c5c 00000000 			.word	0x00000000, 0x1FFC0000, 0x000FFF80, 0x0003FFC0
 526      0000FC1F 
 526      80FF0F00 
 526      C0FF0300 
 527 0c6c 00000000 			.word	0x00000000, 0x3FFC0000, 0x0007FF80, 0x0003FFC0
 527      0000FC3F 
 527      80FF0700 
 527      C0FF0300 
 528 0c7c 00000000 			.word	0x00000000, 0x3FF80000, 0x0007FF80, 0x0007FFC0
 528      0000F83F 
 528      80FF0700 
 528      C0FF0700 
 529 0c8c 00000000 			.word	0x00000000, 0x7FF80000, 0x0007FFC0, 0x0007FF80
 529      0000F87F 
 529      C0FF0700 
 529      80FF0700 
 530 0c9c 00000000 			.word	0x00000000, 0x7FF00000, 0x0003FFE0, 0x000FFF80
 530      0000F07F 
 530      E0FF0300 
 530      80FF0F00 
 531 0cac 00000000 			.word	0x00000000, 0xFFF00000, 0x0003FFF0, 0x001FFF00
 531      0000F0FF 
 531      F0FF0300 
 531      00FF1F00 
 532 0cbc 00000000 			.word	0x00000000, 0xFFE00000, 0x0001FFF8, 0x003FFF00
 532      0000E0FF 
 532      F8FF0100 
 532      00FF3F00 
 533 0ccc 01000000 			.word	0x00000001, 0xFFE00000, 0x0001FFFC, 0x007FFE00
 533      0000E0FF 
 533      FCFF0100 
ARM GAS  font_arial123.s 			page 17


 533      00FE7F00 
 534 0cdc 01000000 			.word	0x00000001, 0xFFC00000, 0x0000FFFF, 0x01FFFE00
 534      0000C0FF 
 534      FFFF0000 
 534      00FEFF01 
 535 0cec 03000000 			.word	0x00000003, 0xFFC00000, 0x00007FFF, 0xFFFFFC00
 535      0000C0FF 
 535      FF7F0000 
 535      00FCFFFF 
 536 0cfc 03000000 			.word	0x00000003, 0xFF800000, 0x00007FFF, 0xFFFFF800
 536      000080FF 
 536      FF7F0000 
 536      00F8FFFF 
 537 0d0c 07000000 			.word	0x00000007, 0xFF800000, 0x00003FFF, 0xFFFFF000
 537      000080FF 
 537      FF3F0000 
 537      00F0FFFF 
 538 0d1c 0F000000 			.word	0x0000000F, 0xFF000000, 0x00001FFF, 0xFFFFE000
 538      000000FF 
 538      FF1F0000 
 538      00E0FFFF 
 539 0d2c 0F000000 			.word	0x0000000F, 0xFE000000, 0x00000FFF, 0xFFFFC000
 539      000000FE 
 539      FF0F0000 
 539      00C0FFFF 
 540 0d3c 1F000000 			.word	0x0000001F, 0xFE000000, 0x000007FF, 0xFFFF8000
 540      000000FE 
 540      FF070000 
 540      0080FFFF 
 541 0d4c 1F000000 			.word	0x0000001F, 0xFC000000, 0x000001FF, 0xFFFE0000
 541      000000FC 
 541      FF010000 
 541      0000FEFF 
 542 0d5c 3F000000 			.word	0x0000003F, 0xFC000000, 0x0000007F, 0xFFFC0000
 542      000000FC 
 542      7F000000 
 542      0000FCFF 
 543 0d6c 3F000000 			.word	0x0000003F, 0xF8000000, 0x0000001F, 0xFFF00000
 543      000000F8 
 543      1F000000 
 543      0000F0FF 
 544 0d7c 7F000000 			.word	0x0000007F, 0xF8000000, 0x00000003, 0xFF000000
 544      000000F8 
 544      03000000 
 544      000000FF 
 545              	
 546              	PLUS_SIGN:
 547 0d8c 2B000000 			.word	'+			// ASCII "+" character
 548 0d90 5E000000 			.word	94			// cell pixel width
 549 0d94 7A000000 			.word	CELLHGHT		// cell pixel height
 550 0d98 4F000000 			.word	79			// glyph pixel width
 551 0d9c 50000000 			.word	80			// glyph pixel height
 552 0da0 08000000 			.word	8			// blank horizontal pixels before glyph
 553 0da4 07000000 			.word	7			// blank horizontal pixels after glyph
 554 0da8 16000000 			.word	22			// blank horizontal lines before glyph
 555 0dac 14000000 			.word	20			// blank horizontal lines after glyph
 556              							// bit mapped glyph
ARM GAS  font_arial123.s 			page 18


 557 0db0 00000000 			.word	0x00000000, 0x7FFE0000, 0x00000000
 557      0000FE7F 
 557      00000000 
 558 0dbc 00000000 			.word	0x00000000, 0x7FFE0000, 0x00000000
 558      0000FE7F 
 558      00000000 
 559 0dc8 00000000 			.word	0x00000000, 0x7FFE0000, 0x00000000
 559      0000FE7F 
 559      00000000 
 560 0dd4 00000000 			.word	0x00000000, 0x7FFE0000, 0x00000000
 560      0000FE7F 
 560      00000000 
 561 0de0 00000000 			.word	0x00000000, 0x7FFE0000, 0x00000000
 561      0000FE7F 
 561      00000000 
 562 0dec 00000000 			.word	0x00000000, 0x7FFE0000, 0x00000000
 562      0000FE7F 
 562      00000000 
 563 0df8 00000000 			.word	0x00000000, 0x7FFE0000, 0x00000000
 563      0000FE7F 
 563      00000000 
 564 0e04 00000000 			.word	0x00000000, 0x7FFE0000, 0x00000000
 564      0000FE7F 
 564      00000000 
 565 0e10 00000000 			.word	0x00000000, 0x7FFE0000, 0x00000000
 565      0000FE7F 
 565      00000000 
 566 0e1c 00000000 			.word	0x00000000, 0x7FFE0000, 0x00000000
 566      0000FE7F 
 566      00000000 
 567 0e28 00000000 			.word	0x00000000, 0x7FFE0000, 0x00000000
 567      0000FE7F 
 567      00000000 
 568 0e34 00000000 			.word	0x00000000, 0x7FFE0000, 0x00000000
 568      0000FE7F 
 568      00000000 
 569 0e40 00000000 			.word	0x00000000, 0x7FFE0000, 0x00000000
 569      0000FE7F 
 569      00000000 
 570 0e4c 00000000 			.word	0x00000000, 0x7FFE0000, 0x00000000
 570      0000FE7F 
 570      00000000 
 571 0e58 00000000 			.word	0x00000000, 0x7FFE0000, 0x00000000
 571      0000FE7F 
 571      00000000 
 572 0e64 00000000 			.word	0x00000000, 0x7FFE0000, 0x00000000
 572      0000FE7F 
 572      00000000 
 573 0e70 00000000 			.word	0x00000000, 0x7FFE0000, 0x00000000
 573      0000FE7F 
 573      00000000 
 574 0e7c 00000000 			.word	0x00000000, 0x7FFE0000, 0x00000000
 574      0000FE7F 
 574      00000000 
 575 0e88 00000000 			.word	0x00000000, 0x7FFE0000, 0x00000000
 575      0000FE7F 
 575      00000000 
ARM GAS  font_arial123.s 			page 19


 576 0e94 00000000 			.word	0x00000000, 0x7FFE0000, 0x00000000
 576      0000FE7F 
 576      00000000 
 577 0ea0 00000000 			.word	0x00000000, 0x7FFE0000, 0x00000000
 577      0000FE7F 
 577      00000000 
 578 0eac 00000000 			.word	0x00000000, 0x7FFE0000, 0x00000000
 578      0000FE7F 
 578      00000000 
 579 0eb8 00000000 			.word	0x00000000, 0x7FFE0000, 0x00000000
 579      0000FE7F 
 579      00000000 
 580 0ec4 00000000 			.word	0x00000000, 0x7FFE0000, 0x00000000
 580      0000FE7F 
 580      00000000 
 581 0ed0 00000000 			.word	0x00000000, 0x7FFE0000, 0x00000000
 581      0000FE7F 
 581      00000000 
 582 0edc 00000000 			.word	0x00000000, 0x7FFE0000, 0x00000000
 582      0000FE7F 
 582      00000000 
 583 0ee8 00000000 			.word	0x00000000, 0x7FFE0000, 0x00000000
 583      0000FE7F 
 583      00000000 
 584 0ef4 00000000 			.word	0x00000000, 0x7FFE0000, 0x00000000
 584      0000FE7F 
 584      00000000 
 585 0f00 00000000 			.word	0x00000000, 0x7FFE0000, 0x00000000
 585      0000FE7F 
 585      00000000 
 586 0f0c 00000000 			.word	0x00000000, 0x7FFE0000, 0x00000000
 586      0000FE7F 
 586      00000000 
 587 0f18 00000000 			.word	0x00000000, 0x7FFE0000, 0x00000000
 587      0000FE7F 
 587      00000000 
 588 0f24 00000000 			.word	0x00000000, 0x7FFE0000, 0x00000000
 588      0000FE7F 
 588      00000000 
 589 0f30 00000000 			.word	0x00000000, 0x7FFE0000, 0x00000000
 589      0000FE7F 
 589      00000000 
 590 0f3c FFFFFFFF 			.word	0xFFFFFFFF, 0xFFFFFFFF, 0xFFFE0000
 590      FFFFFFFF 
 590      0000FEFF 
 591 0f48 FFFFFFFF 			.word	0xFFFFFFFF, 0xFFFFFFFF, 0xFFFE0000
 591      FFFFFFFF 
 591      0000FEFF 
 592 0f54 FFFFFFFF 			.word	0xFFFFFFFF, 0xFFFFFFFF, 0xFFFE0000
 592      FFFFFFFF 
 592      0000FEFF 
 593 0f60 FFFFFFFF 			.word	0xFFFFFFFF, 0xFFFFFFFF, 0xFFFE0000
 593      FFFFFFFF 
 593      0000FEFF 
 594 0f6c FFFFFFFF 			.word	0xFFFFFFFF, 0xFFFFFFFF, 0xFFFE0000
 594      FFFFFFFF 
 594      0000FEFF 
ARM GAS  font_arial123.s 			page 20


 595 0f78 FFFFFFFF 			.word	0xFFFFFFFF, 0xFFFFFFFF, 0xFFFE0000
 595      FFFFFFFF 
 595      0000FEFF 
 596 0f84 FFFFFFFF 			.word	0xFFFFFFFF, 0xFFFFFFFF, 0xFFFE0000
 596      FFFFFFFF 
 596      0000FEFF 
 597 0f90 FFFFFFFF 			.word	0xFFFFFFFF, 0xFFFFFFFF, 0xFFFE0000
 597      FFFFFFFF 
 597      0000FEFF 
 598 0f9c FFFFFFFF 			.word	0xFFFFFFFF, 0xFFFFFFFF, 0xFFFE0000
 598      FFFFFFFF 
 598      0000FEFF 
 599 0fa8 FFFFFFFF 			.word	0xFFFFFFFF, 0xFFFFFFFF, 0xFFFE0000
 599      FFFFFFFF 
 599      0000FEFF 
 600 0fb4 FFFFFFFF 			.word	0xFFFFFFFF, 0xFFFFFFFF, 0xFFFE0000
 600      FFFFFFFF 
 600      0000FEFF 
 601 0fc0 FFFFFFFF 			.word	0xFFFFFFFF, 0xFFFFFFFF, 0xFFFE0000
 601      FFFFFFFF 
 601      0000FEFF 
 602 0fcc FFFFFFFF 			.word	0xFFFFFFFF, 0xFFFFFFFF, 0xFFFE0000
 602      FFFFFFFF 
 602      0000FEFF 
 603 0fd8 FFFFFFFF 			.word	0xFFFFFFFF, 0xFFFFFFFF, 0xFFFE0000
 603      FFFFFFFF 
 603      0000FEFF 
 604 0fe4 00000000 			.word	0x00000000, 0x7FFE0000, 0x00000000
 604      0000FE7F 
 604      00000000 
 605 0ff0 00000000 			.word	0x00000000, 0x7FFE0000, 0x00000000
 605      0000FE7F 
 605      00000000 
 606 0ffc 00000000 			.word	0x00000000, 0x7FFE0000, 0x00000000
 606      0000FE7F 
 606      00000000 
 607 1008 00000000 			.word	0x00000000, 0x7FFE0000, 0x00000000
 607      0000FE7F 
 607      00000000 
 608 1014 00000000 			.word	0x00000000, 0x7FFE0000, 0x00000000
 608      0000FE7F 
 608      00000000 
 609 1020 00000000 			.word	0x00000000, 0x7FFE0000, 0x00000000
 609      0000FE7F 
 609      00000000 
 610 102c 00000000 			.word	0x00000000, 0x7FFE0000, 0x00000000
 610      0000FE7F 
 610      00000000 
 611 1038 00000000 			.word	0x00000000, 0x7FFE0000, 0x00000000
 611      0000FE7F 
 611      00000000 
 612 1044 00000000 			.word	0x00000000, 0x7FFE0000, 0x00000000
 612      0000FE7F 
 612      00000000 
 613 1050 00000000 			.word	0x00000000, 0x7FFE0000, 0x00000000
 613      0000FE7F 
 613      00000000 
ARM GAS  font_arial123.s 			page 21


 614 105c 00000000 			.word	0x00000000, 0x7FFE0000, 0x00000000
 614      0000FE7F 
 614      00000000 
 615 1068 00000000 			.word	0x00000000, 0x7FFE0000, 0x00000000
 615      0000FE7F 
 615      00000000 
 616 1074 00000000 			.word	0x00000000, 0x7FFE0000, 0x00000000
 616      0000FE7F 
 616      00000000 
 617 1080 00000000 			.word	0x00000000, 0x7FFE0000, 0x00000000
 617      0000FE7F 
 617      00000000 
 618 108c 00000000 			.word	0x00000000, 0x7FFE0000, 0x00000000
 618      0000FE7F 
 618      00000000 
 619 1098 00000000 			.word	0x00000000, 0x7FFE0000, 0x00000000
 619      0000FE7F 
 619      00000000 
 620 10a4 00000000 			.word	0x00000000, 0x7FFE0000, 0x00000000
 620      0000FE7F 
 620      00000000 
 621 10b0 00000000 			.word	0x00000000, 0x7FFE0000, 0x00000000
 621      0000FE7F 
 621      00000000 
 622 10bc 00000000 			.word	0x00000000, 0x7FFE0000, 0x00000000
 622      0000FE7F 
 622      00000000 
 623 10c8 00000000 			.word	0x00000000, 0x7FFE0000, 0x00000000
 623      0000FE7F 
 623      00000000 
 624 10d4 00000000 			.word	0x00000000, 0x7FFE0000, 0x00000000
 624      0000FE7F 
 624      00000000 
 625 10e0 00000000 			.word	0x00000000, 0x7FFE0000, 0x00000000
 625      0000FE7F 
 625      00000000 
 626 10ec 00000000 			.word	0x00000000, 0x7FFE0000, 0x00000000
 626      0000FE7F 
 626      00000000 
 627 10f8 00000000 			.word	0x00000000, 0x7FFE0000, 0x00000000
 627      0000FE7F 
 627      00000000 
 628 1104 00000000 			.word	0x00000000, 0x7FFE0000, 0x00000000
 628      0000FE7F 
 628      00000000 
 629 1110 00000000 			.word	0x00000000, 0x7FFE0000, 0x00000000
 629      0000FE7F 
 629      00000000 
 630 111c 00000000 			.word	0x00000000, 0x7FFE0000, 0x00000000
 630      0000FE7F 
 630      00000000 
 631 1128 00000000 			.word	0x00000000, 0x7FFE0000, 0x00000000
 631      0000FE7F 
 631      00000000 
 632 1134 00000000 			.word	0x00000000, 0x7FFE0000, 0x00000000
 632      0000FE7F 
 632      00000000 
ARM GAS  font_arial123.s 			page 22


 633 1140 00000000 			.word	0x00000000, 0x7FFE0000, 0x00000000
 633      0000FE7F 
 633      00000000 
 634 114c 00000000 			.word	0x00000000, 0x7FFE0000, 0x00000000
 634      0000FE7F 
 634      00000000 
 635 1158 00000000 			.word	0x00000000, 0x7FFE0000, 0x00000000
 635      0000FE7F 
 635      00000000 
 636 1164 00000000 			.word	0x00000000, 0x7FFE0000, 0x00000000
 636      0000FE7F 
 636      00000000 
 637              	
 638              	MINUS_SIGN:
 639 1170 2D000000 			.word	'-			// ASCII "-" character
 640 1174 5E000000 			.word	94			// cell pixel width
 641 1178 7A000000 			.word	CELLHGHT		// cell pixel height
 642 117c 4F000000 			.word	79			// glyph pixel width
 643 1180 0E000000 			.word	14			// glyph pixel height
 644 1184 08000000 			.word	8			// blank horizontal pixels before glyph
 645 1188 07000000 			.word	7			// blank horizontal pixels after glyph
 646 118c 37000000 			.word	55			// blank horizontal lines before glyph
 647 1190 35000000 			.word	53			// blank horizontal lines after glyph
 648              							// bit mapped glyph
 649 1194 FFFFFFFF 			.word	0xFFFFFFFF, 0xFFFFFFFF, 0xFFFE0000
 649      FFFFFFFF 
 649      0000FEFF 
 650 11a0 FFFFFFFF 			.word	0xFFFFFFFF, 0xFFFFFFFF, 0xFFFE0000
 650      FFFFFFFF 
 650      0000FEFF 
 651 11ac FFFFFFFF 			.word	0xFFFFFFFF, 0xFFFFFFFF, 0xFFFE0000
 651      FFFFFFFF 
 651      0000FEFF 
 652 11b8 FFFFFFFF 			.word	0xFFFFFFFF, 0xFFFFFFFF, 0xFFFE0000
 652      FFFFFFFF 
 652      0000FEFF 
 653 11c4 FFFFFFFF 			.word	0xFFFFFFFF, 0xFFFFFFFF, 0xFFFE0000
 653      FFFFFFFF 
 653      0000FEFF 
 654 11d0 FFFFFFFF 			.word	0xFFFFFFFF, 0xFFFFFFFF, 0xFFFE0000
 654      FFFFFFFF 
 654      0000FEFF 
 655 11dc FFFFFFFF 			.word	0xFFFFFFFF, 0xFFFFFFFF, 0xFFFE0000
 655      FFFFFFFF 
 655      0000FEFF 
 656 11e8 FFFFFFFF 			.word	0xFFFFFFFF, 0xFFFFFFFF, 0xFFFE0000
 656      FFFFFFFF 
 656      0000FEFF 
 657 11f4 FFFFFFFF 			.word	0xFFFFFFFF, 0xFFFFFFFF, 0xFFFE0000
 657      FFFFFFFF 
 657      0000FEFF 
 658 1200 FFFFFFFF 			.word	0xFFFFFFFF, 0xFFFFFFFF, 0xFFFE0000
 658      FFFFFFFF 
 658      0000FEFF 
 659 120c FFFFFFFF 			.word	0xFFFFFFFF, 0xFFFFFFFF, 0xFFFE0000
 659      FFFFFFFF 
 659      0000FEFF 
ARM GAS  font_arial123.s 			page 23


 660 1218 FFFFFFFF 			.word	0xFFFFFFFF, 0xFFFFFFFF, 0xFFFE0000
 660      FFFFFFFF 
 660      0000FEFF 
 661 1224 FFFFFFFF 			.word	0xFFFFFFFF, 0xFFFFFFFF, 0xFFFE0000
 661      FFFFFFFF 
 661      0000FEFF 
 662 1230 FFFFFFFF 			.word	0xFFFFFFFF, 0xFFFFFFFF, 0xFFFE0000
 662      FFFFFFFF 
 662      0000FEFF 
 663              	
 664              	PERIOD:
 665 123c 2E000000 			.word	'.			// ASCII "." character
 666 1240 2B000000 			.word	43			// cell pixel width
 667 1244 7A000000 			.word	CELLHGHT		// cell pixel height
 668 1248 11000000 			.word	17			// glyph pixel width
 669 124c 10000000 			.word	16			// glyph pixel height
 670 1250 0D000000 			.word	13			// blank horizontal pixels before glyph
 671 1254 0D000000 			.word	13			// blank horizontal pixels after glyph
 672 1258 68000000 			.word	104			// blank horizontal lines before glyph
 673 125c 02000000 			.word	2			// blank horizontal lines after glyph
 674              							// bit mapped glyph
 675 1260 0080FFFF 			.word	0xFFFF8000
 676 1264 0080FFFF 			.word	0xFFFF8000
 677 1268 0080FFFF 			.word	0xFFFF8000
 678 126c 0080FFFF 			.word	0xFFFF8000
 679 1270 0080FFFF 			.word	0xFFFF8000
 680 1274 0080FFFF 			.word	0xFFFF8000
 681 1278 0080FFFF 			.word	0xFFFF8000
 682 127c 0080FFFF 			.word	0xFFFF8000
 683 1280 0080FFFF 			.word	0xFFFF8000
 684 1284 0080FFFF 			.word	0xFFFF8000
 685 1288 0080FFFF 			.word	0xFFFF8000
 686 128c 0080FFFF 			.word	0xFFFF8000
 687 1290 0080FFFF 			.word	0xFFFF8000
 688 1294 0080FFFF 			.word	0xFFFF8000
 689 1298 0080FFFF 			.word	0xFFFF8000
 690 129c 0080FFFF 			.word	0xFFFF8000
 691              	
 692              	FORWARD_SLASH:
 693 12a0 2F000000 			.word	'/			// ASCII "/" character
 694 12a4 32000000 			.word	50			// cell pixel width
 695 12a8 7A000000 			.word	CELLHGHT		// cell pixel height
 696 12ac 2E000000 			.word	46			// glyph pixel width
 697 12b0 79000000 			.word	121			// glyph pixel height
 698 12b4 02000000 			.word	2			// blank horizontal pixels before glyph
 699 12b8 02000000 			.word	2			// blank horizontal pixels after glyph
 700 12bc 01000000 			.word	1			// blank horizontal lines before glyph
 701 12c0 00000000 			.word	0			// blank horizontal lines after glyph
 702              							// bit mapped glyph
 703 12c4 00000000 			.word	0x00000000, 0x3FFC0000
 703      0000FC3F 
 704 12cc 00000000 			.word	0x00000000, 0x3FF80000
 704      0000F83F 
 705 12d4 00000000 			.word	0x00000000, 0x3FF80000
 705      0000F83F 
 706 12dc 00000000 			.word	0x00000000, 0x7FF80000
 706      0000F87F 
ARM GAS  font_arial123.s 			page 24


 707 12e4 00000000 			.word	0x00000000, 0x7FF80000
 707      0000F87F 
 708 12ec 00000000 			.word	0x00000000, 0x7FF00000
 708      0000F07F 
 709 12f4 00000000 			.word	0x00000000, 0x7FF00000
 709      0000F07F 
 710 12fc 00000000 			.word	0x00000000, 0xFFF00000
 710      0000F0FF 
 711 1304 00000000 			.word	0x00000000, 0xFFE00000
 711      0000E0FF 
 712 130c 00000000 			.word	0x00000000, 0xFFE00000
 712      0000E0FF 
 713 1314 01000000 			.word	0x00000001, 0xFFE00000
 713      0000E0FF 
 714 131c 01000000 			.word	0x00000001, 0xFFE00000
 714      0000E0FF 
 715 1324 01000000 			.word	0x00000001, 0xFFC00000
 715      0000C0FF 
 716 132c 01000000 			.word	0x00000001, 0xFFC00000
 716      0000C0FF 
 717 1334 03000000 			.word	0x00000003, 0xFFC00000
 717      0000C0FF 
 718 133c 03000000 			.word	0x00000003, 0xFF800000
 718      000080FF 
 719 1344 03000000 			.word	0x00000003, 0xFF800000
 719      000080FF 
 720 134c 07000000 			.word	0x00000007, 0xFF800000
 720      000080FF 
 721 1354 07000000 			.word	0x00000007, 0xFF800000
 721      000080FF 
 722 135c 07000000 			.word	0x00000007, 0xFF000000
 722      000000FF 
 723 1364 07000000 			.word	0x00000007, 0xFF000000
 723      000000FF 
 724 136c 0F000000 			.word	0x0000000F, 0xFF000000
 724      000000FF 
 725 1374 0F000000 			.word	0x0000000F, 0xFE000000
 725      000000FE 
 726 137c 0F000000 			.word	0x0000000F, 0xFE000000
 726      000000FE 
 727 1384 1F000000 			.word	0x0000001F, 0xFE000000
 727      000000FE 
 728 138c 1F000000 			.word	0x0000001F, 0xFE000000
 728      000000FE 
 729 1394 1F000000 			.word	0x0000001F, 0xFC000000
 729      000000FC 
 730 139c 1F000000 			.word	0x0000001F, 0xFC000000
 730      000000FC 
 731 13a4 3F000000 			.word	0x0000003F, 0xFC000000
 731      000000FC 
 732 13ac 3F000000 			.word	0x0000003F, 0xF8000000
 732      000000F8 
 733 13b4 3F000000 			.word	0x0000003F, 0xF8000000
 733      000000F8 
 734 13bc 3F000000 			.word	0x0000003F, 0xF8000000
 734      000000F8 
 735 13c4 7F000000 			.word	0x0000007F, 0xF8000000
ARM GAS  font_arial123.s 			page 25


 735      000000F8 
 736 13cc 7F000000 			.word	0x0000007F, 0xF0000000
 736      000000F0 
 737 13d4 7F000000 			.word	0x0000007F, 0xF0000000
 737      000000F0 
 738 13dc FF000000 			.word	0x000000FF, 0xF0000000
 738      000000F0 
 739 13e4 FF000000 			.word	0x000000FF, 0xE0000000
 739      000000E0 
 740 13ec FF000000 			.word	0x000000FF, 0xE0000000
 740      000000E0 
 741 13f4 FF000000 			.word	0x000000FF, 0xE0000000
 741      000000E0 
 742 13fc FF010000 			.word	0x000001FF, 0xE0000000
 742      000000E0 
 743 1404 FF010000 			.word	0x000001FF, 0xC0000000
 743      000000C0 
 744 140c FF010000 			.word	0x000001FF, 0xC0000000
 744      000000C0 
 745 1414 FF030000 			.word	0x000003FF, 0xC0000000
 745      000000C0 
 746 141c FF030000 			.word	0x000003FF, 0xC0000000
 746      000000C0 
 747 1424 FF030000 			.word	0x000003FF, 0x80000000
 747      00000080 
 748 142c FF030000 			.word	0x000003FF, 0x80000000
 748      00000080 
 749 1434 FF070000 			.word	0x000007FF, 0x80000000
 749      00000080 
 750 143c FF070000 			.word	0x000007FF, 0x00000000
 750      00000000 
 751 1444 FF070000 			.word	0x000007FF, 0x00000000
 751      00000000 
 752 144c FF0F0000 			.word	0x00000FFF, 0x00000000
 752      00000000 
 753 1454 FF0F0000 			.word	0x00000FFF, 0x00000000
 753      00000000 
 754 145c FE0F0000 			.word	0x00000FFE, 0x00000000
 754      00000000 
 755 1464 FE0F0000 			.word	0x00000FFE, 0x00000000
 755      00000000 
 756 146c FE1F0000 			.word	0x00001FFE, 0x00000000
 756      00000000 
 757 1474 FC1F0000 			.word	0x00001FFC, 0x00000000
 757      00000000 
 758 147c FC1F0000 			.word	0x00001FFC, 0x00000000
 758      00000000 
 759 1484 FC3F0000 			.word	0x00003FFC, 0x00000000
 759      00000000 
 760 148c FC3F0000 			.word	0x00003FFC, 0x00000000
 760      00000000 
 761 1494 F83F0000 			.word	0x00003FF8, 0x00000000
 761      00000000 
 762 149c F83F0000 			.word	0x00003FF8, 0x00000000
 762      00000000 
 763 14a4 F87F0000 			.word	0x00007FF8, 0x00000000
 763      00000000 
ARM GAS  font_arial123.s 			page 26


 764 14ac F07F0000 			.word	0x00007FF0, 0x00000000
 764      00000000 
 765 14b4 F07F0000 			.word	0x00007FF0, 0x00000000
 765      00000000 
 766 14bc F0FF0000 			.word	0x0000FFF0, 0x00000000
 766      00000000 
 767 14c4 F0FF0000 			.word	0x0000FFF0, 0x00000000
 767      00000000 
 768 14cc E0FF0000 			.word	0x0000FFE0, 0x00000000
 768      00000000 
 769 14d4 E0FF0000 			.word	0x0000FFE0, 0x00000000
 769      00000000 
 770 14dc E0FF0100 			.word	0x0001FFE0, 0x00000000
 770      00000000 
 771 14e4 C0FF0100 			.word	0x0001FFC0, 0x00000000
 771      00000000 
 772 14ec C0FF0100 			.word	0x0001FFC0, 0x00000000
 772      00000000 
 773 14f4 C0FF0300 			.word	0x0003FFC0, 0x00000000
 773      00000000 
 774 14fc C0FF0300 			.word	0x0003FFC0, 0x00000000
 774      00000000 
 775 1504 80FF0300 			.word	0x0003FF80, 0x00000000
 775      00000000 
 776 150c 80FF0300 			.word	0x0003FF80, 0x00000000
 776      00000000 
 777 1514 80FF0700 			.word	0x0007FF80, 0x00000000
 777      00000000 
 778 151c 00FF0700 			.word	0x0007FF00, 0x00000000
 778      00000000 
 779 1524 00FF0700 			.word	0x0007FF00, 0x00000000
 779      00000000 
 780 152c 00FF0F00 			.word	0x000FFF00, 0x00000000
 780      00000000 
 781 1534 00FF0F00 			.word	0x000FFF00, 0x00000000
 781      00000000 
 782 153c 00FE0F00 			.word	0x000FFE00, 0x00000000
 782      00000000 
 783 1544 00FE0F00 			.word	0x000FFE00, 0x00000000
 783      00000000 
 784 154c 00FE1F00 			.word	0x001FFE00, 0x00000000
 784      00000000 
 785 1554 00FC1F00 			.word	0x001FFC00, 0x00000000
 785      00000000 
 786 155c 00FC1F00 			.word	0x001FFC00, 0x00000000
 786      00000000 
 787 1564 00FC3F00 			.word	0x003FFC00, 0x00000000
 787      00000000 
 788 156c 00FC3F00 			.word	0x003FFC00, 0x00000000
 788      00000000 
 789 1574 00F83F00 			.word	0x003FF800, 0x00000000
 789      00000000 
 790 157c 00F83F00 			.word	0x003FF800, 0x00000000
 790      00000000 
 791 1584 00F87F00 			.word	0x007FF800, 0x00000000
 791      00000000 
 792 158c 00F07F00 			.word	0x007FF000, 0x00000000
ARM GAS  font_arial123.s 			page 27


 792      00000000 
 793 1594 00F07F00 			.word	0x007FF000, 0x00000000
 793      00000000 
 794 159c 00F0FF00 			.word	0x00FFF000, 0x00000000
 794      00000000 
 795 15a4 00F0FF00 			.word	0x00FFF000, 0x00000000
 795      00000000 
 796 15ac 00E0FF00 			.word	0x00FFE000, 0x00000000
 796      00000000 
 797 15b4 00E0FF00 			.word	0x00FFE000, 0x00000000
 797      00000000 
 798 15bc 00E0FF01 			.word	0x01FFE000, 0x00000000
 798      00000000 
 799 15c4 00C0FF01 			.word	0x01FFC000, 0x00000000
 799      00000000 
 800 15cc 00C0FF01 			.word	0x01FFC000, 0x00000000
 800      00000000 
 801 15d4 00C0FF03 			.word	0x03FFC000, 0x00000000
 801      00000000 
 802 15dc 00C0FF03 			.word	0x03FFC000, 0x00000000
 802      00000000 
 803 15e4 0080FF03 			.word	0x03FF8000, 0x00000000
 803      00000000 
 804 15ec 0080FF03 			.word	0x03FF8000, 0x00000000
 804      00000000 
 805 15f4 0080FF07 			.word	0x07FF8000, 0x00000000
 805      00000000 
 806 15fc 0000FF07 			.word	0x07FF0000, 0x00000000
 806      00000000 
 807 1604 0000FF07 			.word	0x07FF0000, 0x00000000
 807      00000000 
 808 160c 0000FF0F 			.word	0x0FFF0000, 0x00000000
 808      00000000 
 809 1614 0000FF0F 			.word	0x0FFF0000, 0x00000000
 809      00000000 
 810 161c 0000FE0F 			.word	0x0FFE0000, 0x00000000
 810      00000000 
 811 1624 0000FE0F 			.word	0x0FFE0000, 0x00000000
 811      00000000 
 812 162c 0000FE1F 			.word	0x1FFE0000, 0x00000000
 812      00000000 
 813 1634 0000FE1F 			.word	0x1FFE0000, 0x00000000
 813      00000000 
 814 163c 0000FC1F 			.word	0x1FFC0000, 0x00000000
 814      00000000 
 815 1644 0000FC3F 			.word	0x3FFC0000, 0x00000000
 815      00000000 
 816 164c 0000FC3F 			.word	0x3FFC0000, 0x00000000
 816      00000000 
 817 1654 0000F83F 			.word	0x3FF80000, 0x00000000
 817      00000000 
 818 165c 0000F83F 			.word	0x3FF80000, 0x00000000
 818      00000000 
 819 1664 0000F87F 			.word	0x7FF80000, 0x00000000
 819      00000000 
 820 166c 0000F87F 			.word	0x7FF80000, 0x00000000
 820      00000000 
ARM GAS  font_arial123.s 			page 28


 821 1674 0000F07F 			.word	0x7FF00000, 0x00000000
 821      00000000 
 822 167c 0000F07F 			.word	0x7FF00000, 0x00000000
 822      00000000 
 823 1684 0000F0FF 			.word	0xFFF00000, 0x00000000
 823      00000000 
 824              	
 825              	ZERO:
 826 168c 30000000 			.word	'0			// ASCII "0" character
 827 1690 58000000 			.word	88			// cell pixel width
 828 1694 7A000000 			.word	CELLHGHT		// cell pixel height
 829 1698 4D000000 			.word	77			// glyph pixel width
 830 169c 78000000 			.word	120			// glyph pixel height
 831 16a0 05000000 			.word	5			// blank horizontal pixels before glyph
 832 16a4 06000000 			.word	6			// blank horizontal pixels after glyph
 833 16a8 02000000 			.word	2			// blank horizontal lines before glyph
 834 16ac 00000000 			.word	0			// blank horizontal lines after glyph
 835              							// bit mapped glyph
 836 16b0 00000000 			.word	0x00000000, 0xFFF80000, 0x00000000
 836      0000F8FF 
 836      00000000 
 837 16bc 1F000000 			.word	0x0000001F, 0xFFFFC000, 0x00000000
 837      00C0FFFF 
 837      00000000 
 838 16c8 FF000000 			.word	0x000000FF, 0xFFFFF800, 0x00000000
 838      00F8FFFF 
 838      00000000 
 839 16d4 FF030000 			.word	0x000003FF, 0xFFFFFE00, 0x00000000
 839      00FEFFFF 
 839      00000000 
 840 16e0 FF0F0000 			.word	0x00000FFF, 0xFFFFFF80, 0x00000000
 840      80FFFFFF 
 840      00000000 
 841 16ec FF1F0000 			.word	0x00001FFF, 0xFFFFFFC0, 0x00000000
 841      C0FFFFFF 
 841      00000000 
 842 16f8 FF7F0000 			.word	0x00007FFF, 0xFFFFFFF0, 0x00000000
 842      F0FFFFFF 
 842      00000000 
 843 1704 FFFF0000 			.word	0x0000FFFF, 0xFFFFFFF8, 0x00000000
 843      F8FFFFFF 
 843      00000000 
 844 1710 FFFF0100 			.word	0x0001FFFF, 0xFFFFFFFC, 0x00000000
 844      FCFFFFFF 
 844      00000000 
 845 171c FFFF0300 			.word	0x0003FFFF, 0xFFFFFFFE, 0x00000000
 845      FEFFFFFF 
 845      00000000 
 846 1728 FFFF0700 			.word	0x0007FFFF, 0xFFFFFFFF, 0x00000000
 846      FFFFFFFF 
 846      00000000 
 847 1734 FFFF0F00 			.word	0x000FFFFF, 0xFFFFFFFF, 0x80000000
 847      FFFFFFFF 
 847      00000080 
 848 1740 FFFF1F00 			.word	0x001FFFFF, 0xC01FFFFF, 0xC0000000
 848      FFFF1FC0 
 848      000000C0 
ARM GAS  font_arial123.s 			page 29


 849 174c FEFF1F00 			.word	0x001FFFFE, 0x0003FFFF, 0xC0000000
 849      FFFF0300 
 849      000000C0 
 850 1758 F8FF3F00 			.word	0x003FFFF8, 0x0000FFFF, 0xE0000000
 850      FFFF0000 
 850      000000E0 
 851 1764 E0FF7F00 			.word	0x007FFFE0, 0x00003FFF, 0xF0000000
 851      FF3F0000 
 851      000000F0 
 852 1770 C0FF7F00 			.word	0x007FFFC0, 0x00001FFF, 0xF0000000
 852      FF1F0000 
 852      000000F0 
 853 177c 80FFFF00 			.word	0x00FFFF80, 0x00000FFF, 0xF8000000
 853      FF0F0000 
 853      000000F8 
 854 1788 00FFFF00 			.word	0x00FFFF00, 0x000007FF, 0xF8000000
 854      FF070000 
 854      000000F8 
 855 1794 00FEFF01 			.word	0x01FFFE00, 0x000003FF, 0xFC000000
 855      FF030000 
 855      000000FC 
 856 17a0 00FCFF01 			.word	0x01FFFC00, 0x000001FF, 0xFC000000
 856      FF010000 
 856      000000FC 
 857 17ac 00F8FF03 			.word	0x03FFF800, 0x000001FF, 0xFE000000
 857      FF010000 
 857      000000FE 
 858 17b8 00F8FF03 			.word	0x03FFF800, 0x000000FF, 0xFE000000
 858      FF000000 
 858      000000FE 
 859 17c4 00F0FF07 			.word	0x07FFF000, 0x0000007F, 0xFF000000
 859      7F000000 
 859      000000FF 
 860 17d0 00F0FF07 			.word	0x07FFF000, 0x0000007F, 0xFF000000
 860      7F000000 
 860      000000FF 
 861 17dc 00F0FF07 			.word	0x07FFF000, 0x0000003F, 0xFF000000
 861      3F000000 
 861      000000FF 
 862 17e8 00E0FF0F 			.word	0x0FFFE000, 0x0000003F, 0xFF800000
 862      3F000000 
 862      000080FF 
 863 17f4 00E0FF0F 			.word	0x0FFFE000, 0x0000003F, 0xFF800000
 863      3F000000 
 863      000080FF 
 864 1800 00E0FF0F 			.word	0x0FFFE000, 0x0000001F, 0xFF800000
 864      1F000000 
 864      000080FF 
 865 180c 00C0FF1F 			.word	0x1FFFC000, 0x0000001F, 0xFFC00000
 865      1F000000 
 865      0000C0FF 
 866 1818 00C0FF1F 			.word	0x1FFFC000, 0x0000001F, 0xFFC00000
 866      1F000000 
 866      0000C0FF 
 867 1824 00C0FF1F 			.word	0x1FFFC000, 0x0000001F, 0xFFC00000
 867      1F000000 
 867      0000C0FF 
ARM GAS  font_arial123.s 			page 30


 868 1830 0080FF1F 			.word	0x1FFF8000, 0x0000000F, 0xFFC00000
 868      0F000000 
 868      0000C0FF 
 869 183c 0080FF3F 			.word	0x3FFF8000, 0x0000000F, 0xFFE00000
 869      0F000000 
 869      0000E0FF 
 870 1848 0080FF3F 			.word	0x3FFF8000, 0x0000000F, 0xFFE00000
 870      0F000000 
 870      0000E0FF 
 871 1854 0080FF3F 			.word	0x3FFF8000, 0x0000000F, 0xFFE00000
 871      0F000000 
 871      0000E0FF 
 872 1860 0080FF3F 			.word	0x3FFF8000, 0x0000000F, 0xFFE00000
 872      0F000000 
 872      0000E0FF 
 873 186c 0000FF3F 			.word	0x3FFF0000, 0x00000007, 0xFFE00000
 873      07000000 
 873      0000E0FF 
 874 1878 0000FF7F 			.word	0x7FFF0000, 0x00000007, 0xFFF00000
 874      07000000 
 874      0000F0FF 
 875 1884 0000FF7F 			.word	0x7FFF0000, 0x00000007, 0xFFF00000
 875      07000000 
 875      0000F0FF 
 876 1890 0000FF7F 			.word	0x7FFF0000, 0x00000007, 0xFFF00000
 876      07000000 
 876      0000F0FF 
 877 189c 0000FF7F 			.word	0x7FFF0000, 0x00000007, 0xFFF00000
 877      07000000 
 877      0000F0FF 
 878 18a8 0000FF7F 			.word	0x7FFF0000, 0x00000007, 0xFFF00000
 878      07000000 
 878      0000F0FF 
 879 18b4 0000FF7F 			.word	0x7FFF0000, 0x00000007, 0xFFF00000
 879      07000000 
 879      0000F0FF 
 880 18c0 0000FF7F 			.word	0x7FFF0000, 0x00000007, 0xFFF00000
 880      07000000 
 880      0000F0FF 
 881 18cc 0000FF7F 			.word	0x7FFF0000, 0x00000007, 0xFFF00000
 881      07000000 
 881      0000F0FF 
 882 18d8 0000FE7F 			.word	0x7FFE0000, 0x00000003, 0xFFF80000
 882      03000000 
 882      0000F8FF 
 883 18e4 0000FEFF 			.word	0xFFFE0000, 0x00000003, 0xFFF80000
 883      03000000 
 883      0000F8FF 
 884 18f0 0000FEFF 			.word	0xFFFE0000, 0x00000003, 0xFFF80000
 884      03000000 
 884      0000F8FF 
 885 18fc 0000FEFF 			.word	0xFFFE0000, 0x00000003, 0xFFF80000
 885      03000000 
 885      0000F8FF 
 886 1908 0000FEFF 			.word	0xFFFE0000, 0x00000003, 0xFFF80000
 886      03000000 
 886      0000F8FF 
ARM GAS  font_arial123.s 			page 31


 887 1914 0000FEFF 			.word	0xFFFE0000, 0x00000003, 0xFFF80000
 887      03000000 
 887      0000F8FF 
 888 1920 0000FEFF 			.word	0xFFFE0000, 0x00000003, 0xFFF80000
 888      03000000 
 888      0000F8FF 
 889 192c 0000FEFF 			.word	0xFFFE0000, 0x00000003, 0xFFF80000
 889      03000000 
 889      0000F8FF 
 890 1938 0000FEFF 			.word	0xFFFE0000, 0x00000003, 0xFFF80000
 890      03000000 
 890      0000F8FF 
 891 1944 0000FEFF 			.word	0xFFFE0000, 0x00000003, 0xFFF80000
 891      03000000 
 891      0000F8FF 
 892 1950 0000FEFF 			.word	0xFFFE0000, 0x00000003, 0xFFF80000
 892      03000000 
 892      0000F8FF 
 893 195c 0000FEFF 			.word	0xFFFE0000, 0x00000003, 0xFFF80000
 893      03000000 
 893      0000F8FF 
 894 1968 0000FEFF 			.word	0xFFFE0000, 0x00000003, 0xFFF80000
 894      03000000 
 894      0000F8FF 
 895 1974 0000FEFF 			.word	0xFFFE0000, 0x00000003, 0xFFF80000
 895      03000000 
 895      0000F8FF 
 896 1980 0000FEFF 			.word	0xFFFE0000, 0x00000003, 0xFFF80000
 896      03000000 
 896      0000F8FF 
 897 198c 0000FEFF 			.word	0xFFFE0000, 0x00000003, 0xFFF80000
 897      03000000 
 897      0000F8FF 
 898 1998 0000FEFF 			.word	0xFFFE0000, 0x00000003, 0xFFF80000
 898      03000000 
 898      0000F8FF 
 899 19a4 0000FEFF 			.word	0xFFFE0000, 0x00000003, 0xFFF80000
 899      03000000 
 899      0000F8FF 
 900 19b0 0000FEFF 			.word	0xFFFE0000, 0x00000003, 0xFFF80000
 900      03000000 
 900      0000F8FF 
 901 19bc 0000FEFF 			.word	0xFFFE0000, 0x00000003, 0xFFF80000
 901      03000000 
 901      0000F8FF 
 902 19c8 0000FEFF 			.word	0xFFFE0000, 0x00000003, 0xFFF80000
 902      03000000 
 902      0000F8FF 
 903 19d4 0000FEFF 			.word	0xFFFE0000, 0x00000003, 0xFFF80000
 903      03000000 
 903      0000F8FF 
 904 19e0 0000FEFF 			.word	0xFFFE0000, 0x00000003, 0xFFF80000
 904      03000000 
 904      0000F8FF 
 905 19ec 0000FEFF 			.word	0xFFFE0000, 0x00000003, 0xFFF80000
 905      03000000 
 905      0000F8FF 
ARM GAS  font_arial123.s 			page 32


 906 19f8 0000FEFF 			.word	0xFFFE0000, 0x00000003, 0xFFF80000
 906      03000000 
 906      0000F8FF 
 907 1a04 0000FEFF 			.word	0xFFFE0000, 0x00000003, 0xFFF80000
 907      03000000 
 907      0000F8FF 
 908 1a10 0000FEFF 			.word	0xFFFE0000, 0x00000003, 0xFFF80000
 908      03000000 
 908      0000F8FF 
 909 1a1c 0000FE7F 			.word	0x7FFE0000, 0x00000003, 0xFFF00000
 909      03000000 
 909      0000F0FF 
 910 1a28 0000FF7F 			.word	0x7FFF0000, 0x00000007, 0xFFF00000
 910      07000000 
 910      0000F0FF 
 911 1a34 0000FF7F 			.word	0x7FFF0000, 0x00000007, 0xFFF00000
 911      07000000 
 911      0000F0FF 
 912 1a40 0000FF7F 			.word	0x7FFF0000, 0x00000007, 0xFFF00000
 912      07000000 
 912      0000F0FF 
 913 1a4c 0000FF7F 			.word	0x7FFF0000, 0x00000007, 0xFFF00000
 913      07000000 
 913      0000F0FF 
 914 1a58 0000FF7F 			.word	0x7FFF0000, 0x00000007, 0xFFF00000
 914      07000000 
 914      0000F0FF 
 915 1a64 0000FF7F 			.word	0x7FFF0000, 0x00000007, 0xFFF00000
 915      07000000 
 915      0000F0FF 
 916 1a70 0000FF7F 			.word	0x7FFF0000, 0x00000007, 0xFFF00000
 916      07000000 
 916      0000F0FF 
 917 1a7c 0000FF3F 			.word	0x3FFF0000, 0x00000007, 0xFFF00000
 917      07000000 
 917      0000F0FF 
 918 1a88 0000FF3F 			.word	0x3FFF0000, 0x00000007, 0xFFE00000
 918      07000000 
 918      0000E0FF 
 919 1a94 0080FF3F 			.word	0x3FFF8000, 0x0000000F, 0xFFE00000
 919      0F000000 
 919      0000E0FF 
 920 1aa0 0080FF3F 			.word	0x3FFF8000, 0x0000000F, 0xFFE00000
 920      0F000000 
 920      0000E0FF 
 921 1aac 0080FF3F 			.word	0x3FFF8000, 0x0000000F, 0xFFE00000
 921      0F000000 
 921      0000E0FF 
 922 1ab8 0080FF3F 			.word	0x3FFF8000, 0x0000000F, 0xFFE00000
 922      0F000000 
 922      0000E0FF 
 923 1ac4 0080FF1F 			.word	0x1FFF8000, 0x0000000F, 0xFFC00000
 923      0F000000 
 923      0000C0FF 
 924 1ad0 00C0FF1F 			.word	0x1FFFC000, 0x0000001F, 0xFFC00000
 924      1F000000 
 924      0000C0FF 
ARM GAS  font_arial123.s 			page 33


 925 1adc 00C0FF1F 			.word	0x1FFFC000, 0x0000001F, 0xFFC00000
 925      1F000000 
 925      0000C0FF 
 926 1ae8 00C0FF1F 			.word	0x1FFFC000, 0x0000001F, 0xFFC00000
 926      1F000000 
 926      0000C0FF 
 927 1af4 00C0FF0F 			.word	0x0FFFC000, 0x0000001F, 0xFF800000
 927      1F000000 
 927      000080FF 
 928 1b00 00E0FF0F 			.word	0x0FFFE000, 0x0000003F, 0xFF800000
 928      3F000000 
 928      000080FF 
 929 1b0c 00E0FF0F 			.word	0x0FFFE000, 0x0000003F, 0xFF800000
 929      3F000000 
 929      000080FF 
 930 1b18 00F0FF07 			.word	0x07FFF000, 0x0000003F, 0xFF000000
 930      3F000000 
 930      000000FF 
 931 1b24 00F0FF07 			.word	0x07FFF000, 0x0000007F, 0xFF000000
 931      7F000000 
 931      000000FF 
 932 1b30 00F0FF07 			.word	0x07FFF000, 0x0000007F, 0xFF000000
 932      7F000000 
 932      000000FF 
 933 1b3c 00F8FF03 			.word	0x03FFF800, 0x000000FF, 0xFE000000
 933      FF000000 
 933      000000FE 
 934 1b48 00FCFF03 			.word	0x03FFFC00, 0x000001FF, 0xFE000000
 934      FF010000 
 934      000000FE 
 935 1b54 00FCFF01 			.word	0x01FFFC00, 0x000001FF, 0xFC000000
 935      FF010000 
 935      000000FC 
 936 1b60 00FEFF01 			.word	0x01FFFE00, 0x000003FF, 0xFC000000
 936      FF030000 
 936      000000FC 
 937 1b6c 00FFFF01 			.word	0x01FFFF00, 0x000007FF, 0xF8000000
 937      FF070000 
 937      000000F8 
 938 1b78 80FFFF00 			.word	0x00FFFF80, 0x00000FFF, 0xF8000000
 938      FF0F0000 
 938      000000F8 
 939 1b84 C0FF7F00 			.word	0x007FFFC0, 0x00001FFF, 0xF0000000
 939      FF1F0000 
 939      000000F0 
 940 1b90 F0FF7F00 			.word	0x007FFFF0, 0x00007FFF, 0xF0000000
 940      FF7F0000 
 940      000000F0 
 941 1b9c F8FF3F00 			.word	0x003FFFF8, 0x0000FFFF, 0xE0000000
 941      FFFF0000 
 941      000000E0 
 942 1ba8 FEFF3F00 			.word	0x003FFFFE, 0x0003FFFF, 0xC0000000
 942      FFFF0300 
 942      000000C0 
 943 1bb4 FFFF1F00 			.word	0x001FFFFF, 0xC01FFFFF, 0xC0000000
 943      FFFF1FC0 
 943      000000C0 
ARM GAS  font_arial123.s 			page 34


 944 1bc0 FFFF0F00 			.word	0x000FFFFF, 0xFFFFFFFF, 0x80000000
 944      FFFFFFFF 
 944      00000080 
 945 1bcc FFFF0700 			.word	0x0007FFFF, 0xFFFFFFFF, 0x00000000
 945      FFFFFFFF 
 945      00000000 
 946 1bd8 FFFF0300 			.word	0x0003FFFF, 0xFFFFFFFE, 0x00000000
 946      FEFFFFFF 
 946      00000000 
 947 1be4 FFFF0100 			.word	0x0001FFFF, 0xFFFFFFFC, 0x00000000
 947      FCFFFFFF 
 947      00000000 
 948 1bf0 FFFF0000 			.word	0x0000FFFF, 0xFFFFFFF8, 0x00000000
 948      F8FFFFFF 
 948      00000000 
 949 1bfc FF7F0000 			.word	0x00007FFF, 0xFFFFFFF0, 0x00000000
 949      F0FFFFFF 
 949      00000000 
 950 1c08 FF1F0000 			.word	0x00001FFF, 0xFFFFFFC0, 0x00000000
 950      C0FFFFFF 
 950      00000000 
 951 1c14 FF0F0000 			.word	0x00000FFF, 0xFFFFFF80, 0x00000000
 951      80FFFFFF 
 951      00000000 
 952 1c20 FF030000 			.word	0x000003FF, 0xFFFFFE00, 0x00000000
 952      00FEFFFF 
 952      00000000 
 953 1c2c FF000000 			.word	0x000000FF, 0xFFFFF800, 0x00000000
 953      00F8FFFF 
 953      00000000 
 954 1c38 1F000000 			.word	0x0000001F, 0xFFFFC000, 0x00000000
 954      00C0FFFF 
 954      00000000 
 955 1c44 00000000 			.word	0x00000000, 0xFFF80000, 0x00000000
 955      0000F8FF 
 955      00000000 
 956              	
 957              	ONE:
 958 1c50 31000000 			.word	'1			// ASCII "1" character
 959 1c54 58000000 			.word	88			// cell pixel width
 960 1c58 7A000000 			.word	CELLHGHT		// cell pixel height
 961 1c5c 2B000000 			.word	43			// glyph pixel width
 962 1c60 76000000 			.word	118			// glyph pixel height
 963 1c64 16000000 			.word	22			// blank horizontal pixels before glyph
 964 1c68 17000000 			.word	23			// blank horizontal pixels after glyph
 965 1c6c 02000000 			.word	2			// blank horizontal lines before glyph
 966 1c70 02000000 			.word	2			// blank horizontal lines after glyph
 967              							// bit mapped glyph
 968 1c74 00000000 			.word	0x00000000, 0x7FE00000
 968      0000E07F 
 969 1c7c 00000000 			.word	0x00000000, 0x7FE00000
 969      0000E07F 
 970 1c84 00000000 			.word	0x00000000, 0xFFE00000
 970      0000E0FF 
 971 1c8c 00000000 			.word	0x00000000, 0xFFE00000
 971      0000E0FF 
 972 1c94 01000000 			.word	0x00000001, 0xFFE00000
ARM GAS  font_arial123.s 			page 35


 972      0000E0FF 
 973 1c9c 03000000 			.word	0x00000003, 0xFFE00000
 973      0000E0FF 
 974 1ca4 03000000 			.word	0x00000003, 0xFFE00000
 974      0000E0FF 
 975 1cac 07000000 			.word	0x00000007, 0xFFE00000
 975      0000E0FF 
 976 1cb4 0F000000 			.word	0x0000000F, 0xFFE00000
 976      0000E0FF 
 977 1cbc 1F000000 			.word	0x0000001F, 0xFFE00000
 977      0000E0FF 
 978 1cc4 3F000000 			.word	0x0000003F, 0xFFE00000
 978      0000E0FF 
 979 1ccc 7F000000 			.word	0x0000007F, 0xFFE00000
 979      0000E0FF 
 980 1cd4 FF000000 			.word	0x000000FF, 0xFFE00000
 980      0000E0FF 
 981 1cdc FF010000 			.word	0x000001FF, 0xFFE00000
 981      0000E0FF 
 982 1ce4 FF030000 			.word	0x000003FF, 0xFFE00000
 982      0000E0FF 
 983 1cec FF070000 			.word	0x000007FF, 0xFFE00000
 983      0000E0FF 
 984 1cf4 FF0F0000 			.word	0x00000FFF, 0xFFE00000
 984      0000E0FF 
 985 1cfc FF1F0000 			.word	0x00001FFF, 0xFFE00000
 985      0000E0FF 
 986 1d04 FF3F0000 			.word	0x00003FFF, 0xFFE00000
 986      0000E0FF 
 987 1d0c FFFF0000 			.word	0x0000FFFF, 0xFFE00000
 987      0000E0FF 
 988 1d14 FFFF0100 			.word	0x0001FFFF, 0xFFE00000
 988      0000E0FF 
 989 1d1c FFFF0300 			.word	0x0003FFFF, 0xFFE00000
 989      0000E0FF 
 990 1d24 FFFF0F00 			.word	0x000FFFFF, 0xFFE00000
 990      0000E0FF 
 991 1d2c FFFF1F00 			.word	0x001FFFFF, 0xFFE00000
 991      0000E0FF 
 992 1d34 FFFF7F00 			.word	0x007FFFFF, 0xFFE00000
 992      0000E0FF 
 993 1d3c FFFFFF00 			.word	0x00FFFFFF, 0xFFE00000
 993      0000E0FF 
 994 1d44 FFFFFF03 			.word	0x03FFFFFF, 0xFFE00000
 994      0000E0FF 
 995 1d4c E7FFFF0F 			.word	0x0FFFFFE7, 0xFFE00000
 995      0000E0FF 
 996 1d54 C7FFFF3F 			.word	0x3FFFFFC7, 0xFFE00000
 996      0000E0FF 
 997 1d5c 07FFFFFF 			.word	0xFFFFFF07, 0xFFE00000
 997      0000E0FF 
 998 1d64 07FEFFFF 			.word	0xFFFFFE07, 0xFFE00000
 998      0000E0FF 
 999 1d6c 07FCFFFF 			.word	0xFFFFFC07, 0xFFE00000
 999      0000E0FF 
 1000 1d74 07F0FFFF 			.word	0xFFFFF007, 0xFFE00000
 1000      0000E0FF 
ARM GAS  font_arial123.s 			page 36


 1001 1d7c 07E0FFFF 			.word	0xFFFFE007, 0xFFE00000
 1001      0000E0FF 
 1002 1d84 0780FFFF 			.word	0xFFFF8007, 0xFFE00000
 1002      0000E0FF 
 1003 1d8c 0700FFFF 			.word	0xFFFF0007, 0xFFE00000
 1003      0000E0FF 
 1004 1d94 0700FCFF 			.word	0xFFFC0007, 0xFFE00000
 1004      0000E0FF 
 1005 1d9c 0700F0FF 			.word	0xFFF00007, 0xFFE00000
 1005      0000E0FF 
 1006 1da4 0700C0FF 			.word	0xFFC00007, 0xFFE00000
 1006      0000E0FF 
 1007 1dac 070080FF 			.word	0xFF800007, 0xFFE00000
 1007      0000E0FF 
 1008 1db4 070000FE 			.word	0xFE000007, 0xFFE00000
 1008      0000E0FF 
 1009 1dbc 070000F0 			.word	0xF0000007, 0xFFE00000
 1009      0000E0FF 
 1010 1dc4 070000C0 			.word	0xC0000007, 0xFFE00000
 1010      0000E0FF 
 1011 1dcc 07000000 			.word	0x00000007, 0xFFE00000
 1011      0000E0FF 
 1012 1dd4 07000000 			.word	0x00000007, 0xFFE00000
 1012      0000E0FF 
 1013 1ddc 07000000 			.word	0x00000007, 0xFFE00000
 1013      0000E0FF 
 1014 1de4 07000000 			.word	0x00000007, 0xFFE00000
 1014      0000E0FF 
 1015 1dec 07000000 			.word	0x00000007, 0xFFE00000
 1015      0000E0FF 
 1016 1df4 07000000 			.word	0x00000007, 0xFFE00000
 1016      0000E0FF 
 1017 1dfc 07000000 			.word	0x00000007, 0xFFE00000
 1017      0000E0FF 
 1018 1e04 07000000 			.word	0x00000007, 0xFFE00000
 1018      0000E0FF 
 1019 1e0c 07000000 			.word	0x00000007, 0xFFE00000
 1019      0000E0FF 
 1020 1e14 07000000 			.word	0x00000007, 0xFFE00000
 1020      0000E0FF 
 1021 1e1c 07000000 			.word	0x00000007, 0xFFE00000
 1021      0000E0FF 
 1022 1e24 07000000 			.word	0x00000007, 0xFFE00000
 1022      0000E0FF 
 1023 1e2c 07000000 			.word	0x00000007, 0xFFE00000
 1023      0000E0FF 
 1024 1e34 07000000 			.word	0x00000007, 0xFFE00000
 1024      0000E0FF 
 1025 1e3c 07000000 			.word	0x00000007, 0xFFE00000
 1025      0000E0FF 
 1026 1e44 07000000 			.word	0x00000007, 0xFFE00000
 1026      0000E0FF 
 1027 1e4c 07000000 			.word	0x00000007, 0xFFE00000
 1027      0000E0FF 
 1028 1e54 07000000 			.word	0x00000007, 0xFFE00000
 1028      0000E0FF 
 1029 1e5c 07000000 			.word	0x00000007, 0xFFE00000
ARM GAS  font_arial123.s 			page 37


 1029      0000E0FF 
 1030 1e64 07000000 			.word	0x00000007, 0xFFE00000
 1030      0000E0FF 
 1031 1e6c 07000000 			.word	0x00000007, 0xFFE00000
 1031      0000E0FF 
 1032 1e74 07000000 			.word	0x00000007, 0xFFE00000
 1032      0000E0FF 
 1033 1e7c 07000000 			.word	0x00000007, 0xFFE00000
 1033      0000E0FF 
 1034 1e84 07000000 			.word	0x00000007, 0xFFE00000
 1034      0000E0FF 
 1035 1e8c 07000000 			.word	0x00000007, 0xFFE00000
 1035      0000E0FF 
 1036 1e94 07000000 			.word	0x00000007, 0xFFE00000
 1036      0000E0FF 
 1037 1e9c 07000000 			.word	0x00000007, 0xFFE00000
 1037      0000E0FF 
 1038 1ea4 07000000 			.word	0x00000007, 0xFFE00000
 1038      0000E0FF 
 1039 1eac 07000000 			.word	0x00000007, 0xFFE00000
 1039      0000E0FF 
 1040 1eb4 07000000 			.word	0x00000007, 0xFFE00000
 1040      0000E0FF 
 1041 1ebc 07000000 			.word	0x00000007, 0xFFE00000
 1041      0000E0FF 
 1042 1ec4 07000000 			.word	0x00000007, 0xFFE00000
 1042      0000E0FF 
 1043 1ecc 07000000 			.word	0x00000007, 0xFFE00000
 1043      0000E0FF 
 1044 1ed4 07000000 			.word	0x00000007, 0xFFE00000
 1044      0000E0FF 
 1045 1edc 07000000 			.word	0x00000007, 0xFFE00000
 1045      0000E0FF 
 1046 1ee4 07000000 			.word	0x00000007, 0xFFE00000
 1046      0000E0FF 
 1047 1eec 07000000 			.word	0x00000007, 0xFFE00000
 1047      0000E0FF 
 1048 1ef4 07000000 			.word	0x00000007, 0xFFE00000
 1048      0000E0FF 
 1049 1efc 07000000 			.word	0x00000007, 0xFFE00000
 1049      0000E0FF 
 1050 1f04 07000000 			.word	0x00000007, 0xFFE00000
 1050      0000E0FF 
 1051 1f0c 07000000 			.word	0x00000007, 0xFFE00000
 1051      0000E0FF 
 1052 1f14 07000000 			.word	0x00000007, 0xFFE00000
 1052      0000E0FF 
 1053 1f1c 07000000 			.word	0x00000007, 0xFFE00000
 1053      0000E0FF 
 1054 1f24 07000000 			.word	0x00000007, 0xFFE00000
 1054      0000E0FF 
 1055 1f2c 07000000 			.word	0x00000007, 0xFFE00000
 1055      0000E0FF 
 1056 1f34 07000000 			.word	0x00000007, 0xFFE00000
 1056      0000E0FF 
 1057 1f3c 07000000 			.word	0x00000007, 0xFFE00000
 1057      0000E0FF 
ARM GAS  font_arial123.s 			page 38


 1058 1f44 07000000 			.word	0x00000007, 0xFFE00000
 1058      0000E0FF 
 1059 1f4c 07000000 			.word	0x00000007, 0xFFE00000
 1059      0000E0FF 
 1060 1f54 07000000 			.word	0x00000007, 0xFFE00000
 1060      0000E0FF 
 1061 1f5c 07000000 			.word	0x00000007, 0xFFE00000
 1061      0000E0FF 
 1062 1f64 07000000 			.word	0x00000007, 0xFFE00000
 1062      0000E0FF 
 1063 1f6c 07000000 			.word	0x00000007, 0xFFE00000
 1063      0000E0FF 
 1064 1f74 07000000 			.word	0x00000007, 0xFFE00000
 1064      0000E0FF 
 1065 1f7c 07000000 			.word	0x00000007, 0xFFE00000
 1065      0000E0FF 
 1066 1f84 07000000 			.word	0x00000007, 0xFFE00000
 1066      0000E0FF 
 1067 1f8c 07000000 			.word	0x00000007, 0xFFE00000
 1067      0000E0FF 
 1068 1f94 07000000 			.word	0x00000007, 0xFFE00000
 1068      0000E0FF 
 1069 1f9c 07000000 			.word	0x00000007, 0xFFE00000
 1069      0000E0FF 
 1070 1fa4 07000000 			.word	0x00000007, 0xFFE00000
 1070      0000E0FF 
 1071 1fac 07000000 			.word	0x00000007, 0xFFE00000
 1071      0000E0FF 
 1072 1fb4 07000000 			.word	0x00000007, 0xFFE00000
 1072      0000E0FF 
 1073 1fbc 07000000 			.word	0x00000007, 0xFFE00000
 1073      0000E0FF 
 1074 1fc4 07000000 			.word	0x00000007, 0xFFE00000
 1074      0000E0FF 
 1075 1fcc 07000000 			.word	0x00000007, 0xFFE00000
 1075      0000E0FF 
 1076 1fd4 07000000 			.word	0x00000007, 0xFFE00000
 1076      0000E0FF 
 1077 1fdc 07000000 			.word	0x00000007, 0xFFE00000
 1077      0000E0FF 
 1078 1fe4 07000000 			.word	0x00000007, 0xFFE00000
 1078      0000E0FF 
 1079 1fec 07000000 			.word	0x00000007, 0xFFE00000
 1079      0000E0FF 
 1080 1ff4 07000000 			.word	0x00000007, 0xFFE00000
 1080      0000E0FF 
 1081 1ffc 07000000 			.word	0x00000007, 0xFFE00000
 1081      0000E0FF 
 1082 2004 07000000 			.word	0x00000007, 0xFFE00000
 1082      0000E0FF 
 1083 200c 07000000 			.word	0x00000007, 0xFFE00000
 1083      0000E0FF 
 1084 2014 07000000 			.word	0x00000007, 0xFFE00000
 1084      0000E0FF 
 1085 201c 07000000 			.word	0x00000007, 0xFFE00000
 1085      0000E0FF 
 1086              	
ARM GAS  font_arial123.s 			page 39


 1087              	TWO:
 1088 2024 32000000 			.word	'2			// ASCII "2" character
 1089 2028 58000000 			.word	88			// cell pixel width
 1090 202c 7A000000 			.word	CELLHGHT		// cell pixel height
 1091 2030 4D000000 			.word	77			// glyph pixel width
 1092 2034 76000000 			.word	118			// glyph pixel height
 1093 2038 05000000 			.word	5			// blank horizontal pixels before glyph
 1094 203c 06000000 			.word	6			// blank horizontal pixels after glyph
 1095 2040 02000000 			.word	2			// blank horizontal lines before glyph
 1096 2044 02000000 			.word	2			// blank horizontal lines after glyph
 1097              							// bit mapped glyph
 1098 2048 00000000 			.word	0x00000000, 0xFFFE0000, 0x00000000
 1098      0000FEFF 
 1098      00000000 
 1099 2054 1F000000 			.word	0x0000001F, 0xFFFFF000, 0x00000000
 1099      00F0FFFF 
 1099      00000000 
 1100 2060 FF000000 			.word	0x000000FF, 0xFFFFFE00, 0x00000000
 1100      00FEFFFF 
 1100      00000000 
 1101 206c FF070000 			.word	0x000007FF, 0xFFFFFFC0, 0x00000000
 1101      C0FFFFFF 
 1101      00000000 
 1102 2078 FF1F0000 			.word	0x00001FFF, 0xFFFFFFF0, 0x00000000
 1102      F0FFFFFF 
 1102      00000000 
 1103 2084 FF7F0000 			.word	0x00007FFF, 0xFFFFFFF8, 0x00000000
 1103      F8FFFFFF 
 1103      00000000 
 1104 2090 FFFF0000 			.word	0x0000FFFF, 0xFFFFFFFE, 0x00000000
 1104      FEFFFFFF 
 1104      00000000 
 1105 209c FFFF0300 			.word	0x0003FFFF, 0xFFFFFFFF, 0x00000000
 1105      FFFFFFFF 
 1105      00000000 
 1106 20a8 FFFF0700 			.word	0x0007FFFF, 0xFFFFFFFF, 0x80000000
 1106      FFFFFFFF 
 1106      00000080 
 1107 20b4 FFFF0F00 			.word	0x000FFFFF, 0xFFFFFFFF, 0xC0000000
 1107      FFFFFFFF 
 1107      000000C0 
 1108 20c0 FFFF1F00 			.word	0x001FFFFF, 0xFFFFFFFF, 0xE0000000
 1108      FFFFFFFF 
 1108      000000E0 
 1109 20cc FFFF3F00 			.word	0x003FFFFF, 0xFFFFFFFF, 0xF0000000
 1109      FFFFFFFF 
 1109      000000F0 
 1110 20d8 FFFF7F00 			.word	0x007FFFFF, 0xC007FFFF, 0xF8000000
 1110      FFFF07C0 
 1110      000000F8 
 1111 20e4 FCFF7F00 			.word	0x007FFFFC, 0x0000FFFF, 0xFC000000
 1111      FFFF0000 
 1111      000000FC 
 1112 20f0 F0FFFF00 			.word	0x00FFFFF0, 0x00001FFF, 0xFE000000
 1112      FF1F0000 
 1112      000000FE 
 1113 20fc C0FFFF01 			.word	0x01FFFFC0, 0x00000FFF, 0xFE000000
ARM GAS  font_arial123.s 			page 40


 1113      FF0F0000 
 1113      000000FE 
 1114 2108 80FFFF01 			.word	0x01FFFF80, 0x000003FF, 0xFF000000
 1114      FF030000 
 1114      000000FF 
 1115 2114 00FFFF03 			.word	0x03FFFF00, 0x000001FF, 0xFF800000
 1115      FF010000 
 1115      000080FF 
 1116 2120 00FEFF03 			.word	0x03FFFE00, 0x000000FF, 0xFF800000
 1116      FF000000 
 1116      000080FF 
 1117 212c 00FCFF07 			.word	0x07FFFC00, 0x0000007F, 0xFF800000
 1117      7F000000 
 1117      000080FF 
 1118 2138 00F8FF07 			.word	0x07FFF800, 0x0000003F, 0xFFC00000
 1118      3F000000 
 1118      0000C0FF 
 1119 2144 00F0FF0F 			.word	0x0FFFF000, 0x0000003F, 0xFFC00000
 1119      3F000000 
 1119      0000C0FF 
 1120 2150 00F0FF0F 			.word	0x0FFFF000, 0x0000001F, 0xFFE00000
 1120      1F000000 
 1120      0000E0FF 
 1121 215c 00E0FF0F 			.word	0x0FFFE000, 0x0000001F, 0xFFE00000
 1121      1F000000 
 1121      0000E0FF 
 1122 2168 00E0FF0F 			.word	0x0FFFE000, 0x0000000F, 0xFFE00000
 1122      0F000000 
 1122      0000E0FF 
 1123 2174 00E0FF1F 			.word	0x1FFFE000, 0x0000000F, 0xFFE00000
 1123      0F000000 
 1123      0000E0FF 
 1124 2180 00C0FF1F 			.word	0x1FFFC000, 0x0000000F, 0xFFF00000
 1124      0F000000 
 1124      0000F0FF 
 1125 218c 00C0FF1F 			.word	0x1FFFC000, 0x00000007, 0xFFF00000
 1125      07000000 
 1125      0000F0FF 
 1126 2198 00C0FF1F 			.word	0x1FFFC000, 0x00000007, 0xFFF00000
 1126      07000000 
 1126      0000F0FF 
 1127 21a4 0080FF3F 			.word	0x3FFF8000, 0x00000007, 0xFFF00000
 1127      07000000 
 1127      0000F0FF 
 1128 21b0 0080FF3F 			.word	0x3FFF8000, 0x00000007, 0xFFF00000
 1128      07000000 
 1128      0000F0FF 
 1129 21bc 0080FF3F 			.word	0x3FFF8000, 0x00000007, 0xFFF00000
 1129      07000000 
 1129      0000F0FF 
 1130 21c8 0080FF3F 			.word	0x3FFF8000, 0x00000007, 0xFFF00000
 1130      07000000 
 1130      0000F0FF 
 1131 21d4 0080FF03 			.word	0x03FF8000, 0x00000007, 0xFFF00000
 1131      07000000 
 1131      0000F0FF 
 1132 21e0 00800700 			.word	0x00078000, 0x00000007, 0xFFF00000
ARM GAS  font_arial123.s 			page 41


 1132      07000000 
 1132      0000F0FF 
 1133 21ec 00000000 			.word	0x00000000, 0x00000007, 0xFFF00000
 1133      07000000 
 1133      0000F0FF 
 1134 21f8 00000000 			.word	0x00000000, 0x0000000F, 0xFFF00000
 1134      0F000000 
 1134      0000F0FF 
 1135 2204 00000000 			.word	0x00000000, 0x0000000F, 0xFFF00000
 1135      0F000000 
 1135      0000F0FF 
 1136 2210 00000000 			.word	0x00000000, 0x0000000F, 0xFFE00000
 1136      0F000000 
 1136      0000E0FF 
 1137 221c 00000000 			.word	0x00000000, 0x0000001F, 0xFFE00000
 1137      1F000000 
 1137      0000E0FF 
 1138 2228 00000000 			.word	0x00000000, 0x0000001F, 0xFFE00000
 1138      1F000000 
 1138      0000E0FF 
 1139 2234 00000000 			.word	0x00000000, 0x0000001F, 0xFFE00000
 1139      1F000000 
 1139      0000E0FF 
 1140 2240 00000000 			.word	0x00000000, 0x0000003F, 0xFFE00000
 1140      3F000000 
 1140      0000E0FF 
 1141 224c 00000000 			.word	0x00000000, 0x0000003F, 0xFFC00000
 1141      3F000000 
 1141      0000C0FF 
 1142 2258 00000000 			.word	0x00000000, 0x0000007F, 0xFFC00000
 1142      7F000000 
 1142      0000C0FF 
 1143 2264 00000000 			.word	0x00000000, 0x000000FF, 0xFF800000
 1143      FF000000 
 1143      000080FF 
 1144 2270 00000000 			.word	0x00000000, 0x000000FF, 0xFF800000
 1144      FF000000 
 1144      000080FF 
 1145 227c 00000000 			.word	0x00000000, 0x000001FF, 0xFF800000
 1145      FF010000 
 1145      000080FF 
 1146 2288 00000000 			.word	0x00000000, 0x000003FF, 0xFF000000
 1146      FF030000 
 1146      000000FF 
 1147 2294 00000000 			.word	0x00000000, 0x000007FF, 0xFF000000
 1147      FF070000 
 1147      000000FF 
 1148 22a0 00000000 			.word	0x00000000, 0x000007FF, 0xFE000000
 1148      FF070000 
 1148      000000FE 
 1149 22ac 00000000 			.word	0x00000000, 0x00000FFF, 0xFE000000
 1149      FF0F0000 
 1149      000000FE 
 1150 22b8 00000000 			.word	0x00000000, 0x00001FFF, 0xFC000000
 1150      FF1F0000 
 1150      000000FC 
 1151 22c4 00000000 			.word	0x00000000, 0x00003FFF, 0xF8000000
ARM GAS  font_arial123.s 			page 42


 1151      FF3F0000 
 1151      000000F8 
 1152 22d0 00000000 			.word	0x00000000, 0x00007FFF, 0xF8000000
 1152      FF7F0000 
 1152      000000F8 
 1153 22dc 00000000 			.word	0x00000000, 0x0000FFFF, 0xF0000000
 1153      FFFF0000 
 1153      000000F0 
 1154 22e8 00000000 			.word	0x00000000, 0x0001FFFF, 0xE0000000
 1154      FFFF0100 
 1154      000000E0 
 1155 22f4 00000000 			.word	0x00000000, 0x0003FFFF, 0xC0000000
 1155      FFFF0300 
 1155      000000C0 
 1156 2300 00000000 			.word	0x00000000, 0x0007FFFF, 0xC0000000
 1156      FFFF0700 
 1156      000000C0 
 1157 230c 00000000 			.word	0x00000000, 0x000FFFFF, 0x80000000
 1157      FFFF0F00 
 1157      00000080 
 1158 2318 00000000 			.word	0x00000000, 0x001FFFFF, 0x00000000
 1158      FFFF1F00 
 1158      00000000 
 1159 2324 00000000 			.word	0x00000000, 0x003FFFFE, 0x00000000
 1159      FEFF3F00 
 1159      00000000 
 1160 2330 00000000 			.word	0x00000000, 0x007FFFFC, 0x00000000
 1160      FCFF7F00 
 1160      00000000 
 1161 233c 00000000 			.word	0x00000000, 0x00FFFFF8, 0x00000000
 1161      F8FFFF00 
 1161      00000000 
 1162 2348 00000000 			.word	0x00000000, 0x01FFFFF0, 0x00000000
 1162      F0FFFF01 
 1162      00000000 
 1163 2354 00000000 			.word	0x00000000, 0x03FFFFE0, 0x00000000
 1163      E0FFFF03 
 1163      00000000 
 1164 2360 00000000 			.word	0x00000000, 0x07FFFFC0, 0x00000000
 1164      C0FFFF07 
 1164      00000000 
 1165 236c 00000000 			.word	0x00000000, 0x0FFFFF80, 0x00000000
 1165      80FFFF0F 
 1165      00000000 
 1166 2378 00000000 			.word	0x00000000, 0x3FFFFF00, 0x00000000
 1166      00FFFF3F 
 1166      00000000 
 1167 2384 00000000 			.word	0x00000000, 0x7FFFFE00, 0x00000000
 1167      00FEFF7F 
 1167      00000000 
 1168 2390 00000000 			.word	0x00000000, 0xFFFFFC00, 0x00000000
 1168      00FCFFFF 
 1168      00000000 
 1169 239c 01000000 			.word	0x00000001, 0xFFFFF800, 0x00000000
 1169      00F8FFFF 
 1169      00000000 
 1170 23a8 03000000 			.word	0x00000003, 0xFFFFF000, 0x00000000
ARM GAS  font_arial123.s 			page 43


 1170      00F0FFFF 
 1170      00000000 
 1171 23b4 07000000 			.word	0x00000007, 0xFFFFE000, 0x00000000
 1171      00E0FFFF 
 1171      00000000 
 1172 23c0 1F000000 			.word	0x0000001F, 0xFFFFC000, 0x00000000
 1172      00C0FFFF 
 1172      00000000 
 1173 23cc 3F000000 			.word	0x0000003F, 0xFFFF8000, 0x00000000
 1173      0080FFFF 
 1173      00000000 
 1174 23d8 7F000000 			.word	0x0000007F, 0xFFFF0000, 0x00000000
 1174      0000FFFF 
 1174      00000000 
 1175 23e4 FF000000 			.word	0x000000FF, 0xFFFC0000, 0x00000000
 1175      0000FCFF 
 1175      00000000 
 1176 23f0 FF010000 			.word	0x000001FF, 0xFFF80000, 0x00000000
 1176      0000F8FF 
 1176      00000000 
 1177 23fc FF030000 			.word	0x000003FF, 0xFFF00000, 0x00000000
 1177      0000F0FF 
 1177      00000000 
 1178 2408 FF070000 			.word	0x000007FF, 0xFFE00000, 0x00000000
 1178      0000E0FF 
 1178      00000000 
 1179 2414 FF1F0000 			.word	0x00001FFF, 0xFFC00000, 0x00000000
 1179      0000C0FF 
 1179      00000000 
 1180 2420 FF3F0000 			.word	0x00003FFF, 0xFF800000, 0x00000000
 1180      000080FF 
 1180      00000000 
 1181 242c FF7F0000 			.word	0x00007FFF, 0xFE000000, 0x00000000
 1181      000000FE 
 1181      00000000 
 1182 2438 FFFF0000 			.word	0x0000FFFF, 0xFC000000, 0x00000000
 1182      000000FC 
 1182      00000000 
 1183 2444 FFFF0100 			.word	0x0001FFFF, 0xF8000000, 0x00000000
 1183      000000F8 
 1183      00000000 
 1184 2450 FFFF0100 			.word	0x0001FFFF, 0xF0000000, 0x00000000
 1184      000000F0 
 1184      00000000 
 1185 245c FFFF0300 			.word	0x0003FFFF, 0xE0000000, 0x00000000
 1185      000000E0 
 1185      00000000 
 1186 2468 FFFF0700 			.word	0x0007FFFF, 0x80000000, 0x00000000
 1186      00000080 
 1186      00000000 
 1187 2474 FFFF0F00 			.word	0x000FFFFF, 0x00000000, 0x00000000
 1187      00000000 
 1187      00000000 
 1188 2480 FEFF1F00 			.word	0x001FFFFE, 0x00000000, 0x00000000
 1188      00000000 
 1188      00000000 
 1189 248c FCFF3F00 			.word	0x003FFFFC, 0x00000000, 0x00000000
ARM GAS  font_arial123.s 			page 44


 1189      00000000 
 1189      00000000 
 1190 2498 F8FF3F00 			.word	0x003FFFF8, 0x00000000, 0x00000000
 1190      00000000 
 1190      00000000 
 1191 24a4 F0FF7F00 			.word	0x007FFFF0, 0x00000000, 0x00000000
 1191      00000000 
 1191      00000000 
 1192 24b0 E0FFFF00 			.word	0x00FFFFE0, 0x00000000, 0x00000000
 1192      00000000 
 1192      00000000 
 1193 24bc C0FFFF01 			.word	0x01FFFFC0, 0x00000000, 0x00000000
 1193      00000000 
 1193      00000000 
 1194 24c8 80FFFF01 			.word	0x01FFFF80, 0x00000000, 0x00000000
 1194      00000000 
 1194      00000000 
 1195 24d4 00FFFF03 			.word	0x03FFFF00, 0x00000000, 0x00000000
 1195      00000000 
 1195      00000000 
 1196 24e0 00FEFF03 			.word	0x03FFFE00, 0x00000000, 0x00000000
 1196      00000000 
 1196      00000000 
 1197 24ec 00FCFF07 			.word	0x07FFFC00, 0x00000000, 0x00000000
 1197      00000000 
 1197      00000000 
 1198 24f8 00F8FF07 			.word	0x07FFF800, 0x00000000, 0x00000000
 1198      00000000 
 1198      00000000 
 1199 2504 00F8FF0F 			.word	0x0FFFF800, 0x00000000, 0x00000000
 1199      00000000 
 1199      00000000 
 1200 2510 00F0FF0F 			.word	0x0FFFF000, 0x00000000, 0x00000000
 1200      00000000 
 1200      00000000 
 1201 251c FFFFFF1F 			.word	0x1FFFFFFF, 0xFFFFFFFF, 0xFFF80000
 1201      FFFFFFFF 
 1201      0000F8FF 
 1202 2528 FFFFFF1F 			.word	0x1FFFFFFF, 0xFFFFFFFF, 0xFFF80000
 1202      FFFFFFFF 
 1202      0000F8FF 
 1203 2534 FFFFFF3F 			.word	0x3FFFFFFF, 0xFFFFFFFF, 0xFFF80000
 1203      FFFFFFFF 
 1203      0000F8FF 
 1204 2540 FFFFFF3F 			.word	0x3FFFFFFF, 0xFFFFFFFF, 0xFFF80000
 1204      FFFFFFFF 
 1204      0000F8FF 
 1205 254c FFFFFF3F 			.word	0x3FFFFFFF, 0xFFFFFFFF, 0xFFF80000
 1205      FFFFFFFF 
 1205      0000F8FF 
 1206 2558 FFFFFF7F 			.word	0x7FFFFFFF, 0xFFFFFFFF, 0xFFF80000
 1206      FFFFFFFF 
 1206      0000F8FF 
 1207 2564 FFFFFF7F 			.word	0x7FFFFFFF, 0xFFFFFFFF, 0xFFF80000
 1207      FFFFFFFF 
 1207      0000F8FF 
 1208 2570 FFFFFF7F 			.word	0x7FFFFFFF, 0xFFFFFFFF, 0xFFF80000
ARM GAS  font_arial123.s 			page 45


 1208      FFFFFFFF 
 1208      0000F8FF 
 1209 257c FFFFFF7F 			.word	0x7FFFFFFF, 0xFFFFFFFF, 0xFFF80000
 1209      FFFFFFFF 
 1209      0000F8FF 
 1210 2588 FFFFFFFF 			.word	0xFFFFFFFF, 0xFFFFFFFF, 0xFFF80000
 1210      FFFFFFFF 
 1210      0000F8FF 
 1211 2594 FFFFFFFF 			.word	0xFFFFFFFF, 0xFFFFFFFF, 0xFFF80000
 1211      FFFFFFFF 
 1211      0000F8FF 
 1212 25a0 FFFFFFFF 			.word	0xFFFFFFFF, 0xFFFFFFFF, 0xFFF80000
 1212      FFFFFFFF 
 1212      0000F8FF 
 1213 25ac FFFFFFFF 			.word	0xFFFFFFFF, 0xFFFFFFFF, 0xFFF80000
 1213      FFFFFFFF 
 1213      0000F8FF 
 1214 25b8 FFFFFFFF 			.word	0xFFFFFFFF, 0xFFFFFFFF, 0xFFF80000
 1214      FFFFFFFF 
 1214      0000F8FF 
 1215 25c4 FFFFFFFF 			.word	0xFFFFFFFF, 0xFFFFFFFF, 0xFFF80000
 1215      FFFFFFFF 
 1215      0000F8FF 
 1216              	
 1217              	THREE:
 1218 25d0 33000000 			.word	'3			// ASCII "3" character
 1219 25d4 58000000 			.word	88			// cell pixel width
 1220 25d8 7A000000 			.word	CELLHGHT		// cell pixel height
 1221 25dc 4D000000 			.word	77			// glyph pixel width
 1222 25e0 78000000 			.word	120			// glyph pixel height
 1223 25e4 05000000 			.word	5			// blank horizontal pixels before glyph
 1224 25e8 06000000 			.word	6			// blank horizontal pixels after glyph
 1225 25ec 02000000 			.word	2			// blank horizontal lines before glyph
 1226 25f0 00000000 			.word	0			// blank horizontal lines after glyph
 1227              							// bit mapped glyph
 1228 25f4 03000000 			.word	0x00000003, 0xFFE00000, 0x00000000
 1228      0000E0FF 
 1228      00000000 
 1229 2600 7F000000 			.word	0x0000007F, 0xFFFF0000, 0x00000000
 1229      0000FFFF 
 1229      00000000 
 1230 260c FF030000 			.word	0x000003FF, 0xFFFFE000, 0x00000000
 1230      00E0FFFF 
 1230      00000000 
 1231 2618 FF0F0000 			.word	0x00000FFF, 0xFFFFF800, 0x00000000
 1231      00F8FFFF 
 1231      00000000 
 1232 2624 FF3F0000 			.word	0x00003FFF, 0xFFFFFE00, 0x00000000
 1232      00FEFFFF 
 1232      00000000 
 1233 2630 FFFF0000 			.word	0x0000FFFF, 0xFFFFFF80, 0x00000000
 1233      80FFFFFF 
 1233      00000000 
 1234 263c FFFF0100 			.word	0x0001FFFF, 0xFFFFFFC0, 0x00000000
 1234      C0FFFFFF 
 1234      00000000 
 1235 2648 FFFF0700 			.word	0x0007FFFF, 0xFFFFFFF0, 0x00000000
ARM GAS  font_arial123.s 			page 46


 1235      F0FFFFFF 
 1235      00000000 
 1236 2654 FFFF0F00 			.word	0x000FFFFF, 0xFFFFFFF8, 0x00000000
 1236      F8FFFFFF 
 1236      00000000 
 1237 2660 FFFF1F00 			.word	0x001FFFFF, 0xFFFFFFFC, 0x00000000
 1237      FCFFFFFF 
 1237      00000000 
 1238 266c FFFF3F00 			.word	0x003FFFFF, 0xFFFFFFFE, 0x00000000
 1238      FEFFFFFF 
 1238      00000000 
 1239 2678 FFFF7F00 			.word	0x007FFFFF, 0xFFFFFFFF, 0x00000000
 1239      FFFFFFFF 
 1239      00000000 
 1240 2684 FFFF7F00 			.word	0x007FFFFF, 0x003FFFFF, 0x80000000
 1240      FFFF3F00 
 1240      00000080 
 1241 2690 F8FFFF00 			.word	0x00FFFFF8, 0x0007FFFF, 0xC0000000
 1241      FFFF0700 
 1241      000000C0 
 1242 269c E0FFFF01 			.word	0x01FFFFE0, 0x0001FFFF, 0xC0000000
 1242      FFFF0100 
 1242      000000C0 
 1243 26a8 80FFFF03 			.word	0x03FFFF80, 0x00007FFF, 0xE0000000
 1243      FF7F0000 
 1243      000000E0 
 1244 26b4 00FFFF03 			.word	0x03FFFF00, 0x00003FFF, 0xF0000000
 1244      FF3F0000 
 1244      000000F0 
 1245 26c0 00FEFF07 			.word	0x07FFFE00, 0x00001FFF, 0xF0000000
 1245      FF1F0000 
 1245      000000F0 
 1246 26cc 00FCFF07 			.word	0x07FFFC00, 0x00000FFF, 0xF8000000
 1246      FF0F0000 
 1246      000000F8 
 1247 26d8 00F8FF0F 			.word	0x0FFFF800, 0x000007FF, 0xF8000000
 1247      FF070000 
 1247      000000F8 
 1248 26e4 00F0FF0F 			.word	0x0FFFF000, 0x000003FF, 0xF8000000
 1248      FF030000 
 1248      000000F8 
 1249 26f0 00E0FF1F 			.word	0x1FFFE000, 0x000003FF, 0xFC000000
 1249      FF030000 
 1249      000000FC 
 1250 26fc 00E0FF1F 			.word	0x1FFFE000, 0x000001FF, 0xFC000000
 1250      FF010000 
 1250      000000FC 
 1251 2708 00C0FF1F 			.word	0x1FFFC000, 0x000001FF, 0xFC000000
 1251      FF010000 
 1251      000000FC 
 1252 2714 00C0FF3F 			.word	0x3FFFC000, 0x000001FF, 0xFC000000
 1252      FF010000 
 1252      000000FC 
 1253 2720 00C0FF3F 			.word	0x3FFFC000, 0x000000FF, 0xFE000000
 1253      FF000000 
 1253      000000FE 
 1254 272c 0080FF3F 			.word	0x3FFF8000, 0x000000FF, 0xFE000000
ARM GAS  font_arial123.s 			page 47


 1254      FF000000 
 1254      000000FE 
 1255 2738 0080FF3F 			.word	0x3FFF8000, 0x000000FF, 0xFE000000
 1255      FF000000 
 1255      000000FE 
 1256 2744 0080FF7F 			.word	0x7FFF8000, 0x000000FF, 0xFE000000
 1256      FF000000 
 1256      000000FE 
 1257 2750 0000FF7F 			.word	0x7FFF0000, 0x000000FF, 0xFE000000
 1257      FF000000 
 1257      000000FE 
 1258 275c 0000FF07 			.word	0x07FF0000, 0x000000FF, 0xFE000000
 1258      FF000000 
 1258      000000FE 
 1259 2768 00000F00 			.word	0x000F0000, 0x000000FF, 0xFE000000
 1259      FF000000 
 1259      000000FE 
 1260 2774 00000000 			.word	0x00000000, 0x000000FF, 0xFE000000
 1260      FF000000 
 1260      000000FE 
 1261 2780 00000000 			.word	0x00000000, 0x000000FF, 0xFE000000
 1261      FF000000 
 1261      000000FE 
 1262 278c 00000000 			.word	0x00000000, 0x000001FF, 0xFE000000
 1262      FF010000 
 1262      000000FE 
 1263 2798 00000000 			.word	0x00000000, 0x000001FF, 0xFC000000
 1263      FF010000 
 1263      000000FC 
 1264 27a4 00000000 			.word	0x00000000, 0x000001FF, 0xFC000000
 1264      FF010000 
 1264      000000FC 
 1265 27b0 00000000 			.word	0x00000000, 0x000003FF, 0xFC000000
 1265      FF030000 
 1265      000000FC 
 1266 27bc 00000000 			.word	0x00000000, 0x000003FF, 0xF8000000
 1266      FF030000 
 1266      000000F8 
 1267 27c8 00000000 			.word	0x00000000, 0x000007FF, 0xF8000000
 1267      FF070000 
 1267      000000F8 
 1268 27d4 00000000 			.word	0x00000000, 0x00000FFF, 0xF8000000
 1268      FF0F0000 
 1268      000000F8 
 1269 27e0 00000000 			.word	0x00000000, 0x00001FFF, 0xF0000000
 1269      FF1F0000 
 1269      000000F0 
 1270 27ec 00000000 			.word	0x00000000, 0x00003FFF, 0xF0000000
 1270      FF3F0000 
 1270      000000F0 
 1271 27f8 00000000 			.word	0x00000000, 0x00007FFF, 0xE0000000
 1271      FF7F0000 
 1271      000000E0 
 1272 2804 00000000 			.word	0x00000000, 0x0001FFFF, 0xC0000000
 1272      FFFF0100 
 1272      000000C0 
 1273 2810 00000000 			.word	0x00000000, 0x0007FFFF, 0x80000000
ARM GAS  font_arial123.s 			page 48


 1273      FFFF0700 
 1273      00000080 
 1274 281c 00000000 			.word	0x00000000, 0x001FFFFF, 0x00000000
 1274      FFFF1F00 
 1274      00000000 
 1275 2828 00000000 			.word	0x00000000, 0x01FFFFFE, 0x00000000
 1275      FEFFFF01 
 1275      00000000 
 1276 2834 01000000 			.word	0x00000001, 0xFFFFFFFC, 0x00000000
 1276      FCFFFFFF 
 1276      00000000 
 1277 2840 03000000 			.word	0x00000003, 0xFFFFFFF8, 0x00000000
 1277      F8FFFFFF 
 1277      00000000 
 1278 284c 03000000 			.word	0x00000003, 0xFFFFFFF0, 0x00000000
 1278      F0FFFFFF 
 1278      00000000 
 1279 2858 03000000 			.word	0x00000003, 0xFFFFFFC0, 0x00000000
 1279      C0FFFFFF 
 1279      00000000 
 1280 2864 03000000 			.word	0x00000003, 0xFFFFFF00, 0x00000000
 1280      00FFFFFF 
 1280      00000000 
 1281 2870 03000000 			.word	0x00000003, 0xFFFFFF00, 0x00000000
 1281      00FFFFFF 
 1281      00000000 
 1282 287c 03000000 			.word	0x00000003, 0xFFFFFFE0, 0x00000000
 1282      E0FFFFFF 
 1282      00000000 
 1283 2888 03000000 			.word	0x00000003, 0xFFFFFFFC, 0x00000000
 1283      FCFFFFFF 
 1283      00000000 
 1284 2894 03000000 			.word	0x00000003, 0xFFFFFFFE, 0x00000000
 1284      FEFFFFFF 
 1284      00000000 
 1285 28a0 07000000 			.word	0x00000007, 0xFFFFFFFF, 0x80000000
 1285      FFFFFFFF 
 1285      00000080 
 1286 28ac 07000000 			.word	0x00000007, 0xFFFFFFFF, 0xC0000000
 1286      FFFFFFFF 
 1286      000000C0 
 1287 28b8 07000000 			.word	0x00000007, 0xFFFFFFFF, 0xF0000000
 1287      FFFFFFFF 
 1287      000000F0 
 1288 28c4 07000000 			.word	0x00000007, 0xF87FFFFF, 0xF8000000
 1288      FFFF7FF8 
 1288      000000F8 
 1289 28d0 06000000 			.word	0x00000006, 0x0001FFFF, 0xFC000000
 1289      FFFF0100 
 1289      000000FC 
 1290 28dc 00000000 			.word	0x00000000, 0x00007FFF, 0xFE000000
 1290      FF7F0000 
 1290      000000FE 
 1291 28e8 00000000 			.word	0x00000000, 0x00001FFF, 0xFE000000
 1291      FF1F0000 
 1291      000000FE 
 1292 28f4 00000000 			.word	0x00000000, 0x000007FF, 0xFF000000
ARM GAS  font_arial123.s 			page 49


 1292      FF070000 
 1292      000000FF 
 1293 2900 00000000 			.word	0x00000000, 0x000003FF, 0xFF800000
 1293      FF030000 
 1293      000080FF 
 1294 290c 00000000 			.word	0x00000000, 0x000001FF, 0xFF800000
 1294      FF010000 
 1294      000080FF 
 1295 2918 00000000 			.word	0x00000000, 0x000000FF, 0xFFC00000
 1295      FF000000 
 1295      0000C0FF 
 1296 2924 00000000 			.word	0x00000000, 0x0000007F, 0xFFC00000
 1296      7F000000 
 1296      0000C0FF 
 1297 2930 00000000 			.word	0x00000000, 0x0000003F, 0xFFE00000
 1297      3F000000 
 1297      0000E0FF 
 1298 293c 00000000 			.word	0x00000000, 0x0000003F, 0xFFE00000
 1298      3F000000 
 1298      0000E0FF 
 1299 2948 00000000 			.word	0x00000000, 0x0000001F, 0xFFE00000
 1299      1F000000 
 1299      0000E0FF 
 1300 2954 00000000 			.word	0x00000000, 0x0000000F, 0xFFF00000
 1300      0F000000 
 1300      0000F0FF 
 1301 2960 00000000 			.word	0x00000000, 0x0000000F, 0xFFF00000
 1301      0F000000 
 1301      0000F0FF 
 1302 296c 00000000 			.word	0x00000000, 0x0000000F, 0xFFF00000
 1302      0F000000 
 1302      0000F0FF 
 1303 2978 00000000 			.word	0x00000000, 0x00000007, 0xFFF00000
 1303      07000000 
 1303      0000F0FF 
 1304 2984 00000000 			.word	0x00000000, 0x00000007, 0xFFF80000
 1304      07000000 
 1304      0000F8FF 
 1305 2990 00000000 			.word	0x00000000, 0x00000007, 0xFFF80000
 1305      07000000 
 1305      0000F8FF 
 1306 299c 00000000 			.word	0x00000000, 0x00000003, 0xFFF80000
 1306      03000000 
 1306      0000F8FF 
 1307 29a8 00000000 			.word	0x00000000, 0x00000003, 0xFFF80000
 1307      03000000 
 1307      0000F8FF 
 1308 29b4 00000000 			.word	0x00000000, 0x00000003, 0xFFF80000
 1308      03000000 
 1308      0000F8FF 
 1309 29c0 00000000 			.word	0x00000000, 0x00000003, 0xFFF80000
 1309      03000000 
 1309      0000F8FF 
 1310 29cc 00000000 			.word	0x00000000, 0x00000003, 0xFFF80000
 1310      03000000 
 1310      0000F8FF 
 1311 29d8 00000000 			.word	0x00000000, 0x00000003, 0xFFF80000
ARM GAS  font_arial123.s 			page 50


 1311      03000000 
 1311      0000F8FF 
 1312 29e4 00000000 			.word	0x00000000, 0x00000003, 0xFFF80000
 1312      03000000 
 1312      0000F8FF 
 1313 29f0 00001E00 			.word	0x001E0000, 0x00000003, 0xFFF80000
 1313      03000000 
 1313      0000F8FF 
 1314 29fc 0000FE0F 			.word	0x0FFE0000, 0x00000003, 0xFFF80000
 1314      03000000 
 1314      0000F8FF 
 1315 2a08 0000FFFF 			.word	0xFFFF0000, 0x00000003, 0xFFF80000
 1315      03000000 
 1315      0000F8FF 
 1316 2a14 0000FFFF 			.word	0xFFFF0000, 0x00000003, 0xFFF80000
 1316      03000000 
 1316      0000F8FF 
 1317 2a20 0000FFFF 			.word	0xFFFF0000, 0x00000007, 0xFFF00000
 1317      07000000 
 1317      0000F0FF 
 1318 2a2c 0000FFFF 			.word	0xFFFF0000, 0x00000007, 0xFFF00000
 1318      07000000 
 1318      0000F0FF 
 1319 2a38 0080FF7F 			.word	0x7FFF8000, 0x00000007, 0xFFF00000
 1319      07000000 
 1319      0000F0FF 
 1320 2a44 0080FF7F 			.word	0x7FFF8000, 0x0000000F, 0xFFF00000
 1320      0F000000 
 1320      0000F0FF 
 1321 2a50 0080FF7F 			.word	0x7FFF8000, 0x0000000F, 0xFFE00000
 1321      0F000000 
 1321      0000E0FF 
 1322 2a5c 00C0FF7F 			.word	0x7FFFC000, 0x0000000F, 0xFFE00000
 1322      0F000000 
 1322      0000E0FF 
 1323 2a68 00C0FF3F 			.word	0x3FFFC000, 0x0000001F, 0xFFE00000
 1323      1F000000 
 1323      0000E0FF 
 1324 2a74 00E0FF3F 			.word	0x3FFFE000, 0x0000001F, 0xFFC00000
 1324      1F000000 
 1324      0000C0FF 
 1325 2a80 00E0FF3F 			.word	0x3FFFE000, 0x0000003F, 0xFFC00000
 1325      3F000000 
 1325      0000C0FF 
 1326 2a8c 00F0FF1F 			.word	0x1FFFF000, 0x0000007F, 0xFFC00000
 1326      7F000000 
 1326      0000C0FF 
 1327 2a98 00F8FF1F 			.word	0x1FFFF800, 0x000000FF, 0xFF800000
 1327      FF000000 
 1327      000080FF 
 1328 2aa4 00F8FF0F 			.word	0x0FFFF800, 0x000000FF, 0xFF000000
 1328      FF000000 
 1328      000000FF 
 1329 2ab0 00FCFF0F 			.word	0x0FFFFC00, 0x000001FF, 0xFF000000
 1329      FF010000 
 1329      000000FF 
 1330 2abc 00FEFF07 			.word	0x07FFFE00, 0x000003FF, 0xFE000000
ARM GAS  font_arial123.s 			page 51


 1330      FF030000 
 1330      000000FE 
 1331 2ac8 00FFFF07 			.word	0x07FFFF00, 0x00000FFF, 0xFE000000
 1331      FF0F0000 
 1331      000000FE 
 1332 2ad4 C0FFFF03 			.word	0x03FFFFC0, 0x00001FFF, 0xFC000000
 1332      FF1F0000 
 1332      000000FC 
 1333 2ae0 E0FFFF01 			.word	0x01FFFFE0, 0x00007FFF, 0xF8000000
 1333      FF7F0000 
 1333      000000F8 
 1334 2aec F8FFFF00 			.word	0x00FFFFF8, 0x0001FFFF, 0xF0000000
 1334      FFFF0100 
 1334      000000F0 
 1335 2af8 FFFFFF00 			.word	0x00FFFFFF, 0x801FFFFF, 0xE0000000
 1335      FFFF1F80 
 1335      000000E0 
 1336 2b04 FFFF7F00 			.word	0x007FFFFF, 0xFFFFFFFF, 0xC0000000
 1336      FFFFFFFF 
 1336      000000C0 
 1337 2b10 FFFF3F00 			.word	0x003FFFFF, 0xFFFFFFFF, 0x80000000
 1337      FFFFFFFF 
 1337      00000080 
 1338 2b1c FFFF1F00 			.word	0x001FFFFF, 0xFFFFFFFF, 0x00000000
 1338      FFFFFFFF 
 1338      00000000 
 1339 2b28 FFFF0F00 			.word	0x000FFFFF, 0xFFFFFFFE, 0x00000000
 1339      FEFFFFFF 
 1339      00000000 
 1340 2b34 FFFF0300 			.word	0x0003FFFF, 0xFFFFFFFC, 0x00000000
 1340      FCFFFFFF 
 1340      00000000 
 1341 2b40 FFFF0100 			.word	0x0001FFFF, 0xFFFFFFF0, 0x00000000
 1341      F0FFFFFF 
 1341      00000000 
 1342 2b4c FF7F0000 			.word	0x00007FFF, 0xFFFFFFE0, 0x00000000
 1342      E0FFFFFF 
 1342      00000000 
 1343 2b58 FF3F0000 			.word	0x00003FFF, 0xFFFFFF80, 0x00000000
 1343      80FFFFFF 
 1343      00000000 
 1344 2b64 FF0F0000 			.word	0x00000FFF, 0xFFFFFE00, 0x00000000
 1344      00FEFFFF 
 1344      00000000 
 1345 2b70 FF010000 			.word	0x000001FF, 0xFFFFF000, 0x00000000
 1345      00F0FFFF 
 1345      00000000 
 1346 2b7c 3F000000 			.word	0x0000003F, 0xFFFF8000, 0x00000000
 1346      0080FFFF 
 1346      00000000 
 1347 2b88 03000000 			.word	0x00000003, 0xFFF00000, 0x00000000
 1347      0000F0FF 
 1347      00000000 
 1348              	
 1349              	FOUR:
 1350 2b94 34000000 			.word	'4			// ASCII "4" character
 1351 2b98 58000000 			.word	88			// cell pixel width
ARM GAS  font_arial123.s 			page 52


 1352 2b9c 7A000000 			.word	CELLHGHT		// cell pixel height
 1353 2ba0 52000000 			.word	82			// glyph pixel width
 1354 2ba4 75000000 			.word	117			// glyph pixel height
 1355 2ba8 03000000 			.word	3			// blank horizontal pixels before glyph
 1356 2bac 03000000 			.word	3			// blank horizontal pixels after glyph
 1357 2bb0 03000000 			.word	3			// blank horizontal lines before glyph
 1358 2bb4 02000000 			.word	2			// blank horizontal lines after glyph
 1359              							// bit mapped glyph
 1360 2bb8 00000000 			.word	0x00000000, 0x000001FF, 0xC0000000
 1360      FF010000 
 1360      000000C0 
 1361 2bc4 00000000 			.word	0x00000000, 0x000003FF, 0xC0000000
 1361      FF030000 
 1361      000000C0 
 1362 2bd0 00000000 			.word	0x00000000, 0x000007FF, 0xC0000000
 1362      FF070000 
 1362      000000C0 
 1363 2bdc 00000000 			.word	0x00000000, 0x00000FFF, 0xC0000000
 1363      FF0F0000 
 1363      000000C0 
 1364 2be8 00000000 			.word	0x00000000, 0x00000FFF, 0xC0000000
 1364      FF0F0000 
 1364      000000C0 
 1365 2bf4 00000000 			.word	0x00000000, 0x00001FFF, 0xC0000000
 1365      FF1F0000 
 1365      000000C0 
 1366 2c00 00000000 			.word	0x00000000, 0x00003FFF, 0xC0000000
 1366      FF3F0000 
 1366      000000C0 
 1367 2c0c 00000000 			.word	0x00000000, 0x00007FFF, 0xC0000000
 1367      FF7F0000 
 1367      000000C0 
 1368 2c18 00000000 			.word	0x00000000, 0x00007FFF, 0xC0000000
 1368      FF7F0000 
 1368      000000C0 
 1369 2c24 00000000 			.word	0x00000000, 0x0000FFFF, 0xC0000000
 1369      FFFF0000 
 1369      000000C0 
 1370 2c30 00000000 			.word	0x00000000, 0x0001FFFF, 0xC0000000
 1370      FFFF0100 
 1370      000000C0 
 1371 2c3c 00000000 			.word	0x00000000, 0x0003FFFF, 0xC0000000
 1371      FFFF0300 
 1371      000000C0 
 1372 2c48 00000000 			.word	0x00000000, 0x0003FFFF, 0xC0000000
 1372      FFFF0300 
 1372      000000C0 
 1373 2c54 00000000 			.word	0x00000000, 0x0007FFFF, 0xC0000000
 1373      FFFF0700 
 1373      000000C0 
 1374 2c60 00000000 			.word	0x00000000, 0x000FFFFF, 0xC0000000
 1374      FFFF0F00 
 1374      000000C0 
 1375 2c6c 00000000 			.word	0x00000000, 0x001FFFFF, 0xC0000000
 1375      FFFF1F00 
 1375      000000C0 
 1376 2c78 00000000 			.word	0x00000000, 0x001FFFFF, 0xC0000000
ARM GAS  font_arial123.s 			page 53


 1376      FFFF1F00 
 1376      000000C0 
 1377 2c84 00000000 			.word	0x00000000, 0x003FFFFF, 0xC0000000
 1377      FFFF3F00 
 1377      000000C0 
 1378 2c90 00000000 			.word	0x00000000, 0x007FFFFF, 0xC0000000
 1378      FFFF7F00 
 1378      000000C0 
 1379 2c9c 00000000 			.word	0x00000000, 0x007FFFFF, 0xC0000000
 1379      FFFF7F00 
 1379      000000C0 
 1380 2ca8 00000000 			.word	0x00000000, 0x00FFFFFF, 0xC0000000
 1380      FFFFFF00 
 1380      000000C0 
 1381 2cb4 00000000 			.word	0x00000000, 0x01FFFFFF, 0xC0000000
 1381      FFFFFF01 
 1381      000000C0 
 1382 2cc0 00000000 			.word	0x00000000, 0x03FFFFFF, 0xC0000000
 1382      FFFFFF03 
 1382      000000C0 
 1383 2ccc 00000000 			.word	0x00000000, 0x03FFFFFF, 0xC0000000
 1383      FFFFFF03 
 1383      000000C0 
 1384 2cd8 00000000 			.word	0x00000000, 0x07FFFFFF, 0xC0000000
 1384      FFFFFF07 
 1384      000000C0 
 1385 2ce4 00000000 			.word	0x00000000, 0x0FFFDFFF, 0xC0000000
 1385      FFDFFF0F 
 1385      000000C0 
 1386 2cf0 00000000 			.word	0x00000000, 0x1FFFDFFF, 0xC0000000
 1386      FFDFFF1F 
 1386      000000C0 
 1387 2cfc 00000000 			.word	0x00000000, 0x1FFF9FFF, 0xC0000000
 1387      FF9FFF1F 
 1387      000000C0 
 1388 2d08 00000000 			.word	0x00000000, 0x3FFF1FFF, 0xC0000000
 1388      FF1FFF3F 
 1388      000000C0 
 1389 2d14 00000000 			.word	0x00000000, 0x7FFF1FFF, 0xC0000000
 1389      FF1FFF7F 
 1389      000000C0 
 1390 2d20 00000000 			.word	0x00000000, 0xFFFE1FFF, 0xC0000000
 1390      FF1FFEFF 
 1390      000000C0 
 1391 2d2c 00000000 			.word	0x00000000, 0xFFFC1FFF, 0xC0000000
 1391      FF1FFCFF 
 1391      000000C0 
 1392 2d38 01000000 			.word	0x00000001, 0xFFF81FFF, 0xC0000000
 1392      FF1FF8FF 
 1392      000000C0 
 1393 2d44 03000000 			.word	0x00000003, 0xFFF81FFF, 0xC0000000
 1393      FF1FF8FF 
 1393      000000C0 
 1394 2d50 07000000 			.word	0x00000007, 0xFFF01FFF, 0xC0000000
 1394      FF1FF0FF 
 1394      000000C0 
 1395 2d5c 07000000 			.word	0x00000007, 0xFFE01FFF, 0xC0000000
ARM GAS  font_arial123.s 			page 54


 1395      FF1FE0FF 
 1395      000000C0 
 1396 2d68 0F000000 			.word	0x0000000F, 0xFFC01FFF, 0xC0000000
 1396      FF1FC0FF 
 1396      000000C0 
 1397 2d74 1F000000 			.word	0x0000001F, 0xFFC01FFF, 0xC0000000
 1397      FF1FC0FF 
 1397      000000C0 
 1398 2d80 3F000000 			.word	0x0000003F, 0xFF801FFF, 0xC0000000
 1398      FF1F80FF 
 1398      000000C0 
 1399 2d8c 3F000000 			.word	0x0000003F, 0xFF001FFF, 0xC0000000
 1399      FF1F00FF 
 1399      000000C0 
 1400 2d98 7F000000 			.word	0x0000007F, 0xFE001FFF, 0xC0000000
 1400      FF1F00FE 
 1400      000000C0 
 1401 2da4 FF000000 			.word	0x000000FF, 0xFE001FFF, 0xC0000000
 1401      FF1F00FE 
 1401      000000C0 
 1402 2db0 FF010000 			.word	0x000001FF, 0xFC001FFF, 0xC0000000
 1402      FF1F00FC 
 1402      000000C0 
 1403 2dbc FF010000 			.word	0x000001FF, 0xF8001FFF, 0xC0000000
 1403      FF1F00F8 
 1403      000000C0 
 1404 2dc8 FF030000 			.word	0x000003FF, 0xF0001FFF, 0xC0000000
 1404      FF1F00F0 
 1404      000000C0 
 1405 2dd4 FF070000 			.word	0x000007FF, 0xF0001FFF, 0xC0000000
 1405      FF1F00F0 
 1405      000000C0 
 1406 2de0 FF0F0000 			.word	0x00000FFF, 0xE0001FFF, 0xC0000000
 1406      FF1F00E0 
 1406      000000C0 
 1407 2dec FF0F0000 			.word	0x00000FFF, 0xC0001FFF, 0xC0000000
 1407      FF1F00C0 
 1407      000000C0 
 1408 2df8 FF1F0000 			.word	0x00001FFF, 0x80001FFF, 0xC0000000
 1408      FF1F0080 
 1408      000000C0 
 1409 2e04 FF3F0000 			.word	0x00003FFF, 0x80001FFF, 0xC0000000
 1409      FF1F0080 
 1409      000000C0 
 1410 2e10 FF7F0000 			.word	0x00007FFF, 0x00001FFF, 0xC0000000
 1410      FF1F0000 
 1410      000000C0 
 1411 2e1c FE7F0000 			.word	0x00007FFE, 0x00001FFF, 0xC0000000
 1411      FF1F0000 
 1411      000000C0 
 1412 2e28 FCFF0000 			.word	0x0000FFFC, 0x00001FFF, 0xC0000000
 1412      FF1F0000 
 1412      000000C0 
 1413 2e34 FCFF0100 			.word	0x0001FFFC, 0x00001FFF, 0xC0000000
 1413      FF1F0000 
 1413      000000C0 
 1414 2e40 F8FF0300 			.word	0x0003FFF8, 0x00001FFF, 0xC0000000
ARM GAS  font_arial123.s 			page 55


 1414      FF1F0000 
 1414      000000C0 
 1415 2e4c F0FF0300 			.word	0x0003FFF0, 0x00001FFF, 0xC0000000
 1415      FF1F0000 
 1415      000000C0 
 1416 2e58 E0FF0700 			.word	0x0007FFE0, 0x00001FFF, 0xC0000000
 1416      FF1F0000 
 1416      000000C0 
 1417 2e64 E0FF0F00 			.word	0x000FFFE0, 0x00001FFF, 0xC0000000
 1417      FF1F0000 
 1417      000000C0 
 1418 2e70 C0FF0F00 			.word	0x000FFFC0, 0x00001FFF, 0xC0000000
 1418      FF1F0000 
 1418      000000C0 
 1419 2e7c 80FF1F00 			.word	0x001FFF80, 0x00001FFF, 0xC0000000
 1419      FF1F0000 
 1419      000000C0 
 1420 2e88 00FF3F00 			.word	0x003FFF00, 0x00001FFF, 0xC0000000
 1420      FF1F0000 
 1420      000000C0 
 1421 2e94 00FF7F00 			.word	0x007FFF00, 0x00001FFF, 0xC0000000
 1421      FF1F0000 
 1421      000000C0 
 1422 2ea0 00FE7F00 			.word	0x007FFE00, 0x00001FFF, 0xC0000000
 1422      FF1F0000 
 1422      000000C0 
 1423 2eac 00FCFF00 			.word	0x00FFFC00, 0x00001FFF, 0xC0000000
 1423      FF1F0000 
 1423      000000C0 
 1424 2eb8 00F8FF01 			.word	0x01FFF800, 0x00001FFF, 0xC0000000
 1424      FF1F0000 
 1424      000000C0 
 1425 2ec4 00F8FF03 			.word	0x03FFF800, 0x00001FFF, 0xC0000000
 1425      FF1F0000 
 1425      000000C0 
 1426 2ed0 00F0FF03 			.word	0x03FFF000, 0x00001FFF, 0xC0000000
 1426      FF1F0000 
 1426      000000C0 
 1427 2edc 00E0FF07 			.word	0x07FFE000, 0x00001FFF, 0xC0000000
 1427      FF1F0000 
 1427      000000C0 
 1428 2ee8 00E0FF0F 			.word	0x0FFFE000, 0x00001FFF, 0xC0000000
 1428      FF1F0000 
 1428      000000C0 
 1429 2ef4 00C0FF1F 			.word	0x1FFFC000, 0x00001FFF, 0xC0000000
 1429      FF1F0000 
 1429      000000C0 
 1430 2f00 0080FF1F 			.word	0x1FFF8000, 0x00001FFF, 0xC0000000
 1430      FF1F0000 
 1430      000000C0 
 1431 2f0c 0000FF3F 			.word	0x3FFF0000, 0x00001FFF, 0xC0000000
 1431      FF1F0000 
 1431      000000C0 
 1432 2f18 0000FF7F 			.word	0x7FFF0000, 0x00001FFF, 0xC0000000
 1432      FF1F0000 
 1432      000000C0 
 1433 2f24 0000FEFF 			.word	0xFFFE0000, 0x00001FFF, 0xC0000000
ARM GAS  font_arial123.s 			page 56


 1433      FF1F0000 
 1433      000000C0 
 1434 2f30 FFFFFFFF 			.word	0xFFFFFFFF, 0xFFFFFFFF, 0xFFFFC000
 1434      FFFFFFFF 
 1434      00C0FFFF 
 1435 2f3c FFFFFFFF 			.word	0xFFFFFFFF, 0xFFFFFFFF, 0xFFFFC000
 1435      FFFFFFFF 
 1435      00C0FFFF 
 1436 2f48 FFFFFFFF 			.word	0xFFFFFFFF, 0xFFFFFFFF, 0xFFFFC000
 1436      FFFFFFFF 
 1436      00C0FFFF 
 1437 2f54 FFFFFFFF 			.word	0xFFFFFFFF, 0xFFFFFFFF, 0xFFFFC000
 1437      FFFFFFFF 
 1437      00C0FFFF 
 1438 2f60 FFFFFFFF 			.word	0xFFFFFFFF, 0xFFFFFFFF, 0xFFFFC000
 1438      FFFFFFFF 
 1438      00C0FFFF 
 1439 2f6c FFFFFFFF 			.word	0xFFFFFFFF, 0xFFFFFFFF, 0xFFFFC000
 1439      FFFFFFFF 
 1439      00C0FFFF 
 1440 2f78 FFFFFFFF 			.word	0xFFFFFFFF, 0xFFFFFFFF, 0xFFFFC000
 1440      FFFFFFFF 
 1440      00C0FFFF 
 1441 2f84 FFFFFFFF 			.word	0xFFFFFFFF, 0xFFFFFFFF, 0xFFFFC000
 1441      FFFFFFFF 
 1441      00C0FFFF 
 1442 2f90 FFFFFFFF 			.word	0xFFFFFFFF, 0xFFFFFFFF, 0xFFFFC000
 1442      FFFFFFFF 
 1442      00C0FFFF 
 1443 2f9c FFFFFFFF 			.word	0xFFFFFFFF, 0xFFFFFFFF, 0xFFFFC000
 1443      FFFFFFFF 
 1443      00C0FFFF 
 1444 2fa8 FFFFFFFF 			.word	0xFFFFFFFF, 0xFFFFFFFF, 0xFFFFC000
 1444      FFFFFFFF 
 1444      00C0FFFF 
 1445 2fb4 FFFFFFFF 			.word	0xFFFFFFFF, 0xFFFFFFFF, 0xFFFFC000
 1445      FFFFFFFF 
 1445      00C0FFFF 
 1446 2fc0 FFFFFFFF 			.word	0xFFFFFFFF, 0xFFFFFFFF, 0xFFFFC000
 1446      FFFFFFFF 
 1446      00C0FFFF 
 1447 2fcc FFFFFFFF 			.word	0xFFFFFFFF, 0xFFFFFFFF, 0xFFFFC000
 1447      FFFFFFFF 
 1447      00C0FFFF 
 1448 2fd8 FFFFFFFF 			.word	0xFFFFFFFF, 0xFFFFFFFF, 0xFFFFC000
 1448      FFFFFFFF 
 1448      00C0FFFF 
 1449 2fe4 00000000 			.word	0x00000000, 0x00001FFF, 0xC0000000
 1449      FF1F0000 
 1449      000000C0 
 1450 2ff0 00000000 			.word	0x00000000, 0x00001FFF, 0xC0000000
 1450      FF1F0000 
 1450      000000C0 
 1451 2ffc 00000000 			.word	0x00000000, 0x00001FFF, 0xC0000000
 1451      FF1F0000 
 1451      000000C0 
 1452 3008 00000000 			.word	0x00000000, 0x00001FFF, 0xC0000000
ARM GAS  font_arial123.s 			page 57


 1452      FF1F0000 
 1452      000000C0 
 1453 3014 00000000 			.word	0x00000000, 0x00001FFF, 0xC0000000
 1453      FF1F0000 
 1453      000000C0 
 1454 3020 00000000 			.word	0x00000000, 0x00001FFF, 0xC0000000
 1454      FF1F0000 
 1454      000000C0 
 1455 302c 00000000 			.word	0x00000000, 0x00001FFF, 0xC0000000
 1455      FF1F0000 
 1455      000000C0 
 1456 3038 00000000 			.word	0x00000000, 0x00001FFF, 0xC0000000
 1456      FF1F0000 
 1456      000000C0 
 1457 3044 00000000 			.word	0x00000000, 0x00001FFF, 0xC0000000
 1457      FF1F0000 
 1457      000000C0 
 1458 3050 00000000 			.word	0x00000000, 0x00001FFF, 0xC0000000
 1458      FF1F0000 
 1458      000000C0 
 1459 305c 00000000 			.word	0x00000000, 0x00001FFF, 0xC0000000
 1459      FF1F0000 
 1459      000000C0 
 1460 3068 00000000 			.word	0x00000000, 0x00001FFF, 0xC0000000
 1460      FF1F0000 
 1460      000000C0 
 1461 3074 00000000 			.word	0x00000000, 0x00001FFF, 0xC0000000
 1461      FF1F0000 
 1461      000000C0 
 1462 3080 00000000 			.word	0x00000000, 0x00001FFF, 0xC0000000
 1462      FF1F0000 
 1462      000000C0 
 1463 308c 00000000 			.word	0x00000000, 0x00001FFF, 0xC0000000
 1463      FF1F0000 
 1463      000000C0 
 1464 3098 00000000 			.word	0x00000000, 0x00001FFF, 0xC0000000
 1464      FF1F0000 
 1464      000000C0 
 1465 30a4 00000000 			.word	0x00000000, 0x00001FFF, 0xC0000000
 1465      FF1F0000 
 1465      000000C0 
 1466 30b0 00000000 			.word	0x00000000, 0x00001FFF, 0xC0000000
 1466      FF1F0000 
 1466      000000C0 
 1467 30bc 00000000 			.word	0x00000000, 0x00001FFF, 0xC0000000
 1467      FF1F0000 
 1467      000000C0 
 1468 30c8 00000000 			.word	0x00000000, 0x00001FFF, 0xC0000000
 1468      FF1F0000 
 1468      000000C0 
 1469 30d4 00000000 			.word	0x00000000, 0x00001FFF, 0xC0000000
 1469      FF1F0000 
 1469      000000C0 
 1470 30e0 00000000 			.word	0x00000000, 0x00001FFF, 0xC0000000
 1470      FF1F0000 
 1470      000000C0 
 1471 30ec 00000000 			.word	0x00000000, 0x00001FFF, 0xC0000000
ARM GAS  font_arial123.s 			page 58


 1471      FF1F0000 
 1471      000000C0 
 1472 30f8 00000000 			.word	0x00000000, 0x00001FFF, 0xC0000000
 1472      FF1F0000 
 1472      000000C0 
 1473 3104 00000000 			.word	0x00000000, 0x00001FFF, 0xC0000000
 1473      FF1F0000 
 1473      000000C0 
 1474 3110 00000000 			.word	0x00000000, 0x00001FFF, 0xC0000000
 1474      FF1F0000 
 1474      000000C0 
 1475 311c 00000000 			.word	0x00000000, 0x00001FFF, 0xC0000000
 1475      FF1F0000 
 1475      000000C0 
 1476 3128 00000000 			.word	0x00000000, 0x00001FFF, 0xC0000000
 1476      FF1F0000 
 1476      000000C0 
 1477              	
 1478              	FIVE:
 1479 3134 35000000 			.word	'5			// ASCII "5" character
 1480 3138 58000000 			.word	88			// cell pixel width
 1481 313c 7A000000 			.word	CELLHGHT		// cell pixel height
 1482 3140 4D000000 			.word	77			// glyph pixel width
 1483 3144 76000000 			.word	118			// glyph pixel height
 1484 3148 05000000 			.word	5			// blank horizontal pixels before glyph
 1485 314c 06000000 			.word	6			// blank horizontal pixels after glyph
 1486 3150 04000000 			.word	4			// blank horizontal lines before glyph
 1487 3154 00000000 			.word	0			// blank horizontal lines after glyph
 1488              							// bit mapped glyph
 1489 3158 FFFF0300 			.word	0x0003FFFF, 0xFFFFFFFF, 0xFE000000
 1489      FFFFFFFF 
 1489      000000FE 
 1490 3164 FFFF0300 			.word	0x0003FFFF, 0xFFFFFFFF, 0xFE000000
 1490      FFFFFFFF 
 1490      000000FE 
 1491 3170 FFFF0700 			.word	0x0007FFFF, 0xFFFFFFFF, 0xFE000000
 1491      FFFFFFFF 
 1491      000000FE 
 1492 317c FFFF0700 			.word	0x0007FFFF, 0xFFFFFFFF, 0xFE000000
 1492      FFFFFFFF 
 1492      000000FE 
 1493 3188 FFFF0700 			.word	0x0007FFFF, 0xFFFFFFFF, 0xFE000000
 1493      FFFFFFFF 
 1493      000000FE 
 1494 3194 FFFF0700 			.word	0x0007FFFF, 0xFFFFFFFF, 0xFE000000
 1494      FFFFFFFF 
 1494      000000FE 
 1495 31a0 FFFF0700 			.word	0x0007FFFF, 0xFFFFFFFF, 0xFE000000
 1495      FFFFFFFF 
 1495      000000FE 
 1496 31ac FFFF0F00 			.word	0x000FFFFF, 0xFFFFFFFF, 0xFE000000
 1496      FFFFFFFF 
 1496      000000FE 
 1497 31b8 FFFF0F00 			.word	0x000FFFFF, 0xFFFFFFFF, 0xFE000000
 1497      FFFFFFFF 
 1497      000000FE 
 1498 31c4 FFFF0F00 			.word	0x000FFFFF, 0xFFFFFFFF, 0xFE000000
ARM GAS  font_arial123.s 			page 59


 1498      FFFFFFFF 
 1498      000000FE 
 1499 31d0 FFFF0F00 			.word	0x000FFFFF, 0xFFFFFFFF, 0xFE000000
 1499      FFFFFFFF 
 1499      000000FE 
 1500 31dc FFFF0F00 			.word	0x000FFFFF, 0xFFFFFFFF, 0xFE000000
 1500      FFFFFFFF 
 1500      000000FE 
 1501 31e8 FFFF1F00 			.word	0x001FFFFF, 0xFFFFFFFF, 0xFE000000
 1501      FFFFFFFF 
 1501      000000FE 
 1502 31f4 FFFF1F00 			.word	0x001FFFFF, 0xFFFFFFFF, 0xFE000000
 1502      FFFFFFFF 
 1502      000000FE 
 1503 3200 FFFF1F00 			.word	0x001FFFFF, 0xFFFFFFFF, 0xFE000000
 1503      FFFFFFFF 
 1503      000000FE 
 1504 320c 80FF1F00 			.word	0x001FFF80, 0x00000000, 0x00000000
 1504      00000000 
 1504      00000000 
 1505 3218 80FF1F00 			.word	0x001FFF80, 0x00000000, 0x00000000
 1505      00000000 
 1505      00000000 
 1506 3224 00FF3F00 			.word	0x003FFF00, 0x00000000, 0x00000000
 1506      00000000 
 1506      00000000 
 1507 3230 00FF3F00 			.word	0x003FFF00, 0x00000000, 0x00000000
 1507      00000000 
 1507      00000000 
 1508 323c 00FF3F00 			.word	0x003FFF00, 0x00000000, 0x00000000
 1508      00000000 
 1508      00000000 
 1509 3248 00FF3F00 			.word	0x003FFF00, 0x00000000, 0x00000000
 1509      00000000 
 1509      00000000 
 1510 3254 00FF3F00 			.word	0x003FFF00, 0x00000000, 0x00000000
 1510      00000000 
 1510      00000000 
 1511 3260 00FE7F00 			.word	0x007FFE00, 0x00000000, 0x00000000
 1511      00000000 
 1511      00000000 
 1512 326c 00FE7F00 			.word	0x007FFE00, 0x00000000, 0x00000000
 1512      00000000 
 1512      00000000 
 1513 3278 00FE7F00 			.word	0x007FFE00, 0x00000000, 0x00000000
 1513      00000000 
 1513      00000000 
 1514 3284 00FE7F00 			.word	0x007FFE00, 0x00000000, 0x00000000
 1514      00000000 
 1514      00000000 
 1515 3290 00FE7F00 			.word	0x007FFE00, 0x00000000, 0x00000000
 1515      00000000 
 1515      00000000 
 1516 329c 00FCFF00 			.word	0x00FFFC00, 0x00000000, 0x00000000
 1516      00000000 
 1516      00000000 
 1517 32a8 00FCFF00 			.word	0x00FFFC00, 0x00000000, 0x00000000
ARM GAS  font_arial123.s 			page 60


 1517      00000000 
 1517      00000000 
 1518 32b4 00FCFF00 			.word	0x00FFFC00, 0x00000000, 0x00000000
 1518      00000000 
 1518      00000000 
 1519 32c0 00FCFF00 			.word	0x00FFFC00, 0x00000000, 0x00000000
 1519      00000000 
 1519      00000000 
 1520 32cc 00FCFF00 			.word	0x00FFFC00, 0x00000000, 0x00000000
 1520      00000000 
 1520      00000000 
 1521 32d8 00F8FF01 			.word	0x01FFF800, 0x00000000, 0x00000000
 1521      00000000 
 1521      00000000 
 1522 32e4 00F8FF01 			.word	0x01FFF800, 0x00000000, 0x00000000
 1522      00000000 
 1522      00000000 
 1523 32f0 00F8FF01 			.word	0x01FFF800, 0x00000000, 0x00000000
 1523      00000000 
 1523      00000000 
 1524 32fc 00F8FF01 			.word	0x01FFF800, 0x00000000, 0x00000000
 1524      00000000 
 1524      00000000 
 1525 3308 00F8FF01 			.word	0x01FFF800, 0x00000000, 0x00000000
 1525      00000000 
 1525      00000000 
 1526 3314 00F0FF03 			.word	0x03FFF000, 0x00000000, 0x00000000
 1526      00000000 
 1526      00000000 
 1527 3320 00F0FF03 			.word	0x03FFF000, 0x1FFE0000, 0x00000000
 1527      0000FE1F 
 1527      00000000 
 1528 332c 01F0FF03 			.word	0x03FFF001, 0xFFFFE000, 0x00000000
 1528      00E0FFFF 
 1528      00000000 
 1529 3338 0FF0FF03 			.word	0x03FFF00F, 0xFFFFFC00, 0x00000000
 1529      00FCFFFF 
 1529      00000000 
 1530 3344 3FF0FF03 			.word	0x03FFF03F, 0xFFFFFF80, 0x00000000
 1530      80FFFFFF 
 1530      00000000 
 1531 3350 FFE0FF07 			.word	0x07FFE0FF, 0xFFFFFFE0, 0x00000000
 1531      E0FFFFFF 
 1531      00000000 
 1532 335c FFE3FF07 			.word	0x07FFE3FF, 0xFFFFFFF0, 0x00000000
 1532      F0FFFFFF 
 1532      00000000 
 1533 3368 FFE7FF07 			.word	0x07FFE7FF, 0xFFFFFFFC, 0x00000000
 1533      FCFFFFFF 
 1533      00000000 
 1534 3374 FFFFFF07 			.word	0x07FFFFFF, 0xFFFFFFFE, 0x00000000
 1534      FEFFFFFF 
 1534      00000000 
 1535 3380 FFFFFF07 			.word	0x07FFFFFF, 0xFFFFFFFF, 0x00000000
 1535      FFFFFFFF 
 1535      00000000 
 1536 338c FFFFFF0F 			.word	0x0FFFFFFF, 0xFFFFFFFF, 0x80000000
ARM GAS  font_arial123.s 			page 61


 1536      FFFFFFFF 
 1536      00000080 
 1537 3398 FFFFFF0F 			.word	0x0FFFFFFF, 0xFFFFFFFF, 0xC0000000
 1537      FFFFFFFF 
 1537      000000C0 
 1538 33a4 FFFFFF0F 			.word	0x0FFFFFFF, 0xFFFFFFFF, 0xE0000000
 1538      FFFFFFFF 
 1538      000000E0 
 1539 33b0 FFFFFF0F 			.word	0x0FFFFFFF, 0xFFFFFFFF, 0xF0000000
 1539      FFFFFFFF 
 1539      000000F0 
 1540 33bc FFFFFF0F 			.word	0x0FFFFFFF, 0xFFFFFFFF, 0xF8000000
 1540      FFFFFFFF 
 1540      000000F8 
 1541 33c8 FFFFFF1F 			.word	0x1FFFFFFF, 0x000FFFFF, 0xFC000000
 1541      FFFF0F00 
 1541      000000FC 
 1542 33d4 F0FFFF1F 			.word	0x1FFFFFF0, 0x0001FFFF, 0xFE000000
 1542      FFFF0100 
 1542      000000FE 
 1543 33e0 C0FFFF1F 			.word	0x1FFFFFC0, 0x00003FFF, 0xFE000000
 1543      FF3F0000 
 1543      000000FE 
 1544 33ec 00FFFF1F 			.word	0x1FFFFF00, 0x00000FFF, 0xFF000000
 1544      FF0F0000 
 1544      000000FF 
 1545 33f8 00FEFF1F 			.word	0x1FFFFE00, 0x000007FF, 0xFF000000
 1545      FF070000 
 1545      000000FF 
 1546 3404 00F8FF3F 			.word	0x3FFFF800, 0x000003FF, 0xFF800000
 1546      FF030000 
 1546      000080FF 
 1547 3410 00F0FF3F 			.word	0x3FFFF000, 0x000001FF, 0xFF800000
 1547      FF010000 
 1547      000080FF 
 1548 341c 00E0FF3F 			.word	0x3FFFE000, 0x000000FF, 0xFFC00000
 1548      FF000000 
 1548      0000C0FF 
 1549 3428 00C0FF03 			.word	0x03FFC000, 0x0000007F, 0xFFC00000
 1549      7F000000 
 1549      0000C0FF 
 1550 3434 00800700 			.word	0x00078000, 0x0000003F, 0xFFE00000
 1550      3F000000 
 1550      0000E0FF 
 1551 3440 00000000 			.word	0x00000000, 0x0000003F, 0xFFE00000
 1551      3F000000 
 1551      0000E0FF 
 1552 344c 00000000 			.word	0x00000000, 0x0000001F, 0xFFE00000
 1552      1F000000 
 1552      0000E0FF 
 1553 3458 00000000 			.word	0x00000000, 0x0000001F, 0xFFF00000
 1553      1F000000 
 1553      0000F0FF 
 1554 3464 00000000 			.word	0x00000000, 0x0000000F, 0xFFF00000
 1554      0F000000 
 1554      0000F0FF 
 1555 3470 00000000 			.word	0x00000000, 0x0000000F, 0xFFF00000
ARM GAS  font_arial123.s 			page 62


 1555      0F000000 
 1555      0000F0FF 
 1556 347c 00000000 			.word	0x00000000, 0x00000007, 0xFFF00000
 1556      07000000 
 1556      0000F0FF 
 1557 3488 00000000 			.word	0x00000000, 0x00000007, 0xFFF00000
 1557      07000000 
 1557      0000F0FF 
 1558 3494 00000000 			.word	0x00000000, 0x00000007, 0xFFF80000
 1558      07000000 
 1558      0000F8FF 
 1559 34a0 00000000 			.word	0x00000000, 0x00000007, 0xFFF80000
 1559      07000000 
 1559      0000F8FF 
 1560 34ac 00000000 			.word	0x00000000, 0x00000007, 0xFFF80000
 1560      07000000 
 1560      0000F8FF 
 1561 34b8 00000000 			.word	0x00000000, 0x00000003, 0xFFF80000
 1561      03000000 
 1561      0000F8FF 
 1562 34c4 00000000 			.word	0x00000000, 0x00000003, 0xFFF80000
 1562      03000000 
 1562      0000F8FF 
 1563 34d0 00000000 			.word	0x00000000, 0x00000003, 0xFFF80000
 1563      03000000 
 1563      0000F8FF 
 1564 34dc 00000000 			.word	0x00000000, 0x00000003, 0xFFF80000
 1564      03000000 
 1564      0000F8FF 
 1565 34e8 00000000 			.word	0x00000000, 0x00000003, 0xFFF80000
 1565      03000000 
 1565      0000F8FF 
 1566 34f4 00000000 			.word	0x00000000, 0x00000003, 0xFFF80000
 1566      03000000 
 1566      0000F8FF 
 1567 3500 00000000 			.word	0x00000000, 0x00000003, 0xFFF80000
 1567      03000000 
 1567      0000F8FF 
 1568 350c 00000000 			.word	0x00000000, 0x00000003, 0xFFF80000
 1568      03000000 
 1568      0000F8FF 
 1569 3518 00000000 			.word	0x00000000, 0x00000003, 0xFFF80000
 1569      03000000 
 1569      0000F8FF 
 1570 3524 00000000 			.word	0x00000000, 0x00000003, 0xFFF80000
 1570      03000000 
 1570      0000F8FF 
 1571 3530 00000000 			.word	0x00000000, 0x00000003, 0xFFF80000
 1571      03000000 
 1571      0000F8FF 
 1572 353c 00000000 			.word	0x00000000, 0x00000003, 0xFFF00000
 1572      03000000 
 1572      0000F0FF 
 1573 3548 0000FE01 			.word	0x01FE0000, 0x00000003, 0xFFF00000
 1573      03000000 
 1573      0000F0FF 
 1574 3554 0000FEFF 			.word	0xFFFE0000, 0x00000007, 0xFFF00000
ARM GAS  font_arial123.s 			page 63


 1574      07000000 
 1574      0000F0FF 
 1575 3560 0000FEFF 			.word	0xFFFE0000, 0x00000007, 0xFFF00000
 1575      07000000 
 1575      0000F0FF 
 1576 356c 0000FFFF 			.word	0xFFFF0000, 0x00000007, 0xFFF00000
 1576      07000000 
 1576      0000F0FF 
 1577 3578 0000FFFF 			.word	0xFFFF0000, 0x00000007, 0xFFE00000
 1577      07000000 
 1577      0000E0FF 
 1578 3584 0000FF7F 			.word	0x7FFF0000, 0x0000000F, 0xFFE00000
 1578      0F000000 
 1578      0000E0FF 
 1579 3590 0080FF7F 			.word	0x7FFF8000, 0x0000000F, 0xFFE00000
 1579      0F000000 
 1579      0000E0FF 
 1580 359c 0080FF7F 			.word	0x7FFF8000, 0x0000000F, 0xFFE00000
 1580      0F000000 
 1580      0000E0FF 
 1581 35a8 0080FF7F 			.word	0x7FFF8000, 0x0000001F, 0xFFC00000
 1581      1F000000 
 1581      0000C0FF 
 1582 35b4 00C0FF3F 			.word	0x3FFFC000, 0x0000001F, 0xFFC00000
 1582      1F000000 
 1582      0000C0FF 
 1583 35c0 00C0FF3F 			.word	0x3FFFC000, 0x0000003F, 0xFF800000
 1583      3F000000 
 1583      000080FF 
 1584 35cc 00E0FF3F 			.word	0x3FFFE000, 0x0000007F, 0xFF800000
 1584      7F000000 
 1584      000080FF 
 1585 35d8 00E0FF1F 			.word	0x1FFFE000, 0x0000007F, 0xFF000000
 1585      7F000000 
 1585      000000FF 
 1586 35e4 00F0FF1F 			.word	0x1FFFF000, 0x000000FF, 0xFF000000
 1586      FF000000 
 1586      000000FF 
 1587 35f0 00F8FF0F 			.word	0x0FFFF800, 0x000001FF, 0xFE000000
 1587      FF010000 
 1587      000000FE 
 1588 35fc 00FCFF0F 			.word	0x0FFFFC00, 0x000003FF, 0xFE000000
 1588      FF030000 
 1588      000000FE 
 1589 3608 00FEFF07 			.word	0x07FFFE00, 0x000007FF, 0xFC000000
 1589      FF070000 
 1589      000000FC 
 1590 3614 00FFFF07 			.word	0x07FFFF00, 0x00000FFF, 0xF8000000
 1590      FF0F0000 
 1590      000000F8 
 1591 3620 80FFFF03 			.word	0x03FFFF80, 0x00003FFF, 0xF8000000
 1591      FF3F0000 
 1591      000000F8 
 1592 362c E0FFFF01 			.word	0x01FFFFE0, 0x00007FFF, 0xF0000000
 1592      FF7F0000 
 1592      000000F0 
 1593 3638 F8FFFF01 			.word	0x01FFFFF8, 0x0003FFFF, 0xE0000000
ARM GAS  font_arial123.s 			page 64


 1593      FFFF0300 
 1593      000000E0 
 1594 3644 FFFFFF00 			.word	0x00FFFFFF, 0x001FFFFF, 0xC0000000
 1594      FFFF1F00 
 1594      000000C0 
 1595 3650 FFFF7F00 			.word	0x007FFFFF, 0xFFFFFFFF, 0x80000000
 1595      FFFFFFFF 
 1595      00000080 
 1596 365c FFFF3F00 			.word	0x003FFFFF, 0xFFFFFFFF, 0x00000000
 1596      FFFFFFFF 
 1596      00000000 
 1597 3668 FFFF1F00 			.word	0x001FFFFF, 0xFFFFFFFE, 0x00000000
 1597      FEFFFFFF 
 1597      00000000 
 1598 3674 FFFF0F00 			.word	0x000FFFFF, 0xFFFFFFFC, 0x00000000
 1598      FCFFFFFF 
 1598      00000000 
 1599 3680 FFFF0700 			.word	0x0007FFFF, 0xFFFFFFF8, 0x00000000
 1599      F8FFFFFF 
 1599      00000000 
 1600 368c FFFF0100 			.word	0x0001FFFF, 0xFFFFFFF0, 0x00000000
 1600      F0FFFFFF 
 1600      00000000 
 1601 3698 FFFF0000 			.word	0x0000FFFF, 0xFFFFFFC0, 0x00000000
 1601      C0FFFFFF 
 1601      00000000 
 1602 36a4 FF3F0000 			.word	0x00003FFF, 0xFFFFFF00, 0x00000000
 1602      00FFFFFF 
 1602      00000000 
 1603 36b0 FF0F0000 			.word	0x00000FFF, 0xFFFFFC00, 0x00000000
 1603      00FCFFFF 
 1603      00000000 
 1604 36bc FF030000 			.word	0x000003FF, 0xFFFFF000, 0x00000000
 1604      00F0FFFF 
 1604      00000000 
 1605 36c8 7F000000 			.word	0x0000007F, 0xFFFF8000, 0x00000000
 1605      0080FFFF 
 1605      00000000 
 1606 36d4 03000000 			.word	0x00000003, 0xFFF00000, 0x00000000
 1606      0000F0FF 
 1606      00000000 
 1607              	
 1608              	SIX:
 1609 36e0 36000000 			.word	'6			// ASCII "6" character
 1610 36e4 58000000 			.word	88			// cell pixel width
 1611 36e8 7A000000 			.word	CELLHGHT		// cell pixel height
 1612 36ec 4E000000 			.word	78			// glyph pixel width
 1613 36f0 78000000 			.word	120			// glyph pixel height
 1614 36f4 05000000 			.word	5			// blank horizontal pixels before glyph
 1615 36f8 05000000 			.word	5			// blank horizontal pixels after glyph
 1616 36fc 02000000 			.word	2			// blank horizontal lines before glyph
 1617 3700 00000000 			.word	0			// blank horizontal lines after glyph
 1618              							// bit mapped glyph
 1619 3704 00000000 			.word	0x00000000, 0x0FFF8000, 0x00000000
 1619      0080FF0F 
 1619      00000000 
 1620 3710 01000000 			.word	0x00000001, 0xFFFFFC00, 0x00000000
ARM GAS  font_arial123.s 			page 65


 1620      00FCFFFF 
 1620      00000000 
 1621 371c 0F000000 			.word	0x0000000F, 0xFFFFFF00, 0x00000000
 1621      00FFFFFF 
 1621      00000000 
 1622 3728 7F000000 			.word	0x0000007F, 0xFFFFFFE0, 0x00000000
 1622      E0FFFFFF 
 1622      00000000 
 1623 3734 FF010000 			.word	0x000001FF, 0xFFFFFFF8, 0x00000000
 1623      F8FFFFFF 
 1623      00000000 
 1624 3740 FF030000 			.word	0x000003FF, 0xFFFFFFFC, 0x00000000
 1624      FCFFFFFF 
 1624      00000000 
 1625 374c FF0F0000 			.word	0x00000FFF, 0xFFFFFFFF, 0x00000000
 1625      FFFFFFFF 
 1625      00000000 
 1626 3758 FF1F0000 			.word	0x00001FFF, 0xFFFFFFFF, 0x80000000
 1626      FFFFFFFF 
 1626      00000080 
 1627 3764 FF3F0000 			.word	0x00003FFF, 0xFFFFFFFF, 0xC0000000
 1627      FFFFFFFF 
 1627      000000C0 
 1628 3770 FFFF0000 			.word	0x0000FFFF, 0xFFFFFFFF, 0xE0000000
 1628      FFFFFFFF 
 1628      000000E0 
 1629 377c FFFF0100 			.word	0x0001FFFF, 0xFFFFFFFF, 0xF0000000
 1629      FFFFFFFF 
 1629      000000F0 
 1630 3788 FFFF0300 			.word	0x0003FFFF, 0xFFFFFFFF, 0xF8000000
 1630      FFFFFFFF 
 1630      000000F8 
 1631 3794 FFFF0700 			.word	0x0007FFFF, 0xF803FFFF, 0xF8000000
 1631      FFFF03F8 
 1631      000000F8 
 1632 37a0 FFFF0700 			.word	0x0007FFFF, 0x80007FFF, 0xFC000000
 1632      FF7F0080 
 1632      000000FC 
 1633 37ac FEFF0F00 			.word	0x000FFFFE, 0x00001FFF, 0xFE000000
 1633      FF1F0000 
 1633      000000FE 
 1634 37b8 FCFF1F00 			.word	0x001FFFFC, 0x000007FF, 0xFE000000
 1634      FF070000 
 1634      000000FE 
 1635 37c4 F0FF3F00 			.word	0x003FFFF0, 0x000003FF, 0xFF000000
 1635      FF030000 
 1635      000000FF 
 1636 37d0 E0FF3F00 			.word	0x003FFFE0, 0x000001FF, 0xFF000000
 1636      FF010000 
 1636      000000FF 
 1637 37dc C0FF7F00 			.word	0x007FFFC0, 0x000000FF, 0xFF800000
 1637      FF000000 
 1637      000080FF 
 1638 37e8 80FF7F00 			.word	0x007FFF80, 0x0000007F, 0xFF800000
 1638      7F000000 
 1638      000080FF 
 1639 37f4 80FFFF00 			.word	0x00FFFF80, 0x0000007F, 0xFFC00000
ARM GAS  font_arial123.s 			page 66


 1639      7F000000 
 1639      0000C0FF 
 1640 3800 00FFFF00 			.word	0x00FFFF00, 0x0000003F, 0xFFC00000
 1640      3F000000 
 1640      0000C0FF 
 1641 380c 00FEFF01 			.word	0x01FFFE00, 0x0000003F, 0xFFC00000
 1641      3F000000 
 1641      0000C0FF 
 1642 3818 00FCFF01 			.word	0x01FFFC00, 0x0000001F, 0xFFE00000
 1642      1F000000 
 1642      0000E0FF 
 1643 3824 00FCFF03 			.word	0x03FFFC00, 0x0000001F, 0xFFE00000
 1643      1F000000 
 1643      0000E0FF 
 1644 3830 00F8FF03 			.word	0x03FFF800, 0x0000001F, 0xFFE00000
 1644      1F000000 
 1644      0000E0FF 
 1645 383c 00F8FF07 			.word	0x07FFF800, 0x0000000F, 0xFFE00000
 1645      0F000000 
 1645      0000E0FF 
 1646 3848 00F0FF07 			.word	0x07FFF000, 0x0000000F, 0xFFF00000
 1646      0F000000 
 1646      0000F0FF 
 1647 3854 00F0FF07 			.word	0x07FFF000, 0x0000000F, 0xFFF00000
 1647      0F000000 
 1647      0000F0FF 
 1648 3860 00E0FF0F 			.word	0x0FFFE000, 0x00000007, 0xFFF00000
 1648      07000000 
 1648      0000F0FF 
 1649 386c 00E0FF0F 			.word	0x0FFFE000, 0x00000007, 0xF8000000
 1649      07000000 
 1649      000000F8 
 1650 3878 00E0FF0F 			.word	0x0FFFE000, 0x00000000, 0x00000000
 1650      00000000 
 1650      00000000 
 1651 3884 00C0FF1F 			.word	0x1FFFC000, 0x00000000, 0x00000000
 1651      00000000 
 1651      00000000 
 1652 3890 00C0FF1F 			.word	0x1FFFC000, 0x00000000, 0x00000000
 1652      00000000 
 1652      00000000 
 1653 389c 00C0FF1F 			.word	0x1FFFC000, 0x00000000, 0x00000000
 1653      00000000 
 1653      00000000 
 1654 38a8 0080FF1F 			.word	0x1FFF8000, 0x00000000, 0x00000000
 1654      00000000 
 1654      00000000 
 1655 38b4 0080FF3F 			.word	0x3FFF8000, 0x00000000, 0x00000000
 1655      00000000 
 1655      00000000 
 1656 38c0 0080FF3F 			.word	0x3FFF8000, 0x00000000, 0x00000000
 1656      00000000 
 1656      00000000 
 1657 38cc 0080FF3F 			.word	0x3FFF8000, 0x00000000, 0x00000000
 1657      00000000 
 1657      00000000 
 1658 38d8 0080FF3F 			.word	0x3FFF8000, 0x00000000, 0x00000000
ARM GAS  font_arial123.s 			page 67


 1658      00000000 
 1658      00000000 
 1659 38e4 0000FF3F 			.word	0x3FFF0000, 0x00000000, 0x00000000
 1659      00000000 
 1659      00000000 
 1660 38f0 0000FF3F 			.word	0x3FFF0000, 0x00000000, 0x00000000
 1660      00000000 
 1660      00000000 
 1661 38fc 0000FF7F 			.word	0x7FFF0000, 0x03FF8000, 0x00000000
 1661      0080FF03 
 1661      00000000 
 1662 3908 0000FF7F 			.word	0x7FFF0000, 0x7FFFFC00, 0x00000000
 1662      00FCFF7F 
 1662      00000000 
 1663 3914 0100FF7F 			.word	0x7FFF0001, 0xFFFFFF00, 0x00000000
 1663      00FFFFFF 
 1663      00000000 
 1664 3920 0F00FF7F 			.word	0x7FFF000F, 0xFFFFFFE0, 0x00000000
 1664      E0FFFFFF 
 1664      00000000 
 1665 392c 3F00FF7F 			.word	0x7FFF003F, 0xFFFFFFF0, 0x00000000
 1665      F0FFFFFF 
 1665      00000000 
 1666 3938 7F00FE7F 			.word	0x7FFE007F, 0xFFFFFFFC, 0x00000000
 1666      FCFFFFFF 
 1666      00000000 
 1667 3944 FF01FE7F 			.word	0x7FFE01FF, 0xFFFFFFFE, 0x00000000
 1667      FEFFFFFF 
 1667      00000000 
 1668 3950 FF03FE7F 			.word	0x7FFE03FF, 0xFFFFFFFF, 0x80000000
 1668      FFFFFFFF 
 1668      00000080 
 1669 395c FF07FEFF 			.word	0xFFFE07FF, 0xFFFFFFFF, 0xC0000000
 1669      FFFFFFFF 
 1669      000000C0 
 1670 3968 FF0FFEFF 			.word	0xFFFE0FFF, 0xFFFFFFFF, 0xE0000000
 1670      FFFFFFFF 
 1670      000000E0 
 1671 3974 FF1FFEFF 			.word	0xFFFE1FFF, 0xFFFFFFFF, 0xF0000000
 1671      FFFFFFFF 
 1671      000000F0 
 1672 3980 FF3FFEFF 			.word	0xFFFE3FFF, 0xFFFFFFFF, 0xF8000000
 1672      FFFFFFFF 
 1672      000000F8 
 1673 398c FF7FFEFF 			.word	0xFFFE7FFF, 0xFFFFFFFF, 0xFC000000
 1673      FFFFFFFF 
 1673      000000FC 
 1674 3998 FFFFFEFF 			.word	0xFFFEFFFF, 0xFFFFFFFF, 0xFC000000
 1674      FFFFFFFF 
 1674      000000FC 
 1675 39a4 FFFFFEFF 			.word	0xFFFEFFFF, 0xE007FFFF, 0xFE000000
 1675      FFFF07E0 
 1675      000000FE 
 1676 39b0 FEFFFFFF 			.word	0xFFFFFFFE, 0x00007FFF, 0xFF000000
 1676      FF7F0000 
 1676      000000FF 
 1677 39bc F8FFFFFF 			.word	0xFFFFFFF8, 0x00001FFF, 0xFF000000
ARM GAS  font_arial123.s 			page 68


 1677      FF1F0000 
 1677      000000FF 
 1678 39c8 E0FFFFFF 			.word	0xFFFFFFE0, 0x000007FF, 0xFF800000
 1678      FF070000 
 1678      000080FF 
 1679 39d4 C0FFFFFF 			.word	0xFFFFFFC0, 0x000003FF, 0xFFC00000
 1679      FF030000 
 1679      0000C0FF 
 1680 39e0 00FFFFFF 			.word	0xFFFFFF00, 0x000001FF, 0xFFC00000
 1680      FF010000 
 1680      0000C0FF 
 1681 39ec 00FEFFFF 			.word	0xFFFFFE00, 0x000000FF, 0xFFE00000
 1681      FF000000 
 1681      0000E0FF 
 1682 39f8 00FCFFFF 			.word	0xFFFFFC00, 0x0000007F, 0xFFE00000
 1682      7F000000 
 1682      0000E0FF 
 1683 3a04 00F8FFFF 			.word	0xFFFFF800, 0x0000003F, 0xFFE00000
 1683      3F000000 
 1683      0000E0FF 
 1684 3a10 00F8FFFF 			.word	0xFFFFF800, 0x0000001F, 0xFFF00000
 1684      1F000000 
 1684      0000F0FF 
 1685 3a1c 00F0FFFF 			.word	0xFFFFF000, 0x0000001F, 0xFFF00000
 1685      1F000000 
 1685      0000F0FF 
 1686 3a28 00E0FFFF 			.word	0xFFFFE000, 0x0000000F, 0xFFF00000
 1686      0F000000 
 1686      0000F0FF 
 1687 3a34 00E0FFFF 			.word	0xFFFFE000, 0x0000000F, 0xFFF80000
 1687      0F000000 
 1687      0000F8FF 
 1688 3a40 00C0FFFF 			.word	0xFFFFC000, 0x00000007, 0xFFF80000
 1688      07000000 
 1688      0000F8FF 
 1689 3a4c 00C0FFFF 			.word	0xFFFFC000, 0x00000007, 0xFFF80000
 1689      07000000 
 1689      0000F8FF 
 1690 3a58 0080FFFF 			.word	0xFFFF8000, 0x00000003, 0xFFF80000
 1690      03000000 
 1690      0000F8FF 
 1691 3a64 0080FFFF 			.word	0xFFFF8000, 0x00000003, 0xFFF80000
 1691      03000000 
 1691      0000F8FF 
 1692 3a70 0080FFFF 			.word	0xFFFF8000, 0x00000003, 0xFFFC0000
 1692      03000000 
 1692      0000FCFF 
 1693 3a7c 0080FFFF 			.word	0xFFFF8000, 0x00000003, 0xFFFC0000
 1693      03000000 
 1693      0000FCFF 
 1694 3a88 0000FF7F 			.word	0x7FFF0000, 0x00000001, 0xFFFC0000
 1694      01000000 
 1694      0000FCFF 
 1695 3a94 0000FF7F 			.word	0x7FFF0000, 0x00000001, 0xFFFC0000
 1695      01000000 
 1695      0000FCFF 
 1696 3aa0 0000FF7F 			.word	0x7FFF0000, 0x00000001, 0xFFFC0000
ARM GAS  font_arial123.s 			page 69


 1696      01000000 
 1696      0000FCFF 
 1697 3aac 0000FF7F 			.word	0x7FFF0000, 0x00000001, 0xFFFC0000
 1697      01000000 
 1697      0000FCFF 
 1698 3ab8 0000FF7F 			.word	0x7FFF0000, 0x00000001, 0xFFFC0000
 1698      01000000 
 1698      0000FCFF 
 1699 3ac4 0000FF7F 			.word	0x7FFF0000, 0x00000001, 0xFFFC0000
 1699      01000000 
 1699      0000FCFF 
 1700 3ad0 0000FF7F 			.word	0x7FFF0000, 0x00000001, 0xFFFC0000
 1700      01000000 
 1700      0000FCFF 
 1701 3adc 0000FF7F 			.word	0x7FFF0000, 0x00000001, 0xFFFC0000
 1701      01000000 
 1701      0000FCFF 
 1702 3ae8 0000FF3F 			.word	0x3FFF0000, 0x00000001, 0xFFFC0000
 1702      01000000 
 1702      0000FCFF 
 1703 3af4 0000FF3F 			.word	0x3FFF0000, 0x00000001, 0xFFFC0000
 1703      01000000 
 1703      0000FCFF 
 1704 3b00 0000FF3F 			.word	0x3FFF0000, 0x00000001, 0xFFFC0000
 1704      01000000 
 1704      0000FCFF 
 1705 3b0c 0080FF3F 			.word	0x3FFF8000, 0x00000001, 0xFFFC0000
 1705      01000000 
 1705      0000FCFF 
 1706 3b18 0080FF3F 			.word	0x3FFF8000, 0x00000001, 0xFFF80000
 1706      01000000 
 1706      0000F8FF 
 1707 3b24 0080FF1F 			.word	0x1FFF8000, 0x00000003, 0xFFF80000
 1707      03000000 
 1707      0000F8FF 
 1708 3b30 0080FF1F 			.word	0x1FFF8000, 0x00000003, 0xFFF80000
 1708      03000000 
 1708      0000F8FF 
 1709 3b3c 00C0FF1F 			.word	0x1FFFC000, 0x00000003, 0xFFF80000
 1709      03000000 
 1709      0000F8FF 
 1710 3b48 00C0FF0F 			.word	0x0FFFC000, 0x00000003, 0xFFF80000
 1710      03000000 
 1710      0000F8FF 
 1711 3b54 00C0FF0F 			.word	0x0FFFC000, 0x00000007, 0xFFF00000
 1711      07000000 
 1711      0000F0FF 
 1712 3b60 00E0FF0F 			.word	0x0FFFE000, 0x00000007, 0xFFF00000
 1712      07000000 
 1712      0000F0FF 
 1713 3b6c 00E0FF07 			.word	0x07FFE000, 0x00000007, 0xFFF00000
 1713      07000000 
 1713      0000F0FF 
 1714 3b78 00F0FF07 			.word	0x07FFF000, 0x0000000F, 0xFFE00000
 1714      0F000000 
 1714      0000E0FF 
 1715 3b84 00F0FF07 			.word	0x07FFF000, 0x0000000F, 0xFFE00000
ARM GAS  font_arial123.s 			page 70


 1715      0F000000 
 1715      0000E0FF 
 1716 3b90 00F8FF03 			.word	0x03FFF800, 0x0000001F, 0xFFE00000
 1716      1F000000 
 1716      0000E0FF 
 1717 3b9c 00FCFF03 			.word	0x03FFFC00, 0x0000003F, 0xFFC00000
 1717      3F000000 
 1717      0000C0FF 
 1718 3ba8 00FCFF01 			.word	0x01FFFC00, 0x0000003F, 0xFFC00000
 1718      3F000000 
 1718      0000C0FF 
 1719 3bb4 00FEFF01 			.word	0x01FFFE00, 0x0000007F, 0xFF800000
 1719      7F000000 
 1719      000080FF 
 1720 3bc0 00FFFF00 			.word	0x00FFFF00, 0x000000FF, 0xFF800000
 1720      FF000000 
 1720      000080FF 
 1721 3bcc 80FFFF00 			.word	0x00FFFF80, 0x000001FF, 0xFF000000
 1721      FF010000 
 1721      000000FF 
 1722 3bd8 C0FF7F00 			.word	0x007FFFC0, 0x000003FF, 0xFE000000
 1722      FF030000 
 1722      000000FE 
 1723 3be4 F0FF3F00 			.word	0x003FFFF0, 0x00000FFF, 0xFE000000
 1723      FF0F0000 
 1723      000000FE 
 1724 3bf0 FCFF3F00 			.word	0x003FFFFC, 0x00001FFF, 0xFC000000
 1724      FF1F0000 
 1724      000000FC 
 1725 3bfc FFFF1F00 			.word	0x001FFFFF, 0x00007FFF, 0xF8000000
 1725      FF7F0000 
 1725      000000F8 
 1726 3c08 FFFF0F00 			.word	0x000FFFFF, 0xE007FFFF, 0xF8000000
 1726      FFFF07E0 
 1726      000000F8 
 1727 3c14 FFFF0700 			.word	0x0007FFFF, 0xFFFFFFFF, 0xF0000000
 1727      FFFFFFFF 
 1727      000000F0 
 1728 3c20 FFFF0300 			.word	0x0003FFFF, 0xFFFFFFFF, 0xE0000000
 1728      FFFFFFFF 
 1728      000000E0 
 1729 3c2c FFFF0100 			.word	0x0001FFFF, 0xFFFFFFFF, 0xC0000000
 1729      FFFFFFFF 
 1729      000000C0 
 1730 3c38 FFFF0000 			.word	0x0000FFFF, 0xFFFFFFFF, 0x80000000
 1730      FFFFFFFF 
 1730      00000080 
 1731 3c44 FF3F0000 			.word	0x00003FFF, 0xFFFFFFFF, 0x00000000
 1731      FFFFFFFF 
 1731      00000000 
 1732 3c50 FF1F0000 			.word	0x00001FFF, 0xFFFFFFFC, 0x00000000
 1732      FCFFFFFF 
 1732      00000000 
 1733 3c5c FF0F0000 			.word	0x00000FFF, 0xFFFFFFF8, 0x00000000
 1733      F8FFFFFF 
 1733      00000000 
 1734 3c68 FF030000 			.word	0x000003FF, 0xFFFFFFE0, 0x00000000
ARM GAS  font_arial123.s 			page 71


 1734      E0FFFFFF 
 1734      00000000 
 1735 3c74 FF000000 			.word	0x000000FF, 0xFFFFFF80, 0x00000000
 1735      80FFFFFF 
 1735      00000000 
 1736 3c80 1F000000 			.word	0x0000001F, 0xFFFFFE00, 0x00000000
 1736      00FEFFFF 
 1736      00000000 
 1737 3c8c 03000000 			.word	0x00000003, 0xFFFFF000, 0x00000000
 1737      00F0FFFF 
 1737      00000000 
 1738 3c98 00000000 			.word	0x00000000, 0x3FFE0000, 0x00000000
 1738      0000FE3F 
 1738      00000000 
 1739              	
 1740              	SEVEN:
 1741 3ca4 37000000 			.word	'7			// ASCII "7" character
 1742 3ca8 58000000 			.word	88			// cell pixel width
 1743 3cac 7A000000 			.word	CELLHGHT		// cell pixel height
 1744 3cb0 4C000000 			.word	76			// glyph pixel width
 1745 3cb4 74000000 			.word	116			// glyph pixel height
 1746 3cb8 06000000 			.word	6			// blank horizontal pixels before glyph
 1747 3cbc 06000000 			.word	6			// blank horizontal pixels after glyph
 1748 3cc0 04000000 			.word	4			// blank horizontal lines before glyph
 1749 3cc4 02000000 			.word	2			// blank horizontal lines after glyph
 1750              							// bit mapped glyph
 1751 3cc8 FFFFFFFF 			.word	0xFFFFFFFF, 0xFFFFFFFF, 0xFFF00000
 1751      FFFFFFFF 
 1751      0000F0FF 
 1752 3cd4 FFFFFFFF 			.word	0xFFFFFFFF, 0xFFFFFFFF, 0xFFF00000
 1752      FFFFFFFF 
 1752      0000F0FF 
 1753 3ce0 FFFFFFFF 			.word	0xFFFFFFFF, 0xFFFFFFFF, 0xFFF00000
 1753      FFFFFFFF 
 1753      0000F0FF 
 1754 3cec FFFFFFFF 			.word	0xFFFFFFFF, 0xFFFFFFFF, 0xFFF00000
 1754      FFFFFFFF 
 1754      0000F0FF 
 1755 3cf8 FFFFFFFF 			.word	0xFFFFFFFF, 0xFFFFFFFF, 0xFFF00000
 1755      FFFFFFFF 
 1755      0000F0FF 
 1756 3d04 FFFFFFFF 			.word	0xFFFFFFFF, 0xFFFFFFFF, 0xFFF00000
 1756      FFFFFFFF 
 1756      0000F0FF 
 1757 3d10 FFFFFFFF 			.word	0xFFFFFFFF, 0xFFFFFFFF, 0xFFF00000
 1757      FFFFFFFF 
 1757      0000F0FF 
 1758 3d1c FFFFFFFF 			.word	0xFFFFFFFF, 0xFFFFFFFF, 0xFFF00000
 1758      FFFFFFFF 
 1758      0000F0FF 
 1759 3d28 FFFFFFFF 			.word	0xFFFFFFFF, 0xFFFFFFFF, 0xFFF00000
 1759      FFFFFFFF 
 1759      0000F0FF 
 1760 3d34 FFFFFFFF 			.word	0xFFFFFFFF, 0xFFFFFFFF, 0xFFF00000
 1760      FFFFFFFF 
 1760      0000F0FF 
 1761 3d40 FFFFFFFF 			.word	0xFFFFFFFF, 0xFFFFFFFF, 0xFFF00000
ARM GAS  font_arial123.s 			page 72


 1761      FFFFFFFF 
 1761      0000F0FF 
 1762 3d4c FFFFFFFF 			.word	0xFFFFFFFF, 0xFFFFFFFF, 0xFFF00000
 1762      FFFFFFFF 
 1762      0000F0FF 
 1763 3d58 FFFFFFFF 			.word	0xFFFFFFFF, 0xFFFFFFFF, 0xFFF00000
 1763      FFFFFFFF 
 1763      0000F0FF 
 1764 3d64 FFFFFFFF 			.word	0xFFFFFFFF, 0xFFFFFFFF, 0xFFE00000
 1764      FFFFFFFF 
 1764      0000E0FF 
 1765 3d70 FFFFFFFF 			.word	0xFFFFFFFF, 0xFFFFFFFF, 0xFFC00000
 1765      FFFFFFFF 
 1765      0000C0FF 
 1766 3d7c 00000000 			.word	0x00000000, 0x0000007F, 0xFF800000
 1766      7F000000 
 1766      000080FF 
 1767 3d88 00000000 			.word	0x00000000, 0x000000FF, 0xFF000000
 1767      FF000000 
 1767      000000FF 
 1768 3d94 00000000 			.word	0x00000000, 0x000001FF, 0xFE000000
 1768      FF010000 
 1768      000000FE 
 1769 3da0 00000000 			.word	0x00000000, 0x000003FF, 0xFC000000
 1769      FF030000 
 1769      000000FC 
 1770 3dac 00000000 			.word	0x00000000, 0x000007FF, 0xFC000000
 1770      FF070000 
 1770      000000FC 
 1771 3db8 00000000 			.word	0x00000000, 0x00000FFF, 0xF8000000
 1771      FF0F0000 
 1771      000000F8 
 1772 3dc4 00000000 			.word	0x00000000, 0x00000FFF, 0xF0000000
 1772      FF0F0000 
 1772      000000F0 
 1773 3dd0 00000000 			.word	0x00000000, 0x00001FFF, 0xE0000000
 1773      FF1F0000 
 1773      000000E0 
 1774 3ddc 00000000 			.word	0x00000000, 0x00003FFF, 0xE0000000
 1774      FF3F0000 
 1774      000000E0 
 1775 3de8 00000000 			.word	0x00000000, 0x00007FFF, 0xC0000000
 1775      FF7F0000 
 1775      000000C0 
 1776 3df4 00000000 			.word	0x00000000, 0x00007FFF, 0x80000000
 1776      FF7F0000 
 1776      00000080 
 1777 3e00 00000000 			.word	0x00000000, 0x0000FFFF, 0x00000000
 1777      FFFF0000 
 1777      00000000 
 1778 3e0c 00000000 			.word	0x00000000, 0x0001FFFF, 0x00000000
 1778      FFFF0100 
 1778      00000000 
 1779 3e18 00000000 			.word	0x00000000, 0x0001FFFE, 0x00000000
 1779      FEFF0100 
 1779      00000000 
 1780 3e24 00000000 			.word	0x00000000, 0x0003FFFC, 0x00000000
ARM GAS  font_arial123.s 			page 73


 1780      FCFF0300 
 1780      00000000 
 1781 3e30 00000000 			.word	0x00000000, 0x0007FFFC, 0x00000000
 1781      FCFF0700 
 1781      00000000 
 1782 3e3c 00000000 			.word	0x00000000, 0x0007FFF8, 0x00000000
 1782      F8FF0700 
 1782      00000000 
 1783 3e48 00000000 			.word	0x00000000, 0x000FFFF0, 0x00000000
 1783      F0FF0F00 
 1783      00000000 
 1784 3e54 00000000 			.word	0x00000000, 0x001FFFF0, 0x00000000
 1784      F0FF1F00 
 1784      00000000 
 1785 3e60 00000000 			.word	0x00000000, 0x001FFFE0, 0x00000000
 1785      E0FF1F00 
 1785      00000000 
 1786 3e6c 00000000 			.word	0x00000000, 0x003FFFE0, 0x00000000
 1786      E0FF3F00 
 1786      00000000 
 1787 3e78 00000000 			.word	0x00000000, 0x007FFFC0, 0x00000000
 1787      C0FF7F00 
 1787      00000000 
 1788 3e84 00000000 			.word	0x00000000, 0x007FFF80, 0x00000000
 1788      80FF7F00 
 1788      00000000 
 1789 3e90 00000000 			.word	0x00000000, 0x00FFFF80, 0x00000000
 1789      80FFFF00 
 1789      00000000 
 1790 3e9c 00000000 			.word	0x00000000, 0x00FFFF00, 0x00000000
 1790      00FFFF00 
 1790      00000000 
 1791 3ea8 00000000 			.word	0x00000000, 0x01FFFF00, 0x00000000
 1791      00FFFF01 
 1791      00000000 
 1792 3eb4 00000000 			.word	0x00000000, 0x01FFFE00, 0x00000000
 1792      00FEFF01 
 1792      00000000 
 1793 3ec0 00000000 			.word	0x00000000, 0x03FFFC00, 0x00000000
 1793      00FCFF03 
 1793      00000000 
 1794 3ecc 00000000 			.word	0x00000000, 0x07FFFC00, 0x00000000
 1794      00FCFF07 
 1794      00000000 
 1795 3ed8 00000000 			.word	0x00000000, 0x07FFF800, 0x00000000
 1795      00F8FF07 
 1795      00000000 
 1796 3ee4 00000000 			.word	0x00000000, 0x0FFFF800, 0x00000000
 1796      00F8FF0F 
 1796      00000000 
 1797 3ef0 00000000 			.word	0x00000000, 0x0FFFF000, 0x00000000
 1797      00F0FF0F 
 1797      00000000 
 1798 3efc 00000000 			.word	0x00000000, 0x1FFFF000, 0x00000000
 1798      00F0FF1F 
 1798      00000000 
 1799 3f08 00000000 			.word	0x00000000, 0x1FFFE000, 0x00000000
ARM GAS  font_arial123.s 			page 74


 1799      00E0FF1F 
 1799      00000000 
 1800 3f14 00000000 			.word	0x00000000, 0x3FFFE000, 0x00000000
 1800      00E0FF3F 
 1800      00000000 
 1801 3f20 00000000 			.word	0x00000000, 0x3FFFC000, 0x00000000
 1801      00C0FF3F 
 1801      00000000 
 1802 3f2c 00000000 			.word	0x00000000, 0x7FFFC000, 0x00000000
 1802      00C0FF7F 
 1802      00000000 
 1803 3f38 00000000 			.word	0x00000000, 0x7FFF8000, 0x00000000
 1803      0080FF7F 
 1803      00000000 
 1804 3f44 00000000 			.word	0x00000000, 0xFFFF8000, 0x00000000
 1804      0080FFFF 
 1804      00000000 
 1805 3f50 00000000 			.word	0x00000000, 0xFFFF0000, 0x00000000
 1805      0000FFFF 
 1805      00000000 
 1806 3f5c 01000000 			.word	0x00000001, 0xFFFF0000, 0x00000000
 1806      0000FFFF 
 1806      00000000 
 1807 3f68 01000000 			.word	0x00000001, 0xFFFE0000, 0x00000000
 1807      0000FEFF 
 1807      00000000 
 1808 3f74 03000000 			.word	0x00000003, 0xFFFE0000, 0x00000000
 1808      0000FEFF 
 1808      00000000 
 1809 3f80 03000000 			.word	0x00000003, 0xFFFC0000, 0x00000000
 1809      0000FCFF 
 1809      00000000 
 1810 3f8c 03000000 			.word	0x00000003, 0xFFFC0000, 0x00000000
 1810      0000FCFF 
 1810      00000000 
 1811 3f98 07000000 			.word	0x00000007, 0xFFF80000, 0x00000000
 1811      0000F8FF 
 1811      00000000 
 1812 3fa4 07000000 			.word	0x00000007, 0xFFF80000, 0x00000000
 1812      0000F8FF 
 1812      00000000 
 1813 3fb0 0F000000 			.word	0x0000000F, 0xFFF00000, 0x00000000
 1813      0000F0FF 
 1813      00000000 
 1814 3fbc 0F000000 			.word	0x0000000F, 0xFFF00000, 0x00000000
 1814      0000F0FF 
 1814      00000000 
 1815 3fc8 1F000000 			.word	0x0000001F, 0xFFE00000, 0x00000000
 1815      0000E0FF 
 1815      00000000 
 1816 3fd4 1F000000 			.word	0x0000001F, 0xFFE00000, 0x00000000
 1816      0000E0FF 
 1816      00000000 
 1817 3fe0 1F000000 			.word	0x0000001F, 0xFFE00000, 0x00000000
 1817      0000E0FF 
 1817      00000000 
 1818 3fec 3F000000 			.word	0x0000003F, 0xFFC00000, 0x00000000
ARM GAS  font_arial123.s 			page 75


 1818      0000C0FF 
 1818      00000000 
 1819 3ff8 3F000000 			.word	0x0000003F, 0xFFC00000, 0x00000000
 1819      0000C0FF 
 1819      00000000 
 1820 4004 3F000000 			.word	0x0000003F, 0xFF800000, 0x00000000
 1820      000080FF 
 1820      00000000 
 1821 4010 7F000000 			.word	0x0000007F, 0xFF800000, 0x00000000
 1821      000080FF 
 1821      00000000 
 1822 401c 7F000000 			.word	0x0000007F, 0xFF800000, 0x00000000
 1822      000080FF 
 1822      00000000 
 1823 4028 7F000000 			.word	0x0000007F, 0xFF000000, 0x00000000
 1823      000000FF 
 1823      00000000 
 1824 4034 FF000000 			.word	0x000000FF, 0xFF000000, 0x00000000
 1824      000000FF 
 1824      00000000 
 1825 4040 FF000000 			.word	0x000000FF, 0xFF000000, 0x00000000
 1825      000000FF 
 1825      00000000 
 1826 404c FF000000 			.word	0x000000FF, 0xFE000000, 0x00000000
 1826      000000FE 
 1826      00000000 
 1827 4058 FF010000 			.word	0x000001FF, 0xFE000000, 0x00000000
 1827      000000FE 
 1827      00000000 
 1828 4064 FF010000 			.word	0x000001FF, 0xFE000000, 0x00000000
 1828      000000FE 
 1828      00000000 
 1829 4070 FF010000 			.word	0x000001FF, 0xFC000000, 0x00000000
 1829      000000FC 
 1829      00000000 
 1830 407c FF030000 			.word	0x000003FF, 0xFC000000, 0x00000000
 1830      000000FC 
 1830      00000000 
 1831 4088 FF030000 			.word	0x000003FF, 0xFC000000, 0x00000000
 1831      000000FC 
 1831      00000000 
 1832 4094 FF030000 			.word	0x000003FF, 0xF8000000, 0x00000000
 1832      000000F8 
 1832      00000000 
 1833 40a0 FF030000 			.word	0x000003FF, 0xF8000000, 0x00000000
 1833      000000F8 
 1833      00000000 
 1834 40ac FF070000 			.word	0x000007FF, 0xF8000000, 0x00000000
 1834      000000F8 
 1834      00000000 
 1835 40b8 FF070000 			.word	0x000007FF, 0xF0000000, 0x00000000
 1835      000000F0 
 1835      00000000 
 1836 40c4 FF070000 			.word	0x000007FF, 0xF0000000, 0x00000000
 1836      000000F0 
 1836      00000000 
 1837 40d0 FF0F0000 			.word	0x00000FFF, 0xF0000000, 0x00000000
ARM GAS  font_arial123.s 			page 76


 1837      000000F0 
 1837      00000000 
 1838 40dc FF0F0000 			.word	0x00000FFF, 0xF0000000, 0x00000000
 1838      000000F0 
 1838      00000000 
 1839 40e8 FF0F0000 			.word	0x00000FFF, 0xE0000000, 0x00000000
 1839      000000E0 
 1839      00000000 
 1840 40f4 FF0F0000 			.word	0x00000FFF, 0xE0000000, 0x00000000
 1840      000000E0 
 1840      00000000 
 1841 4100 FF0F0000 			.word	0x00000FFF, 0xE0000000, 0x00000000
 1841      000000E0 
 1841      00000000 
 1842 410c FF1F0000 			.word	0x00001FFF, 0xE0000000, 0x00000000
 1842      000000E0 
 1842      00000000 
 1843 4118 FF1F0000 			.word	0x00001FFF, 0xC0000000, 0x00000000
 1843      000000C0 
 1843      00000000 
 1844 4124 FF1F0000 			.word	0x00001FFF, 0xC0000000, 0x00000000
 1844      000000C0 
 1844      00000000 
 1845 4130 FF1F0000 			.word	0x00001FFF, 0xC0000000, 0x00000000
 1845      000000C0 
 1845      00000000 
 1846 413c FF3F0000 			.word	0x00003FFF, 0xC0000000, 0x00000000
 1846      000000C0 
 1846      00000000 
 1847 4148 FF3F0000 			.word	0x00003FFF, 0xC0000000, 0x00000000
 1847      000000C0 
 1847      00000000 
 1848 4154 FF3F0000 			.word	0x00003FFF, 0x80000000, 0x00000000
 1848      00000080 
 1848      00000000 
 1849 4160 FF3F0000 			.word	0x00003FFF, 0x80000000, 0x00000000
 1849      00000080 
 1849      00000000 
 1850 416c FF3F0000 			.word	0x00003FFF, 0x80000000, 0x00000000
 1850      00000080 
 1850      00000000 
 1851 4178 FF3F0000 			.word	0x00003FFF, 0x80000000, 0x00000000
 1851      00000080 
 1851      00000000 
 1852 4184 FF7F0000 			.word	0x00007FFF, 0x80000000, 0x00000000
 1852      00000080 
 1852      00000000 
 1853 4190 FF7F0000 			.word	0x00007FFF, 0x00000000, 0x00000000
 1853      00000000 
 1853      00000000 
 1854 419c FF7F0000 			.word	0x00007FFF, 0x00000000, 0x00000000
 1854      00000000 
 1854      00000000 
 1855 41a8 FF7F0000 			.word	0x00007FFF, 0x00000000, 0x00000000
 1855      00000000 
 1855      00000000 
 1856 41b4 FF7F0000 			.word	0x00007FFF, 0x00000000, 0x00000000
ARM GAS  font_arial123.s 			page 77


 1856      00000000 
 1856      00000000 
 1857 41c0 FF7F0000 			.word	0x00007FFF, 0x00000000, 0x00000000
 1857      00000000 
 1857      00000000 
 1858 41cc FF7F0000 			.word	0x00007FFF, 0x00000000, 0x00000000
 1858      00000000 
 1858      00000000 
 1859 41d8 FFFF0000 			.word	0x0000FFFF, 0x00000000, 0x00000000
 1859      00000000 
 1859      00000000 
 1860 41e4 FFFF0000 			.word	0x0000FFFF, 0x00000000, 0x00000000
 1860      00000000 
 1860      00000000 
 1861 41f0 FEFF0000 			.word	0x0000FFFE, 0x00000000, 0x00000000
 1861      00000000 
 1861      00000000 
 1862 41fc FEFF0000 			.word	0x0000FFFE, 0x00000000, 0x00000000
 1862      00000000 
 1862      00000000 
 1863 4208 FEFF0000 			.word	0x0000FFFE, 0x00000000, 0x00000000
 1863      00000000 
 1863      00000000 
 1864 4214 FEFF0000 			.word	0x0000FFFE, 0x00000000, 0x00000000
 1864      00000000 
 1864      00000000 
 1865 4220 FEFF0000 			.word	0x0000FFFE, 0x00000000, 0x00000000
 1865      00000000 
 1865      00000000 
 1866 422c FEFF0000 			.word	0x0000FFFE, 0x00000000, 0x00000000
 1866      00000000 
 1866      00000000 
 1867              	
 1868              	EIGHT:
 1869 4238 38000000 			.word	'8			// ASCII "8" character
 1870 423c 58000000 			.word	88			// cell pixel width
 1871 4240 7A000000 			.word	CELLHGHT		// cell pixel height
 1872 4244 4C000000 			.word	76			// glyph pixel width
 1873 4248 78000000 			.word	120			// glyph pixel height
 1874 424c 06000000 			.word	6			// blank horizontal pixels before glyph
 1875 4250 06000000 			.word	6			// blank horizontal pixels after glyph
 1876 4254 02000000 			.word	2			// blank horizontal lines before glyph
 1877 4258 00000000 			.word	0			// blank horizontal lines after glyph
 1878              							// bit mapped glyph
 1879 425c 01000000 			.word	0x00000001, 0xFFF80000, 0x00000000
 1879      0000F8FF 
 1879      00000000 
 1880 4268 3F000000 			.word	0x0000003F, 0xFFFF8000, 0x00000000
 1880      0080FFFF 
 1880      00000000 
 1881 4274 FF010000 			.word	0x000001FF, 0xFFFFF000, 0x00000000
 1881      00F0FFFF 
 1881      00000000 
 1882 4280 FF070000 			.word	0x000007FF, 0xFFFFFE00, 0x00000000
 1882      00FEFFFF 
 1882      00000000 
 1883 428c FF1F0000 			.word	0x00001FFF, 0xFFFFFF80, 0x00000000
ARM GAS  font_arial123.s 			page 78


 1883      80FFFFFF 
 1883      00000000 
 1884 4298 FF7F0000 			.word	0x00007FFF, 0xFFFFFFC0, 0x00000000
 1884      C0FFFFFF 
 1884      00000000 
 1885 42a4 FFFF0000 			.word	0x0000FFFF, 0xFFFFFFF0, 0x00000000
 1885      F0FFFFFF 
 1885      00000000 
 1886 42b0 FFFF0100 			.word	0x0001FFFF, 0xFFFFFFF8, 0x00000000
 1886      F8FFFFFF 
 1886      00000000 
 1887 42bc FFFF0300 			.word	0x0003FFFF, 0xFFFFFFFC, 0x00000000
 1887      FCFFFFFF 
 1887      00000000 
 1888 42c8 FFFF0700 			.word	0x0007FFFF, 0xFFFFFFFE, 0x00000000
 1888      FEFFFFFF 
 1888      00000000 
 1889 42d4 FFFF0F00 			.word	0x000FFFFF, 0xFFFFFFFF, 0x00000000
 1889      FFFFFFFF 
 1889      00000000 
 1890 42e0 FFFF1F00 			.word	0x001FFFFF, 0xFFFFFFFF, 0x80000000
 1890      FFFFFFFF 
 1890      00000080 
 1891 42ec FFFF3F00 			.word	0x003FFFFF, 0x801FFFFF, 0xC0000000
 1891      FFFF1F80 
 1891      000000C0 
 1892 42f8 FCFF7F00 			.word	0x007FFFFC, 0x0003FFFF, 0xE0000000
 1892      FFFF0300 
 1892      000000E0 
 1893 4304 F0FFFF00 			.word	0x00FFFFF0, 0x0000FFFF, 0xE0000000
 1893      FFFF0000 
 1893      000000E0 
 1894 4310 C0FFFF00 			.word	0x00FFFFC0, 0x00003FFF, 0xF0000000
 1894      FF3F0000 
 1894      000000F0 
 1895 431c 80FFFF01 			.word	0x01FFFF80, 0x00001FFF, 0xF0000000
 1895      FF1F0000 
 1895      000000F0 
 1896 4328 00FFFF01 			.word	0x01FFFF00, 0x00000FFF, 0xF8000000
 1896      FF0F0000 
 1896      000000F8 
 1897 4334 00FEFF03 			.word	0x03FFFE00, 0x000007FF, 0xF8000000
 1897      FF070000 
 1897      000000F8 
 1898 4340 00FCFF03 			.word	0x03FFFC00, 0x000003FF, 0xFC000000
 1898      FF030000 
 1898      000000FC 
 1899 434c 00FCFF03 			.word	0x03FFFC00, 0x000003FF, 0xFC000000
 1899      FF030000 
 1899      000000FC 
 1900 4358 00F8FF07 			.word	0x07FFF800, 0x000001FF, 0xFE000000
 1900      FF010000 
 1900      000000FE 
 1901 4364 00F8FF07 			.word	0x07FFF800, 0x000001FF, 0xFE000000
 1901      FF010000 
 1901      000000FE 
 1902 4370 00F0FF07 			.word	0x07FFF000, 0x000000FF, 0xFE000000
ARM GAS  font_arial123.s 			page 79


 1902      FF000000 
 1902      000000FE 
 1903 437c 00F0FF07 			.word	0x07FFF000, 0x000000FF, 0xFE000000
 1903      FF000000 
 1903      000000FE 
 1904 4388 00F0FF0F 			.word	0x0FFFF000, 0x000000FF, 0xFF000000
 1904      FF000000 
 1904      000000FF 
 1905 4394 00E0FF0F 			.word	0x0FFFE000, 0x0000007F, 0xFF000000
 1905      7F000000 
 1905      000000FF 
 1906 43a0 00E0FF0F 			.word	0x0FFFE000, 0x0000007F, 0xFF000000
 1906      7F000000 
 1906      000000FF 
 1907 43ac 00E0FF0F 			.word	0x0FFFE000, 0x0000007F, 0xFF000000
 1907      7F000000 
 1907      000000FF 
 1908 43b8 00E0FF0F 			.word	0x0FFFE000, 0x0000007F, 0xFF000000
 1908      7F000000 
 1908      000000FF 
 1909 43c4 00E0FF0F 			.word	0x0FFFE000, 0x0000007F, 0xFF000000
 1909      7F000000 
 1909      000000FF 
 1910 43d0 00E0FF0F 			.word	0x0FFFE000, 0x0000007F, 0xFF000000
 1910      7F000000 
 1910      000000FF 
 1911 43dc 00E0FF0F 			.word	0x0FFFE000, 0x0000007F, 0xFF000000
 1911      7F000000 
 1911      000000FF 
 1912 43e8 00E0FF0F 			.word	0x0FFFE000, 0x0000007F, 0xFF000000
 1912      7F000000 
 1912      000000FF 
 1913 43f4 00E0FF0F 			.word	0x0FFFE000, 0x0000007F, 0xFF000000
 1913      7F000000 
 1913      000000FF 
 1914 4400 00F0FF0F 			.word	0x0FFFF000, 0x000000FF, 0xFF000000
 1914      FF000000 
 1914      000000FF 
 1915 440c 00F0FF07 			.word	0x07FFF000, 0x000000FF, 0xFE000000
 1915      FF000000 
 1915      000000FE 
 1916 4418 00F0FF07 			.word	0x07FFF000, 0x000000FF, 0xFE000000
 1916      FF000000 
 1916      000000FE 
 1917 4424 00F8FF07 			.word	0x07FFF800, 0x000001FF, 0xFE000000
 1917      FF010000 
 1917      000000FE 
 1918 4430 00F8FF07 			.word	0x07FFF800, 0x000001FF, 0xFE000000
 1918      FF010000 
 1918      000000FE 
 1919 443c 00FCFF03 			.word	0x03FFFC00, 0x000003FF, 0xFC000000
 1919      FF030000 
 1919      000000FC 
 1920 4448 00FCFF03 			.word	0x03FFFC00, 0x000003FF, 0xFC000000
 1920      FF030000 
 1920      000000FC 
 1921 4454 00FEFF01 			.word	0x01FFFE00, 0x000007FF, 0xF8000000
ARM GAS  font_arial123.s 			page 80


 1921      FF070000 
 1921      000000F8 
 1922 4460 00FFFF01 			.word	0x01FFFF00, 0x00000FFF, 0xF8000000
 1922      FF0F0000 
 1922      000000F8 
 1923 446c 80FFFF00 			.word	0x00FFFF80, 0x00001FFF, 0xF0000000
 1923      FF1F0000 
 1923      000000F0 
 1924 4478 C0FF7F00 			.word	0x007FFFC0, 0x00003FFF, 0xE0000000
 1924      FF3F0000 
 1924      000000E0 
 1925 4484 F0FF7F00 			.word	0x007FFFF0, 0x0000FFFF, 0xE0000000
 1925      FFFF0000 
 1925      000000E0 
 1926 4490 FCFF3F00 			.word	0x003FFFFC, 0x0003FFFF, 0xC0000000
 1926      FFFF0300 
 1926      000000C0 
 1927 449c FFFF1F00 			.word	0x001FFFFF, 0x801FFFFF, 0x80000000
 1927      FFFF1F80 
 1927      00000080 
 1928 44a8 FFFF0F00 			.word	0x000FFFFF, 0xFFFFFFFF, 0x00000000
 1928      FFFFFFFF 
 1928      00000000 
 1929 44b4 FFFF0300 			.word	0x0003FFFF, 0xFFFFFFFC, 0x00000000
 1929      FCFFFFFF 
 1929      00000000 
 1930 44c0 FFFF0100 			.word	0x0001FFFF, 0xFFFFFFF8, 0x00000000
 1930      F8FFFFFF 
 1930      00000000 
 1931 44cc FF7F0000 			.word	0x00007FFF, 0xFFFFFFE0, 0x00000000
 1931      E0FFFFFF 
 1931      00000000 
 1932 44d8 FF1F0000 			.word	0x00001FFF, 0xFFFFFF80, 0x00000000
 1932      80FFFFFF 
 1932      00000000 
 1933 44e4 FF030000 			.word	0x000003FF, 0xFFFFFE00, 0x00000000
 1933      00FEFFFF 
 1933      00000000 
 1934 44f0 FF1F0000 			.word	0x00001FFF, 0xFFFFFF80, 0x00000000
 1934      80FFFFFF 
 1934      00000000 
 1935 44fc FF7F0000 			.word	0x00007FFF, 0xFFFFFFE0, 0x00000000
 1935      E0FFFFFF 
 1935      00000000 
 1936 4508 FFFF0100 			.word	0x0001FFFF, 0xFFFFFFF8, 0x00000000
 1936      F8FFFFFF 
 1936      00000000 
 1937 4514 FFFF0700 			.word	0x0007FFFF, 0xFFFFFFFE, 0x00000000
 1937      FEFFFFFF 
 1937      00000000 
 1938 4520 FFFF1F00 			.word	0x001FFFFF, 0xFFFFFFFF, 0x00000000
 1938      FFFFFFFF 
 1938      00000000 
 1939 452c FFFF3F00 			.word	0x003FFFFF, 0xFFFFFFFF, 0x80000000
 1939      FFFFFFFF 
 1939      00000080 
 1940 4538 FFFF7F00 			.word	0x007FFFFF, 0x001FFFFF, 0xE0000000
ARM GAS  font_arial123.s 			page 81


 1940      FFFF1F00 
 1940      000000E0 
 1941 4544 F8FFFF00 			.word	0x00FFFFF8, 0x0001FFFF, 0xF0000000
 1941      FFFF0100 
 1941      000000F0 
 1942 4550 E0FFFF01 			.word	0x01FFFFE0, 0x00007FFF, 0xF8000000
 1942      FF7F0000 
 1942      000000F8 
 1943 455c 80FFFF03 			.word	0x03FFFF80, 0x00001FFF, 0xF8000000
 1943      FF1F0000 
 1943      000000F8 
 1944 4568 00FFFF07 			.word	0x07FFFF00, 0x00000FFF, 0xFC000000
 1944      FF0F0000 
 1944      000000FC 
 1945 4574 00FCFF07 			.word	0x07FFFC00, 0x000007FF, 0xFE000000
 1945      FF070000 
 1945      000000FE 
 1946 4580 00F8FF0F 			.word	0x0FFFF800, 0x000003FF, 0xFF000000
 1946      FF030000 
 1946      000000FF 
 1947 458c 00F0FF0F 			.word	0x0FFFF000, 0x000001FF, 0xFF000000
 1947      FF010000 
 1947      000000FF 
 1948 4598 00F0FF1F 			.word	0x1FFFF000, 0x000000FF, 0xFF800000
 1948      FF000000 
 1948      000080FF 
 1949 45a4 00E0FF1F 			.word	0x1FFFE000, 0x0000007F, 0xFF800000
 1949      7F000000 
 1949      000080FF 
 1950 45b0 00C0FF3F 			.word	0x3FFFC000, 0x0000003F, 0xFFC00000
 1950      3F000000 
 1950      0000C0FF 
 1951 45bc 00C0FF3F 			.word	0x3FFFC000, 0x0000003F, 0xFFC00000
 1951      3F000000 
 1951      0000C0FF 
 1952 45c8 0080FF7F 			.word	0x7FFF8000, 0x0000001F, 0xFFC00000
 1952      1F000000 
 1952      0000C0FF 
 1953 45d4 0080FF7F 			.word	0x7FFF8000, 0x0000001F, 0xFFE00000
 1953      1F000000 
 1953      0000E0FF 
 1954 45e0 0000FF7F 			.word	0x7FFF0000, 0x0000001F, 0xFFE00000
 1954      1F000000 
 1954      0000E0FF 
 1955 45ec 0000FF7F 			.word	0x7FFF0000, 0x0000000F, 0xFFE00000
 1955      0F000000 
 1955      0000E0FF 
 1956 45f8 0000FF7F 			.word	0x7FFF0000, 0x0000000F, 0xFFE00000
 1956      0F000000 
 1956      0000E0FF 
 1957 4604 0000FFFF 			.word	0xFFFF0000, 0x0000000F, 0xFFF00000
 1957      0F000000 
 1957      0000F0FF 
 1958 4610 0000FEFF 			.word	0xFFFE0000, 0x00000007, 0xFFF00000
 1958      07000000 
 1958      0000F0FF 
 1959 461c 0000FEFF 			.word	0xFFFE0000, 0x00000007, 0xFFF00000
ARM GAS  font_arial123.s 			page 82


 1959      07000000 
 1959      0000F0FF 
 1960 4628 0000FEFF 			.word	0xFFFE0000, 0x00000007, 0xFFF00000
 1960      07000000 
 1960      0000F0FF 
 1961 4634 0000FEFF 			.word	0xFFFE0000, 0x00000007, 0xFFF00000
 1961      07000000 
 1961      0000F0FF 
 1962 4640 0000FEFF 			.word	0xFFFE0000, 0x00000007, 0xFFF00000
 1962      07000000 
 1962      0000F0FF 
 1963 464c 0000FEFF 			.word	0xFFFE0000, 0x00000007, 0xFFF00000
 1963      07000000 
 1963      0000F0FF 
 1964 4658 0000FEFF 			.word	0xFFFE0000, 0x00000007, 0xFFF00000
 1964      07000000 
 1964      0000F0FF 
 1965 4664 0000FEFF 			.word	0xFFFE0000, 0x00000007, 0xFFF00000
 1965      07000000 
 1965      0000F0FF 
 1966 4670 0000FEFF 			.word	0xFFFE0000, 0x00000007, 0xFFF00000
 1966      07000000 
 1966      0000F0FF 
 1967 467c 0000FEFF 			.word	0xFFFE0000, 0x00000007, 0xFFF00000
 1967      07000000 
 1967      0000F0FF 
 1968 4688 0000FEFF 			.word	0xFFFE0000, 0x00000007, 0xFFF00000
 1968      07000000 
 1968      0000F0FF 
 1969 4694 0000FFFF 			.word	0xFFFF0000, 0x0000000F, 0xFFF00000
 1969      0F000000 
 1969      0000F0FF 
 1970 46a0 0000FF7F 			.word	0x7FFF0000, 0x0000000F, 0xFFE00000
 1970      0F000000 
 1970      0000E0FF 
 1971 46ac 0000FF7F 			.word	0x7FFF0000, 0x0000000F, 0xFFE00000
 1971      0F000000 
 1971      0000E0FF 
 1972 46b8 0080FF7F 			.word	0x7FFF8000, 0x0000000F, 0xFFE00000
 1972      0F000000 
 1972      0000E0FF 
 1973 46c4 0080FF7F 			.word	0x7FFF8000, 0x0000001F, 0xFFE00000
 1973      1F000000 
 1973      0000E0FF 
 1974 46d0 0080FF3F 			.word	0x3FFF8000, 0x0000001F, 0xFFC00000
 1974      1F000000 
 1974      0000C0FF 
 1975 46dc 00C0FF3F 			.word	0x3FFFC000, 0x0000003F, 0xFFC00000
 1975      3F000000 
 1975      0000C0FF 
 1976 46e8 00C0FF3F 			.word	0x3FFFC000, 0x0000003F, 0xFFC00000
 1976      3F000000 
 1976      0000C0FF 
 1977 46f4 00E0FF1F 			.word	0x1FFFE000, 0x0000007F, 0xFF800000
 1977      7F000000 
 1977      000080FF 
 1978 4700 00F0FF1F 			.word	0x1FFFF000, 0x000000FF, 0xFF800000
ARM GAS  font_arial123.s 			page 83


 1978      FF000000 
 1978      000080FF 
 1979 470c 00F0FF0F 			.word	0x0FFFF000, 0x000000FF, 0xFF000000
 1979      FF000000 
 1979      000000FF 
 1980 4718 00F8FF0F 			.word	0x0FFFF800, 0x000001FF, 0xFF000000
 1980      FF010000 
 1980      000000FF 
 1981 4724 00FCFF07 			.word	0x07FFFC00, 0x000003FF, 0xFE000000
 1981      FF030000 
 1981      000000FE 
 1982 4730 00FFFF07 			.word	0x07FFFF00, 0x00000FFF, 0xFE000000
 1982      FF0F0000 
 1982      000000FE 
 1983 473c 80FFFF03 			.word	0x03FFFF80, 0x00001FFF, 0xFC000000
 1983      FF1F0000 
 1983      000000FC 
 1984 4748 E0FFFF01 			.word	0x01FFFFE0, 0x00007FFF, 0xF8000000
 1984      FF7F0000 
 1984      000000F8 
 1985 4754 FCFFFF00 			.word	0x00FFFFFC, 0x0001FFFF, 0xF8000000
 1985      FFFF0100 
 1985      000000F8 
 1986 4760 FFFFFF00 			.word	0x00FFFFFF, 0x800FFFFF, 0xF0000000
 1986      FFFF0F80 
 1986      000000F0 
 1987 476c FFFF7F00 			.word	0x007FFFFF, 0xFFFFFFFF, 0xE0000000
 1987      FFFFFFFF 
 1987      000000E0 
 1988 4778 FFFF3F00 			.word	0x003FFFFF, 0xFFFFFFFF, 0xC0000000
 1988      FFFFFFFF 
 1988      000000C0 
 1989 4784 FFFF1F00 			.word	0x001FFFFF, 0xFFFFFFFF, 0x80000000
 1989      FFFFFFFF 
 1989      00000080 
 1990 4790 FFFF0F00 			.word	0x000FFFFF, 0xFFFFFFFF, 0x00000000
 1990      FFFFFFFF 
 1990      00000000 
 1991 479c FFFF0300 			.word	0x0003FFFF, 0xFFFFFFFC, 0x00000000
 1991      FCFFFFFF 
 1991      00000000 
 1992 47a8 FFFF0100 			.word	0x0001FFFF, 0xFFFFFFF8, 0x00000000
 1992      F8FFFFFF 
 1992      00000000 
 1993 47b4 FF7F0000 			.word	0x00007FFF, 0xFFFFFFF0, 0x00000000
 1993      F0FFFFFF 
 1993      00000000 
 1994 47c0 FF3F0000 			.word	0x00003FFF, 0xFFFFFFC0, 0x00000000
 1994      C0FFFFFF 
 1994      00000000 
 1995 47cc FF0F0000 			.word	0x00000FFF, 0xFFFFFF00, 0x00000000
 1995      00FFFFFF 
 1995      00000000 
 1996 47d8 FF010000 			.word	0x000001FF, 0xFFFFF800, 0x00000000
 1996      00F8FFFF 
 1996      00000000 
 1997 47e4 3F000000 			.word	0x0000003F, 0xFFFFC000, 0x00000000
ARM GAS  font_arial123.s 			page 84


 1997      00C0FFFF 
 1997      00000000 
 1998 47f0 01000000 			.word	0x00000001, 0xFFF80000, 0x00000000
 1998      0000F8FF 
 1998      00000000 
 1999              	
 2000              	NINE:
 2001 47fc 39000000 			.word	'9			// ASCII "9" character
 2002 4800 58000000 			.word	88			// cell pixel width
 2003 4804 7A000000 			.word	CELLHGHT		// cell pixel height
 2004 4808 4D000000 			.word	77			// glyph pixel width
 2005 480c 78000000 			.word	120			// glyph pixel height
 2006 4810 05000000 			.word	5			// blank horizontal pixels before glyph
 2007 4814 06000000 			.word	6			// blank horizontal pixels after glyph
 2008 4818 02000000 			.word	2			// blank horizontal lines before glyph
 2009 481c 00000000 			.word	0			// blank horizontal lines after glyph
 2010              							// bit mapped glyph
 2011 4820 03000000 			.word	0x00000003, 0xFFE00000, 0x00000000
 2011      0000E0FF 
 2011      00000000 
 2012 482c 3F000000 			.word	0x0000003F, 0xFFFF0000, 0x00000000
 2012      0000FFFF 
 2012      00000000 
 2013 4838 FF010000 			.word	0x000001FF, 0xFFFFE000, 0x00000000
 2013      00E0FFFF 
 2013      00000000 
 2014 4844 FF070000 			.word	0x000007FF, 0xFFFFF800, 0x00000000
 2014      00F8FFFF 
 2014      00000000 
 2015 4850 FF1F0000 			.word	0x00001FFF, 0xFFFFFE00, 0x00000000
 2015      00FEFFFF 
 2015      00000000 
 2016 485c FF7F0000 			.word	0x00007FFF, 0xFFFFFF80, 0x00000000
 2016      80FFFFFF 
 2016      00000000 
 2017 4868 FFFF0000 			.word	0x0000FFFF, 0xFFFFFFC0, 0x00000000
 2017      C0FFFFFF 
 2017      00000000 
 2018 4874 FFFF0300 			.word	0x0003FFFF, 0xFFFFFFF0, 0x00000000
 2018      F0FFFFFF 
 2018      00000000 
 2019 4880 FFFF0700 			.word	0x0007FFFF, 0xFFFFFFF8, 0x00000000
 2019      F8FFFFFF 
 2019      00000000 
 2020 488c FFFF0F00 			.word	0x000FFFFF, 0xFFFFFFFC, 0x00000000
 2020      FCFFFFFF 
 2020      00000000 
 2021 4898 FFFF1F00 			.word	0x001FFFFF, 0xFFFFFFFE, 0x00000000
 2021      FEFFFFFF 
 2021      00000000 
 2022 48a4 FFFF3F00 			.word	0x003FFFFF, 0xFFFFFFFF, 0x00000000
 2022      FFFFFFFF 
 2022      00000000 
 2023 48b0 FFFF7F00 			.word	0x007FFFFF, 0xC00FFFFF, 0x80000000
 2023      FFFF0FC0 
 2023      00000080 
 2024 48bc FCFFFF00 			.word	0x00FFFFFC, 0x0001FFFF, 0xC0000000
ARM GAS  font_arial123.s 			page 85


 2024      FFFF0100 
 2024      000000C0 
 2025 48c8 F0FFFF01 			.word	0x01FFFFF0, 0x00007FFF, 0xE0000000
 2025      FF7F0000 
 2025      000000E0 
 2026 48d4 E0FFFF01 			.word	0x01FFFFE0, 0x00001FFF, 0xE0000000
 2026      FF1F0000 
 2026      000000E0 
 2027 48e0 80FFFF03 			.word	0x03FFFF80, 0x00000FFF, 0xF0000000
 2027      FF0F0000 
 2027      000000F0 
 2028 48ec 00FFFF07 			.word	0x07FFFF00, 0x000007FF, 0xF8000000
 2028      FF070000 
 2028      000000F8 
 2029 48f8 00FEFF07 			.word	0x07FFFE00, 0x000003FF, 0xF8000000
 2029      FF030000 
 2029      000000F8 
 2030 4904 00FCFF0F 			.word	0x0FFFFC00, 0x000001FF, 0xFC000000
 2030      FF010000 
 2030      000000FC 
 2031 4910 00F8FF0F 			.word	0x0FFFF800, 0x000000FF, 0xFE000000
 2031      FF000000 
 2031      000000FE 
 2032 491c 00F0FF1F 			.word	0x1FFFF000, 0x0000007F, 0xFE000000
 2032      7F000000 
 2032      000000FE 
 2033 4928 00F0FF1F 			.word	0x1FFFF000, 0x0000007F, 0xFF000000
 2033      7F000000 
 2033      000000FF 
 2034 4934 00E0FF1F 			.word	0x1FFFE000, 0x0000003F, 0xFF000000
 2034      3F000000 
 2034      000000FF 
 2035 4940 00C0FF3F 			.word	0x3FFFC000, 0x0000003F, 0xFF000000
 2035      3F000000 
 2035      000000FF 
 2036 494c 00C0FF3F 			.word	0x3FFFC000, 0x0000001F, 0xFF800000
 2036      1F000000 
 2036      000080FF 
 2037 4958 0080FF3F 			.word	0x3FFF8000, 0x0000001F, 0xFF800000
 2037      1F000000 
 2037      000080FF 
 2038 4964 0080FF7F 			.word	0x7FFF8000, 0x0000001F, 0xFF800000
 2038      1F000000 
 2038      000080FF 
 2039 4970 0080FF7F 			.word	0x7FFF8000, 0x0000000F, 0xFFC00000
 2039      0F000000 
 2039      0000C0FF 
 2040 497c 0000FF7F 			.word	0x7FFF0000, 0x0000000F, 0xFFC00000
 2040      0F000000 
 2040      0000C0FF 
 2041 4988 0000FF7F 			.word	0x7FFF0000, 0x0000000F, 0xFFC00000
 2041      0F000000 
 2041      0000C0FF 
 2042 4994 0000FF7F 			.word	0x7FFF0000, 0x0000000F, 0xFFE00000
 2042      0F000000 
 2042      0000E0FF 
 2043 49a0 0000FFFF 			.word	0xFFFF0000, 0x00000007, 0xFFE00000
ARM GAS  font_arial123.s 			page 86


 2043      07000000 
 2043      0000E0FF 
 2044 49ac 0000FEFF 			.word	0xFFFE0000, 0x00000007, 0xFFE00000
 2044      07000000 
 2044      0000E0FF 
 2045 49b8 0000FEFF 			.word	0xFFFE0000, 0x00000007, 0xFFE00000
 2045      07000000 
 2045      0000E0FF 
 2046 49c4 0000FEFF 			.word	0xFFFE0000, 0x00000007, 0xFFE00000
 2046      07000000 
 2046      0000E0FF 
 2047 49d0 0000FEFF 			.word	0xFFFE0000, 0x00000007, 0xFFF00000
 2047      07000000 
 2047      0000F0FF 
 2048 49dc 0000FEFF 			.word	0xFFFE0000, 0x00000007, 0xFFF00000
 2048      07000000 
 2048      0000F0FF 
 2049 49e8 0000FEFF 			.word	0xFFFE0000, 0x00000007, 0xFFF00000
 2049      07000000 
 2049      0000F0FF 
 2050 49f4 0000FEFF 			.word	0xFFFE0000, 0x00000007, 0xFFF00000
 2050      07000000 
 2050      0000F0FF 
 2051 4a00 0000FEFF 			.word	0xFFFE0000, 0x00000007, 0xFFF00000
 2051      07000000 
 2051      0000F0FF 
 2052 4a0c 0000FEFF 			.word	0xFFFE0000, 0x00000007, 0xFFF00000
 2052      07000000 
 2052      0000F0FF 
 2053 4a18 0000FEFF 			.word	0xFFFE0000, 0x00000007, 0xFFF00000
 2053      07000000 
 2053      0000F0FF 
 2054 4a24 0000FEFF 			.word	0xFFFE0000, 0x00000007, 0xFFF00000
 2054      07000000 
 2054      0000F0FF 
 2055 4a30 0000FEFF 			.word	0xFFFE0000, 0x00000007, 0xFFF80000
 2055      07000000 
 2055      0000F8FF 
 2056 4a3c 0000FFFF 			.word	0xFFFF0000, 0x0000000F, 0xFFF80000
 2056      0F000000 
 2056      0000F8FF 
 2057 4a48 0000FFFF 			.word	0xFFFF0000, 0x0000000F, 0xFFF80000
 2057      0F000000 
 2057      0000F8FF 
 2058 4a54 0000FF7F 			.word	0x7FFF0000, 0x0000000F, 0xFFF80000
 2058      0F000000 
 2058      0000F8FF 
 2059 4a60 0000FF7F 			.word	0x7FFF0000, 0x0000000F, 0xFFF80000
 2059      0F000000 
 2059      0000F8FF 
 2060 4a6c 0080FF7F 			.word	0x7FFF8000, 0x0000001F, 0xFFF80000
 2060      1F000000 
 2060      0000F8FF 
 2061 4a78 0080FF7F 			.word	0x7FFF8000, 0x0000001F, 0xFFF80000
 2061      1F000000 
 2061      0000F8FF 
 2062 4a84 00C0FF7F 			.word	0x7FFFC000, 0x0000003F, 0xFFF80000
ARM GAS  font_arial123.s 			page 87


 2062      3F000000 
 2062      0000F8FF 
 2063 4a90 00C0FF3F 			.word	0x3FFFC000, 0x0000003F, 0xFFF80000
 2063      3F000000 
 2063      0000F8FF 
 2064 4a9c 00E0FF3F 			.word	0x3FFFE000, 0x0000007F, 0xFFF80000
 2064      7F000000 
 2064      0000F8FF 
 2065 4aa8 00E0FF3F 			.word	0x3FFFE000, 0x0000007F, 0xFFF80000
 2065      7F000000 
 2065      0000F8FF 
 2066 4ab4 00F0FF1F 			.word	0x1FFFF000, 0x000000FF, 0xFFF80000
 2066      FF000000 
 2066      0000F8FF 
 2067 4ac0 00F8FF1F 			.word	0x1FFFF800, 0x000001FF, 0xFFF80000
 2067      FF010000 
 2067      0000F8FF 
 2068 4acc 00FCFF1F 			.word	0x1FFFFC00, 0x000003FF, 0xFFF80000
 2068      FF030000 
 2068      0000F8FF 
 2069 4ad8 00FEFF0F 			.word	0x0FFFFE00, 0x000007FF, 0xFFF80000
 2069      FF070000 
 2069      0000F8FF 
 2070 4ae4 00FFFF0F 			.word	0x0FFFFF00, 0x00000FFF, 0xFFF80000
 2070      FF0F0000 
 2070      0000F8FF 
 2071 4af0 80FFFF07 			.word	0x07FFFF80, 0x00001FFF, 0xFFF80000
 2071      FF1F0000 
 2071      0000F8FF 
 2072 4afc E0FFFF07 			.word	0x07FFFFE0, 0x00007FFF, 0xFFF80000
 2072      FF7F0000 
 2072      0000F8FF 
 2073 4b08 F8FFFF03 			.word	0x03FFFFF8, 0x0001FFFF, 0xFFF80000
 2073      FFFF0100 
 2073      0000F8FF 
 2074 4b14 FFFFFF01 			.word	0x01FFFFFF, 0x801FFFFB, 0xFFF80000
 2074      FBFF1F80 
 2074      0000F8FF 
 2075 4b20 FFFFFF01 			.word	0x01FFFFFF, 0xFFFFFFFB, 0xFFF80000
 2075      FBFFFFFF 
 2075      0000F8FF 
 2076 4b2c FFFFFF00 			.word	0x00FFFFFF, 0xFFFFFFF3, 0xFFF80000
 2076      F3FFFFFF 
 2076      0000F8FF 
 2077 4b38 FFFF7F00 			.word	0x007FFFFF, 0xFFFFFFE3, 0xFFF80000
 2077      E3FFFFFF 
 2077      0000F8FF 
 2078 4b44 FFFF3F00 			.word	0x003FFFFF, 0xFFFFFFC3, 0xFFF80000
 2078      C3FFFFFF 
 2078      0000F8FF 
 2079 4b50 FFFF1F00 			.word	0x001FFFFF, 0xFFFFFF83, 0xFFF80000
 2079      83FFFFFF 
 2079      0000F8FF 
 2080 4b5c FFFF0F00 			.word	0x000FFFFF, 0xFFFFFF03, 0xFFF80000
 2080      03FFFFFF 
 2080      0000F8FF 
 2081 4b68 FFFF0700 			.word	0x0007FFFF, 0xFFFFFE03, 0xFFF00000
ARM GAS  font_arial123.s 			page 88


 2081      03FEFFFF 
 2081      0000F0FF 
 2082 4b74 FFFF0300 			.word	0x0003FFFF, 0xFFFFFC03, 0xFFF00000
 2082      03FCFFFF 
 2082      0000F0FF 
 2083 4b80 FFFF0000 			.word	0x0000FFFF, 0xFFFFF003, 0xFFF00000
 2083      03F0FFFF 
 2083      0000F0FF 
 2084 4b8c FF7F0000 			.word	0x00007FFF, 0xFFFFE003, 0xFFF00000
 2084      03E0FFFF 
 2084      0000F0FF 
 2085 4b98 FF1F0000 			.word	0x00001FFF, 0xFFFF8003, 0xFFF00000
 2085      0380FFFF 
 2085      0000F0FF 
 2086 4ba4 FF070000 			.word	0x000007FF, 0xFFFE0007, 0xFFF00000
 2086      0700FEFF 
 2086      0000F0FF 
 2087 4bb0 FF000000 			.word	0x000000FF, 0xFFF00007, 0xFFF00000
 2087      0700F0FF 
 2087      0000F0FF 
 2088 4bbc 0F000000 			.word	0x0000000F, 0xFF000007, 0xFFF00000
 2088      070000FF 
 2088      0000F0FF 
 2089 4bc8 00000000 			.word	0x00000000, 0x00000007, 0xFFF00000
 2089      07000000 
 2089      0000F0FF 
 2090 4bd4 00000000 			.word	0x00000000, 0x00000007, 0xFFE00000
 2090      07000000 
 2090      0000E0FF 
 2091 4be0 00000000 			.word	0x00000000, 0x00000007, 0xFFE00000
 2091      07000000 
 2091      0000E0FF 
 2092 4bec 00000000 			.word	0x00000000, 0x0000000F, 0xFFE00000
 2092      0F000000 
 2092      0000E0FF 
 2093 4bf8 00000000 			.word	0x00000000, 0x0000000F, 0xFFE00000
 2093      0F000000 
 2093      0000E0FF 
 2094 4c04 00000000 			.word	0x00000000, 0x0000000F, 0xFFE00000
 2094      0F000000 
 2094      0000E0FF 
 2095 4c10 00000000 			.word	0x00000000, 0x0000000F, 0xFFC00000
 2095      0F000000 
 2095      0000C0FF 
 2096 4c1c 00000000 			.word	0x00000000, 0x0000001F, 0xFFC00000
 2096      1F000000 
 2096      0000C0FF 
 2097 4c28 00000000 			.word	0x00000000, 0x0000001F, 0xFFC00000
 2097      1F000000 
 2097      0000C0FF 
 2098 4c34 00000000 			.word	0x00000000, 0x0000001F, 0xFFC00000
 2098      1F000000 
 2098      0000C0FF 
 2099 4c40 00000000 			.word	0x00000000, 0x0000001F, 0xFF800000
 2099      1F000000 
 2099      000080FF 
 2100 4c4c 00807F00 			.word	0x007F8000, 0x0000003F, 0xFF800000
ARM GAS  font_arial123.s 			page 89


 2100      3F000000 
 2100      000080FF 
 2101 4c58 0080FF3F 			.word	0x3FFF8000, 0x0000003F, 0xFF800000
 2101      3F000000 
 2101      000080FF 
 2102 4c64 0080FF3F 			.word	0x3FFF8000, 0x0000007F, 0xFF800000
 2102      7F000000 
 2102      000080FF 
 2103 4c70 00C0FF3F 			.word	0x3FFFC000, 0x0000007F, 0xFF000000
 2103      7F000000 
 2103      000000FF 
 2104 4c7c 00C0FF1F 			.word	0x1FFFC000, 0x0000007F, 0xFF000000
 2104      7F000000 
 2104      000000FF 
 2105 4c88 00C0FF1F 			.word	0x1FFFC000, 0x000000FF, 0xFE000000
 2105      FF000000 
 2105      000000FE 
 2106 4c94 00E0FF1F 			.word	0x1FFFE000, 0x000000FF, 0xFE000000
 2106      FF000000 
 2106      000000FE 
 2107 4ca0 00E0FF1F 			.word	0x1FFFE000, 0x000001FF, 0xFE000000
 2107      FF010000 
 2107      000000FE 
 2108 4cac 00E0FF0F 			.word	0x0FFFE000, 0x000001FF, 0xFC000000
 2108      FF010000 
 2108      000000FC 
 2109 4cb8 00F0FF0F 			.word	0x0FFFF000, 0x000003FF, 0xFC000000
 2109      FF030000 
 2109      000000FC 
 2110 4cc4 00F0FF0F 			.word	0x0FFFF000, 0x000007FF, 0xF8000000
 2110      FF070000 
 2110      000000F8 
 2111 4cd0 00F8FF07 			.word	0x07FFF800, 0x000007FF, 0xF8000000
 2111      FF070000 
 2111      000000F8 
 2112 4cdc 00FCFF07 			.word	0x07FFFC00, 0x00000FFF, 0xF0000000
 2112      FF0F0000 
 2112      000000F0 
 2113 4ce8 00FEFF07 			.word	0x07FFFE00, 0x00001FFF, 0xE0000000
 2113      FF1F0000 
 2113      000000E0 
 2114 4cf4 00FEFF03 			.word	0x03FFFE00, 0x00007FFF, 0xE0000000
 2114      FF7F0000 
 2114      000000E0 
 2115 4d00 80FFFF03 			.word	0x03FFFF80, 0x0000FFFF, 0xC0000000
 2115      FFFF0000 
 2115      000000C0 
 2116 4d0c C0FFFF01 			.word	0x01FFFFC0, 0x0003FFFF, 0x80000000
 2116      FFFF0300 
 2116      00000080 
 2117 4d18 F0FFFF00 			.word	0x00FFFFF0, 0x000FFFFF, 0x00000000
 2117      FFFF0F00 
 2117      00000000 
 2118 4d24 FEFFFF00 			.word	0x00FFFFFE, 0x007FFFFF, 0x00000000
 2118      FFFF7F00 
 2118      00000000 
 2119 4d30 FFFF7F00 			.word	0x007FFFFF, 0xFFFFFFFE, 0x00000000
ARM GAS  font_arial123.s 			page 90


 2119      FEFFFFFF 
 2119      00000000 
 2120 4d3c FFFF3F00 			.word	0x003FFFFF, 0xFFFFFFFC, 0x00000000
 2120      FCFFFFFF 
 2120      00000000 
 2121 4d48 FFFF1F00 			.word	0x001FFFFF, 0xFFFFFFF8, 0x00000000
 2121      F8FFFFFF 
 2121      00000000 
 2122 4d54 FFFF0F00 			.word	0x000FFFFF, 0xFFFFFFF0, 0x00000000
 2122      F0FFFFFF 
 2122      00000000 
 2123 4d60 FFFF0700 			.word	0x0007FFFF, 0xFFFFFFC0, 0x00000000
 2123      C0FFFFFF 
 2123      00000000 
 2124 4d6c FFFF0300 			.word	0x0003FFFF, 0xFFFFFF80, 0x00000000
 2124      80FFFFFF 
 2124      00000000 
 2125 4d78 FFFF0000 			.word	0x0000FFFF, 0xFFFFFE00, 0x00000000
 2125      00FEFFFF 
 2125      00000000 
 2126 4d84 FF7F0000 			.word	0x00007FFF, 0xFFFFFC00, 0x00000000
 2126      00FCFFFF 
 2126      00000000 
 2127 4d90 FF1F0000 			.word	0x00001FFF, 0xFFFFF000, 0x00000000
 2127      00F0FFFF 
 2127      00000000 
 2128 4d9c FF070000 			.word	0x000007FF, 0xFFFF8000, 0x00000000
 2128      0080FFFF 
 2128      00000000 
 2129 4da8 FF000000 			.word	0x000000FF, 0xFFFC0000, 0x00000000
 2129      0000FCFF 
 2129      00000000 
 2130 4db4 0F000000 			.word	0x0000000F, 0xFFC00000, 0x00000000
 2130      0000C0FF 
 2130      00000000 
 2131              	
 2132              	COLON:
 2133 4dc0 3A000000 			.word	':			// ASCII ":" character
 2134 4dc4 2A000000 			.word	42			// cell pixel width
 2135 4dc8 7A000000 			.word	CELLHGHT		// cell pixel height
 2136 4dcc 10000000 			.word	16			// glyph pixel width
 2137 4dd0 56000000 			.word	86			// glyph pixel height
 2138 4dd4 0D000000 			.word	13			// blank horizontal pixels before glyph
 2139 4dd8 0D000000 			.word	13			// blank horizontal pixels after glyph
 2140 4ddc 12000000 			.word	18			// blank horizontal lines before glyph
 2141 4de0 12000000 			.word	18			// blank horizontal lines after glyph
 2142              							// bit mapped glyph
 2143 4de4 0000FFFF 			.word	0xFFFF0000
 2144 4de8 0000FFFF 			.word	0xFFFF0000
 2145 4dec 0000FFFF 			.word	0xFFFF0000
 2146 4df0 0000FFFF 			.word	0xFFFF0000
 2147 4df4 0000FFFF 			.word	0xFFFF0000
 2148 4df8 0000FFFF 			.word	0xFFFF0000
 2149 4dfc 0000FFFF 			.word	0xFFFF0000
 2150 4e00 0000FFFF 			.word	0xFFFF0000
 2151 4e04 0000FFFF 			.word	0xFFFF0000
 2152 4e08 0000FFFF 			.word	0xFFFF0000
ARM GAS  font_arial123.s 			page 91


 2153 4e0c 0000FFFF 			.word	0xFFFF0000
 2154 4e10 0000FFFF 			.word	0xFFFF0000
 2155 4e14 0000FFFF 			.word	0xFFFF0000
 2156 4e18 0000FFFF 			.word	0xFFFF0000
 2157 4e1c 0000FFFF 			.word	0xFFFF0000
 2158 4e20 0000FFFF 			.word	0xFFFF0000
 2159 4e24 00000000 			.word	0x00000000
 2160 4e28 00000000 			.word	0x00000000
 2161 4e2c 00000000 			.word	0x00000000
 2162 4e30 00000000 			.word	0x00000000
 2163 4e34 00000000 			.word	0x00000000
 2164 4e38 00000000 			.word	0x00000000
 2165 4e3c 00000000 			.word	0x00000000
 2166 4e40 00000000 			.word	0x00000000
 2167 4e44 00000000 			.word	0x00000000
 2168 4e48 00000000 			.word	0x00000000
 2169 4e4c 00000000 			.word	0x00000000
 2170 4e50 00000000 			.word	0x00000000
 2171 4e54 00000000 			.word	0x00000000
 2172 4e58 00000000 			.word	0x00000000
 2173 4e5c 00000000 			.word	0x00000000
 2174 4e60 00000000 			.word	0x00000000
 2175 4e64 00000000 			.word	0x00000000
 2176 4e68 00000000 			.word	0x00000000
 2177 4e6c 00000000 			.word	0x00000000
 2178 4e70 00000000 			.word	0x00000000
 2179 4e74 00000000 			.word	0x00000000
 2180 4e78 00000000 			.word	0x00000000
 2181 4e7c 00000000 			.word	0x00000000
 2182 4e80 00000000 			.word	0x00000000
 2183 4e84 00000000 			.word	0x00000000
 2184 4e88 00000000 			.word	0x00000000
 2185 4e8c 00000000 			.word	0x00000000
 2186 4e90 00000000 			.word	0x00000000
 2187 4e94 00000000 			.word	0x00000000
 2188 4e98 00000000 			.word	0x00000000
 2189 4e9c 00000000 			.word	0x00000000
 2190 4ea0 00000000 			.word	0x00000000
 2191 4ea4 00000000 			.word	0x00000000
 2192 4ea8 00000000 			.word	0x00000000
 2193 4eac 00000000 			.word	0x00000000
 2194 4eb0 00000000 			.word	0x00000000
 2195 4eb4 00000000 			.word	0x00000000
 2196 4eb8 00000000 			.word	0x00000000
 2197 4ebc 00000000 			.word	0x00000000
 2198 4ec0 00000000 			.word	0x00000000
 2199 4ec4 00000000 			.word	0x00000000
 2200 4ec8 00000000 			.word	0x00000000
 2201 4ecc 00000000 			.word	0x00000000
 2202 4ed0 00000000 			.word	0x00000000
 2203 4ed4 00000000 			.word	0x00000000
 2204 4ed8 00000000 			.word	0x00000000
 2205 4edc 00000000 			.word	0x00000000
 2206 4ee0 00000000 			.word	0x00000000
 2207 4ee4 00000000 			.word	0x00000000
 2208 4ee8 00000000 			.word	0x00000000
 2209 4eec 00000000 			.word	0x00000000
ARM GAS  font_arial123.s 			page 92


 2210 4ef0 00000000 			.word	0x00000000
 2211 4ef4 00000000 			.word	0x00000000
 2212 4ef8 00000000 			.word	0x00000000
 2213 4efc 0000FFFF 			.word	0xFFFF0000
 2214 4f00 0000FFFF 			.word	0xFFFF0000
 2215 4f04 0000FFFF 			.word	0xFFFF0000
 2216 4f08 0000FFFF 			.word	0xFFFF0000
 2217 4f0c 0000FFFF 			.word	0xFFFF0000
 2218 4f10 0000FFFF 			.word	0xFFFF0000
 2219 4f14 0000FFFF 			.word	0xFFFF0000
 2220 4f18 0000FFFF 			.word	0xFFFF0000
 2221 4f1c 0000FFFF 			.word	0xFFFF0000
 2222 4f20 0000FFFF 			.word	0xFFFF0000
 2223 4f24 0000FFFF 			.word	0xFFFF0000
 2224 4f28 0000FFFF 			.word	0xFFFF0000
 2225 4f2c 0000FFFF 			.word	0xFFFF0000
 2226 4f30 0000FFFF 			.word	0xFFFF0000
 2227 4f34 0000FFFF 			.word	0xFFFF0000
 2228 4f38 0000FFFF 			.word	0xFFFF0000
 2229              	
 2230              	AT_SIGN:
 2231 4f3c 40000000 			.word	'@			// ASCII "@" character
 2232 4f40 71000000 			.word	113			// cell pixel width
 2233 4f44 7A000000 			.word	CELLHGHT		// cell pixel height
 2234 4f48 63000000 			.word	99			// glyph pixel width
 2235 4f4c 65000000 			.word	101			// glyph pixel height
 2236 4f50 08000000 			.word	8			// blank horizontal pixels before glyph
 2237 4f54 06000000 			.word	6			// blank horizontal pixels after glyph
 2238 4f58 0A000000 			.word	10			// blank horizontal lines before glyph
 2239 4f5c 0B000000 			.word	11			// blank horizontal lines after glyph
 2240              							// bit mapped glyph
 2241 4f60 00000000 			.word	0x00000000, 0x000FFFE0, 0x00000000, 0x00000000
 2241      E0FF0F00 
 2241      00000000 
 2241      00000000 
 2242 4f70 00000000 			.word	0x00000000, 0x03FFFFFF, 0x80000000, 0x00000000
 2242      FFFFFF03 
 2242      00000080 
 2242      00000000 
 2243 4f80 00000000 			.word	0x00000000, 0x3FFFFFFF, 0xF0000000, 0x00000000
 2243      FFFFFF3F 
 2243      000000F0 
 2243      00000000 
 2244 4f90 01000000 			.word	0x00000001, 0xFFFFFFFF, 0xFE000000, 0x00000000
 2244      FFFFFFFF 
 2244      000000FE 
 2244      00000000 
 2245 4fa0 07000000 			.word	0x00000007, 0xFFFFFFFF, 0xFFC00000, 0x00000000
 2245      FFFFFFFF 
 2245      0000C0FF 
 2245      00000000 
 2246 4fb0 1F000000 			.word	0x0000001F, 0xFFFFFFFF, 0xFFF00000, 0x00000000
 2246      FFFFFFFF 
 2246      0000F0FF 
 2246      00000000 
 2247 4fc0 7F000000 			.word	0x0000007F, 0xFFFFFFFF, 0xFFF80000, 0x00000000
 2247      FFFFFFFF 
ARM GAS  font_arial123.s 			page 93


 2247      0000F8FF 
 2247      00000000 
 2248 4fd0 FF000000 			.word	0x000000FF, 0xFFFFFFFF, 0xFFFE0000, 0x00000000
 2248      FFFFFFFF 
 2248      0000FEFF 
 2248      00000000 
 2249 4fe0 FF030000 			.word	0x000003FF, 0xFFFFFFFF, 0xFFFF0000, 0x00000000
 2249      FFFFFFFF 
 2249      0000FFFF 
 2249      00000000 
 2250 4ff0 FF070000 			.word	0x000007FF, 0xFFFFFFFF, 0xFFFFC000, 0x00000000
 2250      FFFFFFFF 
 2250      00C0FFFF 
 2250      00000000 
 2251 5000 FF1F0000 			.word	0x00001FFF, 0xFFF0001F, 0xFFFFE000, 0x00000000
 2251      1F00F0FF 
 2251      00E0FFFF 
 2251      00000000 
 2252 5010 FF3F0000 			.word	0x00003FFF, 0xFE000001, 0xFFFFF000, 0x00000000
 2252      010000FE 
 2252      00F0FFFF 
 2252      00000000 
 2253 5020 FF7F0000 			.word	0x00007FFF, 0xF0000000, 0x1FFFF800, 0x00000000
 2253      000000F0 
 2253      00F8FF1F 
 2253      00000000 
 2254 5030 FFFF0000 			.word	0x0000FFFF, 0x80000000, 0x07FFFC00, 0x00000000
 2254      00000080 
 2254      00FCFF07 
 2254      00000000 
 2255 5040 FEFF0100 			.word	0x0001FFFE, 0x00000000, 0x00FFFE00, 0x00000000
 2255      00000000 
 2255      00FEFF00 
 2255      00000000 
 2256 5050 F8FF0300 			.word	0x0003FFF8, 0x00000000, 0x007FFF00, 0x00000000
 2256      00000000 
 2256      00FF7F00 
 2256      00000000 
 2257 5060 E0FF0700 			.word	0x0007FFE0, 0x00000000, 0x001FFF80, 0x00000000
 2257      00000000 
 2257      80FF1F00 
 2257      00000000 
 2258 5070 C0FF0F00 			.word	0x000FFFC0, 0x00000000, 0x0007FF80, 0x00000000
 2258      00000000 
 2258      80FF0700 
 2258      00000000 
 2259 5080 00FF0F00 			.word	0x000FFF00, 0x00000000, 0x0003FFC0, 0x00000000
 2259      00000000 
 2259      C0FF0300 
 2259      00000000 
 2260 5090 00FE1F00 			.word	0x001FFE00, 0x00000000, 0x0001FFE0, 0x00000000
 2260      00000000 
 2260      E0FF0100 
 2260      00000000 
 2261 50a0 00FC3F00 			.word	0x003FFC00, 0x00000000, 0x0000FFE0, 0x00000000
 2261      00000000 
 2261      E0FF0000 
ARM GAS  font_arial123.s 			page 94


 2261      00000000 
 2262 50b0 00F03F00 			.word	0x003FF000, 0x001FE000, 0x00007FF0, 0x00000000
 2262      00E01F00 
 2262      F07F0000 
 2262      00000000 
 2263 50c0 00E07F00 			.word	0x007FE000, 0x00FFFC00, 0x7FC03FF0, 0x00000000
 2263      00FCFF00 
 2263      F03FC07F 
 2263      00000000 
 2264 50d0 00E0FF00 			.word	0x00FFE000, 0x03FFFF00, 0xFFC01FF8, 0x00000000
 2264      00FFFF03 
 2264      F81FC0FF 
 2264      00000000 
 2265 50e0 00C0FF00 			.word	0x00FFC000, 0x0FFFFFC0, 0xFFC00FF8, 0x00000000
 2265      C0FFFF0F 
 2265      F80FC0FF 
 2265      00000000 
 2266 50f0 0080FF01 			.word	0x01FF8000, 0x1FFFFFE0, 0xFF800FFC, 0x00000000
 2266      E0FFFF1F 
 2266      FC0F80FF 
 2266      00000000 
 2267 5100 0000FF01 			.word	0x01FF0000, 0x7FFFFFF0, 0xFF8007FC, 0x00000000
 2267      F0FFFF7F 
 2267      FC0780FF 
 2267      00000000 
 2268 5110 0000FE03 			.word	0x03FE0000, 0xFFFFFFF8, 0xFF8003FC, 0x00000000
 2268      F8FFFFFF 
 2268      FC0380FF 
 2268      00000000 
 2269 5120 0100FE03 			.word	0x03FE0001, 0xFFFFFFF8, 0xFF8003FE, 0x00000000
 2269      F8FFFFFF 
 2269      FE0380FF 
 2269      00000000 
 2270 5130 0300FC07 			.word	0x07FC0003, 0xFFFFFFFD, 0xFF8003FE, 0x00000000
 2270      FDFFFFFF 
 2270      FE0380FF 
 2270      00000000 
 2271 5140 0700F807 			.word	0x07F80007, 0xFFFFFFFF, 0xFF0001FE, 0x00000000
 2271      FFFFFFFF 
 2271      FE0100FF 
 2271      00000000 
 2272 5150 0F00F80F 			.word	0x0FF8000F, 0xFFF00FFF, 0xFF0001FF, 0x00000000
 2272      FF0FF0FF 
 2272      FF0100FF 
 2272      00000000 
 2273 5160 0F00F00F 			.word	0x0FF0000F, 0xFF8003FF, 0xFF0000FF, 0x00000000
 2273      FF0380FF 
 2273      FF0000FF 
 2273      00000000 
 2274 5170 1F00F00F 			.word	0x0FF0001F, 0xFF0001FF, 0xFF0000FF, 0x00000000
 2274      FF0100FF 
 2274      FF0000FF 
 2274      00000000 
 2275 5180 3F00E01F 			.word	0x1FE0003F, 0xFC00007F, 0xFE0000FF, 0x00000000
 2275      7F0000FC 
 2275      FF0000FE 
 2275      00000000 
ARM GAS  font_arial123.s 			page 95


 2276 5190 3F00E01F 			.word	0x1FE0003F, 0xF800007F, 0xFE0000FF, 0x00000000
 2276      7F0000F8 
 2276      FF0000FE 
 2276      00000000 
 2277 51a0 7F00E01F 			.word	0x1FE0007F, 0xF000003F, 0xFE00007F, 0x00000000
 2277      3F0000F0 
 2277      7F0000FE 
 2277      00000000 
 2278 51b0 7F00C03F 			.word	0x3FC0007F, 0xF000001F, 0xFE00007F, 0x80000000
 2278      1F0000F0 
 2278      7F0000FE 
 2278      00000080 
 2279 51c0 FF00C03F 			.word	0x3FC000FF, 0xE000001F, 0xFE00007F, 0x80000000
 2279      1F0000E0 
 2279      7F0000FE 
 2279      00000080 
 2280 51d0 FF00C03F 			.word	0x3FC000FF, 0xC000001F, 0xFC00007F, 0x80000000
 2280      1F0000C0 
 2280      7F0000FC 
 2280      00000080 
 2281 51e0 FF01807F 			.word	0x7F8001FF, 0x8000000F, 0xFC00007F, 0x80000000
 2281      0F000080 
 2281      7F0000FC 
 2281      00000080 
 2282 51f0 FF01807F 			.word	0x7F8001FF, 0x8000000F, 0xFC00007F, 0x80000000
 2282      0F000080 
 2282      7F0000FC 
 2282      00000080 
 2283 5200 FF03807F 			.word	0x7F8003FF, 0x0000000F, 0xFC00007F, 0x80000000
 2283      0F000000 
 2283      7F0000FC 
 2283      00000080 
 2284 5210 FF03807F 			.word	0x7F8003FF, 0x0000000F, 0xFC00007F, 0x80000000
 2284      0F000000 
 2284      7F0000FC 
 2284      00000080 
 2285 5220 FF03007F 			.word	0x7F0003FF, 0x0000000F, 0xF800007F, 0x00000000
 2285      0F000000 
 2285      7F0000F8 
 2285      00000000 
 2286 5230 FE07007F 			.word	0x7F0007FE, 0x0000000F, 0xF800007F, 0x00000000
 2286      0F000000 
 2286      7F0000F8 
 2286      00000000 
 2287 5240 FE0700FF 			.word	0xFF0007FE, 0x0000000F, 0xF800007F, 0x00000000
 2287      0F000000 
 2287      7F0000F8 
 2287      00000000 
 2288 5250 FE0700FF 			.word	0xFF0007FE, 0x0000000F, 0xF80000FF, 0x00000000
 2288      0F000000 
 2288      FF0000F8 
 2288      00000000 
 2289 5260 FC0700FF 			.word	0xFF0007FC, 0x0000000F, 0xF00000FF, 0x00000000
 2289      0F000000 
 2289      FF0000F0 
 2289      00000000 
 2290 5270 FC0700FF 			.word	0xFF0007FC, 0x0000000F, 0xF00000FF, 0x00000000
ARM GAS  font_arial123.s 			page 96


 2290      0F000000 
 2290      FF0000F0 
 2290      00000000 
 2291 5280 FC0F00FF 			.word	0xFF000FFC, 0x0000001F, 0xF00000FE, 0x00000000
 2291      1F000000 
 2291      FE0000F0 
 2291      00000000 
 2292 5290 FC0F00FF 			.word	0xFF000FFC, 0x0000001F, 0xF00001FE, 0x00000000
 2292      1F000000 
 2292      FE0100F0 
 2292      00000000 
 2293 52a0 FC0F00FF 			.word	0xFF000FFC, 0x0000001F, 0xF00001FE, 0x00000000
 2293      1F000000 
 2293      FE0100F0 
 2293      00000000 
 2294 52b0 F80F00FF 			.word	0xFF000FF8, 0x0000003F, 0xE00003FC, 0x00000000
 2294      3F000000 
 2294      FC0300E0 
 2294      00000000 
 2295 52c0 F80F00FF 			.word	0xFF000FF8, 0x0000003F, 0xE00003FC, 0x00000000
 2295      3F000000 
 2295      FC0300E0 
 2295      00000000 
 2296 52d0 F80F00FF 			.word	0xFF000FF8, 0x0000003F, 0xE00007FC, 0x00000000
 2296      3F000000 
 2296      FC0700E0 
 2296      00000000 
 2297 52e0 FC0F00FF 			.word	0xFF000FFC, 0x0000007F, 0xE00007F8, 0x00000000
 2297      7F000000 
 2297      F80700E0 
 2297      00000000 
 2298 52f0 FC0F00FF 			.word	0xFF000FFC, 0x0000007F, 0xE0000FF8, 0x00000000
 2298      7F000000 
 2298      F80F00E0 
 2298      00000000 
 2299 5300 FC0F00FF 			.word	0xFF000FFC, 0x000000FF, 0xC0000FF0, 0x00000000
 2299      FF000000 
 2299      F00F00C0 
 2299      00000000 
 2300 5310 FC0700FF 			.word	0xFF0007FC, 0x000001FF, 0xC0001FF0, 0x00000000
 2300      FF010000 
 2300      F01F00C0 
 2300      00000000 
 2301 5320 FC0700FF 			.word	0xFF0007FC, 0x000003FF, 0xC0003FE0, 0x00000000
 2301      FF030000 
 2301      E03F00C0 
 2301      00000000 
 2302 5330 FE07007F 			.word	0x7F0007FE, 0x000003FF, 0xC0007FE0, 0x00000000
 2302      FF030000 
 2302      E07F00C0 
 2302      00000000 
 2303 5340 FE07807F 			.word	0x7F8007FE, 0x000007FF, 0x8000FFC0, 0x00000000
 2303      FF070000 
 2303      C0FF0080 
 2303      00000000 
 2304 5350 FF03807F 			.word	0x7F8003FF, 0x00000FFF, 0x8001FF80, 0x00000000
 2304      FF0F0000 
ARM GAS  font_arial123.s 			page 97


 2304      80FF0180 
 2304      00000000 
 2305 5360 FF03807F 			.word	0x7F8003FF, 0x80003FFF, 0x8003FF00, 0x00000000
 2305      FF3F0080 
 2305      00FF0380 
 2305      00000000 
 2306 5370 FF03807F 			.word	0x7F8003FF, 0xC0007FFF, 0x8007FF00, 0x00000000
 2306      FF7F00C0 
 2306      00FF0780 
 2306      00000000 
 2307 5380 FF01C07F 			.word	0x7FC001FF, 0xE001FFFF, 0x801FFE00, 0x00000000
 2307      FFFF01E0 
 2307      00FE1F80 
 2307      00000000 
 2308 5390 FF01C03F 			.word	0x3FC001FF, 0xFC0FFFFF, 0xC03FFC00, 0x00000000
 2308      FFFF0FFC 
 2308      00FC3FC0 
 2308      00000000 
 2309 53a0 FF00C03F 			.word	0x3FC000FF, 0xFFFFFFFF, 0xE1FFF800, 0x00000000
 2309      FFFFFFFF 
 2309      00F8FFE1 
 2309      00000000 
 2310 53b0 FF00E03F 			.word	0x3FE000FF, 0xFFFFFFFF, 0xFFFFF000, 0x00000000
 2310      FFFFFFFF 
 2310      00F0FFFF 
 2310      00000000 
 2311 53c0 7F00E01F 			.word	0x1FE0007F, 0xFFFFFDFF, 0xFFFFE000, 0x00000000
 2311      FFFDFFFF 
 2311      00E0FFFF 
 2311      00000000 
 2312 53d0 3F00F01F 			.word	0x1FF0003F, 0xFFFFF9FF, 0xFFFFC000, 0x00000000
 2312      FFF9FFFF 
 2312      00C0FFFF 
 2312      00000000 
 2313 53e0 1F00F01F 			.word	0x1FF0001F, 0xFFFFF0FF, 0xFFFF8000, 0x00000000
 2313      FFF0FFFF 
 2313      0080FFFF 
 2313      00000000 
 2314 53f0 0F00F80F 			.word	0x0FF8000F, 0xFFFFE0FF, 0xFFFE0000, 0x00000000
 2314      FFE0FFFF 
 2314      0000FEFF 
 2314      00000000 
 2315 5400 0700FC0F 			.word	0x0FFC0007, 0xFFFF807F, 0xFFFC0000, 0x00000000
 2315      7F80FFFF 
 2315      0000FCFF 
 2315      00000000 
 2316 5410 0300FC07 			.word	0x07FC0003, 0xFFFF007F, 0xFFF00000, 0x00000000
 2316      7F00FFFF 
 2316      0000F0FF 
 2316      00000000 
 2317 5420 0000FE07 			.word	0x07FE0000, 0xFFFC001F, 0xFF800000, 0x00000000
 2317      1F00FCFF 
 2317      000080FF 
 2317      00000000 
 2318 5430 0000FF03 			.word	0x03FF0000, 0x1FE00007, 0xFC00007F, 0xE0000000
 2318      0700E01F 
 2318      7F0000FC 
ARM GAS  font_arial123.s 			page 98


 2318      000000E0 
 2319 5440 0080FF03 			.word	0x03FF8000, 0x00000000, 0x000000FF, 0xC0000000
 2319      00000000 
 2319      FF000000 
 2319      000000C0 
 2320 5450 00C0FF01 			.word	0x01FFC000, 0x00000000, 0x000001FF, 0xC0000000
 2320      00000000 
 2320      FF010000 
 2320      000000C0 
 2321 5460 00E0FF01 			.word	0x01FFE000, 0x00000000, 0x000003FF, 0x80000000
 2321      00000000 
 2321      FF030000 
 2321      00000080 
 2322 5470 00F0FF00 			.word	0x00FFF000, 0x00000000, 0x000007FF, 0x00000000
 2322      00000000 
 2322      FF070000 
 2322      00000000 
 2323 5480 00F87F00 			.word	0x007FF800, 0x00000000, 0x00000FFF, 0x00000000
 2323      00000000 
 2323      FF0F0000 
 2323      00000000 
 2324 5490 00FE3F00 			.word	0x003FFE00, 0x00000000, 0x00003FFE, 0x00000000
 2324      00000000 
 2324      FE3F0000 
 2324      00000000 
 2325 54a0 00FF3F00 			.word	0x003FFF00, 0x00000000, 0x00007FFC, 0x00000000
 2325      00000000 
 2325      FC7F0000 
 2325      00000000 
 2326 54b0 C0FF1F00 			.word	0x001FFFC0, 0x00000000, 0x0001FFF8, 0x00000000
 2326      00000000 
 2326      F8FF0100 
 2326      00000000 
 2327 54c0 F8FF0F00 			.word	0x000FFFF8, 0x00000000, 0x0007FFF0, 0x00000000
 2327      00000000 
 2327      F0FF0700 
 2327      00000000 
 2328 54d0 FEFF0700 			.word	0x0007FFFE, 0x00000000, 0x003FFFE0, 0x00000000
 2328      00000000 
 2328      E0FF3F00 
 2328      00000000 
 2329 54e0 FFFF0300 			.word	0x0003FFFF, 0xC0000000, 0x00FFFFC0, 0x00000000
 2329      000000C0 
 2329      C0FFFF00 
 2329      00000000 
 2330 54f0 FFFF0100 			.word	0x0001FFFF, 0xFC000000, 0x0FFFFF80, 0x00000000
 2330      000000FC 
 2330      80FFFF0F 
 2330      00000000 
 2331 5500 FF7F0000 			.word	0x00007FFF, 0xFFF00003, 0xFFFFFE00, 0x00000000
 2331      0300F0FF 
 2331      00FEFFFF 
 2331      00000000 
 2332 5510 FF3F0000 			.word	0x00003FFF, 0xFFFFFFFF, 0xFFFFFC00, 0x00000000
 2332      FFFFFFFF 
 2332      00FCFFFF 
 2332      00000000 
ARM GAS  font_arial123.s 			page 99


 2333 5520 FF1F0000 			.word	0x00001FFF, 0xFFFFFFFF, 0xFFFFF800, 0x00000000
 2333      FFFFFFFF 
 2333      00F8FFFF 
 2333      00000000 
 2334 5530 FF070000 			.word	0x000007FF, 0xFFFFFFFF, 0xFFFFE000, 0x00000000
 2334      FFFFFFFF 
 2334      00E0FFFF 
 2334      00000000 
 2335 5540 FF010000 			.word	0x000001FF, 0xFFFFFFFF, 0xFFFF8000, 0x00000000
 2335      FFFFFFFF 
 2335      0080FFFF 
 2335      00000000 
 2336 5550 7F000000 			.word	0x0000007F, 0xFFFFFFFF, 0xFFFE0000, 0x00000000
 2336      FFFFFFFF 
 2336      0000FEFF 
 2336      00000000 
 2337 5560 1F000000 			.word	0x0000001F, 0xFFFFFFFF, 0xFFF80000, 0x00000000
 2337      FFFFFFFF 
 2337      0000F8FF 
 2337      00000000 
 2338 5570 03000000 			.word	0x00000003, 0xFFFFFFFF, 0xFFE00000, 0x00000000
 2338      FFFFFFFF 
 2338      0000E0FF 
 2338      00000000 
 2339 5580 00000000 			.word	0x00000000, 0x7FFFFFFF, 0xFF000000, 0x00000000
 2339      FFFFFF7F 
 2339      000000FF 
 2339      00000000 
 2340 5590 00000000 			.word	0x00000000, 0x07FFFFFF, 0xF0000000, 0x00000000
 2340      FFFFFF07 
 2340      000000F0 
 2340      00000000 
 2341 55a0 00000000 			.word	0x00000000, 0x000FFFFC, 0x00000000, 0x00000000
 2341      FCFF0F00 
 2341      00000000 
 2341      00000000 
 2342              	
 2343              	UPPERCASE_E:
 2344 55b0 45000000 			.word	'E			// ASCII "E" character
 2345 55b4 6D000000 			.word	109			// cell pixel width
 2346 55b8 7A000000 			.word	CELLHGHT		// cell pixel height
 2347 55bc 57000000 			.word	87			// glyph pixel width
 2348 55c0 76000000 			.word	118			// glyph pixel height
 2349 55c4 0B000000 			.word	11			// blank horizontal pixels before glyph
 2350 55c8 0B000000 			.word	11			// blank horizontal pixels after glyph
 2351 55cc 02000000 			.word	2			// blank horizontal lines before glyph
 2352 55d0 02000000 			.word	2			// blank horizontal lines after glyph
 2353              							// bit mapped glyph
 2354 55d4 FFFFFFFF 			.word	0xFFFFFFFF, 0xFFFFFFFF, 0xFFFFF000
 2354      FFFFFFFF 
 2354      00F0FFFF 
 2355 55e0 FFFFFFFF 			.word	0xFFFFFFFF, 0xFFFFFFFF, 0xFFFFF000
 2355      FFFFFFFF 
 2355      00F0FFFF 
 2356 55ec FFFFFFFF 			.word	0xFFFFFFFF, 0xFFFFFFFF, 0xFFFFF000
 2356      FFFFFFFF 
 2356      00F0FFFF 
ARM GAS  font_arial123.s 			page 100


 2357 55f8 FFFFFFFF 			.word	0xFFFFFFFF, 0xFFFFFFFF, 0xFFFFF000
 2357      FFFFFFFF 
 2357      00F0FFFF 
 2358 5604 FFFFFFFF 			.word	0xFFFFFFFF, 0xFFFFFFFF, 0xFFFFF000
 2358      FFFFFFFF 
 2358      00F0FFFF 
 2359 5610 FFFFFFFF 			.word	0xFFFFFFFF, 0xFFFFFFFF, 0xFFFFF000
 2359      FFFFFFFF 
 2359      00F0FFFF 
 2360 561c FFFFFFFF 			.word	0xFFFFFFFF, 0xFFFFFFFF, 0xFFFFF000
 2360      FFFFFFFF 
 2360      00F0FFFF 
 2361 5628 FFFFFFFF 			.word	0xFFFFFFFF, 0xFFFFFFFF, 0xFFFFF000
 2361      FFFFFFFF 
 2361      00F0FFFF 
 2362 5634 FFFFFFFF 			.word	0xFFFFFFFF, 0xFFFFFFFF, 0xFFFFF000
 2362      FFFFFFFF 
 2362      00F0FFFF 
 2363 5640 FFFFFFFF 			.word	0xFFFFFFFF, 0xFFFFFFFF, 0xFFFFF000
 2363      FFFFFFFF 
 2363      00F0FFFF 
 2364 564c FFFFFFFF 			.word	0xFFFFFFFF, 0xFFFFFFFF, 0xFFFFF000
 2364      FFFFFFFF 
 2364      00F0FFFF 
 2365 5658 FFFFFFFF 			.word	0xFFFFFFFF, 0xFFFFFFFF, 0xFFFFF000
 2365      FFFFFFFF 
 2365      00F0FFFF 
 2366 5664 FFFFFFFF 			.word	0xFFFFFFFF, 0xFFFFFFFF, 0xFFFFF000
 2366      FFFFFFFF 
 2366      00F0FFFF 
 2367 5670 FFFFFFFF 			.word	0xFFFFFFFF, 0xFFFFFFFF, 0xFFFFF000
 2367      FFFFFFFF 
 2367      00F0FFFF 
 2368 567c 0000FEFF 			.word	0xFFFE0000, 0x00000000, 0x00000000
 2368      00000000 
 2368      00000000 
 2369 5688 0000FEFF 			.word	0xFFFE0000, 0x00000000, 0x00000000
 2369      00000000 
 2369      00000000 
 2370 5694 0000FEFF 			.word	0xFFFE0000, 0x00000000, 0x00000000
 2370      00000000 
 2370      00000000 
 2371 56a0 0000FEFF 			.word	0xFFFE0000, 0x00000000, 0x00000000
 2371      00000000 
 2371      00000000 
 2372 56ac 0000FEFF 			.word	0xFFFE0000, 0x00000000, 0x00000000
 2372      00000000 
 2372      00000000 
 2373 56b8 0000FEFF 			.word	0xFFFE0000, 0x00000000, 0x00000000
 2373      00000000 
 2373      00000000 
 2374 56c4 0000FEFF 			.word	0xFFFE0000, 0x00000000, 0x00000000
 2374      00000000 
 2374      00000000 
 2375 56d0 0000FEFF 			.word	0xFFFE0000, 0x00000000, 0x00000000
 2375      00000000 
 2375      00000000 
ARM GAS  font_arial123.s 			page 101


 2376 56dc 0000FEFF 			.word	0xFFFE0000, 0x00000000, 0x00000000
 2376      00000000 
 2376      00000000 
 2377 56e8 0000FEFF 			.word	0xFFFE0000, 0x00000000, 0x00000000
 2377      00000000 
 2377      00000000 
 2378 56f4 0000FEFF 			.word	0xFFFE0000, 0x00000000, 0x00000000
 2378      00000000 
 2378      00000000 
 2379 5700 0000FEFF 			.word	0xFFFE0000, 0x00000000, 0x00000000
 2379      00000000 
 2379      00000000 
 2380 570c 0000FEFF 			.word	0xFFFE0000, 0x00000000, 0x00000000
 2380      00000000 
 2380      00000000 
 2381 5718 0000FEFF 			.word	0xFFFE0000, 0x00000000, 0x00000000
 2381      00000000 
 2381      00000000 
 2382 5724 0000FEFF 			.word	0xFFFE0000, 0x00000000, 0x00000000
 2382      00000000 
 2382      00000000 
 2383 5730 0000FEFF 			.word	0xFFFE0000, 0x00000000, 0x00000000
 2383      00000000 
 2383      00000000 
 2384 573c 0000FEFF 			.word	0xFFFE0000, 0x00000000, 0x00000000
 2384      00000000 
 2384      00000000 
 2385 5748 0000FEFF 			.word	0xFFFE0000, 0x00000000, 0x00000000
 2385      00000000 
 2385      00000000 
 2386 5754 0000FEFF 			.word	0xFFFE0000, 0x00000000, 0x00000000
 2386      00000000 
 2386      00000000 
 2387 5760 0000FEFF 			.word	0xFFFE0000, 0x00000000, 0x00000000
 2387      00000000 
 2387      00000000 
 2388 576c 0000FEFF 			.word	0xFFFE0000, 0x00000000, 0x00000000
 2388      00000000 
 2388      00000000 
 2389 5778 0000FEFF 			.word	0xFFFE0000, 0x00000000, 0x00000000
 2389      00000000 
 2389      00000000 
 2390 5784 0000FEFF 			.word	0xFFFE0000, 0x00000000, 0x00000000
 2390      00000000 
 2390      00000000 
 2391 5790 0000FEFF 			.word	0xFFFE0000, 0x00000000, 0x00000000
 2391      00000000 
 2391      00000000 
 2392 579c 0000FEFF 			.word	0xFFFE0000, 0x00000000, 0x00000000
 2392      00000000 
 2392      00000000 
 2393 57a8 0000FEFF 			.word	0xFFFE0000, 0x00000000, 0x00000000
 2393      00000000 
 2393      00000000 
 2394 57b4 0000FEFF 			.word	0xFFFE0000, 0x00000000, 0x00000000
 2394      00000000 
 2394      00000000 
ARM GAS  font_arial123.s 			page 102


 2395 57c0 0000FEFF 			.word	0xFFFE0000, 0x00000000, 0x00000000
 2395      00000000 
 2395      00000000 
 2396 57cc 0000FEFF 			.word	0xFFFE0000, 0x00000000, 0x00000000
 2396      00000000 
 2396      00000000 
 2397 57d8 0000FEFF 			.word	0xFFFE0000, 0x00000000, 0x00000000
 2397      00000000 
 2397      00000000 
 2398 57e4 0000FEFF 			.word	0xFFFE0000, 0x00000000, 0x00000000
 2398      00000000 
 2398      00000000 
 2399 57f0 0000FEFF 			.word	0xFFFE0000, 0x00000000, 0x00000000
 2399      00000000 
 2399      00000000 
 2400 57fc 0000FEFF 			.word	0xFFFE0000, 0x00000000, 0x00000000
 2400      00000000 
 2400      00000000 
 2401 5808 0000FEFF 			.word	0xFFFE0000, 0x00000000, 0x00000000
 2401      00000000 
 2401      00000000 
 2402 5814 0000FEFF 			.word	0xFFFE0000, 0x00000000, 0x00000000
 2402      00000000 
 2402      00000000 
 2403 5820 0000FEFF 			.word	0xFFFE0000, 0x00000000, 0x00000000
 2403      00000000 
 2403      00000000 
 2404 582c FFFFFFFF 			.word	0xFFFFFFFF, 0xFFFFFFFF, 0xFFFF0000
 2404      FFFFFFFF 
 2404      0000FFFF 
 2405 5838 FFFFFFFF 			.word	0xFFFFFFFF, 0xFFFFFFFF, 0xFFFF0000
 2405      FFFFFFFF 
 2405      0000FFFF 
 2406 5844 FFFFFFFF 			.word	0xFFFFFFFF, 0xFFFFFFFF, 0xFFFF0000
 2406      FFFFFFFF 
 2406      0000FFFF 
 2407 5850 FFFFFFFF 			.word	0xFFFFFFFF, 0xFFFFFFFF, 0xFFFF0000
 2407      FFFFFFFF 
 2407      0000FFFF 
 2408 585c FFFFFFFF 			.word	0xFFFFFFFF, 0xFFFFFFFF, 0xFFFF0000
 2408      FFFFFFFF 
 2408      0000FFFF 
 2409 5868 FFFFFFFF 			.word	0xFFFFFFFF, 0xFFFFFFFF, 0xFFFF0000
 2409      FFFFFFFF 
 2409      0000FFFF 
 2410 5874 FFFFFFFF 			.word	0xFFFFFFFF, 0xFFFFFFFF, 0xFFFF0000
 2410      FFFFFFFF 
 2410      0000FFFF 
 2411 5880 FFFFFFFF 			.word	0xFFFFFFFF, 0xFFFFFFFF, 0xFFFF0000
 2411      FFFFFFFF 
 2411      0000FFFF 
 2412 588c FFFFFFFF 			.word	0xFFFFFFFF, 0xFFFFFFFF, 0xFFFF0000
 2412      FFFFFFFF 
 2412      0000FFFF 
 2413 5898 FFFFFFFF 			.word	0xFFFFFFFF, 0xFFFFFFFF, 0xFFFF0000
 2413      FFFFFFFF 
 2413      0000FFFF 
ARM GAS  font_arial123.s 			page 103


 2414 58a4 FFFFFFFF 			.word	0xFFFFFFFF, 0xFFFFFFFF, 0xFFFF0000
 2414      FFFFFFFF 
 2414      0000FFFF 
 2415 58b0 FFFFFFFF 			.word	0xFFFFFFFF, 0xFFFFFFFF, 0xFFFF0000
 2415      FFFFFFFF 
 2415      0000FFFF 
 2416 58bc FFFFFFFF 			.word	0xFFFFFFFF, 0xFFFFFFFF, 0xFFFF0000
 2416      FFFFFFFF 
 2416      0000FFFF 
 2417 58c8 FFFFFFFF 			.word	0xFFFFFFFF, 0xFFFFFFFF, 0xFFFF0000
 2417      FFFFFFFF 
 2417      0000FFFF 
 2418 58d4 0000FEFF 			.word	0xFFFE0000, 0x00000000, 0x00000000
 2418      00000000 
 2418      00000000 
 2419 58e0 0000FEFF 			.word	0xFFFE0000, 0x00000000, 0x00000000
 2419      00000000 
 2419      00000000 
 2420 58ec 0000FEFF 			.word	0xFFFE0000, 0x00000000, 0x00000000
 2420      00000000 
 2420      00000000 
 2421 58f8 0000FEFF 			.word	0xFFFE0000, 0x00000000, 0x00000000
 2421      00000000 
 2421      00000000 
 2422 5904 0000FEFF 			.word	0xFFFE0000, 0x00000000, 0x00000000
 2422      00000000 
 2422      00000000 
 2423 5910 0000FEFF 			.word	0xFFFE0000, 0x00000000, 0x00000000
 2423      00000000 
 2423      00000000 
 2424 591c 0000FEFF 			.word	0xFFFE0000, 0x00000000, 0x00000000
 2424      00000000 
 2424      00000000 
 2425 5928 0000FEFF 			.word	0xFFFE0000, 0x00000000, 0x00000000
 2425      00000000 
 2425      00000000 
 2426 5934 0000FEFF 			.word	0xFFFE0000, 0x00000000, 0x00000000
 2426      00000000 
 2426      00000000 
 2427 5940 0000FEFF 			.word	0xFFFE0000, 0x00000000, 0x00000000
 2427      00000000 
 2427      00000000 
 2428 594c 0000FEFF 			.word	0xFFFE0000, 0x00000000, 0x00000000
 2428      00000000 
 2428      00000000 
 2429 5958 0000FEFF 			.word	0xFFFE0000, 0x00000000, 0x00000000
 2429      00000000 
 2429      00000000 
 2430 5964 0000FEFF 			.word	0xFFFE0000, 0x00000000, 0x00000000
 2430      00000000 
 2430      00000000 
 2431 5970 0000FEFF 			.word	0xFFFE0000, 0x00000000, 0x00000000
 2431      00000000 
 2431      00000000 
 2432 597c 0000FEFF 			.word	0xFFFE0000, 0x00000000, 0x00000000
 2432      00000000 
 2432      00000000 
ARM GAS  font_arial123.s 			page 104


 2433 5988 0000FEFF 			.word	0xFFFE0000, 0x00000000, 0x00000000
 2433      00000000 
 2433      00000000 
 2434 5994 0000FEFF 			.word	0xFFFE0000, 0x00000000, 0x00000000
 2434      00000000 
 2434      00000000 
 2435 59a0 0000FEFF 			.word	0xFFFE0000, 0x00000000, 0x00000000
 2435      00000000 
 2435      00000000 
 2436 59ac 0000FEFF 			.word	0xFFFE0000, 0x00000000, 0x00000000
 2436      00000000 
 2436      00000000 
 2437 59b8 0000FEFF 			.word	0xFFFE0000, 0x00000000, 0x00000000
 2437      00000000 
 2437      00000000 
 2438 59c4 0000FEFF 			.word	0xFFFE0000, 0x00000000, 0x00000000
 2438      00000000 
 2438      00000000 
 2439 59d0 0000FEFF 			.word	0xFFFE0000, 0x00000000, 0x00000000
 2439      00000000 
 2439      00000000 
 2440 59dc 0000FEFF 			.word	0xFFFE0000, 0x00000000, 0x00000000
 2440      00000000 
 2440      00000000 
 2441 59e8 0000FEFF 			.word	0xFFFE0000, 0x00000000, 0x00000000
 2441      00000000 
 2441      00000000 
 2442 59f4 0000FEFF 			.word	0xFFFE0000, 0x00000000, 0x00000000
 2442      00000000 
 2442      00000000 
 2443 5a00 0000FEFF 			.word	0xFFFE0000, 0x00000000, 0x00000000
 2443      00000000 
 2443      00000000 
 2444 5a0c 0000FEFF 			.word	0xFFFE0000, 0x00000000, 0x00000000
 2444      00000000 
 2444      00000000 
 2445 5a18 0000FEFF 			.word	0xFFFE0000, 0x00000000, 0x00000000
 2445      00000000 
 2445      00000000 
 2446 5a24 0000FEFF 			.word	0xFFFE0000, 0x00000000, 0x00000000
 2446      00000000 
 2446      00000000 
 2447 5a30 0000FEFF 			.word	0xFFFE0000, 0x00000000, 0x00000000
 2447      00000000 
 2447      00000000 
 2448 5a3c 0000FEFF 			.word	0xFFFE0000, 0x00000000, 0x00000000
 2448      00000000 
 2448      00000000 
 2449 5a48 0000FEFF 			.word	0xFFFE0000, 0x00000000, 0x00000000
 2449      00000000 
 2449      00000000 
 2450 5a54 0000FEFF 			.word	0xFFFE0000, 0x00000000, 0x00000000
 2450      00000000 
 2450      00000000 
 2451 5a60 0000FEFF 			.word	0xFFFE0000, 0x00000000, 0x00000000
 2451      00000000 
 2451      00000000 
ARM GAS  font_arial123.s 			page 105


 2452 5a6c 0000FEFF 			.word	0xFFFE0000, 0x00000000, 0x00000000
 2452      00000000 
 2452      00000000 
 2453 5a78 0000FEFF 			.word	0xFFFE0000, 0x00000000, 0x00000000
 2453      00000000 
 2453      00000000 
 2454 5a84 0000FEFF 			.word	0xFFFE0000, 0x00000000, 0x00000000
 2454      00000000 
 2454      00000000 
 2455 5a90 0000FEFF 			.word	0xFFFE0000, 0x00000000, 0x00000000
 2455      00000000 
 2455      00000000 
 2456 5a9c 0000FEFF 			.word	0xFFFE0000, 0x00000000, 0x00000000
 2456      00000000 
 2456      00000000 
 2457 5aa8 0000FEFF 			.word	0xFFFE0000, 0x00000000, 0x00000000
 2457      00000000 
 2457      00000000 
 2458 5ab4 FFFFFFFF 			.word	0xFFFFFFFF, 0xFFFFFFFF, 0xFFFFFE00
 2458      FFFFFFFF 
 2458      00FEFFFF 
 2459 5ac0 FFFFFFFF 			.word	0xFFFFFFFF, 0xFFFFFFFF, 0xFFFFFE00
 2459      FFFFFFFF 
 2459      00FEFFFF 
 2460 5acc FFFFFFFF 			.word	0xFFFFFFFF, 0xFFFFFFFF, 0xFFFFFE00
 2460      FFFFFFFF 
 2460      00FEFFFF 
 2461 5ad8 FFFFFFFF 			.word	0xFFFFFFFF, 0xFFFFFFFF, 0xFFFFFE00
 2461      FFFFFFFF 
 2461      00FEFFFF 
 2462 5ae4 FFFFFFFF 			.word	0xFFFFFFFF, 0xFFFFFFFF, 0xFFFFFE00
 2462      FFFFFFFF 
 2462      00FEFFFF 
 2463 5af0 FFFFFFFF 			.word	0xFFFFFFFF, 0xFFFFFFFF, 0xFFFFFE00
 2463      FFFFFFFF 
 2463      00FEFFFF 
 2464 5afc FFFFFFFF 			.word	0xFFFFFFFF, 0xFFFFFFFF, 0xFFFFFE00
 2464      FFFFFFFF 
 2464      00FEFFFF 
 2465 5b08 FFFFFFFF 			.word	0xFFFFFFFF, 0xFFFFFFFF, 0xFFFFFE00
 2465      FFFFFFFF 
 2465      00FEFFFF 
 2466 5b14 FFFFFFFF 			.word	0xFFFFFFFF, 0xFFFFFFFF, 0xFFFFFE00
 2466      FFFFFFFF 
 2466      00FEFFFF 
 2467 5b20 FFFFFFFF 			.word	0xFFFFFFFF, 0xFFFFFFFF, 0xFFFFFE00
 2467      FFFFFFFF 
 2467      00FEFFFF 
 2468 5b2c FFFFFFFF 			.word	0xFFFFFFFF, 0xFFFFFFFF, 0xFFFFFE00
 2468      FFFFFFFF 
 2468      00FEFFFF 
 2469 5b38 FFFFFFFF 			.word	0xFFFFFFFF, 0xFFFFFFFF, 0xFFFFFE00
 2469      FFFFFFFF 
 2469      00FEFFFF 
 2470 5b44 FFFFFFFF 			.word	0xFFFFFFFF, 0xFFFFFFFF, 0xFFFFFE00
 2470      FFFFFFFF 
 2470      00FEFFFF 
ARM GAS  font_arial123.s 			page 106


 2471 5b50 FFFFFFFF 			.word	0xFFFFFFFF, 0xFFFFFFFF, 0xFFFFFE00
 2471      FFFFFFFF 
 2471      00FEFFFF 
 2472              	
 2473              	UPPERCASE_F:
 2474 5b5c 46000000 			.word	'F			// ASCII "F" character
 2475 5b60 65000000 			.word	101			// cell pixel width
 2476 5b64 7A000000 			.word	CELLHGHT		// cell pixel height
 2477 5b68 4F000000 			.word	79			// glyph pixel width
 2478 5b6c 76000000 			.word	118			// glyph pixel height
 2479 5b70 0B000000 			.word	11			// blank horizontal pixels before glyph
 2480 5b74 0B000000 			.word	11			// blank horizontal pixels after glyph
 2481 5b78 02000000 			.word	2			// blank horizontal lines before glyph
 2482 5b7c 02000000 			.word	2			// blank horizontal lines after glyph
 2483              							// bit mapped glyph
 2484 5b80 FFFFFFFF 			.word	0xFFFFFFFF, 0xFFFFFFFF, 0xFFFE0000
 2484      FFFFFFFF 
 2484      0000FEFF 
 2485 5b8c FFFFFFFF 			.word	0xFFFFFFFF, 0xFFFFFFFF, 0xFFFE0000
 2485      FFFFFFFF 
 2485      0000FEFF 
 2486 5b98 FFFFFFFF 			.word	0xFFFFFFFF, 0xFFFFFFFF, 0xFFFE0000
 2486      FFFFFFFF 
 2486      0000FEFF 
 2487 5ba4 FFFFFFFF 			.word	0xFFFFFFFF, 0xFFFFFFFF, 0xFFFE0000
 2487      FFFFFFFF 
 2487      0000FEFF 
 2488 5bb0 FFFFFFFF 			.word	0xFFFFFFFF, 0xFFFFFFFF, 0xFFFE0000
 2488      FFFFFFFF 
 2488      0000FEFF 
 2489 5bbc FFFFFFFF 			.word	0xFFFFFFFF, 0xFFFFFFFF, 0xFFFE0000
 2489      FFFFFFFF 
 2489      0000FEFF 
 2490 5bc8 FFFFFFFF 			.word	0xFFFFFFFF, 0xFFFFFFFF, 0xFFFE0000
 2490      FFFFFFFF 
 2490      0000FEFF 
 2491 5bd4 FFFFFFFF 			.word	0xFFFFFFFF, 0xFFFFFFFF, 0xFFFE0000
 2491      FFFFFFFF 
 2491      0000FEFF 
 2492 5be0 FFFFFFFF 			.word	0xFFFFFFFF, 0xFFFFFFFF, 0xFFFE0000
 2492      FFFFFFFF 
 2492      0000FEFF 
 2493 5bec FFFFFFFF 			.word	0xFFFFFFFF, 0xFFFFFFFF, 0xFFFE0000
 2493      FFFFFFFF 
 2493      0000FEFF 
 2494 5bf8 FFFFFFFF 			.word	0xFFFFFFFF, 0xFFFFFFFF, 0xFFFE0000
 2494      FFFFFFFF 
 2494      0000FEFF 
 2495 5c04 FFFFFFFF 			.word	0xFFFFFFFF, 0xFFFFFFFF, 0xFFFE0000
 2495      FFFFFFFF 
 2495      0000FEFF 
 2496 5c10 FFFFFFFF 			.word	0xFFFFFFFF, 0xFFFFFFFF, 0xFFFE0000
 2496      FFFFFFFF 
 2496      0000FEFF 
 2497 5c1c FFFFFFFF 			.word	0xFFFFFFFF, 0xFFFFFFFF, 0xFFFE0000
 2497      FFFFFFFF 
 2497      0000FEFF 
ARM GAS  font_arial123.s 			page 107


 2498 5c28 0000FFFF 			.word	0xFFFF0000, 0x00000000, 0x00000000
 2498      00000000 
 2498      00000000 
 2499 5c34 0000FFFF 			.word	0xFFFF0000, 0x00000000, 0x00000000
 2499      00000000 
 2499      00000000 
 2500 5c40 0000FFFF 			.word	0xFFFF0000, 0x00000000, 0x00000000
 2500      00000000 
 2500      00000000 
 2501 5c4c 0000FFFF 			.word	0xFFFF0000, 0x00000000, 0x00000000
 2501      00000000 
 2501      00000000 
 2502 5c58 0000FFFF 			.word	0xFFFF0000, 0x00000000, 0x00000000
 2502      00000000 
 2502      00000000 
 2503 5c64 0000FFFF 			.word	0xFFFF0000, 0x00000000, 0x00000000
 2503      00000000 
 2503      00000000 
 2504 5c70 0000FFFF 			.word	0xFFFF0000, 0x00000000, 0x00000000
 2504      00000000 
 2504      00000000 
 2505 5c7c 0000FFFF 			.word	0xFFFF0000, 0x00000000, 0x00000000
 2505      00000000 
 2505      00000000 
 2506 5c88 0000FFFF 			.word	0xFFFF0000, 0x00000000, 0x00000000
 2506      00000000 
 2506      00000000 
 2507 5c94 0000FFFF 			.word	0xFFFF0000, 0x00000000, 0x00000000
 2507      00000000 
 2507      00000000 
 2508 5ca0 0000FFFF 			.word	0xFFFF0000, 0x00000000, 0x00000000
 2508      00000000 
 2508      00000000 
 2509 5cac 0000FFFF 			.word	0xFFFF0000, 0x00000000, 0x00000000
 2509      00000000 
 2509      00000000 
 2510 5cb8 0000FFFF 			.word	0xFFFF0000, 0x00000000, 0x00000000
 2510      00000000 
 2510      00000000 
 2511 5cc4 0000FFFF 			.word	0xFFFF0000, 0x00000000, 0x00000000
 2511      00000000 
 2511      00000000 
 2512 5cd0 0000FFFF 			.word	0xFFFF0000, 0x00000000, 0x00000000
 2512      00000000 
 2512      00000000 
 2513 5cdc 0000FFFF 			.word	0xFFFF0000, 0x00000000, 0x00000000
 2513      00000000 
 2513      00000000 
 2514 5ce8 0000FFFF 			.word	0xFFFF0000, 0x00000000, 0x00000000
 2514      00000000 
 2514      00000000 
 2515 5cf4 0000FFFF 			.word	0xFFFF0000, 0x00000000, 0x00000000
 2515      00000000 
 2515      00000000 
 2516 5d00 0000FFFF 			.word	0xFFFF0000, 0x00000000, 0x00000000
 2516      00000000 
 2516      00000000 
ARM GAS  font_arial123.s 			page 108


 2517 5d0c 0000FFFF 			.word	0xFFFF0000, 0x00000000, 0x00000000
 2517      00000000 
 2517      00000000 
 2518 5d18 0000FFFF 			.word	0xFFFF0000, 0x00000000, 0x00000000
 2518      00000000 
 2518      00000000 
 2519 5d24 0000FFFF 			.word	0xFFFF0000, 0x00000000, 0x00000000
 2519      00000000 
 2519      00000000 
 2520 5d30 0000FFFF 			.word	0xFFFF0000, 0x00000000, 0x00000000
 2520      00000000 
 2520      00000000 
 2521 5d3c 0000FFFF 			.word	0xFFFF0000, 0x00000000, 0x00000000
 2521      00000000 
 2521      00000000 
 2522 5d48 0000FFFF 			.word	0xFFFF0000, 0x00000000, 0x00000000
 2522      00000000 
 2522      00000000 
 2523 5d54 0000FFFF 			.word	0xFFFF0000, 0x00000000, 0x00000000
 2523      00000000 
 2523      00000000 
 2524 5d60 0000FFFF 			.word	0xFFFF0000, 0x00000000, 0x00000000
 2524      00000000 
 2524      00000000 
 2525 5d6c 0000FFFF 			.word	0xFFFF0000, 0x00000000, 0x00000000
 2525      00000000 
 2525      00000000 
 2526 5d78 0000FFFF 			.word	0xFFFF0000, 0x00000000, 0x00000000
 2526      00000000 
 2526      00000000 
 2527 5d84 0000FFFF 			.word	0xFFFF0000, 0x00000000, 0x00000000
 2527      00000000 
 2527      00000000 
 2528 5d90 0000FFFF 			.word	0xFFFF0000, 0x00000000, 0x00000000
 2528      00000000 
 2528      00000000 
 2529 5d9c 0000FFFF 			.word	0xFFFF0000, 0x00000000, 0x00000000
 2529      00000000 
 2529      00000000 
 2530 5da8 0000FFFF 			.word	0xFFFF0000, 0x00000000, 0x00000000
 2530      00000000 
 2530      00000000 
 2531 5db4 0000FFFF 			.word	0xFFFF0000, 0x00000000, 0x00000000
 2531      00000000 
 2531      00000000 
 2532 5dc0 0000FFFF 			.word	0xFFFF0000, 0x00000000, 0x00000000
 2532      00000000 
 2532      00000000 
 2533 5dcc 0000FFFF 			.word	0xFFFF0000, 0x00000000, 0x00000000
 2533      00000000 
 2533      00000000 
 2534 5dd8 FFFFFFFF 			.word	0xFFFFFFFF, 0xFFFFFFFF, 0xFE000000
 2534      FFFFFFFF 
 2534      000000FE 
 2535 5de4 FFFFFFFF 			.word	0xFFFFFFFF, 0xFFFFFFFF, 0xFE000000
 2535      FFFFFFFF 
 2535      000000FE 
ARM GAS  font_arial123.s 			page 109


 2536 5df0 FFFFFFFF 			.word	0xFFFFFFFF, 0xFFFFFFFF, 0xFE000000
 2536      FFFFFFFF 
 2536      000000FE 
 2537 5dfc FFFFFFFF 			.word	0xFFFFFFFF, 0xFFFFFFFF, 0xFE000000
 2537      FFFFFFFF 
 2537      000000FE 
 2538 5e08 FFFFFFFF 			.word	0xFFFFFFFF, 0xFFFFFFFF, 0xFE000000
 2538      FFFFFFFF 
 2538      000000FE 
 2539 5e14 FFFFFFFF 			.word	0xFFFFFFFF, 0xFFFFFFFF, 0xFE000000
 2539      FFFFFFFF 
 2539      000000FE 
 2540 5e20 FFFFFFFF 			.word	0xFFFFFFFF, 0xFFFFFFFF, 0xFE000000
 2540      FFFFFFFF 
 2540      000000FE 
 2541 5e2c FFFFFFFF 			.word	0xFFFFFFFF, 0xFFFFFFFF, 0xFE000000
 2541      FFFFFFFF 
 2541      000000FE 
 2542 5e38 FFFFFFFF 			.word	0xFFFFFFFF, 0xFFFFFFFF, 0xFE000000
 2542      FFFFFFFF 
 2542      000000FE 
 2543 5e44 FFFFFFFF 			.word	0xFFFFFFFF, 0xFFFFFFFF, 0xFE000000
 2543      FFFFFFFF 
 2543      000000FE 
 2544 5e50 FFFFFFFF 			.word	0xFFFFFFFF, 0xFFFFFFFF, 0xFE000000
 2544      FFFFFFFF 
 2544      000000FE 
 2545 5e5c FFFFFFFF 			.word	0xFFFFFFFF, 0xFFFFFFFF, 0xFE000000
 2545      FFFFFFFF 
 2545      000000FE 
 2546 5e68 FFFFFFFF 			.word	0xFFFFFFFF, 0xFFFFFFFF, 0xFE000000
 2546      FFFFFFFF 
 2546      000000FE 
 2547 5e74 FFFFFFFF 			.word	0xFFFFFFFF, 0xFFFFFFFF, 0xFE000000
 2547      FFFFFFFF 
 2547      000000FE 
 2548 5e80 0000FFFF 			.word	0xFFFF0000, 0x00000000, 0x00000000
 2548      00000000 
 2548      00000000 
 2549 5e8c 0000FFFF 			.word	0xFFFF0000, 0x00000000, 0x00000000
 2549      00000000 
 2549      00000000 
 2550 5e98 0000FFFF 			.word	0xFFFF0000, 0x00000000, 0x00000000
 2550      00000000 
 2550      00000000 
 2551 5ea4 0000FFFF 			.word	0xFFFF0000, 0x00000000, 0x00000000
 2551      00000000 
 2551      00000000 
 2552 5eb0 0000FFFF 			.word	0xFFFF0000, 0x00000000, 0x00000000
 2552      00000000 
 2552      00000000 
 2553 5ebc 0000FFFF 			.word	0xFFFF0000, 0x00000000, 0x00000000
 2553      00000000 
 2553      00000000 
 2554 5ec8 0000FFFF 			.word	0xFFFF0000, 0x00000000, 0x00000000
 2554      00000000 
 2554      00000000 
ARM GAS  font_arial123.s 			page 110


 2555 5ed4 0000FFFF 			.word	0xFFFF0000, 0x00000000, 0x00000000
 2555      00000000 
 2555      00000000 
 2556 5ee0 0000FFFF 			.word	0xFFFF0000, 0x00000000, 0x00000000
 2556      00000000 
 2556      00000000 
 2557 5eec 0000FFFF 			.word	0xFFFF0000, 0x00000000, 0x00000000
 2557      00000000 
 2557      00000000 
 2558 5ef8 0000FFFF 			.word	0xFFFF0000, 0x00000000, 0x00000000
 2558      00000000 
 2558      00000000 
 2559 5f04 0000FFFF 			.word	0xFFFF0000, 0x00000000, 0x00000000
 2559      00000000 
 2559      00000000 
 2560 5f10 0000FFFF 			.word	0xFFFF0000, 0x00000000, 0x00000000
 2560      00000000 
 2560      00000000 
 2561 5f1c 0000FFFF 			.word	0xFFFF0000, 0x00000000, 0x00000000
 2561      00000000 
 2561      00000000 
 2562 5f28 0000FFFF 			.word	0xFFFF0000, 0x00000000, 0x00000000
 2562      00000000 
 2562      00000000 
 2563 5f34 0000FFFF 			.word	0xFFFF0000, 0x00000000, 0x00000000
 2563      00000000 
 2563      00000000 
 2564 5f40 0000FFFF 			.word	0xFFFF0000, 0x00000000, 0x00000000
 2564      00000000 
 2564      00000000 
 2565 5f4c 0000FFFF 			.word	0xFFFF0000, 0x00000000, 0x00000000
 2565      00000000 
 2565      00000000 
 2566 5f58 0000FFFF 			.word	0xFFFF0000, 0x00000000, 0x00000000
 2566      00000000 
 2566      00000000 
 2567 5f64 0000FFFF 			.word	0xFFFF0000, 0x00000000, 0x00000000
 2567      00000000 
 2567      00000000 
 2568 5f70 0000FFFF 			.word	0xFFFF0000, 0x00000000, 0x00000000
 2568      00000000 
 2568      00000000 
 2569 5f7c 0000FFFF 			.word	0xFFFF0000, 0x00000000, 0x00000000
 2569      00000000 
 2569      00000000 
 2570 5f88 0000FFFF 			.word	0xFFFF0000, 0x00000000, 0x00000000
 2570      00000000 
 2570      00000000 
 2571 5f94 0000FFFF 			.word	0xFFFF0000, 0x00000000, 0x00000000
 2571      00000000 
 2571      00000000 
 2572 5fa0 0000FFFF 			.word	0xFFFF0000, 0x00000000, 0x00000000
 2572      00000000 
 2572      00000000 
 2573 5fac 0000FFFF 			.word	0xFFFF0000, 0x00000000, 0x00000000
 2573      00000000 
 2573      00000000 
ARM GAS  font_arial123.s 			page 111


 2574 5fb8 0000FFFF 			.word	0xFFFF0000, 0x00000000, 0x00000000
 2574      00000000 
 2574      00000000 
 2575 5fc4 0000FFFF 			.word	0xFFFF0000, 0x00000000, 0x00000000
 2575      00000000 
 2575      00000000 
 2576 5fd0 0000FFFF 			.word	0xFFFF0000, 0x00000000, 0x00000000
 2576      00000000 
 2576      00000000 
 2577 5fdc 0000FFFF 			.word	0xFFFF0000, 0x00000000, 0x00000000
 2577      00000000 
 2577      00000000 
 2578 5fe8 0000FFFF 			.word	0xFFFF0000, 0x00000000, 0x00000000
 2578      00000000 
 2578      00000000 
 2579 5ff4 0000FFFF 			.word	0xFFFF0000, 0x00000000, 0x00000000
 2579      00000000 
 2579      00000000 
 2580 6000 0000FFFF 			.word	0xFFFF0000, 0x00000000, 0x00000000
 2580      00000000 
 2580      00000000 
 2581 600c 0000FFFF 			.word	0xFFFF0000, 0x00000000, 0x00000000
 2581      00000000 
 2581      00000000 
 2582 6018 0000FFFF 			.word	0xFFFF0000, 0x00000000, 0x00000000
 2582      00000000 
 2582      00000000 
 2583 6024 0000FFFF 			.word	0xFFFF0000, 0x00000000, 0x00000000
 2583      00000000 
 2583      00000000 
 2584 6030 0000FFFF 			.word	0xFFFF0000, 0x00000000, 0x00000000
 2584      00000000 
 2584      00000000 
 2585 603c 0000FFFF 			.word	0xFFFF0000, 0x00000000, 0x00000000
 2585      00000000 
 2585      00000000 
 2586 6048 0000FFFF 			.word	0xFFFF0000, 0x00000000, 0x00000000
 2586      00000000 
 2586      00000000 
 2587 6054 0000FFFF 			.word	0xFFFF0000, 0x00000000, 0x00000000
 2587      00000000 
 2587      00000000 
 2588 6060 0000FFFF 			.word	0xFFFF0000, 0x00000000, 0x00000000
 2588      00000000 
 2588      00000000 
 2589 606c 0000FFFF 			.word	0xFFFF0000, 0x00000000, 0x00000000
 2589      00000000 
 2589      00000000 
 2590 6078 0000FFFF 			.word	0xFFFF0000, 0x00000000, 0x00000000
 2590      00000000 
 2590      00000000 
 2591 6084 0000FFFF 			.word	0xFFFF0000, 0x00000000, 0x00000000
 2591      00000000 
 2591      00000000 
 2592 6090 0000FFFF 			.word	0xFFFF0000, 0x00000000, 0x00000000
 2592      00000000 
 2592      00000000 
ARM GAS  font_arial123.s 			page 112


 2593 609c 0000FFFF 			.word	0xFFFF0000, 0x00000000, 0x00000000
 2593      00000000 
 2593      00000000 
 2594 60a8 0000FFFF 			.word	0xFFFF0000, 0x00000000, 0x00000000
 2594      00000000 
 2594      00000000 
 2595 60b4 0000FFFF 			.word	0xFFFF0000, 0x00000000, 0x00000000
 2595      00000000 
 2595      00000000 
 2596 60c0 0000FFFF 			.word	0xFFFF0000, 0x00000000, 0x00000000
 2596      00000000 
 2596      00000000 
 2597 60cc 0000FFFF 			.word	0xFFFF0000, 0x00000000, 0x00000000
 2597      00000000 
 2597      00000000 
 2598 60d8 0000FFFF 			.word	0xFFFF0000, 0x00000000, 0x00000000
 2598      00000000 
 2598      00000000 
 2599 60e4 0000FFFF 			.word	0xFFFF0000, 0x00000000, 0x00000000
 2599      00000000 
 2599      00000000 
 2600 60f0 0000FFFF 			.word	0xFFFF0000, 0x00000000, 0x00000000
 2600      00000000 
 2600      00000000 
 2601 60fc 0000FFFF 			.word	0xFFFF0000, 0x00000000, 0x00000000
 2601      00000000 
 2601      00000000 
 2602              	
 2603              	UPPERCASE_N:
 2604 6108 4E000000 			.word	'N			// ASCII "N" character
 2605 610c 72000000 			.word	114			// cell pixel width
 2606 6110 7A000000 			.word	CELLHGHT		// cell pixel height
 2607 6114 5C000000 			.word	92			// glyph pixel width
 2608 6118 76000000 			.word	118			// glyph pixel height
 2609 611c 0B000000 			.word	11			// blank horizontal pixels before glyph
 2610 6120 0B000000 			.word	11			// blank horizontal pixels after glyph
 2611 6124 02000000 			.word	2			// blank horizontal lines before glyph
 2612 6128 02000000 			.word	2			// blank horizontal lines after glyph
 2613              							// bit mapped glyph
 2614 612c 0000FFFF 			.word	0xFFFF0000, 0x00000000, 0x0007FFF0
 2614      00000000 
 2614      F0FF0700 
 2615 6138 0000FFFF 			.word	0xFFFF0000, 0x00000000, 0x0007FFF0
 2615      00000000 
 2615      F0FF0700 
 2616 6144 0080FFFF 			.word	0xFFFF8000, 0x00000000, 0x0007FFF0
 2616      00000000 
 2616      F0FF0700 
 2617 6150 00C0FFFF 			.word	0xFFFFC000, 0x00000000, 0x0007FFF0
 2617      00000000 
 2617      F0FF0700 
 2618 615c 00C0FFFF 			.word	0xFFFFC000, 0x00000000, 0x0007FFF0
 2618      00000000 
 2618      F0FF0700 
 2619 6168 00E0FFFF 			.word	0xFFFFE000, 0x00000000, 0x0007FFF0
 2619      00000000 
 2619      F0FF0700 
ARM GAS  font_arial123.s 			page 113


 2620 6174 00F0FFFF 			.word	0xFFFFF000, 0x00000000, 0x0007FFF0
 2620      00000000 
 2620      F0FF0700 
 2621 6180 00F0FFFF 			.word	0xFFFFF000, 0x00000000, 0x0007FFF0
 2621      00000000 
 2621      F0FF0700 
 2622 618c 00F8FFFF 			.word	0xFFFFF800, 0x00000000, 0x0007FFF0
 2622      00000000 
 2622      F0FF0700 
 2623 6198 00FCFFFF 			.word	0xFFFFFC00, 0x00000000, 0x0007FFF0
 2623      00000000 
 2623      F0FF0700 
 2624 61a4 00FCFFFF 			.word	0xFFFFFC00, 0x00000000, 0x0007FFF0
 2624      00000000 
 2624      F0FF0700 
 2625 61b0 00FEFFFF 			.word	0xFFFFFE00, 0x00000000, 0x0007FFF0
 2625      00000000 
 2625      F0FF0700 
 2626 61bc 00FFFFFF 			.word	0xFFFFFF00, 0x00000000, 0x0007FFF0
 2626      00000000 
 2626      F0FF0700 
 2627 61c8 00FFFFFF 			.word	0xFFFFFF00, 0x00000000, 0x0007FFF0
 2627      00000000 
 2627      F0FF0700 
 2628 61d4 80FFFFFF 			.word	0xFFFFFF80, 0x00000000, 0x0007FFF0
 2628      00000000 
 2628      F0FF0700 
 2629 61e0 C0FFFFFF 			.word	0xFFFFFFC0, 0x00000000, 0x0007FFF0
 2629      00000000 
 2629      F0FF0700 
 2630 61ec C0FFFFFF 			.word	0xFFFFFFC0, 0x00000000, 0x0007FFF0
 2630      00000000 
 2630      F0FF0700 
 2631 61f8 E0FFFFFF 			.word	0xFFFFFFE0, 0x00000000, 0x0007FFF0
 2631      00000000 
 2631      F0FF0700 
 2632 6204 F0FFFFFF 			.word	0xFFFFFFF0, 0x00000000, 0x0007FFF0
 2632      00000000 
 2632      F0FF0700 
 2633 6210 F0FFFFFF 			.word	0xFFFFFFF0, 0x00000000, 0x0007FFF0
 2633      00000000 
 2633      F0FF0700 
 2634 621c F8FFFFFF 			.word	0xFFFFFFF8, 0x00000000, 0x0007FFF0
 2634      00000000 
 2634      F0FF0700 
 2635 6228 FCFFFFFF 			.word	0xFFFFFFFC, 0x00000000, 0x0007FFF0
 2635      00000000 
 2635      F0FF0700 
 2636 6234 FCFFFFFF 			.word	0xFFFFFFFC, 0x00000000, 0x0007FFF0
 2636      00000000 
 2636      F0FF0700 
 2637 6240 FEFFFFFF 			.word	0xFFFFFFFE, 0x00000000, 0x0007FFF0
 2637      00000000 
 2637      F0FF0700 
 2638 624c FEFFFFFF 			.word	0xFFFFFFFE, 0x00000000, 0x0007FFF0
 2638      00000000 
 2638      F0FF0700 
ARM GAS  font_arial123.s 			page 114


 2639 6258 FFFFFFFF 			.word	0xFFFFFFFF, 0x00000000, 0x0007FFF0
 2639      00000000 
 2639      F0FF0700 
 2640 6264 FFFFFDFF 			.word	0xFFFDFFFF, 0x80000000, 0x0007FFF0
 2640      00000080 
 2640      F0FF0700 
 2641 6270 FFFFFCFF 			.word	0xFFFCFFFF, 0x80000000, 0x0007FFF0
 2641      00000080 
 2641      F0FF0700 
 2642 627c FF7FFCFF 			.word	0xFFFC7FFF, 0xC0000000, 0x0007FFF0
 2642      000000C0 
 2642      F0FF0700 
 2643 6288 FF7FFCFF 			.word	0xFFFC7FFF, 0xE0000000, 0x0007FFF0
 2643      000000E0 
 2643      F0FF0700 
 2644 6294 FF3FFCFF 			.word	0xFFFC3FFF, 0xE0000000, 0x0007FFF0
 2644      000000E0 
 2644      F0FF0700 
 2645 62a0 FF1FFCFF 			.word	0xFFFC1FFF, 0xF0000000, 0x0007FFF0
 2645      000000F0 
 2645      F0FF0700 
 2646 62ac FF1FFCFF 			.word	0xFFFC1FFF, 0xF8000000, 0x0007FFF0
 2646      000000F8 
 2646      F0FF0700 
 2647 62b8 FF0FFCFF 			.word	0xFFFC0FFF, 0xF8000000, 0x0007FFF0
 2647      000000F8 
 2647      F0FF0700 
 2648 62c4 FF07FCFF 			.word	0xFFFC07FF, 0xFC000000, 0x0007FFF0
 2648      000000FC 
 2648      F0FF0700 
 2649 62d0 FF07FCFF 			.word	0xFFFC07FF, 0xFE000000, 0x0007FFF0
 2649      000000FE 
 2649      F0FF0700 
 2650 62dc FF03FCFF 			.word	0xFFFC03FF, 0xFE000000, 0x0007FFF0
 2650      000000FE 
 2650      F0FF0700 
 2651 62e8 FF01FCFF 			.word	0xFFFC01FF, 0xFF000000, 0x0007FFF0
 2651      000000FF 
 2651      F0FF0700 
 2652 62f4 FF01FCFF 			.word	0xFFFC01FF, 0xFF800000, 0x0007FFF0
 2652      000080FF 
 2652      F0FF0700 
 2653 6300 FF00FCFF 			.word	0xFFFC00FF, 0xFF800000, 0x0007FFF0
 2653      000080FF 
 2653      F0FF0700 
 2654 630c 7F00FCFF 			.word	0xFFFC007F, 0xFFC00000, 0x0007FFF0
 2654      0000C0FF 
 2654      F0FF0700 
 2655 6318 7F00FCFF 			.word	0xFFFC007F, 0xFFE00000, 0x0007FFF0
 2655      0000E0FF 
 2655      F0FF0700 
 2656 6324 3F00FCFF 			.word	0xFFFC003F, 0xFFE00000, 0x0007FFF0
 2656      0000E0FF 
 2656      F0FF0700 
 2657 6330 3F00FCFF 			.word	0xFFFC003F, 0xFFF00000, 0x0007FFF0
 2657      0000F0FF 
 2657      F0FF0700 
ARM GAS  font_arial123.s 			page 115


 2658 633c 1F00FCFF 			.word	0xFFFC001F, 0xFFF80000, 0x0007FFF0
 2658      0000F8FF 
 2658      F0FF0700 
 2659 6348 0F00FCFF 			.word	0xFFFC000F, 0xFFF80000, 0x0007FFF0
 2659      0000F8FF 
 2659      F0FF0700 
 2660 6354 0F00FCFF 			.word	0xFFFC000F, 0xFFFC0000, 0x0007FFF0
 2660      0000FCFF 
 2660      F0FF0700 
 2661 6360 0700FCFF 			.word	0xFFFC0007, 0xFFFE0000, 0x0007FFF0
 2661      0000FEFF 
 2661      F0FF0700 
 2662 636c 0300FCFF 			.word	0xFFFC0003, 0xFFFE0000, 0x0007FFF0
 2662      0000FEFF 
 2662      F0FF0700 
 2663 6378 0300FCFF 			.word	0xFFFC0003, 0xFFFF0000, 0x0007FFF0
 2663      0000FFFF 
 2663      F0FF0700 
 2664 6384 0100FCFF 			.word	0xFFFC0001, 0xFFFF8000, 0x0007FFF0
 2664      0080FFFF 
 2664      F0FF0700 
 2665 6390 0000FCFF 			.word	0xFFFC0000, 0xFFFF8000, 0x0007FFF0
 2665      0080FFFF 
 2665      F0FF0700 
 2666 639c 0000FCFF 			.word	0xFFFC0000, 0xFFFFC000, 0x0007FFF0
 2666      00C0FFFF 
 2666      F0FF0700 
 2667 63a8 0000FCFF 			.word	0xFFFC0000, 0x7FFFE000, 0x0007FFF0
 2667      00E0FF7F 
 2667      F0FF0700 
 2668 63b4 0000FCFF 			.word	0xFFFC0000, 0x3FFFE000, 0x0007FFF0
 2668      00E0FF3F 
 2668      F0FF0700 
 2669 63c0 0000FCFF 			.word	0xFFFC0000, 0x3FFFF000, 0x0007FFF0
 2669      00F0FF3F 
 2669      F0FF0700 
 2670 63cc 0000FCFF 			.word	0xFFFC0000, 0x1FFFF800, 0x0007FFF0
 2670      00F8FF1F 
 2670      F0FF0700 
 2671 63d8 0000FCFF 			.word	0xFFFC0000, 0x0FFFF800, 0x0007FFF0
 2671      00F8FF0F 
 2671      F0FF0700 
 2672 63e4 0000FCFF 			.word	0xFFFC0000, 0x0FFFFC00, 0x0007FFF0
 2672      00FCFF0F 
 2672      F0FF0700 
 2673 63f0 0000FCFF 			.word	0xFFFC0000, 0x07FFFE00, 0x0007FFF0
 2673      00FEFF07 
 2673      F0FF0700 
 2674 63fc 0000FCFF 			.word	0xFFFC0000, 0x03FFFE00, 0x0007FFF0
 2674      00FEFF03 
 2674      F0FF0700 
 2675 6408 0000FCFF 			.word	0xFFFC0000, 0x03FFFF00, 0x0007FFF0
 2675      00FFFF03 
 2675      F0FF0700 
 2676 6414 0000FCFF 			.word	0xFFFC0000, 0x01FFFF80, 0x0007FFF0
 2676      80FFFF01 
 2676      F0FF0700 
ARM GAS  font_arial123.s 			page 116


 2677 6420 0000FCFF 			.word	0xFFFC0000, 0x00FFFF80, 0x0007FFF0
 2677      80FFFF00 
 2677      F0FF0700 
 2678 642c 0000FCFF 			.word	0xFFFC0000, 0x00FFFFC0, 0x0007FFF0
 2678      C0FFFF00 
 2678      F0FF0700 
 2679 6438 0000FCFF 			.word	0xFFFC0000, 0x007FFFE0, 0x0007FFF0
 2679      E0FF7F00 
 2679      F0FF0700 
 2680 6444 0000FCFF 			.word	0xFFFC0000, 0x003FFFE0, 0x0007FFF0
 2680      E0FF3F00 
 2680      F0FF0700 
 2681 6450 0000FCFF 			.word	0xFFFC0000, 0x003FFFF0, 0x0007FFF0
 2681      F0FF3F00 
 2681      F0FF0700 
 2682 645c 0000FCFF 			.word	0xFFFC0000, 0x001FFFF8, 0x0007FFF0
 2682      F8FF1F00 
 2682      F0FF0700 
 2683 6468 0000FCFF 			.word	0xFFFC0000, 0x000FFFF8, 0x0007FFF0
 2683      F8FF0F00 
 2683      F0FF0700 
 2684 6474 0000FCFF 			.word	0xFFFC0000, 0x000FFFFC, 0x0007FFF0
 2684      FCFF0F00 
 2684      F0FF0700 
 2685 6480 0000FCFF 			.word	0xFFFC0000, 0x0007FFFE, 0x0007FFF0
 2685      FEFF0700 
 2685      F0FF0700 
 2686 648c 0000FCFF 			.word	0xFFFC0000, 0x0003FFFE, 0x0007FFF0
 2686      FEFF0300 
 2686      F0FF0700 
 2687 6498 0000FCFF 			.word	0xFFFC0000, 0x0003FFFF, 0x0007FFF0
 2687      FFFF0300 
 2687      F0FF0700 
 2688 64a4 0000FCFF 			.word	0xFFFC0000, 0x0001FFFF, 0x8007FFF0
 2688      FFFF0100 
 2688      F0FF0780 
 2689 64b0 0000FCFF 			.word	0xFFFC0000, 0x0000FFFF, 0x8007FFF0
 2689      FFFF0000 
 2689      F0FF0780 
 2690 64bc 0000FCFF 			.word	0xFFFC0000, 0x0000FFFF, 0xC007FFF0
 2690      FFFF0000 
 2690      F0FF07C0 
 2691 64c8 0000FCFF 			.word	0xFFFC0000, 0x00007FFF, 0xE007FFF0
 2691      FF7F0000 
 2691      F0FF07E0 
 2692 64d4 0000FCFF 			.word	0xFFFC0000, 0x00003FFF, 0xE007FFF0
 2692      FF3F0000 
 2692      F0FF07E0 
 2693 64e0 0000FCFF 			.word	0xFFFC0000, 0x00003FFF, 0xF007FFF0
 2693      FF3F0000 
 2693      F0FF07F0 
 2694 64ec 0000FCFF 			.word	0xFFFC0000, 0x00001FFF, 0xF807FFF0
 2694      FF1F0000 
 2694      F0FF07F8 
 2695 64f8 0000FCFF 			.word	0xFFFC0000, 0x00000FFF, 0xF807FFF0
 2695      FF0F0000 
 2695      F0FF07F8 
ARM GAS  font_arial123.s 			page 117


 2696 6504 0000FCFF 			.word	0xFFFC0000, 0x00000FFF, 0xFC07FFF0
 2696      FF0F0000 
 2696      F0FF07FC 
 2697 6510 0000FCFF 			.word	0xFFFC0000, 0x000007FF, 0xFE07FFF0
 2697      FF070000 
 2697      F0FF07FE 
 2698 651c 0000FCFF 			.word	0xFFFC0000, 0x000003FF, 0xFE07FFF0
 2698      FF030000 
 2698      F0FF07FE 
 2699 6528 0000FCFF 			.word	0xFFFC0000, 0x000003FF, 0xFF07FFF0
 2699      FF030000 
 2699      F0FF07FF 
 2700 6534 0000FCFF 			.word	0xFFFC0000, 0x000001FF, 0xFF87FFF0
 2700      FF010000 
 2700      F0FF87FF 
 2701 6540 0000FCFF 			.word	0xFFFC0000, 0x000000FF, 0xFF87FFF0
 2701      FF000000 
 2701      F0FF87FF 
 2702 654c 0000FCFF 			.word	0xFFFC0000, 0x000000FF, 0xFFC7FFF0
 2702      FF000000 
 2702      F0FFC7FF 
 2703 6558 0000FCFF 			.word	0xFFFC0000, 0x0000007F, 0xFFE7FFF0
 2703      7F000000 
 2703      F0FFE7FF 
 2704 6564 0000FCFF 			.word	0xFFFC0000, 0x0000003F, 0xFFE7FFF0
 2704      3F000000 
 2704      F0FFE7FF 
 2705 6570 0000FCFF 			.word	0xFFFC0000, 0x0000003F, 0xFFF7FFF0
 2705      3F000000 
 2705      F0FFF7FF 
 2706 657c 0000FCFF 			.word	0xFFFC0000, 0x0000001F, 0xFFFFFFF0
 2706      1F000000 
 2706      F0FFFFFF 
 2707 6588 0000FCFF 			.word	0xFFFC0000, 0x0000000F, 0xFFFFFFF0
 2707      0F000000 
 2707      F0FFFFFF 
 2708 6594 0000FCFF 			.word	0xFFFC0000, 0x0000000F, 0xFFFFFFF0
 2708      0F000000 
 2708      F0FFFFFF 
 2709 65a0 0000FCFF 			.word	0xFFFC0000, 0x00000007, 0xFFFFFFF0
 2709      07000000 
 2709      F0FFFFFF 
 2710 65ac 0000FCFF 			.word	0xFFFC0000, 0x00000003, 0xFFFFFFF0
 2710      03000000 
 2710      F0FFFFFF 
 2711 65b8 0000FCFF 			.word	0xFFFC0000, 0x00000003, 0xFFFFFFF0
 2711      03000000 
 2711      F0FFFFFF 
 2712 65c4 0000FCFF 			.word	0xFFFC0000, 0x00000001, 0xFFFFFFF0
 2712      01000000 
 2712      F0FFFFFF 
 2713 65d0 0000FCFF 			.word	0xFFFC0000, 0x00000000, 0xFFFFFFF0
 2713      00000000 
 2713      F0FFFFFF 
 2714 65dc 0000FCFF 			.word	0xFFFC0000, 0x00000000, 0xFFFFFFF0
 2714      00000000 
 2714      F0FFFFFF 
ARM GAS  font_arial123.s 			page 118


 2715 65e8 0000FCFF 			.word	0xFFFC0000, 0x00000000, 0x7FFFFFF0
 2715      00000000 
 2715      F0FFFF7F 
 2716 65f4 0000FCFF 			.word	0xFFFC0000, 0x00000000, 0x3FFFFFF0
 2716      00000000 
 2716      F0FFFF3F 
 2717 6600 0000FCFF 			.word	0xFFFC0000, 0x00000000, 0x3FFFFFF0
 2717      00000000 
 2717      F0FFFF3F 
 2718 660c 0000FCFF 			.word	0xFFFC0000, 0x00000000, 0x1FFFFFF0
 2718      00000000 
 2718      F0FFFF1F 
 2719 6618 0000FCFF 			.word	0xFFFC0000, 0x00000000, 0x0FFFFFF0
 2719      00000000 
 2719      F0FFFF0F 
 2720 6624 0000FCFF 			.word	0xFFFC0000, 0x00000000, 0x0FFFFFF0
 2720      00000000 
 2720      F0FFFF0F 
 2721 6630 0000FCFF 			.word	0xFFFC0000, 0x00000000, 0x07FFFFF0
 2721      00000000 
 2721      F0FFFF07 
 2722 663c 0000FCFF 			.word	0xFFFC0000, 0x00000000, 0x03FFFFF0
 2722      00000000 
 2722      F0FFFF03 
 2723 6648 0000FCFF 			.word	0xFFFC0000, 0x00000000, 0x03FFFFF0
 2723      00000000 
 2723      F0FFFF03 
 2724 6654 0000FCFF 			.word	0xFFFC0000, 0x00000000, 0x01FFFFF0
 2724      00000000 
 2724      F0FFFF01 
 2725 6660 0000FCFF 			.word	0xFFFC0000, 0x00000000, 0x00FFFFF0
 2725      00000000 
 2725      F0FFFF00 
 2726 666c 0000FCFF 			.word	0xFFFC0000, 0x00000000, 0x00FFFFF0
 2726      00000000 
 2726      F0FFFF00 
 2727 6678 0000FCFF 			.word	0xFFFC0000, 0x00000000, 0x007FFFF0
 2727      00000000 
 2727      F0FF7F00 
 2728 6684 0000FCFF 			.word	0xFFFC0000, 0x00000000, 0x003FFFF0
 2728      00000000 
 2728      F0FF3F00 
 2729 6690 0000FCFF 			.word	0xFFFC0000, 0x00000000, 0x003FFFF0
 2729      00000000 
 2729      F0FF3F00 
 2730 669c 0000FCFF 			.word	0xFFFC0000, 0x00000000, 0x001FFFF0
 2730      00000000 
 2730      F0FF1F00 
 2731 66a8 0000FCFF 			.word	0xFFFC0000, 0x00000000, 0x001FFFF0
 2731      00000000 
 2731      F0FF1F00 
 2732              	
 2733              	UPPERCASE_S:
 2734 66b4 53000000 			.word	'S			// ASCII "S" character
 2735 66b8 67000000 			.word	103			// cell pixel width
 2736 66bc 7A000000 			.word	CELLHGHT		// cell pixel height
 2737 66c0 5D000000 			.word	93			// glyph pixel width
ARM GAS  font_arial123.s 			page 119


 2738 66c4 7A000000 			.word	CELLHGHT		// glyph pixel height
 2739 66c8 05000000 			.word	5			// blank horizontal pixels before glyph
 2740 66cc 05000000 			.word	5			// blank horizontal pixels after glyph
 2741 66d0 00000000 			.word	0			// blank horizontal lines before glyph
 2742 66d4 00000000 			.word	0			// blank horizontal lines after glyph
 2743              							// bit mapped glyph
 2744 66d8 00000000 			.word	0x00000000, 0x03FFFC00, 0x00000000
 2744      00FCFF03 
 2744      00000000 
 2745 66e4 00000000 			.word	0x00000000, 0x7FFFFFF0, 0x00000000
 2745      F0FFFF7F 
 2745      00000000 
 2746 66f0 07000000 			.word	0x00000007, 0xFFFFFFFF, 0x00000000
 2746      FFFFFFFF 
 2746      00000000 
 2747 66fc 3F000000 			.word	0x0000003F, 0xFFFFFFFF, 0xE0000000
 2747      FFFFFFFF 
 2747      000000E0 
 2748 6708 FF000000 			.word	0x000000FF, 0xFFFFFFFF, 0xFC000000
 2748      FFFFFFFF 
 2748      000000FC 
 2749 6714 FF030000 			.word	0x000003FF, 0xFFFFFFFF, 0xFF000000
 2749      FFFFFFFF 
 2749      000000FF 
 2750 6720 FF0F0000 			.word	0x00000FFF, 0xFFFFFFFF, 0xFF800000
 2750      FFFFFFFF 
 2750      000080FF 
 2751 672c FF3F0000 			.word	0x00003FFF, 0xFFFFFFFF, 0xFFE00000
 2751      FFFFFFFF 
 2751      0000E0FF 
 2752 6738 FF7F0000 			.word	0x00007FFF, 0xFFFFFFFF, 0xFFF00000
 2752      FFFFFFFF 
 2752      0000F0FF 
 2753 6744 FFFF0000 			.word	0x0000FFFF, 0xFFFFFFFF, 0xFFFC0000
 2753      FFFFFFFF 
 2753      0000FCFF 
 2754 6750 FFFF0300 			.word	0x0003FFFF, 0xFFFFFFFF, 0xFFFE0000
 2754      FFFFFFFF 
 2754      0000FEFF 
 2755 675c FFFF0700 			.word	0x0007FFFF, 0xFFFFFFFF, 0xFFFF0000
 2755      FFFFFFFF 
 2755      0000FFFF 
 2756 6768 FFFF0F00 			.word	0x000FFFFF, 0xFFFFFFFF, 0xFFFF8000
 2756      FFFFFFFF 
 2756      0080FFFF 
 2757 6774 FFFF0F00 			.word	0x000FFFFF, 0xFFFFFFFF, 0xFFFFC000
 2757      FFFFFFFF 
 2757      00C0FFFF 
 2758 6780 FFFF1F00 			.word	0x001FFFFF, 0xFE0003FF, 0xFFFFE000
 2758      FF0300FE 
 2758      00E0FFFF 
 2759 678c FFFF3F00 			.word	0x003FFFFF, 0xC000001F, 0xFFFFE000
 2759      1F0000C0 
 2759      00E0FFFF 
 2760 6798 FEFF3F00 			.word	0x003FFFFE, 0x00000003, 0xFFFFF000
 2760      03000000 
 2760      00F0FFFF 
ARM GAS  font_arial123.s 			page 120


 2761 67a4 F8FF7F00 			.word	0x007FFFF8, 0x00000000, 0xFFFFF800
 2761      00000000 
 2761      00F8FFFF 
 2762 67b0 E0FFFF00 			.word	0x00FFFFE0, 0x00000000, 0x3FFFF800
 2762      00000000 
 2762      00F8FF3F 
 2763 67bc C0FFFF00 			.word	0x00FFFFC0, 0x00000000, 0x1FFFFC00
 2763      00000000 
 2763      00FCFF1F 
 2764 67c8 80FFFF01 			.word	0x01FFFF80, 0x00000000, 0x0FFFFC00
 2764      00000000 
 2764      00FCFF0F 
 2765 67d4 00FFFF01 			.word	0x01FFFF00, 0x00000000, 0x07FFFE00
 2765      00000000 
 2765      00FEFF07 
 2766 67e0 00FEFF01 			.word	0x01FFFE00, 0x00000000, 0x03FFFE00
 2766      00000000 
 2766      00FEFF03 
 2767 67ec 00FCFF03 			.word	0x03FFFC00, 0x00000000, 0x01FFFF00
 2767      00000000 
 2767      00FFFF01 
 2768 67f8 00FCFF03 			.word	0x03FFFC00, 0x00000000, 0x01FFFF00
 2768      00000000 
 2768      00FFFF01 
 2769 6804 00F8FF03 			.word	0x03FFF800, 0x00000000, 0x00FFFF00
 2769      00000000 
 2769      00FFFF00 
 2770 6810 00F8FF03 			.word	0x03FFF800, 0x00000000, 0x00FFFF80
 2770      00000000 
 2770      80FFFF00 
 2771 681c 00F0FF07 			.word	0x07FFF000, 0x00000000, 0x007FFF80
 2771      00000000 
 2771      80FF7F00 
 2772 6828 00F0FF07 			.word	0x07FFF000, 0x00000000, 0x007FFF80
 2772      00000000 
 2772      80FF7F00 
 2773 6834 00F0FF07 			.word	0x07FFF000, 0x00000000, 0x003FFF80
 2773      00000000 
 2773      80FF3F00 
 2774 6840 00F0FF07 			.word	0x07FFF000, 0x00000000, 0x003FFF80
 2774      00000000 
 2774      80FF3F00 
 2775 684c 00F0FF07 			.word	0x07FFF000, 0x00000000, 0x003FFFC0
 2775      00000000 
 2775      C0FF3F00 
 2776 6858 00F0FF07 			.word	0x07FFF000, 0x00000000, 0x001FFFC0
 2776      00000000 
 2776      C0FF1F00 
 2777 6864 00F0FF07 			.word	0x07FFF000, 0x00000000, 0x001FFFC0
 2777      00000000 
 2777      C0FF1F00 
 2778 6870 00F0FF07 			.word	0x07FFF000, 0x00000000, 0x001FFFC0
 2778      00000000 
 2778      C0FF1F00 
 2779 687c 00F0FF07 			.word	0x07FFF000, 0x00000000, 0x001FFE00
 2779      00000000 
 2779      00FE1F00 
ARM GAS  font_arial123.s 			page 121


 2780 6888 00F8FF07 			.word	0x07FFF800, 0x00000000, 0x00000000
 2780      00000000 
 2780      00000000 
 2781 6894 00F8FF07 			.word	0x07FFF800, 0x00000000, 0x00000000
 2781      00000000 
 2781      00000000 
 2782 68a0 00F8FF03 			.word	0x03FFF800, 0x00000000, 0x00000000
 2782      00000000 
 2782      00000000 
 2783 68ac 00FCFF03 			.word	0x03FFFC00, 0x00000000, 0x00000000
 2783      00000000 
 2783      00000000 
 2784 68b8 00FEFF03 			.word	0x03FFFE00, 0x00000000, 0x00000000
 2784      00000000 
 2784      00000000 
 2785 68c4 00FFFF03 			.word	0x03FFFF00, 0x00000000, 0x00000000
 2785      00000000 
 2785      00000000 
 2786 68d0 80FFFF01 			.word	0x01FFFF80, 0x00000000, 0x00000000
 2786      00000000 
 2786      00000000 
 2787 68dc C0FFFF01 			.word	0x01FFFFC0, 0x00000000, 0x00000000
 2787      00000000 
 2787      00000000 
 2788 68e8 F0FFFF00 			.word	0x00FFFFF0, 0x00000000, 0x00000000
 2788      00000000 
 2788      00000000 
 2789 68f4 FEFFFF00 			.word	0x00FFFFFE, 0x00000000, 0x00000000
 2789      00000000 
 2789      00000000 
 2790 6900 FFFF7F00 			.word	0x007FFFFF, 0x80000000, 0x00000000
 2790      00000080 
 2790      00000000 
 2791 690c FFFF7F00 			.word	0x007FFFFF, 0xF0000000, 0x00000000
 2791      000000F0 
 2791      00000000 
 2792 6918 FFFF3F00 			.word	0x003FFFFF, 0xFF000000, 0x00000000
 2792      000000FF 
 2792      00000000 
 2793 6924 FFFF1F00 			.word	0x001FFFFF, 0xFFF00000, 0x00000000
 2793      0000F0FF 
 2793      00000000 
 2794 6930 FFFF1F00 			.word	0x001FFFFF, 0xFFFF0000, 0x00000000
 2794      0000FFFF 
 2794      00000000 
 2795 693c FFFF0F00 			.word	0x000FFFFF, 0xFFFFF000, 0x00000000
 2795      00F0FFFF 
 2795      00000000 
 2796 6948 FFFF0700 			.word	0x0007FFFF, 0xFFFFFF80, 0x00000000
 2796      80FFFFFF 
 2796      00000000 
 2797 6954 FFFF0300 			.word	0x0003FFFF, 0xFFFFFFF0, 0x00000000
 2797      F0FFFFFF 
 2797      00000000 
 2798 6960 FFFF0000 			.word	0x0000FFFF, 0xFFFFFFFF, 0x00000000
 2798      FFFFFFFF 
 2798      00000000 
ARM GAS  font_arial123.s 			page 122


 2799 696c FF7F0000 			.word	0x00007FFF, 0xFFFFFFFF, 0xE0000000
 2799      FFFFFFFF 
 2799      000000E0 
 2800 6978 FF3F0000 			.word	0x00003FFF, 0xFFFFFFFF, 0xFC000000
 2800      FFFFFFFF 
 2800      000000FC 
 2801 6984 FF0F0000 			.word	0x00000FFF, 0xFFFFFFFF, 0xFF800000
 2801      FFFFFFFF 
 2801      000080FF 
 2802 6990 FF030000 			.word	0x000003FF, 0xFFFFFFFF, 0xFFE00000
 2802      FFFFFFFF 
 2802      0000E0FF 
 2803 699c FF000000 			.word	0x000000FF, 0xFFFFFFFF, 0xFFF80000
 2803      FFFFFFFF 
 2803      0000F8FF 
 2804 69a8 3F000000 			.word	0x0000003F, 0xFFFFFFFF, 0xFFFC0000
 2804      FFFFFFFF 
 2804      0000FCFF 
 2805 69b4 07000000 			.word	0x00000007, 0xFFFFFFFF, 0xFFFF0000
 2805      FFFFFFFF 
 2805      0000FFFF 
 2806 69c0 00000000 			.word	0x00000000, 0xFFFFFFFF, 0xFFFF8000
 2806      FFFFFFFF 
 2806      0080FFFF 
 2807 69cc 00000000 			.word	0x00000000, 0x0FFFFFFF, 0xFFFFE000
 2807      FFFFFF0F 
 2807      00E0FFFF 
 2808 69d8 00000000 			.word	0x00000000, 0x01FFFFFF, 0xFFFFF000
 2808      FFFFFF01 
 2808      00F0FFFF 
 2809 69e4 00000000 			.word	0x00000000, 0x001FFFFF, 0xFFFFF800
 2809      FFFF1F00 
 2809      00F8FFFF 
 2810 69f0 00000000 			.word	0x00000000, 0x0001FFFF, 0xFFFFFC00
 2810      FFFF0100 
 2810      00FCFFFF 
 2811 69fc 00000000 			.word	0x00000000, 0x00001FFF, 0xFFFFFE00
 2811      FF1F0000 
 2811      00FEFFFF 
 2812 6a08 00000000 			.word	0x00000000, 0x000001FF, 0xFFFFFF00
 2812      FF010000 
 2812      00FFFFFF 
 2813 6a14 00000000 			.word	0x00000000, 0x0000001F, 0xFFFFFF00
 2813      1F000000 
 2813      00FFFFFF 
 2814 6a20 00000000 			.word	0x00000000, 0x00000003, 0xFFFFFF80
 2814      03000000 
 2814      80FFFFFF 
 2815 6a2c 00000000 			.word	0x00000000, 0x00000000, 0x7FFFFFC0
 2815      00000000 
 2815      C0FFFF7F 
 2816 6a38 00000000 			.word	0x00000000, 0x00000000, 0x1FFFFFC0
 2816      00000000 
 2816      C0FFFF1F 
 2817 6a44 00000000 			.word	0x00000000, 0x00000000, 0x07FFFFE0
 2817      00000000 
 2817      E0FFFF07 
ARM GAS  font_arial123.s 			page 123


 2818 6a50 00000000 			.word	0x00000000, 0x00000000, 0x01FFFFE0
 2818      00000000 
 2818      E0FFFF01 
 2819 6a5c 00000000 			.word	0x00000000, 0x00000000, 0x00FFFFE0
 2819      00000000 
 2819      E0FFFF00 
 2820 6a68 00000000 			.word	0x00000000, 0x00000000, 0x003FFFF0
 2820      00000000 
 2820      F0FF3F00 
 2821 6a74 00000000 			.word	0x00000000, 0x00000000, 0x001FFFF0
 2821      00000000 
 2821      F0FF1F00 
 2822 6a80 00000000 			.word	0x00000000, 0x00000000, 0x001FFFF0
 2822      00000000 
 2822      F0FF1F00 
 2823 6a8c 00000000 			.word	0x00000000, 0x00000000, 0x000FFFF8
 2823      00000000 
 2823      F8FF0F00 
 2824 6a98 00000000 			.word	0x00000000, 0x00000000, 0x0007FFF8
 2824      00000000 
 2824      F8FF0700 
 2825 6aa4 0000FE00 			.word	0x00FE0000, 0x00000000, 0x0007FFF8
 2825      00000000 
 2825      F8FF0700 
 2826 6ab0 0000FEFF 			.word	0xFFFE0000, 0x00000000, 0x0003FFF8
 2826      00000000 
 2826      F8FF0300 
 2827 6abc 0000FEFF 			.word	0xFFFE0000, 0x00000000, 0x0003FFF8
 2827      00000000 
 2827      F8FF0300 
 2828 6ac8 0000FE7F 			.word	0x7FFE0000, 0x00000000, 0x0003FFF8
 2828      00000000 
 2828      F8FF0300 
 2829 6ad4 0000FF7F 			.word	0x7FFF0000, 0x00000000, 0x0003FFF8
 2829      00000000 
 2829      F8FF0300 
 2830 6ae0 0000FF7F 			.word	0x7FFF0000, 0x00000000, 0x0003FFF8
 2830      00000000 
 2830      F8FF0300 
 2831 6aec 0000FF7F 			.word	0x7FFF0000, 0x00000000, 0x0001FFF8
 2831      00000000 
 2831      F8FF0100 
 2832 6af8 0000FF7F 			.word	0x7FFF0000, 0x00000000, 0x0001FFF8
 2832      00000000 
 2832      F8FF0100 
 2833 6b04 0080FF7F 			.word	0x7FFF8000, 0x00000000, 0x0003FFF8
 2833      00000000 
 2833      F8FF0300 
 2834 6b10 0080FF7F 			.word	0x7FFF8000, 0x00000000, 0x0003FFF8
 2834      00000000 
 2834      F8FF0300 
 2835 6b1c 00C0FF3F 			.word	0x3FFFC000, 0x00000000, 0x0003FFF8
 2835      00000000 
 2835      F8FF0300 
 2836 6b28 00C0FF3F 			.word	0x3FFFC000, 0x00000000, 0x0003FFF8
 2836      00000000 
 2836      F8FF0300 
ARM GAS  font_arial123.s 			page 124


 2837 6b34 00E0FF3F 			.word	0x3FFFE000, 0x00000000, 0x0003FFF8
 2837      00000000 
 2837      F8FF0300 
 2838 6b40 00E0FF1F 			.word	0x1FFFE000, 0x00000000, 0x0007FFF0
 2838      00000000 
 2838      F0FF0700 
 2839 6b4c 00F0FF1F 			.word	0x1FFFF000, 0x00000000, 0x0007FFF0
 2839      00000000 
 2839      F0FF0700 
 2840 6b58 00F8FF1F 			.word	0x1FFFF800, 0x00000000, 0x000FFFF0
 2840      00000000 
 2840      F0FF0F00 
 2841 6b64 00F8FF0F 			.word	0x0FFFF800, 0x00000000, 0x000FFFE0
 2841      00000000 
 2841      E0FF0F00 
 2842 6b70 00FCFF0F 			.word	0x0FFFFC00, 0x00000000, 0x001FFFE0
 2842      00000000 
 2842      E0FF1F00 
 2843 6b7c 00FEFF07 			.word	0x07FFFE00, 0x00000000, 0x003FFFE0
 2843      00000000 
 2843      E0FF3F00 
 2844 6b88 80FFFF07 			.word	0x07FFFF80, 0x00000000, 0x007FFFC0
 2844      00000000 
 2844      C0FF7F00 
 2845 6b94 C0FFFF03 			.word	0x03FFFFC0, 0x00000000, 0x00FFFFC0
 2845      00000000 
 2845      C0FFFF00 
 2846 6ba0 F0FFFF03 			.word	0x03FFFFF0, 0x00000000, 0x01FFFF80
 2846      00000000 
 2846      80FFFF01 
 2847 6bac F8FFFF01 			.word	0x01FFFFF8, 0x00000000, 0x07FFFF80
 2847      00000000 
 2847      80FFFF07 
 2848 6bb8 FEFFFF00 			.word	0x00FFFFFE, 0x00000000, 0x1FFFFF00
 2848      00000000 
 2848      00FFFF1F 
 2849 6bc4 FFFFFF00 			.word	0x00FFFFFF, 0xC0000000, 0x7FFFFE00
 2849      000000C0 
 2849      00FEFF7F 
 2850 6bd0 FFFF7F00 			.word	0x007FFFFF, 0xF8000003, 0xFFFFFE00
 2850      030000F8 
 2850      00FEFFFF 
 2851 6bdc FFFF3F00 			.word	0x003FFFFF, 0xFFC0007F, 0xFFFFFC00
 2851      7F00C0FF 
 2851      00FCFFFF 
 2852 6be8 FFFF1F00 			.word	0x001FFFFF, 0xFFFFFFFF, 0xFFFFF800
 2852      FFFFFFFF 
 2852      00F8FFFF 
 2853 6bf4 FFFF0F00 			.word	0x000FFFFF, 0xFFFFFFFF, 0xFFFFF000
 2853      FFFFFFFF 
 2853      00F0FFFF 
 2854 6c00 FFFF0700 			.word	0x0007FFFF, 0xFFFFFFFF, 0xFFFFE000
 2854      FFFFFFFF 
 2854      00E0FFFF 
 2855 6c0c FFFF0300 			.word	0x0003FFFF, 0xFFFFFFFF, 0xFFFFC000
 2855      FFFFFFFF 
 2855      00C0FFFF 
ARM GAS  font_arial123.s 			page 125


 2856 6c18 FFFF0100 			.word	0x0001FFFF, 0xFFFFFFFF, 0xFFFF8000
 2856      FFFFFFFF 
 2856      0080FFFF 
 2857 6c24 FF7F0000 			.word	0x00007FFF, 0xFFFFFFFF, 0xFFFE0000
 2857      FFFFFFFF 
 2857      0000FEFF 
 2858 6c30 FF3F0000 			.word	0x00003FFF, 0xFFFFFFFF, 0xFFFC0000
 2858      FFFFFFFF 
 2858      0000FCFF 
 2859 6c3c FF0F0000 			.word	0x00000FFF, 0xFFFFFFFF, 0xFFF00000
 2859      FFFFFFFF 
 2859      0000F0FF 
 2860 6c48 FF030000 			.word	0x000003FF, 0xFFFFFFFF, 0xFFC00000
 2860      FFFFFFFF 
 2860      0000C0FF 
 2861 6c54 FF000000 			.word	0x000000FF, 0xFFFFFFFF, 0xFF000000
 2861      FFFFFFFF 
 2861      000000FF 
 2862 6c60 1F000000 			.word	0x0000001F, 0xFFFFFFFF, 0xFC000000
 2862      FFFFFFFF 
 2862      000000FC 
 2863 6c6c 03000000 			.word	0x00000003, 0xFFFFFFFF, 0xE0000000
 2863      FFFFFFFF 
 2863      000000E0 
 2864 6c78 00000000 			.word	0x00000000, 0x3FFFFFFF, 0x00000000
 2864      FFFFFF3F 
 2864      00000000 
 2865 6c84 00000000 			.word	0x00000000, 0x00FFFFC0, 0x00000000
 2865      C0FFFF00 
 2865      00000000 
 2866              	
 2867              	UPPERCASE_W:
 2868 6c90 57000000 			.word	'W			// ASCII "W" character
 2869 6c94 9E000000 			.word	158			// cell pixel width
 2870 6c98 7A000000 			.word	CELLHGHT		// cell pixel height
 2871 6c9c 99000000 			.word	153			// glyph pixel width
 2872 6ca0 76000000 			.word	118			// glyph pixel height
 2873 6ca4 02000000 			.word	2			// blank horizontal pixels before glyph
 2874 6ca8 03000000 			.word	3			// blank horizontal pixels after glyph
 2875 6cac 02000000 			.word	2			// blank horizontal lines before glyph
 2876 6cb0 02000000 			.word	2			// blank horizontal lines after glyph
 2877              							// bit mapped glyph
 2878 6cb4 0000FFFF 			.word	0xFFFF0000, 0x00000000, 0x3FFFF800, 0x00000000, 0x01FFFE00
 2878      00000000 
 2878      00F8FF3F 
 2878      00000000 
 2878      00FEFF01 
 2879 6cc8 0000FFFF 			.word	0xFFFF0000, 0x00000000, 0x3FFFFC00, 0x00000000, 0x01FFFE00
 2879      00000000 
 2879      00FCFF3F 
 2879      00000000 
 2879      00FEFF01 
 2880 6cdc 0000FF7F 			.word	0x7FFF0000, 0x00000000, 0x3FFFFC00, 0x00000000, 0x01FFFC00
 2880      00000000 
 2880      00FCFF3F 
 2880      00000000 
 2880      00FCFF01 
ARM GAS  font_arial123.s 			page 126


 2881 6cf0 0080FF7F 			.word	0x7FFF8000, 0x00000000, 0x3FFFFC00, 0x00000000, 0x01FFFC00
 2881      00000000 
 2881      00FCFF3F 
 2881      00000000 
 2881      00FCFF01 
 2882 6d04 0080FF7F 			.word	0x7FFF8000, 0x00000000, 0x7FFFFC00, 0x00000000, 0x01FFFC00
 2882      00000000 
 2882      00FCFF7F 
 2882      00000000 
 2882      00FCFF01 
 2883 6d18 0080FF3F 			.word	0x3FFF8000, 0x00000000, 0x7FFFFE00, 0x00000000, 0x03FFFC00
 2883      00000000 
 2883      00FEFF7F 
 2883      00000000 
 2883      00FCFF03 
 2884 6d2c 0080FF3F 			.word	0x3FFF8000, 0x00000000, 0x7FFFFE00, 0x00000000, 0x03FFF800
 2884      00000000 
 2884      00FEFF7F 
 2884      00000000 
 2884      00F8FF03 
 2885 6d40 00C0FF3F 			.word	0x3FFFC000, 0x00000000, 0xFFFFFE00, 0x00000000, 0x03FFF800
 2885      00000000 
 2885      00FEFFFF 
 2885      00000000 
 2885      00F8FF03 
 2886 6d54 00C0FF3F 			.word	0x3FFFC000, 0x00000000, 0xFFFFFF00, 0x00000000, 0x03FFF800
 2886      00000000 
 2886      00FFFFFF 
 2886      00000000 
 2886      00F8FF03 
 2887 6d68 00C0FF1F 			.word	0x1FFFC000, 0x00000000, 0xFFFFFF00, 0x00000000, 0x07FFF000
 2887      00000000 
 2887      00FFFFFF 
 2887      00000000 
 2887      00F0FF07 
 2888 6d7c 00C0FF1F 			.word	0x1FFFC000, 0x00000000, 0xFFFFFF00, 0x00000000, 0x07FFF000
 2888      00000000 
 2888      00FFFFFF 
 2888      00000000 
 2888      00F0FF07 
 2889 6d90 00E0FF1F 			.word	0x1FFFE000, 0x00000001, 0xFFFFFF00, 0x00000000, 0x07FFF000
 2889      01000000 
 2889      00FFFFFF 
 2889      00000000 
 2889      00F0FF07 
 2890 6da4 00E0FF1F 			.word	0x1FFFE000, 0x00000001, 0xFFFFFF80, 0x00000000, 0x07FFF000
 2890      01000000 
 2890      80FFFFFF 
 2890      00000000 
 2890      00F0FF07 
 2891 6db8 00E0FF0F 			.word	0x0FFFE000, 0x00000001, 0xFFFFFF80, 0x00000000, 0x0FFFE000
 2891      01000000 
 2891      80FFFFFF 
 2891      00000000 
 2891      00E0FF0F 
 2892 6dcc 00E0FF0F 			.word	0x0FFFE000, 0x00000003, 0xFFFFFF80, 0x00000000, 0x0FFFE000
 2892      03000000 
ARM GAS  font_arial123.s 			page 127


 2892      80FFFFFF 
 2892      00000000 
 2892      00E0FF0F 
 2893 6de0 00E0FF0F 			.word	0x0FFFE000, 0x00000003, 0xFFFFFFC0, 0x00000000, 0x0FFFE000
 2893      03000000 
 2893      C0FFFFFF 
 2893      00000000 
 2893      00E0FF0F 
 2894 6df4 00F0FF0F 			.word	0x0FFFF000, 0x00000003, 0xFFEFFFC0, 0x00000000, 0x0FFFE000
 2894      03000000 
 2894      C0FFEFFF 
 2894      00000000 
 2894      00E0FF0F 
 2895 6e08 00F0FF07 			.word	0x07FFF000, 0x00000003, 0xFFEFFFC0, 0x00000000, 0x1FFFC000
 2895      03000000 
 2895      C0FFEFFF 
 2895      00000000 
 2895      00C0FF1F 
 2896 6e1c 00F0FF07 			.word	0x07FFF000, 0x00000007, 0xFFC7FFC0, 0x00000000, 0x1FFFC000
 2896      07000000 
 2896      C0FFC7FF 
 2896      00000000 
 2896      00C0FF1F 
 2897 6e30 00F0FF07 			.word	0x07FFF000, 0x00000007, 0xFFC7FFE0, 0x00000000, 0x1FFFC000
 2897      07000000 
 2897      E0FFC7FF 
 2897      00000000 
 2897      00C0FF1F 
 2898 6e44 00F8FF03 			.word	0x03FFF800, 0x00000007, 0xFFC7FFE0, 0x00000000, 0x1FFF8000
 2898      07000000 
 2898      E0FFC7FF 
 2898      00000000 
 2898      0080FF1F 
 2899 6e58 00F8FF03 			.word	0x03FFF800, 0x00000007, 0xFFC7FFE0, 0x00000000, 0x3FFF8000
 2899      07000000 
 2899      E0FFC7FF 
 2899      00000000 
 2899      0080FF3F 
 2900 6e6c 00F8FF03 			.word	0x03FFF800, 0x0000000F, 0xFF83FFE0, 0x00000000, 0x3FFF8000
 2900      0F000000 
 2900      E0FF83FF 
 2900      00000000 
 2900      0080FF3F 
 2901 6e80 00F8FF03 			.word	0x03FFF800, 0x0000000F, 0xFF83FFF0, 0x00000000, 0x3FFF8000
 2901      0F000000 
 2901      F0FF83FF 
 2901      00000000 
 2901      0080FF3F 
 2902 6e94 00FCFF01 			.word	0x01FFFC00, 0x0000000F, 0xFF83FFF0, 0x00000000, 0x3FFF0000
 2902      0F000000 
 2902      F0FF83FF 
 2902      00000000 
 2902      0000FF3F 
 2903 6ea8 00FCFF01 			.word	0x01FFFC00, 0x0000001F, 0xFF81FFF0, 0x00000000, 0x7FFF0000
 2903      1F000000 
 2903      F0FF81FF 
 2903      00000000 
ARM GAS  font_arial123.s 			page 128


 2903      0000FF7F 
 2904 6ebc 00FCFF01 			.word	0x01FFFC00, 0x0000001F, 0xFF01FFF8, 0x00000000, 0x7FFF0000
 2904      1F000000 
 2904      F8FF01FF 
 2904      00000000 
 2904      0000FF7F 
 2905 6ed0 00FCFF01 			.word	0x01FFFC00, 0x0000001F, 0xFF01FFF8, 0x00000000, 0x7FFF0000
 2905      1F000000 
 2905      F8FF01FF 
 2905      00000000 
 2905      0000FF7F 
 2906 6ee4 00FCFF00 			.word	0x00FFFC00, 0x0000001F, 0xFF01FFF8, 0x00000000, 0x7FFE0000
 2906      1F000000 
 2906      F8FF01FF 
 2906      00000000 
 2906      0000FE7F 
 2907 6ef8 00FEFF00 			.word	0x00FFFE00, 0x0000003F, 0xFF00FFF8, 0x00000000, 0xFFFE0000
 2907      3F000000 
 2907      F8FF00FF 
 2907      00000000 
 2907      0000FEFF 
 2908 6f0c 00FEFF00 			.word	0x00FFFE00, 0x0000003F, 0xFE00FFFC, 0x00000000, 0xFFFE0000
 2908      3F000000 
 2908      FCFF00FE 
 2908      00000000 
 2908      0000FEFF 
 2909 6f20 00FEFF00 			.word	0x00FFFE00, 0x0000003F, 0xFE00FFFC, 0x00000000, 0xFFFC0000
 2909      3F000000 
 2909      FCFF00FE 
 2909      00000000 
 2909      0000FCFF 
 2910 6f34 00FE7F00 			.word	0x007FFE00, 0x0000007F, 0xFE00FFFC, 0x00000000, 0xFFFC0000
 2910      7F000000 
 2910      FCFF00FE 
 2910      00000000 
 2910      0000FCFF 
 2911 6f48 00FF7F00 			.word	0x007FFF00, 0x0000007F, 0xFC007FFE, 0x00000001, 0xFFFC0000
 2911      7F000000 
 2911      FE7F00FC 
 2911      01000000 
 2911      0000FCFF 
 2912 6f5c 00FF7F00 			.word	0x007FFF00, 0x0000007F, 0xFC007FFE, 0x00000001, 0xFFFC0000
 2912      7F000000 
 2912      FE7F00FC 
 2912      01000000 
 2912      0000FCFF 
 2913 6f70 00FF7F00 			.word	0x007FFF00, 0x0000007F, 0xFC007FFE, 0x00000001, 0xFFF80000
 2913      7F000000 
 2913      FE7F00FC 
 2913      01000000 
 2913      0000F8FF 
 2914 6f84 00FF3F00 			.word	0x003FFF00, 0x000000FF, 0xFC003FFE, 0x00000001, 0xFFF80000
 2914      FF000000 
 2914      FE3F00FC 
 2914      01000000 
 2914      0000F8FF 
 2915 6f98 80FF3F00 			.word	0x003FFF80, 0x000000FF, 0xF8003FFF, 0x00000003, 0xFFF80000
ARM GAS  font_arial123.s 			page 129


 2915      FF000000 
 2915      FF3F00F8 
 2915      03000000 
 2915      0000F8FF 
 2916 6fac 80FF3F00 			.word	0x003FFF80, 0x000000FF, 0xF8003FFF, 0x00000003, 0xFFF80000
 2916      FF000000 
 2916      FF3F00F8 
 2916      03000000 
 2916      0000F8FF 
 2917 6fc0 80FF1F00 			.word	0x001FFF80, 0x000001FF, 0xF8003FFF, 0x00000003, 0xFFF00000
 2917      FF010000 
 2917      FF3F00F8 
 2917      03000000 
 2917      0000F0FF 
 2918 6fd4 80FF1F00 			.word	0x001FFF80, 0x000001FF, 0xF0001FFF, 0x80000003, 0xFFF00000
 2918      FF010000 
 2918      FF1F00F0 
 2918      03000080 
 2918      0000F0FF 
 2919 6fe8 80FF1F00 			.word	0x001FFF80, 0x000001FF, 0xF0001FFF, 0x80000003, 0xFFF00000
 2919      FF010000 
 2919      FF1F00F0 
 2919      03000080 
 2919      0000F0FF 
 2920 6ffc C0FF1F00 			.word	0x001FFFC0, 0x000001FF, 0xF0001FFF, 0x80000007, 0xFFE00000
 2920      FF010000 
 2920      FF1F00F0 
 2920      07000080 
 2920      0000E0FF 
 2921 7010 C0FF0F00 			.word	0x000FFFC0, 0x000003FF, 0xF0001FFF, 0x80000007, 0xFFE00000
 2921      FF030000 
 2921      FF1F00F0 
 2921      07000080 
 2921      0000E0FF 
 2922 7024 C0FF0F00 			.word	0x000FFFC0, 0x000003FF, 0xE0000FFF, 0xC0000007, 0xFFE00000
 2922      FF030000 
 2922      FF0F00E0 
 2922      070000C0 
 2922      0000E0FF 
 2923 7038 C0FF0F00 			.word	0x000FFFC0, 0x000003FF, 0xE0000FFF, 0xC0000007, 0xFFE00000
 2923      FF030000 
 2923      FF0F00E0 
 2923      070000C0 
 2923      0000E0FF 
 2924 704c E0FF0F00 			.word	0x000FFFE0, 0x000003FF, 0xE0000FFF, 0xC000000F, 0xFFC00000
 2924      FF030000 
 2924      FF0F00E0 
 2924      0F0000C0 
 2924      0000C0FF 
 2925 7060 E0FF0700 			.word	0x0007FFE0, 0x000007FF, 0xE00007FF, 0xE000000F, 0xFFC00000
 2925      FF070000 
 2925      FF0700E0 
 2925      0F0000E0 
 2925      0000C0FF 
 2926 7074 E0FF0700 			.word	0x0007FFE0, 0x000007FF, 0xC00007FF, 0xE000000F, 0xFFC00000
 2926      FF070000 
 2926      FF0700C0 
ARM GAS  font_arial123.s 			page 130


 2926      0F0000E0 
 2926      0000C0FF 
 2927 7088 E0FF0700 			.word	0x0007FFE0, 0x000007FF, 0xC00007FF, 0xE000000F, 0xFFC00000
 2927      FF070000 
 2927      FF0700C0 
 2927      0F0000E0 
 2927      0000C0FF 
 2928 709c F0FF0700 			.word	0x0007FFF0, 0x00000FFF, 0xC00007FF, 0xE000001F, 0xFF800000
 2928      FF0F0000 
 2928      FF0700C0 
 2928      1F0000E0 
 2928      000080FF 
 2929 70b0 F0FF0300 			.word	0x0003FFF0, 0x00000FFF, 0x800003FF, 0xF000001F, 0xFF800000
 2929      FF0F0000 
 2929      FF030080 
 2929      1F0000F0 
 2929      000080FF 
 2930 70c4 F0FF0300 			.word	0x0003FFF0, 0x00000FFF, 0x800003FF, 0xF000001F, 0xFF800000
 2930      FF0F0000 
 2930      FF030080 
 2930      1F0000F0 
 2930      000080FF 
 2931 70d8 F0FF0300 			.word	0x0003FFF0, 0x00000FFF, 0x800003FF, 0xF000001F, 0xFF000000
 2931      FF0F0000 
 2931      FF030080 
 2931      1F0000F0 
 2931      000000FF 
 2932 70ec F0FF0300 			.word	0x0003FFF0, 0x00001FFF, 0x800001FF, 0xF800003F, 0xFF000000
 2932      FF1F0000 
 2932      FF010080 
 2932      3F0000F8 
 2932      000000FF 
 2933 7100 F8FF0100 			.word	0x0001FFF8, 0x00001FFF, 0x000001FF, 0xF800003F, 0xFF000000
 2933      FF1F0000 
 2933      FF010000 
 2933      3F0000F8 
 2933      000000FF 
 2934 7114 F8FF0100 			.word	0x0001FFF8, 0x00001FFF, 0x000001FF, 0xF800003F, 0xFF000000
 2934      FF1F0000 
 2934      FF010000 
 2934      3F0000F8 
 2934      000000FF 
 2935 7128 F8FF0100 			.word	0x0001FFF8, 0x00003FFF, 0x000001FF, 0xF800003F, 0xFE000000
 2935      FF3F0000 
 2935      FF010000 
 2935      3F0000F8 
 2935      000000FE 
 2936 713c F8FF0000 			.word	0x0000FFF8, 0x00003FFE, 0x000000FF, 0xFC00007F, 0xFE000000
 2936      FE3F0000 
 2936      FF000000 
 2936      7F0000FC 
 2936      000000FE 
 2937 7150 FCFF0000 			.word	0x0000FFFC, 0x00003FFE, 0x000000FF, 0xFC00007F, 0xFE000000
 2937      FE3F0000 
 2937      FF000000 
 2937      7F0000FC 
 2937      000000FE 
ARM GAS  font_arial123.s 			page 131


 2938 7164 FCFF0000 			.word	0x0000FFFC, 0x00003FFE, 0x000000FF, 0xFC00007F, 0xFE000000
 2938      FE3F0000 
 2938      FF000000 
 2938      7F0000FC 
 2938      000000FE 
 2939 7178 FCFF0000 			.word	0x0000FFFC, 0x00007FFE, 0x000000FF, 0xFC00007F, 0xFC000000
 2939      FE7F0000 
 2939      FF000000 
 2939      7F0000FC 
 2939      000000FC 
 2940 718c FC7F0000 			.word	0x00007FFC, 0x00007FFC, 0x0000007F, 0xFE0000FF, 0xFC000000
 2940      FC7F0000 
 2940      7F000000 
 2940      FF0000FE 
 2940      000000FC 
 2941 71a0 FE7F0000 			.word	0x00007FFE, 0x00007FFC, 0x0000007F, 0xFE0000FF, 0xFC000000
 2941      FC7F0000 
 2941      7F000000 
 2941      FF0000FE 
 2941      000000FC 
 2942 71b4 FE7F0000 			.word	0x00007FFE, 0x0000FFFC, 0x0000007F, 0xFE0000FF, 0xF8000000
 2942      FCFF0000 
 2942      7F000000 
 2942      FF0000FE 
 2942      000000F8 
 2943 71c8 FE7F0000 			.word	0x00007FFE, 0x0000FFFC, 0x0000003F, 0xFF0000FF, 0xF8000000
 2943      FCFF0000 
 2943      3F000000 
 2943      FF0000FF 
 2943      000000F8 
 2944 71dc FE3F0000 			.word	0x00003FFE, 0x0000FFF8, 0x0000003F, 0xFF0001FF, 0xF8000000
 2944      F8FF0000 
 2944      3F000000 
 2944      FF0100FF 
 2944      000000F8 
 2945 71f0 FE3F0000 			.word	0x00003FFE, 0x0000FFF8, 0x0000003F, 0xFF0001FF, 0xF8000000
 2945      F8FF0000 
 2945      3F000000 
 2945      FF0100FF 
 2945      000000F8 
 2946 7204 FF3F0000 			.word	0x00003FFF, 0x0001FFF8, 0x0000003F, 0xFF0001FF, 0xF0000000
 2946      F8FF0100 
 2946      3F000000 
 2946      FF0100FF 
 2946      000000F0 
 2947 7218 FF3F0000 			.word	0x00003FFF, 0x0001FFF0, 0x0000001F, 0xFF8001FF, 0xF0000000
 2947      F0FF0100 
 2947      1F000000 
 2947      FF0180FF 
 2947      000000F0 
 2948 722c FF1F0000 			.word	0x00001FFF, 0x0001FFF0, 0x0000001F, 0xFF8003FF, 0xF0000000
 2948      F0FF0100 
 2948      1F000000 
 2948      FF0380FF 
 2948      000000F0 
 2949 7240 FF1F0000 			.word	0x00001FFF, 0x0003FFF0, 0x0000001F, 0xFF8003FF, 0xF0000000
 2949      F0FF0300 
ARM GAS  font_arial123.s 			page 132


 2949      1F000000 
 2949      FF0380FF 
 2949      000000F0 
 2950 7254 FF1F0000 			.word	0x00001FFF, 0x8003FFF0, 0x0000001F, 0xFF8003FF, 0xE0000000
 2950      F0FF0380 
 2950      1F000000 
 2950      FF0380FF 
 2950      000000E0 
 2951 7268 FF0F0000 			.word	0x00000FFF, 0x8003FFE0, 0x0000000F, 0xFFC003FF, 0xE0000000
 2951      E0FF0380 
 2951      0F000000 
 2951      FF03C0FF 
 2951      000000E0 
 2952 727c FF0F0000 			.word	0x00000FFF, 0x8003FFE0, 0x0000000F, 0xFFC007FF, 0xE0000000
 2952      E0FF0380 
 2952      0F000000 
 2952      FF07C0FF 
 2952      000000E0 
 2953 7290 FF0F0000 			.word	0x00000FFF, 0x8007FFE0, 0x0000000F, 0xFFC007FF, 0xC0000000
 2953      E0FF0780 
 2953      0F000000 
 2953      FF07C0FF 
 2953      000000C0 
 2954 72a4 FF0F0000 			.word	0x00000FFF, 0xC007FFE0, 0x00000007, 0xFFC007FF, 0xC0000000
 2954      E0FF07C0 
 2954      07000000 
 2954      FF07C0FF 
 2954      000000C0 
 2955 72b8 FF070000 			.word	0x000007FF, 0xC007FFC0, 0x00000007, 0xFFE007FF, 0xC0000000
 2955      C0FF07C0 
 2955      07000000 
 2955      FF07E0FF 
 2955      000000C0 
 2956 72cc FF070000 			.word	0x000007FF, 0xC007FFC0, 0x00000007, 0xFFE00FFF, 0xC0000000
 2956      C0FF07C0 
 2956      07000000 
 2956      FF0FE0FF 
 2956      000000C0 
 2957 72e0 FF070000 			.word	0x000007FF, 0xC00FFFC0, 0x00000007, 0xFFE00FFF, 0x80000000
 2957      C0FF0FC0 
 2957      07000000 
 2957      FF0FE0FF 
 2957      00000080 
 2958 72f4 FF070000 			.word	0x000007FF, 0xC00FFF80, 0x00000003, 0xFFE00FFF, 0x80000000
 2958      80FF0FC0 
 2958      03000000 
 2958      FF0FE0FF 
 2958      00000080 
 2959 7308 FF030000 			.word	0x000003FF, 0xE00FFF80, 0x00000003, 0xFFE00FFF, 0x80000000
 2959      80FF0FE0 
 2959      03000000 
 2959      FF0FE0FF 
 2959      00000080 
 2960 731c FF030000 			.word	0x000003FF, 0xE01FFF80, 0x00000003, 0xFFF00FFF, 0x80000000
 2960      80FF1FE0 
 2960      03000000 
 2960      FF0FF0FF 
ARM GAS  font_arial123.s 			page 133


 2960      00000080 
 2961 7330 FF030000 			.word	0x000003FF, 0xE01FFF80, 0x00000003, 0xFFF01FFF, 0x00000000
 2961      80FF1FE0 
 2961      03000000 
 2961      FF1FF0FF 
 2961      00000000 
 2962 7344 FF030000 			.word	0x000003FF, 0xE01FFF00, 0x00000001, 0xFFF01FFF, 0x00000000
 2962      00FF1FE0 
 2962      01000000 
 2962      FF1FF0FF 
 2962      00000000 
 2963 7358 FF010000 			.word	0x000001FF, 0xF01FFF00, 0x00000001, 0xFFF01FFF, 0x00000000
 2963      00FF1FF0 
 2963      01000000 
 2963      FF1FF0FF 
 2963      00000000 
 2964 736c FF010000 			.word	0x000001FF, 0xF03FFF00, 0x00000001, 0xFFF81FFE, 0x00000000
 2964      00FF3FF0 
 2964      01000000 
 2964      FE1FF8FF 
 2964      00000000 
 2965 7380 FF010000 			.word	0x000001FF, 0xF03FFE00, 0x00000000, 0xFFF83FFE, 0x00000000
 2965      00FE3FF0 
 2965      00000000 
 2965      FE3FF8FF 
 2965      00000000 
 2966 7394 FF010000 			.word	0x000001FF, 0xF03FFE00, 0x00000000, 0xFFF83FFE, 0x00000000
 2966      00FE3FF0 
 2966      00000000 
 2966      FE3FF8FF 
 2966      00000000 
 2967 73a8 FF000000 			.word	0x000000FF, 0xF03FFE00, 0x00000000, 0xFFF83FFE, 0x00000000
 2967      00FE3FF0 
 2967      00000000 
 2967      FE3FF8FF 
 2967      00000000 
 2968 73bc FF000000 			.word	0x000000FF, 0xF83FFE00, 0x00000000, 0xFFF83FFC, 0x00000000
 2968      00FE3FF8 
 2968      00000000 
 2968      FC3FF8FF 
 2968      00000000 
 2969 73d0 FF000000 			.word	0x000000FF, 0xF87FFC00, 0x00000000, 0x7FFC7FFC, 0x00000000
 2969      00FC7FF8 
 2969      00000000 
 2969      FC7FFC7F 
 2969      00000000 
 2970 73e4 7F000000 			.word	0x0000007F, 0xF87FFC00, 0x00000000, 0x7FFC7FFC, 0x00000000
 2970      00FC7FF8 
 2970      00000000 
 2970      FC7FFC7F 
 2970      00000000 
 2971 73f8 7F000000 			.word	0x0000007F, 0xF87FFC00, 0x00000000, 0x7FFC7FFC, 0x00000000
 2971      00FC7FF8 
 2971      00000000 
 2971      FC7FFC7F 
 2971      00000000 
 2972 740c 7F000000 			.word	0x0000007F, 0xF87FFC00, 0x00000000, 0x3FFC7FF8, 0x00000000
ARM GAS  font_arial123.s 			page 134


 2972      00FC7FF8 
 2972      00000000 
 2972      F87FFC3F 
 2972      00000000 
 2973 7420 7F000000 			.word	0x0000007F, 0xFCFFF800, 0x00000000, 0x3FFC7FF8, 0x00000000
 2973      00F8FFFC 
 2973      00000000 
 2973      F87FFC3F 
 2973      00000000 
 2974 7434 3F000000 			.word	0x0000003F, 0xFCFFF800, 0x00000000, 0x3FFCFFF8, 0x00000000
 2974      00F8FFFC 
 2974      00000000 
 2974      F8FFFC3F 
 2974      00000000 
 2975 7448 3F000000 			.word	0x0000003F, 0xFCFFF800, 0x00000000, 0x3FFEFFF0, 0x00000000
 2975      00F8FFFC 
 2975      00000000 
 2975      F0FFFE3F 
 2975      00000000 
 2976 745c 3F000000 			.word	0x0000003F, 0xFCFFF000, 0x00000000, 0x1FFEFFF0, 0x00000000
 2976      00F0FFFC 
 2976      00000000 
 2976      F0FFFE1F 
 2976      00000000 
 2977 7470 3F000000 			.word	0x0000003F, 0xFDFFF000, 0x00000000, 0x1FFEFFF0, 0x00000000
 2977      00F0FFFD 
 2977      00000000 
 2977      F0FFFE1F 
 2977      00000000 
 2978 7484 1F000000 			.word	0x0000001F, 0xFFFFF000, 0x00000000, 0x1FFFFFF0, 0x00000000
 2978      00F0FFFF 
 2978      00000000 
 2978      F0FFFF1F 
 2978      00000000 
 2979 7498 1F000000 			.word	0x0000001F, 0xFFFFF000, 0x00000000, 0x1FFFFFE0, 0x00000000
 2979      00F0FFFF 
 2979      00000000 
 2979      E0FFFF1F 
 2979      00000000 
 2980 74ac 1F000000 			.word	0x0000001F, 0xFFFFE000, 0x00000000, 0x0FFFFFE0, 0x00000000
 2980      00E0FFFF 
 2980      00000000 
 2980      E0FFFF0F 
 2980      00000000 
 2981 74c0 1F000000 			.word	0x0000001F, 0xFFFFE000, 0x00000000, 0x0FFFFFE0, 0x00000000
 2981      00E0FFFF 
 2981      00000000 
 2981      E0FFFF0F 
 2981      00000000 
 2982 74d4 0F000000 			.word	0x0000000F, 0xFFFFE000, 0x00000000, 0x0FFFFFE0, 0x00000000
 2982      00E0FFFF 
 2982      00000000 
 2982      E0FFFF0F 
 2982      00000000 
 2983 74e8 0F000000 			.word	0x0000000F, 0xFFFFC000, 0x00000000, 0x07FFFFC0, 0x00000000
 2983      00C0FFFF 
 2983      00000000 
ARM GAS  font_arial123.s 			page 135


 2983      C0FFFF07 
 2983      00000000 
 2984 74fc 0F000000 			.word	0x0000000F, 0xFFFFC000, 0x00000000, 0x07FFFFC0, 0x00000000
 2984      00C0FFFF 
 2984      00000000 
 2984      C0FFFF07 
 2984      00000000 
 2985 7510 0F000000 			.word	0x0000000F, 0xFFFFC000, 0x00000000, 0x07FFFFC0, 0x00000000
 2985      00C0FFFF 
 2985      00000000 
 2985      C0FFFF07 
 2985      00000000 
 2986 7524 07000000 			.word	0x00000007, 0xFFFFC000, 0x00000000, 0x07FFFF80, 0x00000000
 2986      00C0FFFF 
 2986      00000000 
 2986      80FFFF07 
 2986      00000000 
 2987 7538 07000000 			.word	0x00000007, 0xFFFF8000, 0x00000000, 0x03FFFF80, 0x00000000
 2987      0080FFFF 
 2987      00000000 
 2987      80FFFF03 
 2987      00000000 
 2988 754c 07000000 			.word	0x00000007, 0xFFFF8000, 0x00000000, 0x03FFFF80, 0x00000000
 2988      0080FFFF 
 2988      00000000 
 2988      80FFFF03 
 2988      00000000 
 2989 7560 03000000 			.word	0x00000003, 0xFFFF8000, 0x00000000, 0x03FFFF80, 0x00000000
 2989      0080FFFF 
 2989      00000000 
 2989      80FFFF03 
 2989      00000000 
 2990 7574 03000000 			.word	0x00000003, 0xFFFF8000, 0x00000000, 0x03FFFF00, 0x00000000
 2990      0080FFFF 
 2990      00000000 
 2990      00FFFF03 
 2990      00000000 
 2991 7588 03000000 			.word	0x00000003, 0xFFFF0000, 0x00000000, 0x01FFFF00, 0x00000000
 2991      0000FFFF 
 2991      00000000 
 2991      00FFFF01 
 2991      00000000 
 2992 759c 03000000 			.word	0x00000003, 0xFFFF0000, 0x00000000, 0x01FFFF00, 0x00000000
 2992      0000FFFF 
 2992      00000000 
 2992      00FFFF01 
 2992      00000000 
 2993 75b0 01000000 			.word	0x00000001, 0xFFFF0000, 0x00000000, 0x01FFFF00, 0x00000000
 2993      0000FFFF 
 2993      00000000 
 2993      00FFFF01 
 2993      00000000 
 2994 75c4 01000000 			.word	0x00000001, 0xFFFE0000, 0x00000000, 0x00FFFE00, 0x00000000
 2994      0000FEFF 
 2994      00000000 
 2994      00FEFF00 
 2994      00000000 
ARM GAS  font_arial123.s 			page 136


 2995 75d8 01000000 			.word	0x00000001, 0xFFFE0000, 0x00000000, 0x00FFFE00, 0x00000000
 2995      0000FEFF 
 2995      00000000 
 2995      00FEFF00 
 2995      00000000 
 2996              	
 2997              	LOWERCASE_M:
 2998 75ec 6D000000 			.word	'm			// ASCII "m" character
 2999 75f0 8D000000 			.word	141			// cell pixel width
 3000 75f4 7A000000 			.word	CELLHGHT		// cell pixel height
 3001 75f8 75000000 			.word	117			// glyph pixel width
 3002 75fc 58000000 			.word	88			// glyph pixel height
 3003 7600 0D000000 			.word	13			// blank horizontal pixels before glyph
 3004 7604 0B000000 			.word	11			// blank horizontal pixels after glyph
 3005 7608 20000000 			.word	32			// blank horizontal lines before glyph
 3006 760c 02000000 			.word	2			// blank horizontal lines after glyph
 3007              							// bit mapped glyph
 3008 7610 00000000 			.word	0x00000000, 0x7FF80000, 0x000007FF, 0x80000000
 3008      0000F87F 
 3008      FF070000 
 3008      00000080 
 3009 7620 07000000 			.word	0x00000007, 0xFFFFC000, 0x00007FFF, 0xF8000000
 3009      00C0FFFF 
 3009      FF7F0000 
 3009      000000F8 
 3010 7630 1F00F8FF 			.word	0xFFF8001F, 0xFFFFF000, 0x0003FFFF, 0xFE000000
 3010      00F0FFFF 
 3010      FFFF0300 
 3010      000000FE 
 3011 7640 7F00F8FF 			.word	0xFFF8007F, 0xFFFFFC00, 0x000FFFFF, 0xFF800000
 3011      00FCFFFF 
 3011      FFFF0F00 
 3011      000080FF 
 3012 7650 FF01F8FF 			.word	0xFFF801FF, 0xFFFFFF00, 0x003FFFFF, 0xFFE00000
 3012      00FFFFFF 
 3012      FFFF3F00 
 3012      0000E0FF 
 3013 7660 FF03F8FF 			.word	0xFFF803FF, 0xFFFFFF80, 0x007FFFFF, 0xFFF00000
 3013      80FFFFFF 
 3013      FFFF7F00 
 3013      0000F0FF 
 3014 7670 FF0FF8FF 			.word	0xFFF80FFF, 0xFFFFFFC0, 0x00FFFFFF, 0xFFF80000
 3014      C0FFFFFF 
 3014      FFFFFF00 
 3014      0000F8FF 
 3015 7680 FF1FF8FF 			.word	0xFFF81FFF, 0xFFFFFFE0, 0x01FFFFFF, 0xFFFC0000
 3015      E0FFFFFF 
 3015      FFFFFF01 
 3015      0000FCFF 
 3016 7690 FF3FF8FF 			.word	0xFFF83FFF, 0xFFFFFFF0, 0x07FFFFFF, 0xFFFE0000
 3016      F0FFFFFF 
 3016      FFFFFF07 
 3016      0000FEFF 
 3017 76a0 FF7FF8FF 			.word	0xFFF87FFF, 0xFFFFFFF8, 0x0FFFFFFF, 0xFFFF0000
 3017      F8FFFFFF 
 3017      FFFFFF0F 
 3017      0000FFFF 
ARM GAS  font_arial123.s 			page 137


 3018 76b0 FFFFF8FF 			.word	0xFFF8FFFF, 0xFFFFFFF8, 0x0FFFFFFF, 0xFFFF8000
 3018      F8FFFFFF 
 3018      FFFFFF0F 
 3018      0080FFFF 
 3019 76c0 FFFFF9FF 			.word	0xFFF9FFFF, 0xFFFFFFFC, 0x1FFFFFFF, 0xFFFF8000
 3019      FCFFFFFF 
 3019      FFFFFF1F 
 3019      0080FFFF 
 3020 76d0 FFFFFBFF 			.word	0xFFFBFFFF, 0xFFFFFFFC, 0x3FFFFFFF, 0xFFFFC000
 3020      FCFFFFFF 
 3020      FFFFFF3F 
 3020      00C0FFFF 
 3021 76e0 FEFFFBFF 			.word	0xFFFBFFFE, 0x007FFFFE, 0x7FFFC00F, 0xFFFFC000
 3021      FEFF7F00 
 3021      0FC0FF7F 
 3021      00C0FFFF 
 3022 76f0 F0FFFFFF 			.word	0xFFFFFFF0, 0x000FFFFE, 0xFFFE0001, 0xFFFFE000
 3022      FEFF0F00 
 3022      0100FEFF 
 3022      00E0FFFF 
 3023 7700 C0FFFFFF 			.word	0xFFFFFFC0, 0x0003FFFF, 0xFFF80000, 0xFFFFE000
 3023      FFFF0300 
 3023      0000F8FF 
 3023      00E0FFFF 
 3024 7710 00FFFFFF 			.word	0xFFFFFF00, 0x0001FFFF, 0xFFE00000, 0x3FFFE000
 3024      FFFF0100 
 3024      0000E0FF 
 3024      00E0FF3F 
 3025 7720 00FEFFFF 			.word	0xFFFFFE00, 0x0000FFFF, 0xFFC00000, 0x1FFFF000
 3025      FFFF0000 
 3025      0000C0FF 
 3025      00F0FF1F 
 3026 7730 00F8FFFF 			.word	0xFFFFF800, 0x0000FFFF, 0xFF000000, 0x0FFFF000
 3026      FFFF0000 
 3026      000000FF 
 3026      00F0FF0F 
 3027 7740 00F8FFFF 			.word	0xFFFFF800, 0x00007FFF, 0xFE000000, 0x0FFFF000
 3027      FF7F0000 
 3027      000000FE 
 3027      00F0FF0F 
 3028 7750 00F0FFFF 			.word	0xFFFFF000, 0x00003FFF, 0xFE000000, 0x07FFF000
 3028      FF3F0000 
 3028      000000FE 
 3028      00F0FF07 
 3029 7760 00E0FFFF 			.word	0xFFFFE000, 0x00003FFF, 0xFC000000, 0x07FFF000
 3029      FF3F0000 
 3029      000000FC 
 3029      00F0FF07 
 3030 7770 00C0FFFF 			.word	0xFFFFC000, 0x00003FFF, 0xF8000000, 0x03FFF800
 3030      FF3F0000 
 3030      000000F8 
 3030      00F8FF03 
 3031 7780 00C0FFFF 			.word	0xFFFFC000, 0x00001FFF, 0xF8000000, 0x03FFF800
 3031      FF1F0000 
 3031      000000F8 
 3031      00F8FF03 
 3032 7790 0080FFFF 			.word	0xFFFF8000, 0x00001FFF, 0xF0000000, 0x03FFF800
ARM GAS  font_arial123.s 			page 138


 3032      FF1F0000 
 3032      000000F0 
 3032      00F8FF03 
 3033 77a0 0080FFFF 			.word	0xFFFF8000, 0x00001FFF, 0xF0000000, 0x03FFF800
 3033      FF1F0000 
 3033      000000F0 
 3033      00F8FF03 
 3034 77b0 0080FFFF 			.word	0xFFFF8000, 0x00001FFF, 0xE0000000, 0x03FFF800
 3034      FF1F0000 
 3034      000000E0 
 3034      00F8FF03 
 3035 77c0 0000FFFF 			.word	0xFFFF0000, 0x00001FFF, 0xE0000000, 0x03FFF800
 3035      FF1F0000 
 3035      000000E0 
 3035      00F8FF03 
 3036 77d0 0000FFFF 			.word	0xFFFF0000, 0x00001FFF, 0xE0000000, 0x01FFF800
 3036      FF1F0000 
 3036      000000E0 
 3036      00F8FF01 
 3037 77e0 0000FFFF 			.word	0xFFFF0000, 0x00001FFF, 0xE0000000, 0x01FFF800
 3037      FF1F0000 
 3037      000000E0 
 3037      00F8FF01 
 3038 77f0 0000FEFF 			.word	0xFFFE0000, 0x00000FFF, 0xC0000000, 0x01FFF800
 3038      FF0F0000 
 3038      000000C0 
 3038      00F8FF01 
 3039 7800 0000FEFF 			.word	0xFFFE0000, 0x00000FFF, 0xC0000000, 0x01FFF800
 3039      FF0F0000 
 3039      000000C0 
 3039      00F8FF01 
 3040 7810 0000FEFF 			.word	0xFFFE0000, 0x00000FFF, 0xC0000000, 0x01FFF800
 3040      FF0F0000 
 3040      000000C0 
 3040      00F8FF01 
 3041 7820 0000FEFF 			.word	0xFFFE0000, 0x00000FFF, 0xC0000000, 0x01FFF800
 3041      FF0F0000 
 3041      000000C0 
 3041      00F8FF01 
 3042 7830 0000FEFF 			.word	0xFFFE0000, 0x00000FFF, 0xC0000000, 0x01FFF800
 3042      FF0F0000 
 3042      000000C0 
 3042      00F8FF01 
 3043 7840 0000FEFF 			.word	0xFFFE0000, 0x00000FFF, 0xC0000000, 0x01FFF800
 3043      FF0F0000 
 3043      000000C0 
 3043      00F8FF01 
 3044 7850 0000FEFF 			.word	0xFFFE0000, 0x00000FFF, 0xC0000000, 0x01FFF800
 3044      FF0F0000 
 3044      000000C0 
 3044      00F8FF01 
 3045 7860 0000FEFF 			.word	0xFFFE0000, 0x00000FFF, 0xC0000000, 0x01FFF800
 3045      FF0F0000 
 3045      000000C0 
 3045      00F8FF01 
 3046 7870 0000FEFF 			.word	0xFFFE0000, 0x00000FFF, 0xC0000000, 0x01FFF800
 3046      FF0F0000 
ARM GAS  font_arial123.s 			page 139


 3046      000000C0 
 3046      00F8FF01 
 3047 7880 0000FEFF 			.word	0xFFFE0000, 0x00000FFF, 0xC0000000, 0x01FFF800
 3047      FF0F0000 
 3047      000000C0 
 3047      00F8FF01 
 3048 7890 0000FEFF 			.word	0xFFFE0000, 0x00000FFF, 0xC0000000, 0x01FFF800
 3048      FF0F0000 
 3048      000000C0 
 3048      00F8FF01 
 3049 78a0 0000FCFF 			.word	0xFFFC0000, 0x00000FFF, 0xC0000000, 0x01FFF800
 3049      FF0F0000 
 3049      000000C0 
 3049      00F8FF01 
 3050 78b0 0000FCFF 			.word	0xFFFC0000, 0x00000FFF, 0xC0000000, 0x01FFF800
 3050      FF0F0000 
 3050      000000C0 
 3050      00F8FF01 
 3051 78c0 0000FCFF 			.word	0xFFFC0000, 0x00000FFF, 0xC0000000, 0x01FFF800
 3051      FF0F0000 
 3051      000000C0 
 3051      00F8FF01 
 3052 78d0 0000FCFF 			.word	0xFFFC0000, 0x00000FFF, 0xC0000000, 0x01FFF800
 3052      FF0F0000 
 3052      000000C0 
 3052      00F8FF01 
 3053 78e0 0000FCFF 			.word	0xFFFC0000, 0x00000FFF, 0xC0000000, 0x01FFF800
 3053      FF0F0000 
 3053      000000C0 
 3053      00F8FF01 
 3054 78f0 0000FCFF 			.word	0xFFFC0000, 0x00000FFF, 0xC0000000, 0x01FFF800
 3054      FF0F0000 
 3054      000000C0 
 3054      00F8FF01 
 3055 7900 0000FCFF 			.word	0xFFFC0000, 0x00000FFF, 0xC0000000, 0x01FFF800
 3055      FF0F0000 
 3055      000000C0 
 3055      00F8FF01 
 3056 7910 0000FCFF 			.word	0xFFFC0000, 0x00000FFF, 0xC0000000, 0x01FFF800
 3056      FF0F0000 
 3056      000000C0 
 3056      00F8FF01 
 3057 7920 0000FCFF 			.word	0xFFFC0000, 0x00000FFF, 0xC0000000, 0x01FFF800
 3057      FF0F0000 
 3057      000000C0 
 3057      00F8FF01 
 3058 7930 0000FCFF 			.word	0xFFFC0000, 0x00000FFF, 0xC0000000, 0x01FFF800
 3058      FF0F0000 
 3058      000000C0 
 3058      00F8FF01 
 3059 7940 0000FCFF 			.word	0xFFFC0000, 0x00000FFF, 0xC0000000, 0x01FFF800
 3059      FF0F0000 
 3059      000000C0 
 3059      00F8FF01 
 3060 7950 0000FCFF 			.word	0xFFFC0000, 0x00000FFF, 0xC0000000, 0x01FFF800
 3060      FF0F0000 
 3060      000000C0 
ARM GAS  font_arial123.s 			page 140


 3060      00F8FF01 
 3061 7960 0000FCFF 			.word	0xFFFC0000, 0x00000FFF, 0xC0000000, 0x01FFF800
 3061      FF0F0000 
 3061      000000C0 
 3061      00F8FF01 
 3062 7970 0000FCFF 			.word	0xFFFC0000, 0x00000FFF, 0xC0000000, 0x01FFF800
 3062      FF0F0000 
 3062      000000C0 
 3062      00F8FF01 
 3063 7980 0000FCFF 			.word	0xFFFC0000, 0x00000FFF, 0xC0000000, 0x01FFF800
 3063      FF0F0000 
 3063      000000C0 
 3063      00F8FF01 
 3064 7990 0000FCFF 			.word	0xFFFC0000, 0x00000FFF, 0xC0000000, 0x01FFF800
 3064      FF0F0000 
 3064      000000C0 
 3064      00F8FF01 
 3065 79a0 0000FCFF 			.word	0xFFFC0000, 0x00000FFF, 0xC0000000, 0x01FFF800
 3065      FF0F0000 
 3065      000000C0 
 3065      00F8FF01 
 3066 79b0 0000FCFF 			.word	0xFFFC0000, 0x00000FFF, 0xC0000000, 0x01FFF800
 3066      FF0F0000 
 3066      000000C0 
 3066      00F8FF01 
 3067 79c0 0000FCFF 			.word	0xFFFC0000, 0x00000FFF, 0xC0000000, 0x01FFF800
 3067      FF0F0000 
 3067      000000C0 
 3067      00F8FF01 
 3068 79d0 0000FCFF 			.word	0xFFFC0000, 0x00000FFF, 0xC0000000, 0x01FFF800
 3068      FF0F0000 
 3068      000000C0 
 3068      00F8FF01 
 3069 79e0 0000FCFF 			.word	0xFFFC0000, 0x00000FFF, 0xC0000000, 0x01FFF800
 3069      FF0F0000 
 3069      000000C0 
 3069      00F8FF01 
 3070 79f0 0000FCFF 			.word	0xFFFC0000, 0x00000FFF, 0xC0000000, 0x01FFF800
 3070      FF0F0000 
 3070      000000C0 
 3070      00F8FF01 
 3071 7a00 0000FCFF 			.word	0xFFFC0000, 0x00000FFF, 0xC0000000, 0x01FFF800
 3071      FF0F0000 
 3071      000000C0 
 3071      00F8FF01 
 3072 7a10 0000FCFF 			.word	0xFFFC0000, 0x00000FFF, 0xC0000000, 0x01FFF800
 3072      FF0F0000 
 3072      000000C0 
 3072      00F8FF01 
 3073 7a20 0000FCFF 			.word	0xFFFC0000, 0x00000FFF, 0xC0000000, 0x01FFF800
 3073      FF0F0000 
 3073      000000C0 
 3073      00F8FF01 
 3074 7a30 0000FCFF 			.word	0xFFFC0000, 0x00000FFF, 0xC0000000, 0x01FFF800
 3074      FF0F0000 
 3074      000000C0 
 3074      00F8FF01 
ARM GAS  font_arial123.s 			page 141


 3075 7a40 0000FCFF 			.word	0xFFFC0000, 0x00000FFF, 0xC0000000, 0x01FFF800
 3075      FF0F0000 
 3075      000000C0 
 3075      00F8FF01 
 3076 7a50 0000FCFF 			.word	0xFFFC0000, 0x00000FFF, 0xC0000000, 0x01FFF800
 3076      FF0F0000 
 3076      000000C0 
 3076      00F8FF01 
 3077 7a60 0000FCFF 			.word	0xFFFC0000, 0x00000FFF, 0xC0000000, 0x01FFF800
 3077      FF0F0000 
 3077      000000C0 
 3077      00F8FF01 
 3078 7a70 0000FCFF 			.word	0xFFFC0000, 0x00000FFF, 0xC0000000, 0x01FFF800
 3078      FF0F0000 
 3078      000000C0 
 3078      00F8FF01 
 3079 7a80 0000FCFF 			.word	0xFFFC0000, 0x00000FFF, 0xC0000000, 0x01FFF800
 3079      FF0F0000 
 3079      000000C0 
 3079      00F8FF01 
 3080 7a90 0000FCFF 			.word	0xFFFC0000, 0x00000FFF, 0xC0000000, 0x01FFF800
 3080      FF0F0000 
 3080      000000C0 
 3080      00F8FF01 
 3081 7aa0 0000FCFF 			.word	0xFFFC0000, 0x00000FFF, 0xC0000000, 0x01FFF800
 3081      FF0F0000 
 3081      000000C0 
 3081      00F8FF01 
 3082 7ab0 0000FCFF 			.word	0xFFFC0000, 0x00000FFF, 0xC0000000, 0x01FFF800
 3082      FF0F0000 
 3082      000000C0 
 3082      00F8FF01 
 3083 7ac0 0000FCFF 			.word	0xFFFC0000, 0x00000FFF, 0xC0000000, 0x01FFF800
 3083      FF0F0000 
 3083      000000C0 
 3083      00F8FF01 
 3084 7ad0 0000FCFF 			.word	0xFFFC0000, 0x00000FFF, 0xC0000000, 0x01FFF800
 3084      FF0F0000 
 3084      000000C0 
 3084      00F8FF01 
 3085 7ae0 0000FCFF 			.word	0xFFFC0000, 0x00000FFF, 0xC0000000, 0x01FFF800
 3085      FF0F0000 
 3085      000000C0 
 3085      00F8FF01 
 3086 7af0 0000FCFF 			.word	0xFFFC0000, 0x00000FFF, 0xC0000000, 0x01FFF800
 3086      FF0F0000 
 3086      000000C0 
 3086      00F8FF01 
 3087 7b00 0000FCFF 			.word	0xFFFC0000, 0x00000FFF, 0xC0000000, 0x01FFF800
 3087      FF0F0000 
 3087      000000C0 
 3087      00F8FF01 
 3088 7b10 0000FCFF 			.word	0xFFFC0000, 0x00000FFF, 0xC0000000, 0x01FFF800
 3088      FF0F0000 
 3088      000000C0 
 3088      00F8FF01 
 3089 7b20 0000FCFF 			.word	0xFFFC0000, 0x00000FFF, 0xC0000000, 0x01FFF800
ARM GAS  font_arial123.s 			page 142


 3089      FF0F0000 
 3089      000000C0 
 3089      00F8FF01 
 3090 7b30 0000FCFF 			.word	0xFFFC0000, 0x00000FFF, 0xC0000000, 0x01FFF800
 3090      FF0F0000 
 3090      000000C0 
 3090      00F8FF01 
 3091 7b40 0000FCFF 			.word	0xFFFC0000, 0x00000FFF, 0xC0000000, 0x01FFF800
 3091      FF0F0000 
 3091      000000C0 
 3091      00F8FF01 
 3092 7b50 0000FCFF 			.word	0xFFFC0000, 0x00000FFF, 0xC0000000, 0x01FFF800
 3092      FF0F0000 
 3092      000000C0 
 3092      00F8FF01 
 3093 7b60 0000FCFF 			.word	0xFFFC0000, 0x00000FFF, 0xC0000000, 0x01FFF800
 3093      FF0F0000 
 3093      000000C0 
 3093      00F8FF01 
 3094 7b70 0000FCFF 			.word	0xFFFC0000, 0x00000FFF, 0xC0000000, 0x01FFF800
 3094      FF0F0000 
 3094      000000C0 
 3094      00F8FF01 
 3095 7b80 0000FCFF 			.word	0xFFFC0000, 0x00000FFF, 0xC0000000, 0x01FFF800
 3095      FF0F0000 
 3095      000000C0 
 3095      00F8FF01 
 3096              	
 3097              	HEX_0XF8:
 3098 7b90 00000000 			.word	NULL			// no equivalent ASCII character
 3099 7b94 3B000000 			.word	59			// cell pixel width
 3100 7b98 7A000000 			.word	CELLHGHT		// cell pixel height
 3101 7b9c 2D000000 			.word	45			// glyph pixel width
 3102 7ba0 2C000000 			.word	44			// glyph pixel height
 3103 7ba4 07000000 			.word	7			// blank horizontal pixels before glyph
 3104 7ba8 07000000 			.word	7			// blank horizontal pixels after glyph
 3105 7bac 00000000 			.word	0			// blank horizontal lines before glyph
 3106 7bb0 4E000000 			.word	78			// blank horizontal lines after glyph
 3107              							// bit mapped glyph
 3108 7bb4 E03F0000 			.word	0x00003FE0, 0x00000000
 3108      00000000 
 3109 7bbc FEFF0300 			.word	0x0003FFFE, 0x00000000
 3109      00000000 
 3110 7bc4 FFFF0F00 			.word	0x000FFFFF, 0x80000000
 3110      00000080 
 3111 7bcc FFFF1F00 			.word	0x001FFFFF, 0xE0000000
 3111      000000E0 
 3112 7bd4 FFFF7F00 			.word	0x007FFFFF, 0xF0000000
 3112      000000F0 
 3113 7bdc FFFFFF00 			.word	0x00FFFFFF, 0xF8000000
 3113      000000F8 
 3114 7be4 FFFFFF01 			.word	0x01FFFFFF, 0xFC000000
 3114      000000FC 
 3115 7bec FFFFFF03 			.word	0x03FFFFFF, 0xFE000000
 3115      000000FE 
 3116 7bf4 FFFFFF07 			.word	0x07FFFFFF, 0xFF000000
 3116      000000FF 
ARM GAS  font_arial123.s 			page 143


 3117 7bfc 1FE0FF0F 			.word	0x0FFFE01F, 0xFF800000
 3117      000080FF 
 3118 7c04 0700FF0F 			.word	0x0FFF0007, 0xFFC00000
 3118      0000C0FF 
 3119 7c0c 0100FE1F 			.word	0x1FFE0001, 0xFFC00000
 3119      0000C0FF 
 3120 7c14 0000F83F 			.word	0x3FF80000, 0xFFE00000
 3120      0000E0FF 
 3121 7c1c 0000F03F 			.word	0x3FF00000, 0x7FE00000
 3121      0000E07F 
 3122 7c24 0000E03F 			.word	0x3FE00000, 0x3FF00000
 3122      0000F03F 
 3123 7c2c 0000E07F 			.word	0x7FE00000, 0x1FF00000
 3123      0000F01F 
 3124 7c34 0000C07F 			.word	0x7FC00000, 0x1FF00000
 3124      0000F01F 
 3125 7c3c 0000C07F 			.word	0x7FC00000, 0x1FF00000
 3125      0000F01F 
 3126 7c44 0000807F 			.word	0x7F800000, 0x0FF80000
 3126      0000F80F 
 3127 7c4c 000080FF 			.word	0xFF800000, 0x0FF80000
 3127      0000F80F 
 3128 7c54 000080FF 			.word	0xFF800000, 0x0FF80000
 3128      0000F80F 
 3129 7c5c 000080FF 			.word	0xFF800000, 0x0FF80000
 3129      0000F80F 
 3130 7c64 000080FF 			.word	0xFF800000, 0x0FF80000
 3130      0000F80F 
 3131 7c6c 000080FF 			.word	0xFF800000, 0x0FF80000
 3131      0000F80F 
 3132 7c74 000080FF 			.word	0xFF800000, 0x0FF80000
 3132      0000F80F 
 3133 7c7c 0000807F 			.word	0x7F800000, 0x0FF80000
 3133      0000F80F 
 3134 7c84 0000C07F 			.word	0x7FC00000, 0x1FF00000
 3134      0000F01F 
 3135 7c8c 0000C07F 			.word	0x7FC00000, 0x1FF00000
 3135      0000F01F 
 3136 7c94 0000E07F 			.word	0x7FE00000, 0x3FF00000
 3136      0000F03F 
 3137 7c9c 0000E03F 			.word	0x3FE00000, 0x3FF00000
 3137      0000F03F 
 3138 7ca4 0000F03F 			.word	0x3FF00000, 0x7FE00000
 3138      0000E07F 
 3139 7cac 0000F83F 			.word	0x3FF80000, 0xFFE00000
 3139      0000E0FF 
 3140 7cb4 0100FE1F 			.word	0x1FFE0001, 0xFFC00000
 3140      0000C0FF 
 3141 7cbc 0700FF0F 			.word	0x0FFF0007, 0xFFC00000
 3141      0000C0FF 
 3142 7cc4 1FE0FF0F 			.word	0x0FFFE01F, 0xFF800000
 3142      000080FF 
 3143 7ccc FFFFFF07 			.word	0x07FFFFFF, 0xFF000000
 3143      000000FF 
 3144 7cd4 FFFFFF03 			.word	0x03FFFFFF, 0xFE000000
 3144      000000FE 
 3145 7cdc FFFFFF01 			.word	0x01FFFFFF, 0xFC000000
ARM GAS  font_arial123.s 			page 144


 3145      000000FC 
 3146 7ce4 FFFFFF00 			.word	0x00FFFFFF, 0xF8000000
 3146      000000F8 
 3147 7cec FFFF7F00 			.word	0x007FFFFF, 0xF0000000
 3147      000000F0 
 3148 7cf4 FFFF1F00 			.word	0x001FFFFF, 0xE0000000
 3148      000000E0 
 3149 7cfc FFFF0F00 			.word	0x000FFFFF, 0x80000000
 3149      00000080 
 3150 7d04 FEFF0300 			.word	0x0003FFFE, 0x00000000
 3150      00000000 
 3151 7d0c E03F0000 			.word	0x00003FE0, 0x00000000
 3151      00000000 
 3152              	
 3153              	HEX_0XFD:
 3154 7d14 00000000 			.word	NULL			// no equivalent ASCII character
 3155 7d18 3B000000 			.word	59			// cell pixel width
 3156 7d1c 7A000000 			.word	CELLHGHT		// cell pixel height
 3157 7d20 32000000 			.word	50			// glyph pixel width
 3158 7d24 3C000000 			.word	60			// glyph pixel height
 3159 7d28 04000000 			.word	4			// blank horizontal pixels before glyph
 3160 7d2c 05000000 			.word	5			// blank horizontal pixels after glyph
 3161 7d30 00000000 			.word	0			// blank horizontal lines before glyph
 3162 7d34 3E000000 			.word	62			// blank horizontal lines after glyph
 3163              							// bit mapped glyph
 3164 7d38 FF0F0000 			.word	0x00000FFF, 0x80000000
 3164      00000080 
 3165 7d40 FFFF0100 			.word	0x0001FFFF, 0xFC000000
 3165      000000FC 
 3166 7d48 FFFF0700 			.word	0x0007FFFF, 0xFF000000
 3166      000000FF 
 3167 7d50 FFFF1F00 			.word	0x001FFFFF, 0xFFC00000
 3167      0000C0FF 
 3168 7d58 FFFF7F00 			.word	0x007FFFFF, 0xFFF00000
 3168      0000F0FF 
 3169 7d60 FFFFFF00 			.word	0x00FFFFFF, 0xFFF80000
 3169      0000F8FF 
 3170 7d68 FFFFFF01 			.word	0x01FFFFFF, 0xFFFC0000
 3170      0000FCFF 
 3171 7d70 FFFFFF03 			.word	0x03FFFFFF, 0xFFFE0000
 3171      0000FEFF 
 3172 7d78 FFFFFF03 			.word	0x03FFFFFF, 0xFFFE0000
 3172      0000FEFF 
 3173 7d80 FFFFFF07 			.word	0x07FFFFFF, 0xFFFF0000
 3173      0000FFFF 
 3174 7d88 01F8FF0F 			.word	0x0FFFF801, 0xFFFF8000
 3174      0080FFFF 
 3175 7d90 00E0FF0F 			.word	0x0FFFE000, 0x7FFF8000
 3175      0080FF7F 
 3176 7d98 0080FF1F 			.word	0x1FFF8000, 0x1FFF8000
 3176      0080FF1F 
 3177 7da0 0000FF1F 			.word	0x1FFF0000, 0x0FFF8000
 3177      0080FF0F 
 3178 7da8 0000FF1F 			.word	0x1FFF0000, 0x0FFFC000
 3178      00C0FF0F 
 3179 7db0 0000FE3F 			.word	0x3FFE0000, 0x07FFC000
 3179      00C0FF07 
ARM GAS  font_arial123.s 			page 145


 3180 7db8 0000FE3F 			.word	0x3FFE0000, 0x07FFC000
 3180      00C0FF07 
 3181 7dc0 0000FC07 			.word	0x07FC0000, 0x07FFC000
 3181      00C0FF07 
 3182 7dc8 00001C00 			.word	0x001C0000, 0x07FFC000
 3182      00C0FF07 
 3183 7dd0 00000000 			.word	0x00000000, 0x07FF8000
 3183      0080FF07 
 3184 7dd8 00000000 			.word	0x00000000, 0x07FF8000
 3184      0080FF07 
 3185 7de0 00000000 			.word	0x00000000, 0x07FF8000
 3185      0080FF07 
 3186 7de8 00000000 			.word	0x00000000, 0x0FFF8000
 3186      0080FF0F 
 3187 7df0 00000000 			.word	0x00000000, 0x0FFF0000
 3187      0000FF0F 
 3188 7df8 00000000 			.word	0x00000000, 0x1FFF0000
 3188      0000FF1F 
 3189 7e00 00000000 			.word	0x00000000, 0x3FFE0000
 3189      0000FE3F 
 3190 7e08 00000000 			.word	0x00000000, 0x7FFE0000
 3190      0000FE7F 
 3191 7e10 00000000 			.word	0x00000000, 0xFFFC0000
 3191      0000FCFF 
 3192 7e18 03000000 			.word	0x00000003, 0xFFF80000
 3192      0000F8FF 
 3193 7e20 07000000 			.word	0x00000007, 0xFFF00000
 3193      0000F0FF 
 3194 7e28 0F000000 			.word	0x0000000F, 0xFFF00000
 3194      0000F0FF 
 3195 7e30 3F000000 			.word	0x0000003F, 0xFFE00000
 3195      0000E0FF 
 3196 7e38 7F000000 			.word	0x0000007F, 0xFF800000
 3196      000080FF 
 3197 7e40 FF000000 			.word	0x000000FF, 0xFF000000
 3197      000000FF 
 3198 7e48 FF030000 			.word	0x000003FF, 0xFE000000
 3198      000000FE 
 3199 7e50 FF070000 			.word	0x000007FF, 0xFC000000
 3199      000000FC 
 3200 7e58 FF1F0000 			.word	0x00001FFF, 0xF8000000
 3200      000000F8 
 3201 7e60 FF3F0000 			.word	0x00003FFF, 0xE0000000
 3201      000000E0 
 3202 7e68 FF7F0000 			.word	0x00007FFF, 0xC0000000
 3202      000000C0 
 3203 7e70 FFFF0100 			.word	0x0001FFFF, 0x80000000
 3203      00000080 
 3204 7e78 FEFF0300 			.word	0x0003FFFE, 0x00000000
 3204      00000000 
 3205 7e80 FCFF0700 			.word	0x0007FFFC, 0x00000000
 3205      00000000 
 3206 7e88 F8FF0F00 			.word	0x000FFFF8, 0x00000000
 3206      00000000 
 3207 7e90 E0FF1F00 			.word	0x001FFFE0, 0x00000000
 3207      00000000 
 3208 7e98 C0FF3F00 			.word	0x003FFFC0, 0x00000000
ARM GAS  font_arial123.s 			page 146


 3208      00000000 
 3209 7ea0 00FF7F00 			.word	0x007FFF00, 0x00000000
 3209      00000000 
 3210 7ea8 00FEFF00 			.word	0x00FFFE00, 0x00000000
 3210      00000000 
 3211 7eb0 00FCFF01 			.word	0x01FFFC00, 0x00000000
 3211      00000000 
 3212 7eb8 00F8FF03 			.word	0x03FFF800, 0x00000000
 3212      00000000 
 3213 7ec0 00F0FF07 			.word	0x07FFF000, 0x00000000
 3213      00000000 
 3214 7ec8 FFFFFF0F 			.word	0x0FFFFFFF, 0xFFFFC000
 3214      00C0FFFF 
 3215 7ed0 FFFFFF1F 			.word	0x1FFFFFFF, 0xFFFFC000
 3215      00C0FFFF 
 3216 7ed8 FFFFFF1F 			.word	0x1FFFFFFF, 0xFFFFC000
 3216      00C0FFFF 
 3217 7ee0 FFFFFF3F 			.word	0x3FFFFFFF, 0xFFFFC000
 3217      00C0FFFF 
 3218 7ee8 FFFFFF3F 			.word	0x3FFFFFFF, 0xFFFFC000
 3218      00C0FFFF 
 3219 7ef0 FFFFFF7F 			.word	0x7FFFFFFF, 0xFFFFC000
 3219      00C0FFFF 
 3220 7ef8 FFFFFF7F 			.word	0x7FFFFFFF, 0xFFFFC000
 3220      00C0FFFF 
 3221 7f00 FFFFFFFF 			.word	0xFFFFFFFF, 0xFFFFC000
 3221      00C0FFFF 
 3222 7f08 FFFFFFFF 			.word	0xFFFFFFFF, 0xFFFFC000
 3222      00C0FFFF 
 3223 7f10 FFFFFFFF 			.word	0xFFFFFFFF, 0xFFFFC000
 3223      00C0FFFF 
 3224              	
 3225              			.end
