ARM GAS  font_arial32.s 			page 1


   1              	/*******************************************************************************
   2              	*
   3              	* Arial font (32 points) file
   4              	*
   5              	* Copyright (c) 2022
   6              	*
   7              	*******************************************************************************/
   8              	
   9              	/*******************************************************************************
  10              	*
  11              	* Revision History
  12              	* ----------------------------------------------
  13              	* 10h	 4/15/22	PMW	Initial creation
  14              	*
  15              	*******************************************************************************/
  16              	
  17              	// External reference
  18              	
  19              			.global  FontArial32
  20              	
  21              	// Equates (i.e. defines)
  22              	
  23              			.equ	NULL, 0
  24              			.equ	CELLWDTH, 28
  25              			.equ	CELLHGHT, 40
  26              	
  27              	// Data Section
  28              	
  29              			.data
  30              	
  31              			.align	2
  32              	
  33              	/*******************************************************************************
  34              	*
  35              	* Font information, must be at beginning of font file
  36              	*
  37              	*******************************************************************************/
  38              	
  39              	FontArial32:
  40              	
  41 0000 10000000 			.word	STRING			// String font name offset
  42 0004 28000000 			.word	TABLE			// ASCII character table of offset addresses
  43 0008 1C000000 			.word	CELLWDTH		// cell pixel width
  44 000c 28000000 			.word	CELLHGHT		// cell pixel height
  45              	
  46              	/*******************************************************************************
  47              	*
  48              	* Font string name
  49              	*
  50              	*******************************************************************************/
  51              	
  52              	STRING:
  53              	
  54 0010 41726961 			.asciz	"Arial font (32 points)"
  54      6C20666F 
  54      6E742028 
  54      33322070 
ARM GAS  font_arial32.s 			page 2


  54      6F696E74 
  55              	
  56 0027 00       			.align	2
  57              	
  58              	/*******************************************************************************
  59              	*
  60              	* ASCII character table of offset addresses
  61              	*
  62              	* There is one entry for each of 128 ASCII characters and 128 extended charcters
  63              	* A null entry means there is no gyph associated with that entry
  64              	*
  65              	*******************************************************************************/
  66              	
  67              	TABLE:
  68 0028 00000000 			.word	NULL			// 00h - null, can't be used as it's string terminator
  69 002c 00000000 			.word	NULL			// 01h
  70 0030 00000000 			.word	NULL			// 02h
  71 0034 00000000 			.word	NULL			// 03h
  72 0038 00000000 			.word	NULL			// 04h
  73 003c 00000000 			.word	NULL			// 05h
  74 0040 00000000 			.word	NULL			// 06h
  75 0044 00000000 			.word	NULL			// 07h
  76 0048 00000000 			.word	NULL			// 08h
  77 004c 00000000 			.word	NULL			// 09h
  78 0050 00000000 			.word	NULL			// 0Ah
  79 0054 00000000 			.word	NULL			// 0Bh
  80 0058 00000000 			.word	NULL			// 0Ch
  81 005c 00000000 			.word	NULL			// 0Dh
  82 0060 00000000 			.word	NULL			// 0Eh
  83 0064 00000000 			.word	NULL			// 0Fh
  84 0068 00000000 			.word	NULL			// 10h
  85 006c 00000000 			.word	NULL			// 11h
  86 0070 00000000 			.word	NULL			// 12h
  87 0074 00000000 			.word	NULL			// 13h
  88 0078 00000000 			.word	NULL			// 14h
  89 007c 00000000 			.word	NULL			// 15h
  90 0080 00000000 			.word	NULL			// 16h
  91 0084 00000000 			.word	NULL			// 17h
  92 0088 00000000 			.word	NULL			// 18h
  93 008c 00000000 			.word	NULL			// 19h
  94 0090 00000000 			.word	NULL			// 1Ah
  95 0094 00000000 			.word	NULL			// 1Bh
  96 0098 00000000 			.word	NULL			// 1Ch
  97 009c 00000000 			.word	NULL			// 1Dh
  98 00a0 00000000 			.word	NULL			// 1Eh
  99 00a4 00000000 			.word	NULL			// 1Fh
 100 00a8 28040000 			.word	SPACE			// <space>
 101 00ac 4C040000 			.word	EXCLAMATION_MARK	// !
 102 00b0 EC040000 			.word	QUOTE_MARK		// "
 103 00b4 3C050000 			.word	NUMBER_SIGN		// #
 104 00b8 DC050000 			.word	DOLLAR_SIGN		// $
 105 00bc 8C060000 			.word	PERCENT_SIGN		// %
 106 00c0 2C070000 			.word	AMPERSAND		// &
 107 00c4 CC070000 			.word	APOSTROPHE		// '
 108 00c8 1C080000 			.word	LEFT_PAREN		// (
 109 00cc E0080000 			.word	RIGHT_PAREN		// )
 110 00d0 A4090000 			.word	ASTERISK		// *
ARM GAS  font_arial32.s 			page 3


 111 00d4 FC090000 			.word	PLUS_SIGN		// +
 112 00d8 700A0000 			.word	COMMA			// ,
 113 00dc BC0A0000 			.word	MINUS_SIGN		// -
 114 00e0 F00A0000 			.word	PERIOD			// .
 115 00e4 240B0000 			.word	FORWARD_SLASH		// /
 116 00e8 C40B0000 			.word	ZERO			// 0
 117 00ec 640C0000 			.word	ONE			// 1
 118 00f0 040D0000 			.word	TWO			// 2
 119 00f4 A40D0000 			.word	THREE			// 3
 120 00f8 440E0000 			.word	FOUR			// 4
 121 00fc E40E0000 			.word	FIVE			// 5
 122 0100 840F0000 			.word	SIX			// 6
 123 0104 24100000 			.word	SEVEN			// 7
 124 0108 C4100000 			.word	EIGHT			// 8
 125 010c 64110000 			.word	NINE			// 9
 126 0110 04120000 			.word	COLON			// :
 127 0114 84120000 			.word	SEMI_COLON		// ;
 128 0118 1C130000 			.word	LESS_THAN_SIGN		// <
 129 011c 94130000 			.word	EQUAL_SIGN		// =
 130 0120 EC130000 			.word	GREATER_THAN_SIGN	// >
 131 0124 64140000 			.word	QUESTION_MARK		// ?
 132 0128 04150000 			.word	AT_SIGN			// @
 133 012c 90150000 			.word	UPPERCASE_A		// A
 134 0130 30160000 			.word	UPPERCASE_B		// B
 135 0134 D0160000 			.word	UPPERCASE_C		// C
 136 0138 70170000 			.word	UPPERCASE_D		// D
 137 013c 10180000 			.word	UPPERCASE_E		// E
 138 0140 B0180000 			.word	UPPERCASE_F		// F
 139 0144 50190000 			.word	UPPERCASE_G		// G
 140 0148 F0190000 			.word	UPPERCASE_H		// H
 141 014c 901A0000 			.word	UPPERCASE_I		// I
 142 0150 301B0000 			.word	UPPERCASE_J		// J
 143 0154 D01B0000 			.word	UPPERCASE_K		// K
 144 0158 701C0000 			.word	UPPERCASE_L		// L
 145 015c 101D0000 			.word	UPPERCASE_M		// M
 146 0160 B01D0000 			.word	UPPERCASE_N		// N
 147 0164 501E0000 			.word	UPPERCASE_O		// O
 148 0168 F01E0000 			.word	UPPERCASE_P		// P
 149 016c 901F0000 			.word	UPPERCASE_Q		// Q
 150 0170 38200000 			.word	UPPERCASE_R		// R
 151 0174 D8200000 			.word	UPPERCASE_S		// S
 152 0178 78210000 			.word	UPPERCASE_T		// T
 153 017c 18220000 			.word	UPPERCASE_U		// U
 154 0180 B8220000 			.word	UPPERCASE_V		// V
 155 0184 58230000 			.word	UPPERCASE_W		// W
 156 0188 74240000 			.word	UPPERCASE_X		// X
 157 018c 14250000 			.word	UPPERCASE_Y		// Y
 158 0190 B4250000 			.word	UPPERCASE_Z		// Z
 159 0194 54260000 			.word	LEFT_SQUARE_BRACKET	// [
 160 0198 18270000 			.word	BACK_SLASH		// \
 161 019c B8270000 			.word	RIGHT_SQUARE_BRACKET	// ]
 162 01a0 7C280000 			.word	CARROT			// ^
 163 01a4 E4280000 			.word	UNDERSCORE		// _
 164 01a8 18290000 			.word	ACCENT_MARK		// `
 165 01ac 54290000 			.word	LOWERCASE_A		// a
 166 01b0 D8290000 			.word	LOWERCASE_B		// b
 167 01b4 782A0000 			.word	LOWERCASE_C		// c
ARM GAS  font_arial32.s 			page 4


 168 01b8 FC2A0000 			.word	LOWERCASE_D		// d
 169 01bc 9C2B0000 			.word	LOWERCASE_E		// e
 170 01c0 202C0000 			.word	LOWERCASE_F		// f
 171 01c4 C02C0000 			.word	LOWERCASE_G		// g
 172 01c8 682D0000 			.word	LOWERCASE_H		// h
 173 01cc 082E0000 			.word	LOWERCASE_I		// i
 174 01d0 A82E0000 			.word	LOWERCASE_J		// j
 175 01d4 6C2F0000 			.word	LOWERCASE_K		// k
 176 01d8 0C300000 			.word	LOWERCASE_L		// l
 177 01dc AC300000 			.word	LOWERCASE_M		// m
 178 01e0 30310000 			.word	LOWERCASE_N		// n
 179 01e4 B4310000 			.word	LOWERCASE_O		// o
 180 01e8 38320000 			.word	LOWERCASE_P		// p
 181 01ec E0320000 			.word	LOWERCASE_Q		// q
 182 01f0 88330000 			.word	LOWERCASE_R		// r
 183 01f4 0C340000 			.word	LOWERCASE_S		// s
 184 01f8 90340000 			.word	LOWERCASE_T		// t
 185 01fc 2C350000 			.word	LOWERCASE_U		// u
 186 0200 AC350000 			.word	LOWERCASE_V		// v
 187 0204 2C360000 			.word	LOWERCASE_W		// w
 188 0208 AC360000 			.word	LOWERCASE_X		// x
 189 020c 2C370000 			.word	LOWERCASE_Y		// y
 190 0210 D0370000 			.word	LOWERCASE_Z		// z
 191 0214 50380000 			.word	LEFT_CURLY_BRACKET	// {
 192 0218 14390000 			.word	VERTCIAL_LINE		// |
 193 021c D8390000 			.word	RIGHT_CURLY_BRACKET	// }
 194 0220 9C3A0000 			.word	TILDE			// ~
 195 0224 00000000 			.word	NULL			// <delete>
 196 0228 00000000 			.word	NULL			// 80h
 197 022c 00000000 			.word	NULL			// 81h
 198 0230 00000000 			.word	NULL			// 82h
 199 0234 00000000 			.word	NULL			// 83h
 200 0238 00000000 			.word	NULL			// 84h
 201 023c 00000000 			.word	NULL			// 85h
 202 0240 00000000 			.word	NULL			// 86h
 203 0244 00000000 			.word	NULL			// 87h
 204 0248 00000000 			.word	NULL			// 88h
 205 024c 00000000 			.word	NULL			// 89h
 206 0250 00000000 			.word	NULL			// 8Ah
 207 0254 00000000 			.word	NULL			// 8Bh
 208 0258 00000000 			.word	NULL			// 8Ch
 209 025c 00000000 			.word	NULL			// 8Dh
 210 0260 00000000 			.word	NULL			// 8Eh
 211 0264 00000000 			.word	NULL			// 8Fh
 212 0268 00000000 			.word	NULL			// 90h
 213 026c 00000000 			.word	NULL			// 91h
 214 0270 00000000 			.word	NULL			// 92h
 215 0274 00000000 			.word	NULL			// 93h
 216 0278 00000000 			.word	NULL			// 94h
 217 027c 00000000 			.word	NULL			// 95h
 218 0280 00000000 			.word	NULL			// 96h
 219 0284 00000000 			.word	NULL			// 97h
 220 0288 00000000 			.word	NULL			// 98h
 221 028c 00000000 			.word	NULL			// 99h
 222 0290 00000000 			.word	NULL			// 9Ah
 223 0294 00000000 			.word	NULL			// 9Bh
 224 0298 00000000 			.word	NULL			// 9Ch
ARM GAS  font_arial32.s 			page 5


 225 029c 00000000 			.word	NULL			// 9Dh
 226 02a0 00000000 			.word	NULL			// 9Eh
 227 02a4 00000000 			.word	NULL			// 9Fh
 228 02a8 00000000 			.word	NULL			// A0h
 229 02ac 00000000 			.word	NULL			// A1h
 230 02b0 00000000 			.word	NULL			// A2h
 231 02b4 00000000 			.word	NULL			// A3h
 232 02b8 00000000 			.word	NULL			// A4h
 233 02bc 00000000 			.word	NULL			// A5h
 234 02c0 00000000 			.word	NULL			// A6h
 235 02c4 00000000 			.word	NULL			// A7h
 236 02c8 00000000 			.word	NULL			// A8h
 237 02cc 00000000 			.word	NULL			// A9h
 238 02d0 00000000 			.word	NULL			// AAh
 239 02d4 00000000 			.word	NULL			// ABh
 240 02d8 00000000 			.word	NULL			// ACh
 241 02dc 00000000 			.word	NULL			// ADh
 242 02e0 00000000 			.word	NULL			// AEh
 243 02e4 00000000 			.word	NULL			// AFh
 244 02e8 00000000 			.word	NULL			// B0h
 245 02ec 00000000 			.word	NULL			// B1h
 246 02f0 00000000 			.word	NULL			// B2h
 247 02f4 00000000 			.word	NULL			// B3h
 248 02f8 00000000 			.word	NULL			// B4h
 249 02fc 00000000 			.word	NULL			// B5h
 250 0300 00000000 			.word	NULL			// B6h
 251 0304 00000000 			.word	NULL			// B7h
 252 0308 00000000 			.word	NULL			// B8h
 253 030c 00000000 			.word	NULL			// B9h
 254 0310 00000000 			.word	NULL			// BAh
 255 0314 00000000 			.word	NULL			// BBh
 256 0318 00000000 			.word	NULL			// BCh
 257 031c 00000000 			.word	NULL			// BDh
 258 0320 00000000 			.word	NULL			// BEh
 259 0324 00000000 			.word	NULL			// BFh
 260 0328 00000000 			.word	NULL			// C0h
 261 032c 00000000 			.word	NULL			// C1h
 262 0330 00000000 			.word	NULL			// C2h
 263 0334 00000000 			.word	NULL			// C3h
 264 0338 00000000 			.word	NULL			// C4h
 265 033c 00000000 			.word	NULL			// C5h
 266 0340 00000000 			.word	NULL			// C6h
 267 0344 00000000 			.word	NULL			// C7h
 268 0348 00000000 			.word	NULL			// C8h
 269 034c 00000000 			.word	NULL			// C9h
 270 0350 00000000 			.word	NULL			// CAh
 271 0354 00000000 			.word	NULL			// CBh
 272 0358 00000000 			.word	NULL			// CCh
 273 035c 00000000 			.word	NULL			// CDh
 274 0360 00000000 			.word	NULL			// CEh
 275 0364 00000000 			.word	NULL			// CFh
 276 0368 00000000 			.word	NULL			// D0h
 277 036c 00000000 			.word	NULL			// D1h
 278 0370 00000000 			.word	NULL			// D2h
 279 0374 00000000 			.word	NULL			// D3h
 280 0378 00000000 			.word	NULL			// D4h
 281 037c 00000000 			.word	NULL			// D5h
ARM GAS  font_arial32.s 			page 6


 282 0380 00000000 			.word	NULL			// D6h
 283 0384 00000000 			.word	NULL			// D7h
 284 0388 00000000 			.word	NULL			// D8h
 285 038c 00000000 			.word	NULL			// D9h
 286 0390 00000000 			.word	NULL			// DAh
 287 0394 00000000 			.word	NULL			// DBh
 288 0398 00000000 			.word	NULL			// DCh
 289 039c 00000000 			.word	NULL			// DDh
 290 03a0 00000000 			.word	NULL			// DEh
 291 03a4 00000000 			.word	NULL			// DFh
 292 03a8 00000000 			.word	NULL			// E0h
 293 03ac 00000000 			.word	NULL			// E1h
 294 03b0 00000000 			.word	NULL			// E2h
 295 03b4 00000000 			.word	NULL			// E3h
 296 03b8 00000000 			.word	NULL			// E4h
 297 03bc 00000000 			.word	NULL			// E5h
 298 03c0 00000000 			.word	NULL			// E6h
 299 03c4 00000000 			.word	NULL			// E7h
 300 03c8 00000000 			.word	NULL			// E8h
 301 03cc 00000000 			.word	NULL			// E9h
 302 03d0 00000000 			.word	NULL			// EAh
 303 03d4 00000000 			.word	NULL			// EBh
 304 03d8 00000000 			.word	NULL			// ECh
 305 03dc 00000000 			.word	NULL			// EDh
 306 03e0 00000000 			.word	NULL			// EEh
 307 03e4 00000000 			.word	NULL			// EFh
 308 03e8 00000000 			.word	NULL			// F0h
 309 03ec 00000000 			.word	NULL			// F1h
 310 03f0 00000000 			.word	NULL			// F2h
 311 03f4 00000000 			.word	NULL			// F3h
 312 03f8 00000000 			.word	NULL			// F4h
 313 03fc 00000000 			.word	NULL			// F5h
 314 0400 00000000 			.word	NULL			// F6h
 315 0404 00000000 			.word	NULL			// F7h
 316 0408 E03A0000 			.word	HEX_0XF8
 317 040c 00000000 			.word	NULL			// F9h
 318 0410 00000000 			.word	NULL			// FAh
 319 0414 00000000 			.word	NULL			// FBh
 320 0418 00000000 			.word	NULL			// FCh
 321 041c 343B0000 			.word	HEX_0XFD
 322 0420 00000000 			.word	NULL			// FEh
 323 0424 00000000 			.word	NULL			// FFh
 324              	
 325              	/*******************************************************************************
 326              	*
 327              	* Bit mapped glyph data (address offsets)
 328              	* 0: ASCII character
 329              	* 4: cell pixel width (may be variable for proportional spacing)
 330              	* 8: cell pixel height (must be constant for all characters in a font)
 331              	* 12: glyph pixel width
 332              	* 16: glyph pixel height
 333              	* 20: blank horizontal pixels before glyph
 334              	* 24: blank horizontal pixels after glyph
 335              	* 28: blank horizontal lines before glyph
 336              	* 32: blank horizontal lines after glyph
 337              	* 36: bit mapped glyph
 338              	*
ARM GAS  font_arial32.s 			page 7


 339              	* cell pixel width = blank horizontal pixels before glyph + glyph pixel width + blank horizontal pi
 340              	*
 341              	* cell pixel height = blank horizontal lines before glyph + glyph pixel height + blank horizontal l
 342              	*
 343              	*******************************************************************************/
 344              	
 345              	SPACE:
 346 0428 20000000 			.word	' 			// ASCII " " character
 347 042c 0C000000 			.word	12			// cell pixel width
 348 0430 28000000 			.word	CELLHGHT		// cell pixel height
 349 0434 00000000 			.word	0			// glyph pixel width
 350 0438 00000000 			.word	0			// glyph pixel height
 351 043c 00000000 			.word	0			// blank horizontal pixels before glyph
 352 0440 00000000 			.word	0			// blank horizontal pixels after glyph
 353 0444 28000000 			.word	CELLHGHT		// blank horizontal lines before glyph
 354 0448 00000000 			.word	0			// blank horizontal lines after glyph
 355              							// no bit mapped glyph for <space>
 356              	
 357              	EXCLAMATION_MARK:
 358 044c 21000000 			.word	'!			// ASCII "!" character
 359 0450 0E000000 			.word	14			// cell pixel width
 360 0454 28000000 			.word	CELLHGHT		// cell pixel height
 361 0458 04000000 			.word	4			// glyph pixel width
 362 045c 1F000000 			.word	31			// glyph pixel height
 363 0460 05000000 			.word	5			// blank horizontal pixels before glyph
 364 0464 05000000 			.word	5			// blank horizontal pixels after glyph
 365 0468 00000000 			.word	0			// blank horizontal lines before glyph
 366 046c 09000000 			.word	9			// blank horizontal lines after glyph
 367              							// bit mapped glyph
 368 0470 000000F0 			.word	0xF0000000
 369 0474 000000F0 			.word	0xF0000000
 370 0478 000000F0 			.word	0xF0000000
 371 047c 000000F0 			.word	0xF0000000
 372 0480 000000F0 			.word	0xF0000000
 373 0484 000000F0 			.word	0xF0000000
 374 0488 000000F0 			.word	0xF0000000
 375 048c 000000F0 			.word	0xF0000000
 376 0490 000000F0 			.word	0xF0000000
 377 0494 000000F0 			.word	0xF0000000
 378 0498 000000F0 			.word	0xF0000000
 379 049c 000000F0 			.word	0xF0000000
 380 04a0 000000F0 			.word	0xF0000000
 381 04a4 000000F0 			.word	0xF0000000
 382 04a8 000000F0 			.word	0xF0000000
 383 04ac 000000F0 			.word	0xF0000000
 384 04b0 000000F0 			.word	0xF0000000
 385 04b4 000000F0 			.word	0xF0000000
 386 04b8 000000F0 			.word	0xF0000000
 387 04bc 00000060 			.word	0x60000000
 388 04c0 00000060 			.word	0x60000000
 389 04c4 00000060 			.word	0x60000000
 390 04c8 00000060 			.word	0x60000000
 391 04cc 00000060 			.word	0x60000000
 392 04d0 00000000 			.word	0x00000000
 393 04d4 00000000 			.word	0x00000000
 394 04d8 00000000 			.word	0x00000000
 395 04dc 000000F0 			.word	0xF0000000
ARM GAS  font_arial32.s 			page 8


 396 04e0 000000F0 			.word	0xF0000000
 397 04e4 000000F0 			.word	0xF0000000
 398 04e8 000000F0 			.word	0xF0000000
 399              	
 400              	QUOTE_MARK:
 401 04ec 22000000 			.word	'"			// ASCII """ character
 402 04f0 0F000000 			.word	15			// cell pixel width
 403 04f4 28000000 			.word	CELLHGHT		// cell pixel height
 404 04f8 0B000000 			.word	11			// glyph pixel width
 405 04fc 0B000000 			.word	11			// glyph pixel height
 406 0500 02000000 			.word	2			// blank horizontal pixels before glyph
 407 0504 02000000 			.word	2			// blank horizontal pixels after glyph
 408 0508 00000000 			.word	0			// blank horizontal lines before glyph
 409 050c 1D000000 			.word	29			// blank horizontal lines after glyph
 410              							// bit mapped glyph
 411 0510 0000E0F1 			.word	0xF1E00000
 412 0514 0000E0F1 			.word	0xF1E00000
 413 0518 0000E0F1 			.word	0xF1E00000
 414 051c 0000E0F1 			.word	0xF1E00000
 415 0520 0000E0F1 			.word	0xF1E00000
 416 0524 0000E0F1 			.word	0xF1E00000
 417 0528 0000E0F1 			.word	0xF1E00000
 418 052c 0000E0F1 			.word	0xF1E00000
 419 0530 0000C060 			.word	0x60C00000
 420 0534 0000C060 			.word	0x60C00000
 421 0538 0000C060 			.word	0x60C00000
 422              	
 423              	NUMBER_SIGN:
 424 053c 23000000 			.word	'#			// ASCII "#" character
 425 0540 18000000 			.word	24			// cell pixel width
 426 0544 28000000 			.word	CELLHGHT		// cell pixel height
 427 0548 17000000 			.word	23			// glyph pixel width
 428 054c 1F000000 			.word	31			// glyph pixel height
 429 0550 00000000 			.word	0			// blank horizontal pixels before glyph
 430 0554 01000000 			.word	1			// blank horizontal pixels after glyph
 431 0558 00000000 			.word	0			// blank horizontal lines before glyph
 432 055c 09000000 			.word	9			// blank horizontal lines after glyph
 433              							// bit mapped glyph
 434 0560 001CE000 			.word	0x00E01C00
 435 0564 003CE000 			.word	0x00E03C00
 436 0568 0038E000 			.word	0x00E03800
 437 056c 0038E000 			.word	0x00E03800
 438 0570 0038C000 			.word	0x00C03800
 439 0574 0070C001 			.word	0x01C07000
 440 0578 0070C001 			.word	0x01C07000
 441 057c 0070C001 			.word	0x01C07000
 442 0580 00FEFFFF 			.word	0xFFFFFE00
 443 0584 00FEFFFF 			.word	0xFFFFFE00
 444 0588 00FEFFFF 			.word	0xFFFFFE00
 445 058c 00FEFFFF 			.word	0xFFFFFE00
 446 0590 00E08003 			.word	0x0380E000
 447 0594 00E08003 			.word	0x0380E000
 448 0598 00E00007 			.word	0x0700E000
 449 059c 00C00107 			.word	0x0701C000
 450 05a0 00C00107 			.word	0x0701C000
 451 05a4 00C00107 			.word	0x0701C000
 452 05a8 00C00107 			.word	0x0701C000
ARM GAS  font_arial32.s 			page 9


 453 05ac 00FEFFFF 			.word	0xFFFFFE00
 454 05b0 00FEFFFF 			.word	0xFFFFFE00
 455 05b4 00FEFFFF 			.word	0xFFFFFE00
 456 05b8 00FEFFFF 			.word	0xFFFFFE00
 457 05bc 0080030C 			.word	0x0C038000
 458 05c0 0000031C 			.word	0x1C030000
 459 05c4 0000071C 			.word	0x1C070000
 460 05c8 0000071C 			.word	0x1C070000
 461 05cc 0000071C 			.word	0x1C070000
 462 05d0 00000718 			.word	0x18070000
 463 05d4 00000E38 			.word	0x380E0000
 464 05d8 00000E38 			.word	0x380E0000
 465              	
 466              	DOLLAR_SIGN:
 467 05dc 24000000 			.word	'$			// ASCII "$" character
 468 05e0 18000000 			.word	24			// cell pixel width
 469 05e4 28000000 			.word	CELLHGHT		// cell pixel height
 470 05e8 15000000 			.word	21			// glyph pixel width
 471 05ec 23000000 			.word	35			// glyph pixel height
 472 05f0 01000000 			.word	1			// blank horizontal pixels before glyph
 473 05f4 02000000 			.word	2			// blank horizontal pixels after glyph
 474 05f8 00000000 			.word	0			// blank horizontal lines before glyph
 475 05fc 05000000 			.word	5			// blank horizontal lines after glyph
 476              							// bit mapped glyph
 477 0600 00003000 			.word	0x00300000
 478 0604 00003000 			.word	0x00300000
 479 0608 0000FC01 			.word	0x01FC0000
 480 060c 0000FF07 			.word	0x07FF0000
 481 0610 00C0FF0F 			.word	0x0FFFC000
 482 0614 00C0FF1F 			.word	0x1FFFC000
 483 0618 00E0333F 			.word	0x3F33E000
 484 061c 00E0313C 			.word	0x3C31E000
 485 0620 00F03078 			.word	0x7830F000
 486 0624 00F03078 			.word	0x7830F000
 487 0628 00C03078 			.word	0x7830C000
 488 062c 00003078 			.word	0x78300000
 489 0630 0000303C 			.word	0x3C300000
 490 0634 0000303F 			.word	0x3F300000
 491 0638 0000F01F 			.word	0x1FF00000
 492 063c 0000FC0F 			.word	0x0FFC0000
 493 0640 0080FF03 			.word	0x03FF8000
 494 0644 00C0FF00 			.word	0x00FFC000
 495 0648 00E03F00 			.word	0x003FE000
 496 064c 00F03300 			.word	0x0033F000
 497 0650 00F03000 			.word	0x0030F000
 498 0654 00783000 			.word	0x00307800
 499 0658 00783000 			.word	0x00307800
 500 065c 00783010 			.word	0x10307800
 501 0660 00783078 			.word	0x78307800
 502 0664 007830F8 			.word	0xF8307800
 503 0668 00F83078 			.word	0x7830F800
 504 066c 00F0307C 			.word	0x7C30F000
 505 0670 00F0333F 			.word	0x3F33F000
 506 0674 00E0FF1F 			.word	0x1FFFE000
 507 0678 00C0FF1F 			.word	0x1FFFC000
 508 067c 0080FF07 			.word	0x07FF8000
 509 0680 0000FE01 			.word	0x01FE0000
ARM GAS  font_arial32.s 			page 10


 510 0684 00003000 			.word	0x00300000
 511 0688 00003000 			.word	0x00300000
 512              	
 513              	PERCENT_SIGN:
 514 068c 25000000 			.word	'%			// ASCII "%" character
 515 0690 26000000 			.word	38			// cell pixel width
 516 0694 28000000 			.word	CELLHGHT		// cell pixel height
 517 0698 20000000 			.word	32			// glyph pixel width
 518 069c 1F000000 			.word	31			// glyph pixel height
 519 06a0 03000000 			.word	3			// blank horizontal pixels before glyph
 520 06a4 03000000 			.word	3			// blank horizontal pixels after glyph
 521 06a8 00000000 			.word	0			// blank horizontal lines before glyph
 522 06ac 09000000 			.word	9			// blank horizontal lines after glyph
 523              							// bit mapped glyph
 524 06b0 C001000F 			.word	0x0F0001C0
 525 06b4 8003C03F 			.word	0x3FC00380
 526 06b8 8007E07F 			.word	0x7FE00780
 527 06bc 0007E070 			.word	0x70E00700
 528 06c0 000E70E0 			.word	0xE0700E00
 529 06c4 000E70E0 			.word	0xE0700E00
 530 06c8 001C70E0 			.word	0xE0701C00
 531 06cc 001C70E0 			.word	0xE0701C00
 532 06d0 003870E0 			.word	0xE0703800
 533 06d4 003870E0 			.word	0xE0703800
 534 06d8 007070E0 			.word	0xE0707000
 535 06dc 007070E0 			.word	0xE0707000
 536 06e0 00E070E0 			.word	0xE070E000
 537 06e4 00E0E170 			.word	0x70E1E000
 538 06e8 F0C0E17F 			.word	0x7FE1C0F0
 539 06ec FC83C33F 			.word	0x3FC383FC
 540 06f0 FE87030F 			.word	0x0F0387FE
 541 06f4 0E070700 			.word	0x0007070E
 542 06f8 070E0700 			.word	0x00070E07
 543 06fc 070E0E00 			.word	0x000E0E07
 544 0700 070E0E00 			.word	0x000E0E07
 545 0704 070E1C00 			.word	0x001C0E07
 546 0708 070E1C00 			.word	0x001C0E07
 547 070c 070E3800 			.word	0x00380E07
 548 0710 070E7800 			.word	0x00780E07
 549 0714 070E7000 			.word	0x00700E07
 550 0718 070EF000 			.word	0x00F00E07
 551 071c 0E07E000 			.word	0x00E0070E
 552 0720 FE07C001 			.word	0x01C007FE
 553 0724 FC03C001 			.word	0x01C003FC
 554 0728 F0008003 			.word	0x038000F0
 555              	
 556              	AMPERSAND:
 557 072c 26000000 			.word	'&			// ASCII "&" character
 558 0730 1D000000 			.word	29			// cell pixel width
 559 0734 28000000 			.word	CELLHGHT		// cell pixel height
 560 0738 1A000000 			.word	26			// glyph pixel width
 561 073c 1F000000 			.word	31			// glyph pixel height
 562 0740 02000000 			.word	2			// blank horizontal pixels before glyph
 563 0744 01000000 			.word	1			// blank horizontal pixels after glyph
 564 0748 00000000 			.word	0			// blank horizontal lines before glyph
 565 074c 09000000 			.word	9			// blank horizontal lines after glyph
 566              							// bit mapped glyph
ARM GAS  font_arial32.s 			page 11


 567 0750 00007C00 			.word	0x007C0000
 568 0754 0000FF01 			.word	0x01FF0000
 569 0758 0080FF03 			.word	0x03FF8000
 570 075c 00C0FF07 			.word	0x07FFC000
 571 0760 00C0830F 			.word	0x0F83C000
 572 0764 00E0010F 			.word	0x0F01E000
 573 0768 00E0010F 			.word	0x0F01E000
 574 076c 00E0010F 			.word	0x0F01E000
 575 0770 00C0010F 			.word	0x0F01C000
 576 0774 00C08307 			.word	0x0783C000
 577 0778 0080C707 			.word	0x07C78000
 578 077c 0000FF03 			.word	0x03FF0000
 579 0780 0000FE01 			.word	0x01FE0000
 580 0784 0000F801 			.word	0x01F80000
 581 0788 0000F807 			.word	0x07F80000
 582 078c 0000FC0F 			.word	0x0FFC0000
 583 0790 00003E1F 			.word	0x1F3E0000
 584 0794 000F1F3C 			.word	0x3C1F0F00
 585 0798 000E0F78 			.word	0x780F0E00
 586 079c 009E0F78 			.word	0x780F9E00
 587 07a0 00FE07F0 			.word	0xF007FE00
 588 07a4 00FC03F0 			.word	0xF003FC00
 589 07a8 00FC01F0 			.word	0xF001FC00
 590 07ac 00F800F0 			.word	0xF000F800
 591 07b0 00F800F8 			.word	0xF800F800
 592 07b4 00FC017C 			.word	0x7C01FC00
 593 07b8 00FF077E 			.word	0x7E07FF00
 594 07bc 80FFFF3F 			.word	0x3FFFFF80
 595 07c0 C08FFF1F 			.word	0x1FFF8FC0
 596 07c4 8007FF0F 			.word	0x0FFF0780
 597 07c8 0001F803 			.word	0x03F80100
 598              	
 599              	APOSTROPHE:
 600 07cc 27000000 			.word	''			// ASCII "'" character
 601 07d0 08000000 			.word	8			// cell pixel width
 602 07d4 28000000 			.word	CELLHGHT		// cell pixel height
 603 07d8 04000000 			.word	4			// glyph pixel width
 604 07dc 0B000000 			.word	11			// glyph pixel height
 605 07e0 02000000 			.word	2			// blank horizontal pixels before glyph
 606 07e4 02000000 			.word	2			// blank horizontal pixels after glyph
 607 07e8 00000000 			.word	0			// blank horizontal lines before glyph
 608 07ec 1D000000 			.word	29			// blank horizontal lines after glyph
 609              							// bit mapped glyph
 610 07f0 000000F0 			.word	0xF0000000
 611 07f4 000000F0 			.word	0xF0000000
 612 07f8 000000F0 			.word	0xF0000000
 613 07fc 000000F0 			.word	0xF0000000
 614 0800 000000F0 			.word	0xF0000000
 615 0804 000000F0 			.word	0xF0000000
 616 0808 000000F0 			.word	0xF0000000
 617 080c 000000F0 			.word	0xF0000000
 618 0810 00000060 			.word	0x60000000
 619 0814 00000060 			.word	0x60000000
 620 0818 00000060 			.word	0x60000000
 621              	
 622              	LEFT_PAREN:
 623 081c 28000000 			.word	'(			// ASCII "(" character
ARM GAS  font_arial32.s 			page 12


 624 0820 0E000000 			.word	14			// cell pixel width
 625 0824 28000000 			.word	CELLHGHT		// cell pixel height
 626 0828 09000000 			.word	9			// glyph pixel width
 627 082c 28000000 			.word	40			// glyph pixel height
 628 0830 03000000 			.word	3			// blank horizontal pixels before glyph
 629 0834 02000000 			.word	2			// blank horizontal pixels after glyph
 630 0838 00000000 			.word	0			// blank horizontal lines before glyph
 631 083c 00000000 			.word	0			// blank horizontal lines after glyph
 632              							// bit mapped glyph
 633 0840 00008001 			.word	0x01800000
 634 0844 00008003 			.word	0x03800000
 635 0848 00000007 			.word	0x07000000
 636 084c 00000007 			.word	0x07000000
 637 0850 0000000E 			.word	0x0E000000
 638 0854 0000000E 			.word	0x0E000000
 639 0858 0000001C 			.word	0x1C000000
 640 085c 0000001C 			.word	0x1C000000
 641 0860 00000038 			.word	0x38000000
 642 0864 00000038 			.word	0x38000000
 643 0868 00000078 			.word	0x78000000
 644 086c 00000070 			.word	0x70000000
 645 0870 00000070 			.word	0x70000000
 646 0874 000000F0 			.word	0xF0000000
 647 0878 000000F0 			.word	0xF0000000
 648 087c 000000F0 			.word	0xF0000000
 649 0880 000000F0 			.word	0xF0000000
 650 0884 000000E0 			.word	0xE0000000
 651 0888 000000E0 			.word	0xE0000000
 652 088c 000000E0 			.word	0xE0000000
 653 0890 000000E0 			.word	0xE0000000
 654 0894 000000E0 			.word	0xE0000000
 655 0898 000000E0 			.word	0xE0000000
 656 089c 000000F0 			.word	0xF0000000
 657 08a0 000000F0 			.word	0xF0000000
 658 08a4 000000F0 			.word	0xF0000000
 659 08a8 000000F0 			.word	0xF0000000
 660 08ac 00000070 			.word	0x70000000
 661 08b0 00000070 			.word	0x70000000
 662 08b4 00000078 			.word	0x78000000
 663 08b8 00000038 			.word	0x38000000
 664 08bc 00000038 			.word	0x38000000
 665 08c0 0000001C 			.word	0x1C000000
 666 08c4 0000001C 			.word	0x1C000000
 667 08c8 0000000E 			.word	0x0E000000
 668 08cc 0000000E 			.word	0x0E000000
 669 08d0 00000007 			.word	0x07000000
 670 08d4 00000007 			.word	0x07000000
 671 08d8 00008003 			.word	0x03800000
 672 08dc 00008001 			.word	0x01800000
 673              	
 674              	RIGHT_PAREN:
 675 08e0 29000000 			.word	')			// ASCII ")" character
 676 08e4 0E000000 			.word	14			// cell pixel width
 677 08e8 28000000 			.word	CELLHGHT		// cell pixel height
 678 08ec 09000000 			.word	9			// glyph pixel width
 679 08f0 28000000 			.word	40			// glyph pixel height
 680 08f4 03000000 			.word	3			// blank horizontal pixels before glyph
ARM GAS  font_arial32.s 			page 13


 681 08f8 02000000 			.word	2			// blank horizontal pixels after glyph
 682 08fc 00000000 			.word	0			// blank horizontal lines before glyph
 683 0900 00000000 			.word	0			// blank horizontal lines after glyph
 684              							// bit mapped glyph
 685 0904 000000C0 			.word	0xC0000000
 686 0908 000000E0 			.word	0xE0000000
 687 090c 00000070 			.word	0x70000000
 688 0910 00000070 			.word	0x70000000
 689 0914 00000038 			.word	0x38000000
 690 0918 00000038 			.word	0x38000000
 691 091c 0000001C 			.word	0x1C000000
 692 0920 0000001C 			.word	0x1C000000
 693 0924 0000000E 			.word	0x0E000000
 694 0928 0000000E 			.word	0x0E000000
 695 092c 0000000F 			.word	0x0F000000
 696 0930 00000007 			.word	0x07000000
 697 0934 00000007 			.word	0x07000000
 698 0938 00008007 			.word	0x07800000
 699 093c 00008007 			.word	0x07800000
 700 0940 00008007 			.word	0x07800000
 701 0944 00008007 			.word	0x07800000
 702 0948 00008003 			.word	0x03800000
 703 094c 00008003 			.word	0x03800000
 704 0950 00008003 			.word	0x03800000
 705 0954 00008003 			.word	0x03800000
 706 0958 00008003 			.word	0x03800000
 707 095c 00008003 			.word	0x03800000
 708 0960 00008007 			.word	0x07800000
 709 0964 00008007 			.word	0x07800000
 710 0968 00008007 			.word	0x07800000
 711 096c 00008007 			.word	0x07800000
 712 0970 00000007 			.word	0x07000000
 713 0974 00000007 			.word	0x07000000
 714 0978 0000000F 			.word	0x0F000000
 715 097c 0000000E 			.word	0x0E000000
 716 0980 0000000E 			.word	0x0E000000
 717 0984 0000001C 			.word	0x1C000000
 718 0988 0000001C 			.word	0x1C000000
 719 098c 00000038 			.word	0x38000000
 720 0990 00000038 			.word	0x38000000
 721 0994 00000070 			.word	0x70000000
 722 0998 00000070 			.word	0x70000000
 723 099c 000000E0 			.word	0xE0000000
 724 09a0 000000C0 			.word	0xC0000000
 725              	
 726              	ASTERISK:
 727 09a4 2A000000 			.word	'*			// ASCII "*" character
 728 09a8 11000000 			.word	17			// cell pixel width
 729 09ac 28000000 			.word	CELLHGHT		// cell pixel height
 730 09b0 0E000000 			.word	14			// glyph pixel width
 731 09b4 0D000000 			.word	13			// glyph pixel height
 732 09b8 02000000 			.word	2			// blank horizontal pixels before glyph
 733 09bc 01000000 			.word	1			// blank horizontal pixels after glyph
 734 09c0 00000000 			.word	0			// blank horizontal lines before glyph
 735 09c4 1B000000 			.word	27			// blank horizontal lines after glyph
 736              							// bit mapped glyph
 737 09c8 00000003 			.word	0x03000000
ARM GAS  font_arial32.s 			page 14


 738 09cc 00008007 			.word	0x07800000
 739 09d0 00008007 			.word	0x07800000
 740 09d4 00000CC3 			.word	0xC30C0000
 741 09d8 00003CF3 			.word	0xF33C0000
 742 09dc 0000FCFF 			.word	0xFFFC0000
 743 09e0 0000F03F 			.word	0x3FF00000
 744 09e4 00008007 			.word	0x07800000
 745 09e8 0000C00F 			.word	0x0FC00000
 746 09ec 0000E01C 			.word	0x1CE00000
 747 09f0 00007038 			.word	0x38700000
 748 09f4 00007038 			.word	0x38700000
 749 09f8 00002010 			.word	0x10200000
 750              	
 751              	PLUS_SIGN:
 752 09fc 2B000000 			.word	'+			// ASCII "+" character
 753 0a00 19000000 			.word	25			// cell pixel width
 754 0a04 28000000 			.word	CELLHGHT		// cell pixel height
 755 0a08 15000000 			.word	21			// glyph pixel width
 756 0a0c 14000000 			.word	20			// glyph pixel height
 757 0a10 02000000 			.word	2			// blank horizontal pixels before glyph
 758 0a14 02000000 			.word	2			// blank horizontal pixels after glyph
 759 0a18 06000000 			.word	6			// blank horizontal lines before glyph
 760 0a1c 0E000000 			.word	14			// blank horizontal lines after glyph
 761              							// bit mapped glyph
 762 0a20 00007000 			.word	0x00700000
 763 0a24 00007000 			.word	0x00700000
 764 0a28 00007000 			.word	0x00700000
 765 0a2c 00007000 			.word	0x00700000
 766 0a30 00007000 			.word	0x00700000
 767 0a34 00007000 			.word	0x00700000
 768 0a38 00007000 			.word	0x00700000
 769 0a3c 00007000 			.word	0x00700000
 770 0a40 00F8FFFF 			.word	0xFFFFF800
 771 0a44 00F8FFFF 			.word	0xFFFFF800
 772 0a48 00F8FFFF 			.word	0xFFFFF800
 773 0a4c 00F8FFFF 			.word	0xFFFFF800
 774 0a50 00007000 			.word	0x00700000
 775 0a54 00007000 			.word	0x00700000
 776 0a58 00007000 			.word	0x00700000
 777 0a5c 00007000 			.word	0x00700000
 778 0a60 00007000 			.word	0x00700000
 779 0a64 00007000 			.word	0x00700000
 780 0a68 00007000 			.word	0x00700000
 781 0a6c 00007000 			.word	0x00700000
 782              	
 783              	COMMA:
 784 0a70 2C000000 			.word	',			// ASCII "," character
 785 0a74 0C000000 			.word	12			// cell pixel width
 786 0a78 28000000 			.word	CELLHGHT		// cell pixel height
 787 0a7c 04000000 			.word	4			// glyph pixel width
 788 0a80 0A000000 			.word	10			// glyph pixel height
 789 0a84 04000000 			.word	4			// blank horizontal pixels before glyph
 790 0a88 04000000 			.word	4			// blank horizontal pixels after glyph
 791 0a8c 1B000000 			.word	27			// blank horizontal lines before glyph
 792 0a90 03000000 			.word	3			// blank horizontal lines after glyph
 793              							// bit mapped glyph
 794 0a94 000000F0 			.word	0xF0000000
ARM GAS  font_arial32.s 			page 15


 795 0a98 000000F0 			.word	0xF0000000
 796 0a9c 000000F0 			.word	0xF0000000
 797 0aa0 000000F0 			.word	0xF0000000
 798 0aa4 00000030 			.word	0x30000000
 799 0aa8 00000030 			.word	0x30000000
 800 0aac 00000030 			.word	0x30000000
 801 0ab0 00000060 			.word	0x60000000
 802 0ab4 000000E0 			.word	0xE0000000
 803 0ab8 00000040 			.word	0x40000000
 804              	
 805              	MINUS_SIGN:
 806 0abc 2D000000 			.word	'-			// ASCII "-" character
 807 0ac0 0E000000 			.word	14			// cell pixel width
 808 0ac4 28000000 			.word	CELLHGHT		// cell pixel height
 809 0ac8 0C000000 			.word	12			// glyph pixel width
 810 0acc 04000000 			.word	4			// glyph pixel height
 811 0ad0 01000000 			.word	1			// blank horizontal pixels before glyph
 812 0ad4 01000000 			.word	1			// blank horizontal pixels after glyph
 813 0ad8 12000000 			.word	18			// blank horizontal lines before glyph
 814 0adc 12000000 			.word	18			// blank horizontal lines after glyph
 815              							// bit mapped glyph
 816 0ae0 0000F0FF 			.word	0xFFF00000
 817 0ae4 0000F0FF 			.word	0xFFF00000
 818 0ae8 0000F0FF 			.word	0xFFF00000
 819 0aec 0000F0FF 			.word	0xFFF00000
 820              	
 821              	PERIOD:
 822 0af0 2E000000 			.word	'.			// ASCII "." character
 823 0af4 0C000000 			.word	12			// cell pixel width
 824 0af8 28000000 			.word	CELLHGHT		// cell pixel height
 825 0afc 04000000 			.word	4			// glyph pixel width
 826 0b00 04000000 			.word	4			// glyph pixel height
 827 0b04 04000000 			.word	4			// blank horizontal pixels before glyph
 828 0b08 04000000 			.word	4			// blank horizontal pixels after glyph
 829 0b0c 1B000000 			.word	27			// blank horizontal lines before glyph
 830 0b10 09000000 			.word	9			// blank horizontal lines after glyph
 831              							// bit mapped glyph
 832 0b14 000000F0 			.word	0xF0000000
 833 0b18 000000F0 			.word	0xF0000000
 834 0b1c 000000F0 			.word	0xF0000000
 835 0b20 000000F0 			.word	0xF0000000
 836              	
 837              	FORWARD_SLASH:
 838 0b24 2F000000 			.word	'/			// ASCII "/" character
 839 0b28 0C000000 			.word	12			// cell pixel width
 840 0b2c 28000000 			.word	CELLHGHT		// cell pixel height
 841 0b30 0C000000 			.word	12			// glyph pixel width
 842 0b34 1F000000 			.word	31			// glyph pixel height
 843 0b38 00000000 			.word	0			// blank horizontal pixels before glyph
 844 0b3c 00000000 			.word	0			// blank horizontal pixels after glyph
 845 0b40 00000000 			.word	0			// blank horizontal lines before glyph
 846 0b44 09000000 			.word	9			// blank horizontal lines after glyph
 847              							// bit mapped glyph
 848 0b48 00007000 			.word	0x00700000
 849 0b4c 00007000 			.word	0x00700000
 850 0b50 0000E000 			.word	0x00E00000
 851 0b54 0000E000 			.word	0x00E00000
ARM GAS  font_arial32.s 			page 16


 852 0b58 0000E000 			.word	0x00E00000
 853 0b5c 0000C001 			.word	0x01C00000
 854 0b60 0000C001 			.word	0x01C00000
 855 0b64 0000C001 			.word	0x01C00000
 856 0b68 0000C001 			.word	0x01C00000
 857 0b6c 00008003 			.word	0x03800000
 858 0b70 00008003 			.word	0x03800000
 859 0b74 00008003 			.word	0x03800000
 860 0b78 00000007 			.word	0x07000000
 861 0b7c 00000007 			.word	0x07000000
 862 0b80 00000007 			.word	0x07000000
 863 0b84 00000007 			.word	0x07000000
 864 0b88 0000000E 			.word	0x0E000000
 865 0b8c 0000000E 			.word	0x0E000000
 866 0b90 0000000E 			.word	0x0E000000
 867 0b94 0000001C 			.word	0x1C000000
 868 0b98 0000001C 			.word	0x1C000000
 869 0b9c 0000001C 			.word	0x1C000000
 870 0ba0 00000018 			.word	0x18000000
 871 0ba4 00000038 			.word	0x38000000
 872 0ba8 00000038 			.word	0x38000000
 873 0bac 00000038 			.word	0x38000000
 874 0bb0 00000070 			.word	0x70000000
 875 0bb4 00000070 			.word	0x70000000
 876 0bb8 00000070 			.word	0x70000000
 877 0bbc 000000E0 			.word	0xE0000000
 878 0bc0 000000E0 			.word	0xE0000000
 879              	
 880              	ZERO:
 881 0bc4 30000000 			.word	'0			// ASCII "0" character
 882 0bc8 18000000 			.word	24			// cell pixel width
 883 0bcc 28000000 			.word	CELLHGHT		// cell pixel height
 884 0bd0 14000000 			.word	20			// glyph pixel width
 885 0bd4 1F000000 			.word	31			// glyph pixel height
 886 0bd8 02000000 			.word	2			// blank horizontal pixels before glyph
 887 0bdc 02000000 			.word	2			// blank horizontal pixels after glyph
 888 0be0 00000000 			.word	0			// blank horizontal lines before glyph
 889 0be4 09000000 			.word	9			// blank horizontal lines after glyph
 890              							// bit mapped glyph
 891 0be8 0000F801 			.word	0x01F80000
 892 0bec 0000FE07 			.word	0x07FE0000
 893 0bf0 0000FF0F 			.word	0x0FFF0000
 894 0bf4 0080FF1F 			.word	0x1FFF8000
 895 0bf8 00C00F3E 			.word	0x3E0FC000
 896 0bfc 00C0033C 			.word	0x3C03C000
 897 0c00 00E00378 			.word	0x7803E000
 898 0c04 00E00178 			.word	0x7801E000
 899 0c08 00E00170 			.word	0x7001E000
 900 0c0c 00E000F0 			.word	0xF000E000
 901 0c10 00F000F0 			.word	0xF000F000
 902 0c14 00F000F0 			.word	0xF000F000
 903 0c18 00F000F0 			.word	0xF000F000
 904 0c1c 00F000F0 			.word	0xF000F000
 905 0c20 00F000F0 			.word	0xF000F000
 906 0c24 00F000F0 			.word	0xF000F000
 907 0c28 00F000F0 			.word	0xF000F000
 908 0c2c 00F000F0 			.word	0xF000F000
ARM GAS  font_arial32.s 			page 17


 909 0c30 00F000F0 			.word	0xF000F000
 910 0c34 00F000F0 			.word	0xF000F000
 911 0c38 00E000F0 			.word	0xF000E000
 912 0c3c 00E000F0 			.word	0xF000E000
 913 0c40 00E00170 			.word	0x7001E000
 914 0c44 00E00178 			.word	0x7801E000
 915 0c48 00E00378 			.word	0x7803E000
 916 0c4c 00C0033C 			.word	0x3C03C000
 917 0c50 00C00F3F 			.word	0x3F0FC000
 918 0c54 0080FF1F 			.word	0x1FFF8000
 919 0c58 0000FF0F 			.word	0x0FFF0000
 920 0c5c 0000FE07 			.word	0x07FE0000
 921 0c60 0000F801 			.word	0x01F80000
 922              	
 923              	ONE:
 924 0c64 31000000 			.word	'1			// ASCII "1" character
 925 0c68 18000000 			.word	24			// cell pixel width
 926 0c6c 28000000 			.word	CELLHGHT		// cell pixel height
 927 0c70 0B000000 			.word	11			// glyph pixel width
 928 0c74 1F000000 			.word	31			// glyph pixel height
 929 0c78 05000000 			.word	5			// blank horizontal pixels before glyph
 930 0c7c 08000000 			.word	8			// blank horizontal pixels after glyph
 931 0c80 00000000 			.word	0			// blank horizontal lines before glyph
 932 0c84 09000000 			.word	9			// blank horizontal lines after glyph
 933              							// bit mapped glyph
 934 0c88 0000E000 			.word	0x00E00000
 935 0c8c 0000E000 			.word	0x00E00000
 936 0c90 0000E001 			.word	0x01E00000
 937 0c94 0000E003 			.word	0x03E00000
 938 0c98 0000E007 			.word	0x07E00000
 939 0c9c 0000E00F 			.word	0x0FE00000
 940 0ca0 0000E03F 			.word	0x3FE00000
 941 0ca4 0000E0FD 			.word	0xFDE00000
 942 0ca8 0000E0F9 			.word	0xF9E00000
 943 0cac 0000E0F1 			.word	0xF1E00000
 944 0cb0 0000E0C1 			.word	0xC1E00000
 945 0cb4 0000E001 			.word	0x01E00000
 946 0cb8 0000E001 			.word	0x01E00000
 947 0cbc 0000E001 			.word	0x01E00000
 948 0cc0 0000E001 			.word	0x01E00000
 949 0cc4 0000E001 			.word	0x01E00000
 950 0cc8 0000E001 			.word	0x01E00000
 951 0ccc 0000E001 			.word	0x01E00000
 952 0cd0 0000E001 			.word	0x01E00000
 953 0cd4 0000E001 			.word	0x01E00000
 954 0cd8 0000E001 			.word	0x01E00000
 955 0cdc 0000E001 			.word	0x01E00000
 956 0ce0 0000E001 			.word	0x01E00000
 957 0ce4 0000E001 			.word	0x01E00000
 958 0ce8 0000E001 			.word	0x01E00000
 959 0cec 0000E001 			.word	0x01E00000
 960 0cf0 0000E001 			.word	0x01E00000
 961 0cf4 0000E001 			.word	0x01E00000
 962 0cf8 0000E001 			.word	0x01E00000
 963 0cfc 0000E001 			.word	0x01E00000
 964 0d00 0000E001 			.word	0x01E00000
 965              	
ARM GAS  font_arial32.s 			page 18


 966              	TWO:
 967 0d04 32000000 			.word	'2			// ASCII "2" character
 968 0d08 18000000 			.word	24			// cell pixel width
 969 0d0c 28000000 			.word	CELLHGHT		// cell pixel height
 970 0d10 15000000 			.word	21			// glyph pixel width
 971 0d14 1F000000 			.word	31			// glyph pixel height
 972 0d18 01000000 			.word	1			// blank horizontal pixels before glyph
 973 0d1c 02000000 			.word	2			// blank horizontal pixels after glyph
 974 0d20 00000000 			.word	0			// blank horizontal lines before glyph
 975 0d24 09000000 			.word	9			// blank horizontal lines after glyph
 976              							// bit mapped glyph
 977 0d28 0000FE01 			.word	0x01FE0000
 978 0d2c 0080FF07 			.word	0x07FF8000
 979 0d30 00C0FF0F 			.word	0x0FFFC000
 980 0d34 00E0FF1F 			.word	0x1FFFE000
 981 0d38 00F0033F 			.word	0x3F03F000
 982 0d3c 00F0013C 			.word	0x3C01F000
 983 0d40 00F00038 			.word	0x3800F000
 984 0d44 00780078 			.word	0x78007800
 985 0d48 00780078 			.word	0x78007800
 986 0d4c 00780000 			.word	0x00007800
 987 0d50 00700000 			.word	0x00007000
 988 0d54 00F00000 			.word	0x0000F000
 989 0d58 00F00000 			.word	0x0000F000
 990 0d5c 00E00100 			.word	0x0001E000
 991 0d60 00C00300 			.word	0x0003C000
 992 0d64 00C00700 			.word	0x0007C000
 993 0d68 00800F00 			.word	0x000F8000
 994 0d6c 00001F00 			.word	0x001F0000
 995 0d70 00003E00 			.word	0x003E0000
 996 0d74 00007800 			.word	0x00780000
 997 0d78 0000F000 			.word	0x00F00000
 998 0d7c 0000E003 			.word	0x03E00000
 999 0d80 0000C007 			.word	0x07C00000
 1000 0d84 0000800F 			.word	0x0F800000
 1001 0d88 0000001F 			.word	0x1F000000
 1002 0d8c 0000003E 			.word	0x3E000000
 1003 0d90 0000003C 			.word	0x3C000000
 1004 0d94 00F8FF7F 			.word	0x7FFFF800
 1005 0d98 00F8FF7F 			.word	0x7FFFF800
 1006 0d9c 00F8FFFF 			.word	0xFFFFF800
 1007 0da0 00F8FFFF 			.word	0xFFFFF800
 1008              	
 1009              	THREE:
 1010 0da4 33000000 			.word	'3			// ASCII "3" character
 1011 0da8 18000000 			.word	24			// cell pixel width
 1012 0dac 28000000 			.word	CELLHGHT		// cell pixel height
 1013 0db0 14000000 			.word	20			// glyph pixel width
 1014 0db4 1F000000 			.word	31			// glyph pixel height
 1015 0db8 02000000 			.word	2			// blank horizontal pixels before glyph
 1016 0dbc 02000000 			.word	2			// blank horizontal pixels after glyph
 1017 0dc0 00000000 			.word	0			// blank horizontal lines before glyph
 1018 0dc4 09000000 			.word	9			// blank horizontal lines after glyph
 1019              							// bit mapped glyph
 1020 0dc8 0000F803 			.word	0x03F80000
 1021 0dcc 0000FE0F 			.word	0x0FFE0000
 1022 0dd0 0000FF1F 			.word	0x1FFF0000
ARM GAS  font_arial32.s 			page 19


 1023 0dd4 0080FF3F 			.word	0x3FFF8000
 1024 0dd8 00C00F3E 			.word	0x3E0FC000
 1025 0ddc 00C0037C 			.word	0x7C03C000
 1026 0de0 00C00378 			.word	0x7803C000
 1027 0de4 00C001F0 			.word	0xF001C000
 1028 0de8 00C00130 			.word	0x3001C000
 1029 0dec 00C00300 			.word	0x0003C000
 1030 0df0 00C00300 			.word	0x0003C000
 1031 0df4 00800F00 			.word	0x000F8000
 1032 0df8 0000FF00 			.word	0x00FF0000
 1033 0dfc 0000FE00 			.word	0x00FE0000
 1034 0e00 0080FF00 			.word	0x00FF8000
 1035 0e04 00C0FF00 			.word	0x00FFC000
 1036 0e08 00E00300 			.word	0x0003E000
 1037 0e0c 00E00100 			.word	0x0001E000
 1038 0e10 00F00000 			.word	0x0000F000
 1039 0e14 00F00000 			.word	0x0000F000
 1040 0e18 00F00000 			.word	0x0000F000
 1041 0e1c 00F00030 			.word	0x3000F000
 1042 0e20 00F000F0 			.word	0xF000F000
 1043 0e24 00F000F0 			.word	0xF000F000
 1044 0e28 00E00178 			.word	0x7801E000
 1045 0e2c 00E0017C 			.word	0x7C01E000
 1046 0e30 00C0077E 			.word	0x7E07C000
 1047 0e34 00C0FF3F 			.word	0x3FFFC000
 1048 0e38 0080FF1F 			.word	0x1FFF8000
 1049 0e3c 0000FE0F 			.word	0x0FFE0000
 1050 0e40 0000F803 			.word	0x03F80000
 1051              	
 1052              	FOUR:
 1053 0e44 34000000 			.word	'4			// ASCII "4" character
 1054 0e48 18000000 			.word	24			// cell pixel width
 1055 0e4c 28000000 			.word	CELLHGHT		// cell pixel height
 1056 0e50 15000000 			.word	21			// glyph pixel width
 1057 0e54 1F000000 			.word	31			// glyph pixel height
 1058 0e58 01000000 			.word	1			// blank horizontal pixels before glyph
 1059 0e5c 02000000 			.word	2			// blank horizontal pixels after glyph
 1060 0e60 00000000 			.word	0			// blank horizontal lines before glyph
 1061 0e64 09000000 			.word	9			// blank horizontal lines after glyph
 1062              							// bit mapped glyph
 1063 0e68 00800300 			.word	0x00038000
 1064 0e6c 00800700 			.word	0x00078000
 1065 0e70 00800F00 			.word	0x000F8000
 1066 0e74 00801F00 			.word	0x001F8000
 1067 0e78 00801F00 			.word	0x001F8000
 1068 0e7c 00803F00 			.word	0x003F8000
 1069 0e80 00807F00 			.word	0x007F8000
 1070 0e84 00807700 			.word	0x00778000
 1071 0e88 0080E700 			.word	0x00E78000
 1072 0e8c 0080C701 			.word	0x01C78000
 1073 0e90 0080C703 			.word	0x03C78000
 1074 0e94 00808703 			.word	0x03878000
 1075 0e98 00800707 			.word	0x07078000
 1076 0e9c 0080070F 			.word	0x0F078000
 1077 0ea0 0080070E 			.word	0x0E078000
 1078 0ea4 0080071C 			.word	0x1C078000
 1079 0ea8 00800738 			.word	0x38078000
ARM GAS  font_arial32.s 			page 20


 1080 0eac 00800778 			.word	0x78078000
 1081 0eb0 00800770 			.word	0x70078000
 1082 0eb4 008007E0 			.word	0xE0078000
 1083 0eb8 00F8FFFF 			.word	0xFFFFF800
 1084 0ebc 00F8FFFF 			.word	0xFFFFF800
 1085 0ec0 00F8FFFF 			.word	0xFFFFF800
 1086 0ec4 00F8FFFF 			.word	0xFFFFF800
 1087 0ec8 00800700 			.word	0x00078000
 1088 0ecc 00800700 			.word	0x00078000
 1089 0ed0 00800700 			.word	0x00078000
 1090 0ed4 00800700 			.word	0x00078000
 1091 0ed8 00800700 			.word	0x00078000
 1092 0edc 00800700 			.word	0x00078000
 1093 0ee0 00800700 			.word	0x00078000
 1094              	
 1095              	FIVE:
 1096 0ee4 35000000 			.word	'5			// ASCII "5" character
 1097 0ee8 18000000 			.word	24			// cell pixel width
 1098 0eec 28000000 			.word	CELLHGHT		// cell pixel height
 1099 0ef0 14000000 			.word	20			// glyph pixel width
 1100 0ef4 1F000000 			.word	31			// glyph pixel height
 1101 0ef8 02000000 			.word	2			// blank horizontal pixels before glyph
 1102 0efc 02000000 			.word	2			// blank horizontal pixels after glyph
 1103 0f00 00000000 			.word	0			// blank horizontal lines before glyph
 1104 0f04 09000000 			.word	9			// blank horizontal lines after glyph
 1105              							// bit mapped glyph
 1106 0f08 00C0FF0F 			.word	0x0FFFC000
 1107 0f0c 00C0FF1F 			.word	0x1FFFC000
 1108 0f10 00C0FF1F 			.word	0x1FFFC000
 1109 0f14 00C0FF1F 			.word	0x1FFFC000
 1110 0f18 0000001C 			.word	0x1C000000
 1111 0f1c 0000001C 			.word	0x1C000000
 1112 0f20 0000003C 			.word	0x3C000000
 1113 0f24 0000003C 			.word	0x3C000000
 1114 0f28 00000038 			.word	0x38000000
 1115 0f2c 00000038 			.word	0x38000000
 1116 0f30 0000FC38 			.word	0x38FC0000
 1117 0f34 0000FF7B 			.word	0x7BFF0000
 1118 0f38 0080FF7F 			.word	0x7FFF8000
 1119 0f3c 00C0FF7F 			.word	0x7FFFC000
 1120 0f40 00E0077E 			.word	0x7E07E000
 1121 0f44 00E00178 			.word	0x7801E000
 1122 0f48 00E00130 			.word	0x3001E000
 1123 0f4c 00F00000 			.word	0x0000F000
 1124 0f50 00F00000 			.word	0x0000F000
 1125 0f54 00F00000 			.word	0x0000F000
 1126 0f58 00F00000 			.word	0x0000F000
 1127 0f5c 00F00000 			.word	0x0000F000
 1128 0f60 00F000F0 			.word	0xF000F000
 1129 0f64 00F000F0 			.word	0xF000F000
 1130 0f68 00E00178 			.word	0x7801E000
 1131 0f6c 00E00378 			.word	0x7803E000
 1132 0f70 00C0077E 			.word	0x7E07C000
 1133 0f74 0080FF3F 			.word	0x3FFF8000
 1134 0f78 0000FF1F 			.word	0x1FFF0000
 1135 0f7c 0000FE0F 			.word	0x0FFE0000
 1136 0f80 0000F803 			.word	0x03F80000
ARM GAS  font_arial32.s 			page 21


 1137              	
 1138              	SIX:
 1139 0f84 36000000 			.word	'6			// ASCII "6" character
 1140 0f88 18000000 			.word	24			// cell pixel width
 1141 0f8c 28000000 			.word	CELLHGHT		// cell pixel height
 1142 0f90 14000000 			.word	20			// glyph pixel width
 1143 0f94 1F000000 			.word	31			// glyph pixel height
 1144 0f98 02000000 			.word	2			// blank horizontal pixels before glyph
 1145 0f9c 02000000 			.word	2			// blank horizontal pixels after glyph
 1146 0fa0 00000000 			.word	0			// blank horizontal lines before glyph
 1147 0fa4 09000000 			.word	9			// blank horizontal lines after glyph
 1148              							// bit mapped glyph
 1149 0fa8 0000FC01 			.word	0x01FC0000
 1150 0fac 0000FF07 			.word	0x07FF0000
 1151 0fb0 0080FF0F 			.word	0x0FFF8000
 1152 0fb4 00C0FF1F 			.word	0x1FFFC000
 1153 0fb8 00C0073F 			.word	0x3F07C000
 1154 0fbc 00E0013C 			.word	0x3C01E000
 1155 0fc0 00E00178 			.word	0x7801E000
 1156 0fc4 00E00078 			.word	0x7800E000
 1157 0fc8 00000070 			.word	0x70000000
 1158 0fcc 000000F0 			.word	0xF0000000
 1159 0fd0 000000F0 			.word	0xF0000000
 1160 0fd4 0000FCF0 			.word	0xF0FC0000
 1161 0fd8 0000FFE3 			.word	0xE3FF0000
 1162 0fdc 0080FFE7 			.word	0xE7FF8000
 1163 0fe0 00C0FFFF 			.word	0xFFFFC000
 1164 0fe4 00E007FE 			.word	0xFE07E000
 1165 0fe8 00E001FC 			.word	0xFC01E000
 1166 0fec 00F000F8 			.word	0xF800F000
 1167 0ff0 00F000F0 			.word	0xF000F000
 1168 0ff4 00F000F0 			.word	0xF000F000
 1169 0ff8 00F000F0 			.word	0xF000F000
 1170 0ffc 00F000F0 			.word	0xF000F000
 1171 1000 00F000F0 			.word	0xF000F000
 1172 1004 00F00078 			.word	0x7800F000
 1173 1008 00E00178 			.word	0x7801E000
 1174 100c 00E0017C 			.word	0x7C01E000
 1175 1010 00C0073E 			.word	0x3E07C000
 1176 1014 00C0FF1F 			.word	0x1FFFC000
 1177 1018 0080FF0F 			.word	0x0FFF8000
 1178 101c 0000FF07 			.word	0x07FF0000
 1179 1020 0000FC01 			.word	0x01FC0000
 1180              	
 1181              	SEVEN:
 1182 1024 37000000 			.word	'7			// ASCII "7" character
 1183 1028 18000000 			.word	24			// cell pixel width
 1184 102c 28000000 			.word	CELLHGHT		// cell pixel height
 1185 1030 14000000 			.word	20			// glyph pixel width
 1186 1034 1F000000 			.word	31			// glyph pixel height
 1187 1038 02000000 			.word	2			// blank horizontal pixels before glyph
 1188 103c 02000000 			.word	2			// blank horizontal pixels after glyph
 1189 1040 00000000 			.word	0			// blank horizontal lines before glyph
 1190 1044 09000000 			.word	9			// blank horizontal lines after glyph
 1191              							// bit mapped glyph
 1192 1048 00F0FFFF 			.word	0xFFFFF000
 1193 104c 00F0FFFF 			.word	0xFFFFF000
ARM GAS  font_arial32.s 			page 22


 1194 1050 00F0FFFF 			.word	0xFFFFF000
 1195 1054 00F0FFFF 			.word	0xFFFFF000
 1196 1058 00E00100 			.word	0x0001E000
 1197 105c 00C00300 			.word	0x0003C000
 1198 1060 00800700 			.word	0x00078000
 1199 1064 00800700 			.word	0x00078000
 1200 1068 00000F00 			.word	0x000F0000
 1201 106c 00001E00 			.word	0x001E0000
 1202 1070 00001E00 			.word	0x001E0000
 1203 1074 00003C00 			.word	0x003C0000
 1204 1078 00003C00 			.word	0x003C0000
 1205 107c 00007800 			.word	0x00780000
 1206 1080 00007800 			.word	0x00780000
 1207 1084 0000F000 			.word	0x00F00000
 1208 1088 0000F000 			.word	0x00F00000
 1209 108c 0000E001 			.word	0x01E00000
 1210 1090 0000E001 			.word	0x01E00000
 1211 1094 0000E001 			.word	0x01E00000
 1212 1098 0000C003 			.word	0x03C00000
 1213 109c 0000C003 			.word	0x03C00000
 1214 10a0 0000C003 			.word	0x03C00000
 1215 10a4 00008003 			.word	0x03800000
 1216 10a8 00008007 			.word	0x07800000
 1217 10ac 00008007 			.word	0x07800000
 1218 10b0 00008007 			.word	0x07800000
 1219 10b4 00008007 			.word	0x07800000
 1220 10b8 00000007 			.word	0x07000000
 1221 10bc 00000007 			.word	0x07000000
 1222 10c0 00000007 			.word	0x07000000
 1223              	
 1224              	EIGHT:
 1225 10c4 38000000 			.word	'8			// ASCII "8" character
 1226 10c8 18000000 			.word	24			// cell pixel width
 1227 10cc 28000000 			.word	CELLHGHT		// cell pixel height
 1228 10d0 14000000 			.word	20			// glyph pixel width
 1229 10d4 1F000000 			.word	31			// glyph pixel height
 1230 10d8 02000000 			.word	2			// blank horizontal pixels before glyph
 1231 10dc 02000000 			.word	2			// blank horizontal pixels after glyph
 1232 10e0 00000000 			.word	0			// blank horizontal lines before glyph
 1233 10e4 09000000 			.word	9			// blank horizontal lines after glyph
 1234              							// bit mapped glyph
 1235 10e8 0000F801 			.word	0x01F80000
 1236 10ec 0000FE07 			.word	0x07FE0000
 1237 10f0 0000FF0F 			.word	0x0FFF0000
 1238 10f4 0080FF1F 			.word	0x1FFF8000
 1239 10f8 00C0073E 			.word	0x3E07C000
 1240 10fc 00C0033C 			.word	0x3C03C000
 1241 1100 00E00178 			.word	0x7801E000
 1242 1104 00E00178 			.word	0x7801E000
 1243 1108 00E00178 			.word	0x7801E000
 1244 110c 00E00178 			.word	0x7801E000
 1245 1110 00C0033C 			.word	0x3C03C000
 1246 1114 00C0073E 			.word	0x3E07C000
 1247 1118 0080FF1F 			.word	0x1FFF8000
 1248 111c 0000FE07 			.word	0x07FE0000
 1249 1120 0000FF0F 			.word	0x0FFF0000
 1250 1124 0080FF1F 			.word	0x1FFF8000
ARM GAS  font_arial32.s 			page 23


 1251 1128 00C0073E 			.word	0x3E07C000
 1252 112c 00E0037C 			.word	0x7C03E000
 1253 1130 00E00178 			.word	0x7801E000
 1254 1134 00F000F0 			.word	0xF000F000
 1255 1138 00F000F0 			.word	0xF000F000
 1256 113c 00F000F0 			.word	0xF000F000
 1257 1140 00F000F0 			.word	0xF000F000
 1258 1144 00F000F0 			.word	0xF000F000
 1259 1148 00F001F8 			.word	0xF801F000
 1260 114c 00E0037C 			.word	0x7C03E000
 1261 1150 00E0077E 			.word	0x7E07E000
 1262 1154 00C0FF3F 			.word	0x3FFFC000
 1263 1158 0080FF1F 			.word	0x1FFF8000
 1264 115c 0000FF0F 			.word	0x0FFF0000
 1265 1160 0000FC03 			.word	0x03FC0000
 1266              	
 1267              	NINE:
 1268 1164 39000000 			.word	'9			// ASCII "9" character
 1269 1168 18000000 			.word	24			// cell pixel width
 1270 116c 28000000 			.word	CELLHGHT		// cell pixel height
 1271 1170 14000000 			.word	20			// glyph pixel width
 1272 1174 1F000000 			.word	31			// glyph pixel height
 1273 1178 02000000 			.word	2			// blank horizontal pixels before glyph
 1274 117c 02000000 			.word	2			// blank horizontal pixels after glyph
 1275 1180 00000000 			.word	0			// blank horizontal lines before glyph
 1276 1184 09000000 			.word	9			// blank horizontal lines after glyph
 1277              							// bit mapped glyph
 1278 1188 0000F803 			.word	0x03F80000
 1279 118c 0000FE0F 			.word	0x0FFE0000
 1280 1190 0000FF1F 			.word	0x1FFF0000
 1281 1194 0080FF3F 			.word	0x3FFF8000
 1282 1198 00C0077E 			.word	0x7E07C000
 1283 119c 00C0037C 			.word	0x7C03C000
 1284 11a0 00E001F8 			.word	0xF801E000
 1285 11a4 00E000F0 			.word	0xF000E000
 1286 11a8 00E000F0 			.word	0xF000E000
 1287 11ac 00F000F0 			.word	0xF000F000
 1288 11b0 00F000F0 			.word	0xF000F000
 1289 11b4 00F000F0 			.word	0xF000F000
 1290 11b8 00F000F0 			.word	0xF000F000
 1291 11bc 00F001F8 			.word	0xF801F000
 1292 11c0 00F00378 			.word	0x7803F000
 1293 11c4 00F0077E 			.word	0x7E07F000
 1294 11c8 00F0FF3F 			.word	0x3FFFF000
 1295 11cc 00F0FE1F 			.word	0x1FFEF000
 1296 11d0 00F0F80F 			.word	0x0FF8F000
 1297 11d4 00F0F003 			.word	0x03F0F000
 1298 11d8 00F00000 			.word	0x0000F000
 1299 11dc 00E00000 			.word	0x0000E000
 1300 11e0 00E00100 			.word	0x0001E000
 1301 11e4 00E001F0 			.word	0xF001E000
 1302 11e8 00E00370 			.word	0x7003E000
 1303 11ec 00C00778 			.word	0x7807C000
 1304 11f0 00800F7C 			.word	0x7C0F8000
 1305 11f4 0080FF3F 			.word	0x3FFF8000
 1306 11f8 0000FF1F 			.word	0x1FFF0000
 1307 11fc 0000FC0F 			.word	0x0FFC0000
ARM GAS  font_arial32.s 			page 24


 1308 1200 0000F003 			.word	0x03F00000
 1309              	
 1310              	COLON:
 1311 1204 3A000000 			.word	':			// ASCII ":" character
 1312 1208 0C000000 			.word	12			// cell pixel width
 1313 120c 28000000 			.word	CELLHGHT		// cell pixel height
 1314 1210 04000000 			.word	4			// glyph pixel width
 1315 1214 17000000 			.word	23			// glyph pixel height
 1316 1218 04000000 			.word	4			// blank horizontal pixels before glyph
 1317 121c 04000000 			.word	4			// blank horizontal pixels after glyph
 1318 1220 08000000 			.word	8			// blank horizontal lines before glyph
 1319 1224 09000000 			.word	9			// blank horizontal lines after glyph
 1320              							// bit mapped glyph
 1321 1228 000000F0 			.word	0xF0000000
 1322 122c 000000F0 			.word	0xF0000000
 1323 1230 000000F0 			.word	0xF0000000
 1324 1234 000000F0 			.word	0xF0000000
 1325 1238 00000000 			.word	0x00000000
 1326 123c 00000000 			.word	0x00000000
 1327 1240 00000000 			.word	0x00000000
 1328 1244 00000000 			.word	0x00000000
 1329 1248 00000000 			.word	0x00000000
 1330 124c 00000000 			.word	0x00000000
 1331 1250 00000000 			.word	0x00000000
 1332 1254 00000000 			.word	0x00000000
 1333 1258 00000000 			.word	0x00000000
 1334 125c 00000000 			.word	0x00000000
 1335 1260 00000000 			.word	0x00000000
 1336 1264 00000000 			.word	0x00000000
 1337 1268 00000000 			.word	0x00000000
 1338 126c 00000000 			.word	0x00000000
 1339 1270 00000000 			.word	0x00000000
 1340 1274 000000F0 			.word	0xF0000000
 1341 1278 000000F0 			.word	0xF0000000
 1342 127c 000000F0 			.word	0xF0000000
 1343 1280 000000F0 			.word	0xF0000000
 1344              	
 1345              	SEMI_COLON:
 1346 1284 3B000000 			.word	';			// ASCII ";" character
 1347 1288 0C000000 			.word	12			// cell pixel width
 1348 128c 28000000 			.word	CELLHGHT		// cell pixel height
 1349 1290 04000000 			.word	4			// glyph pixel width
 1350 1294 1D000000 			.word	29			// glyph pixel height
 1351 1298 04000000 			.word	4			// blank horizontal pixels before glyph
 1352 129c 04000000 			.word	4			// blank horizontal pixels after glyph
 1353 12a0 08000000 			.word	8			// blank horizontal lines before glyph
 1354 12a4 03000000 			.word	3			// blank horizontal lines after glyph
 1355              							// bit mapped glyph
 1356 12a8 000000F0 			.word	0xF0000000
 1357 12ac 000000F0 			.word	0xF0000000
 1358 12b0 000000F0 			.word	0xF0000000
 1359 12b4 000000F0 			.word	0xF0000000
 1360 12b8 00000000 			.word	0x00000000
 1361 12bc 00000000 			.word	0x00000000
 1362 12c0 00000000 			.word	0x00000000
 1363 12c4 00000000 			.word	0x00000000
 1364 12c8 00000000 			.word	0x00000000
ARM GAS  font_arial32.s 			page 25


 1365 12cc 00000000 			.word	0x00000000
 1366 12d0 00000000 			.word	0x00000000
 1367 12d4 00000000 			.word	0x00000000
 1368 12d8 00000000 			.word	0x00000000
 1369 12dc 00000000 			.word	0x00000000
 1370 12e0 00000000 			.word	0x00000000
 1371 12e4 00000000 			.word	0x00000000
 1372 12e8 00000000 			.word	0x00000000
 1373 12ec 00000000 			.word	0x00000000
 1374 12f0 00000000 			.word	0x00000000
 1375 12f4 000000F0 			.word	0xF0000000
 1376 12f8 000000F0 			.word	0xF0000000
 1377 12fc 000000F0 			.word	0xF0000000
 1378 1300 000000F0 			.word	0xF0000000
 1379 1304 00000030 			.word	0x30000000
 1380 1308 00000030 			.word	0x30000000
 1381 130c 00000030 			.word	0x30000000
 1382 1310 00000060 			.word	0x60000000
 1383 1314 000000E0 			.word	0xE0000000
 1384 1318 00000040 			.word	0x40000000
 1385              	
 1386              	LESS_THAN_SIGN:
 1387 131c 3C000000 			.word	'<			// ASCII "<" character
 1388 1320 19000000 			.word	25			// cell pixel width
 1389 1324 28000000 			.word	CELLHGHT		// cell pixel height
 1390 1328 15000000 			.word	21			// glyph pixel width
 1391 132c 15000000 			.word	21			// glyph pixel height
 1392 1330 02000000 			.word	2			// blank horizontal pixels before glyph
 1393 1334 02000000 			.word	2			// blank horizontal pixels after glyph
 1394 1338 05000000 			.word	5			// blank horizontal lines before glyph
 1395 133c 0E000000 			.word	14			// blank horizontal lines after glyph
 1396              							// bit mapped glyph
 1397 1340 00080000 			.word	0x00000800
 1398 1344 00780000 			.word	0x00007800
 1399 1348 00F80100 			.word	0x0001F800
 1400 134c 00F80700 			.word	0x0007F800
 1401 1350 00E01F00 			.word	0x001FE000
 1402 1354 0080FF00 			.word	0x00FF8000
 1403 1358 0000FC03 			.word	0x03FC0000
 1404 135c 0000F00F 			.word	0x0FF00000
 1405 1360 0000803F 			.word	0x3F800000
 1406 1364 000000FE 			.word	0xFE000000
 1407 1368 000000F8 			.word	0xF8000000
 1408 136c 000000FE 			.word	0xFE000000
 1409 1370 0000803F 			.word	0x3F800000
 1410 1374 0000F00F 			.word	0x0FF00000
 1411 1378 0000FC03 			.word	0x03FC0000
 1412 137c 0080FF00 			.word	0x00FF8000
 1413 1380 00E01F00 			.word	0x001FE000
 1414 1384 00F80700 			.word	0x0007F800
 1415 1388 00F80100 			.word	0x0001F800
 1416 138c 00780000 			.word	0x00007800
 1417 1390 00080000 			.word	0x00000800
 1418              	
 1419              	EQUAL_SIGN:
 1420 1394 3D000000 			.word	'=			// ASCII "=" character
 1421 1398 19000000 			.word	25			// cell pixel width
ARM GAS  font_arial32.s 			page 26


 1422 139c 28000000 			.word	CELLHGHT		// cell pixel height
 1423 13a0 15000000 			.word	21			// glyph pixel width
 1424 13a4 0D000000 			.word	13			// glyph pixel height
 1425 13a8 02000000 			.word	2			// blank horizontal pixels before glyph
 1426 13ac 02000000 			.word	2			// blank horizontal pixels after glyph
 1427 13b0 09000000 			.word	9			// blank horizontal lines before glyph
 1428 13b4 12000000 			.word	18			// blank horizontal lines after glyph
 1429              							// bit mapped glyph
 1430 13b8 00F8FFFF 			.word	0xFFFFF800
 1431 13bc 00F8FFFF 			.word	0xFFFFF800
 1432 13c0 00F8FFFF 			.word	0xFFFFF800
 1433 13c4 00F8FFFF 			.word	0xFFFFF800
 1434 13c8 00000000 			.word	0x00000000
 1435 13cc 00000000 			.word	0x00000000
 1436 13d0 00000000 			.word	0x00000000
 1437 13d4 00000000 			.word	0x00000000
 1438 13d8 00000000 			.word	0x00000000
 1439 13dc 00F8FFFF 			.word	0xFFFFF800
 1440 13e0 00F8FFFF 			.word	0xFFFFF800
 1441 13e4 00F8FFFF 			.word	0xFFFFF800
 1442 13e8 00F8FFFF 			.word	0xFFFFF800
 1443              	
 1444              	GREATER_THAN_SIGN:
 1445 13ec 3E000000 			.word	'>			// ASCII ">" character
 1446 13f0 19000000 			.word	25			// cell pixel width
 1447 13f4 28000000 			.word	CELLHGHT		// cell pixel height
 1448 13f8 15000000 			.word	21			// glyph pixel width
 1449 13fc 15000000 			.word	21			// glyph pixel height
 1450 1400 02000000 			.word	2			// blank horizontal pixels before glyph
 1451 1404 02000000 			.word	2			// blank horizontal pixels after glyph
 1452 1408 05000000 			.word	5			// blank horizontal lines before glyph
 1453 140c 0E000000 			.word	14			// blank horizontal lines after glyph
 1454              							// bit mapped glyph
 1455 1410 00000080 			.word	0x80000000
 1456 1414 000000F0 			.word	0xF0000000
 1457 1418 000000FC 			.word	0xFC000000
 1458 141c 000000FF 			.word	0xFF000000
 1459 1420 0000C03F 			.word	0x3FC00000
 1460 1424 0000F80F 			.word	0x0FF80000
 1461 1428 0000FE01 			.word	0x01FE0000
 1462 142c 00807F00 			.word	0x007F8000
 1463 1430 00E00F00 			.word	0x000FE000
 1464 1434 00F80300 			.word	0x0003F800
 1465 1438 00F80000 			.word	0x0000F800
 1466 143c 00F80300 			.word	0x0003F800
 1467 1440 00E00F00 			.word	0x000FE000
 1468 1444 00807F00 			.word	0x007F8000
 1469 1448 0000FE01 			.word	0x01FE0000
 1470 144c 0000F80F 			.word	0x0FF80000
 1471 1450 0000C03F 			.word	0x3FC00000
 1472 1454 000000FF 			.word	0xFF000000
 1473 1458 000000FC 			.word	0xFC000000
 1474 145c 000000F0 			.word	0xF0000000
 1475 1460 00000080 			.word	0x80000000
 1476              	
 1477              	QUESTION_MARK:
 1478 1464 3F000000 			.word	'?			// ASCII "?" character
ARM GAS  font_arial32.s 			page 27


 1479 1468 18000000 			.word	24			// cell pixel width
 1480 146c 28000000 			.word	CELLHGHT		// cell pixel height
 1481 1470 14000000 			.word	20			// glyph pixel width
 1482 1474 1F000000 			.word	31			// glyph pixel height
 1483 1478 02000000 			.word	2			// blank horizontal pixels before glyph
 1484 147c 02000000 			.word	2			// blank horizontal pixels after glyph
 1485 1480 00000000 			.word	0			// blank horizontal lines before glyph
 1486 1484 09000000 			.word	9			// blank horizontal lines after glyph
 1487              							// bit mapped glyph
 1488 1488 0000FC03 			.word	0x03FC0000
 1489 148c 0000FF0F 			.word	0x0FFF0000
 1490 1490 0080FF1F 			.word	0x1FFF8000
 1491 1494 00C0FF3F 			.word	0x3FFFC000
 1492 1498 00E0077E 			.word	0x7E07E000
 1493 149c 00E0017C 			.word	0x7C01E000
 1494 14a0 00F000F8 			.word	0xF800F000
 1495 14a4 00F000F0 			.word	0xF000F000
 1496 14a8 00F000F0 			.word	0xF000F000
 1497 14ac 00F00000 			.word	0x0000F000
 1498 14b0 00F00000 			.word	0x0000F000
 1499 14b4 00E00100 			.word	0x0001E000
 1500 14b8 00E00300 			.word	0x0003E000
 1501 14bc 00C00700 			.word	0x0007C000
 1502 14c0 00800F00 			.word	0x000F8000
 1503 14c4 00001F00 			.word	0x001F0000
 1504 14c8 00003E00 			.word	0x003E0000
 1505 14cc 00007C00 			.word	0x007C0000
 1506 14d0 00007800 			.word	0x00780000
 1507 14d4 0000F000 			.word	0x00F00000
 1508 14d8 0000F000 			.word	0x00F00000
 1509 14dc 0000F000 			.word	0x00F00000
 1510 14e0 0000F000 			.word	0x00F00000
 1511 14e4 0000F000 			.word	0x00F00000
 1512 14e8 00000000 			.word	0x00000000
 1513 14ec 00000000 			.word	0x00000000
 1514 14f0 00000000 			.word	0x00000000
 1515 14f4 0000F001 			.word	0x01F00000
 1516 14f8 0000F001 			.word	0x01F00000
 1517 14fc 0000F001 			.word	0x01F00000
 1518 1500 0000F001 			.word	0x01F00000
 1519              	
 1520              	AT_SIGN:
 1521 1504 40000000 			.word	'@			// ASCII "@" character
 1522 1508 1B000000 			.word	27			// cell pixel width
 1523 150c 28000000 			.word	CELLHGHT		// cell pixel height
 1524 1510 19000000 			.word	25			// glyph pixel width
 1525 1514 1A000000 			.word	26			// glyph pixel height
 1526 1518 01000000 			.word	1			// blank horizontal pixels before glyph
 1527 151c 01000000 			.word	1			// blank horizontal pixels after glyph
 1528 1520 03000000 			.word	3			// blank horizontal lines before glyph
 1529 1524 0B000000 			.word	11			// blank horizontal lines after glyph
 1530              							// bit mapped glyph
 1531 1528 00807F00 			.word	0x007F8000
 1532 152c 00E0FF01 			.word	0x01FFE000
 1533 1530 00F08007 			.word	0x0780F000
 1534 1534 0038000E 			.word	0x0E003800
 1535 1538 001C001C 			.word	0x1C001C00
ARM GAS  font_arial32.s 			page 28


 1536 153c 00CE7838 			.word	0x3878CE00
 1537 1540 00C6FE31 			.word	0x31FEC600
 1538 1544 00C78763 			.word	0x6387C700
 1539 1548 00830363 			.word	0x63038300
 1540 154c 00830166 			.word	0x66018300
 1541 1550 008301C6 			.word	0xC6018300
 1542 1554 008301CC 			.word	0xCC018300
 1543 1558 008301CC 			.word	0xCC018300
 1544 155c 008701CC 			.word	0xCC018700
 1545 1560 000603CC 			.word	0xCC030600
 1546 1564 000E03CC 			.word	0xCC030E00
 1547 1568 000C07C6 			.word	0xC6070C00
 1548 156c 00381FE7 			.word	0xE71F3800
 1549 1570 00F0FB63 			.word	0x63FBF000
 1550 1574 00E0F171 			.word	0x71F1E000
 1551 1578 80010030 			.word	0x30000180
 1552 157c 00030038 			.word	0x38000300
 1553 1580 000E001E 			.word	0x1E000E00
 1554 1584 003C800F 			.word	0x0F803C00
 1555 1588 00F0FF03 			.word	0x03FFF000
 1556 158c 00C07F00 			.word	0x007FC000
 1557              	
 1558              	UPPERCASE_A:
 1559 1590 41000000 			.word	'A			// ASCII "A" character
 1560 1594 1D000000 			.word	29			// cell pixel width
 1561 1598 28000000 			.word	CELLHGHT		// cell pixel height
 1562 159c 1D000000 			.word	29			// glyph pixel width
 1563 15a0 1F000000 			.word	31			// glyph pixel height
 1564 15a4 00000000 			.word	0			// blank horizontal pixels before glyph
 1565 15a8 00000000 			.word	0			// blank horizontal pixels after glyph
 1566 15ac 00000000 			.word	0			// blank horizontal lines before glyph
 1567 15b0 09000000 			.word	9			// blank horizontal lines after glyph
 1568              							// bit mapped glyph
 1569 15b4 00000F00 			.word	0x000F0000
 1570 15b8 00800F00 			.word	0x000F8000
 1571 15bc 00801F00 			.word	0x001F8000
 1572 15c0 00801F00 			.word	0x001F8000
 1573 15c4 00C03F00 			.word	0x003FC000
 1574 15c8 00C03D00 			.word	0x003DC000
 1575 15cc 00E03900 			.word	0x0039E000
 1576 15d0 00E07900 			.word	0x0079E000
 1577 15d4 00E07800 			.word	0x0078E000
 1578 15d8 00F0F000 			.word	0x00F0F000
 1579 15dc 00F0F000 			.word	0x00F0F000
 1580 15e0 0078F000 			.word	0x00F07800
 1581 15e4 0078E001 			.word	0x01E07800
 1582 15e8 003CE001 			.word	0x01E03C00
 1583 15ec 003CC003 			.word	0x03C03C00
 1584 15f0 003CC003 			.word	0x03C03C00
 1585 15f4 001EC003 			.word	0x03C01E00
 1586 15f8 00FEFF07 			.word	0x07FFFE00
 1587 15fc 00FFFF07 			.word	0x07FFFF00
 1588 1600 00FFFF07 			.word	0x07FFFF00
 1589 1604 00FFFF0F 			.word	0x0FFFFF00
 1590 1608 8007000F 			.word	0x0F000780
 1591 160c 8007001E 			.word	0x1E000780
 1592 1610 C007001E 			.word	0x1E0007C0
ARM GAS  font_arial32.s 			page 29


 1593 1614 C003001E 			.word	0x1E0003C0
 1594 1618 E003003C 			.word	0x3C0003E0
 1595 161c E001003C 			.word	0x3C0001E0
 1596 1620 E0010078 			.word	0x780001E0
 1597 1624 F0010078 			.word	0x780001F0
 1598 1628 F0000078 			.word	0x780000F0
 1599 162c F80000F0 			.word	0xF00000F8
 1600              	
 1601              	UPPERCASE_B:
 1602 1630 42000000 			.word	'B			// ASCII "B" character
 1603 1634 1D000000 			.word	29			// cell pixel width
 1604 1638 28000000 			.word	CELLHGHT		// cell pixel height
 1605 163c 18000000 			.word	24			// glyph pixel width
 1606 1640 1F000000 			.word	31			// glyph pixel height
 1607 1644 03000000 			.word	3			// blank horizontal pixels before glyph
 1608 1648 02000000 			.word	2			// blank horizontal pixels after glyph
 1609 164c 00000000 			.word	0			// blank horizontal lines before glyph
 1610 1650 09000000 			.word	9			// blank horizontal lines after glyph
 1611              							// bit mapped glyph
 1612 1654 0000FFFF 			.word	0xFFFF0000
 1613 1658 00C0FFFF 			.word	0xFFFFC000
 1614 165c 00F0FFFF 			.word	0xFFFFF000
 1615 1660 00F8FFFF 			.word	0xFFFFF800
 1616 1664 00F800F0 			.word	0xF000F800
 1617 1668 007C00F0 			.word	0xF0007C00
 1618 166c 003C00F0 			.word	0xF0003C00
 1619 1670 003C00F0 			.word	0xF0003C00
 1620 1674 003C00F0 			.word	0xF0003C00
 1621 1678 003C00F0 			.word	0xF0003C00
 1622 167c 003C00F0 			.word	0xF0003C00
 1623 1680 007800F0 			.word	0xF0007800
 1624 1684 00F800F0 			.word	0xF000F800
 1625 1688 00F0FFFF 			.word	0xFFFFF000
 1626 168c 00E0FFFF 			.word	0xFFFFE000
 1627 1690 00E0FFFF 			.word	0xFFFFE000
 1628 1694 00F8FFFF 			.word	0xFFFFF800
 1629 1698 00FC00F0 			.word	0xF000FC00
 1630 169c 003E00F0 			.word	0xF0003E00
 1631 16a0 001E00F0 			.word	0xF0001E00
 1632 16a4 001F00F0 			.word	0xF0001F00
 1633 16a8 001F00F0 			.word	0xF0001F00
 1634 16ac 001F00F0 			.word	0xF0001F00
 1635 16b0 001F00F0 			.word	0xF0001F00
 1636 16b4 001E00F0 			.word	0xF0001E00
 1637 16b8 003E00F0 			.word	0xF0003E00
 1638 16bc 00FC00F0 			.word	0xF000FC00
 1639 16c0 00FCFFFF 			.word	0xFFFFFC00
 1640 16c4 00F8FFFF 			.word	0xFFFFF800
 1641 16c8 00F0FFFF 			.word	0xFFFFF000
 1642 16cc 0080FFFF 			.word	0xFFFF8000
 1643              	
 1644              	UPPERCASE_C:
 1645 16d0 43000000 			.word	'C			// ASCII "C" character
 1646 16d4 1F000000 			.word	31			// cell pixel width
 1647 16d8 28000000 			.word	CELLHGHT		// cell pixel height
 1648 16dc 1B000000 			.word	27			// glyph pixel width
 1649 16e0 1F000000 			.word	31			// glyph pixel height
ARM GAS  font_arial32.s 			page 30


 1650 16e4 02000000 			.word	2			// blank horizontal pixels before glyph
 1651 16e8 02000000 			.word	2			// blank horizontal pixels after glyph
 1652 16ec 00000000 			.word	0			// blank horizontal lines before glyph
 1653 16f0 09000000 			.word	9			// blank horizontal lines after glyph
 1654              							// bit mapped glyph
 1655 16f4 00C03F00 			.word	0x003FC000
 1656 16f8 00F8FF00 			.word	0x00FFF800
 1657 16fc 00FCFF03 			.word	0x03FFFC00
 1658 1700 00FEFF07 			.word	0x07FFFE00
 1659 1704 003FE00F 			.word	0x0FE03F00
 1660 1708 800F801F 			.word	0x1F800F80
 1661 170c C007003E 			.word	0x3E0007C0
 1662 1710 C003003C 			.word	0x3C0003C0
 1663 1714 C003007C 			.word	0x7C0003C0
 1664 1718 80010078 			.word	0x78000180
 1665 171c 00000078 			.word	0x78000000
 1666 1720 000000F8 			.word	0xF8000000
 1667 1724 000000F0 			.word	0xF0000000
 1668 1728 000000F0 			.word	0xF0000000
 1669 172c 000000F0 			.word	0xF0000000
 1670 1730 000000F0 			.word	0xF0000000
 1671 1734 000000F0 			.word	0xF0000000
 1672 1738 000000F0 			.word	0xF0000000
 1673 173c 000000F0 			.word	0xF0000000
 1674 1740 00000078 			.word	0x78000000
 1675 1744 C0010078 			.word	0x780001C0
 1676 1748 E0010078 			.word	0x780001E0
 1677 174c E003007C 			.word	0x7C0003E0
 1678 1750 C003003C 			.word	0x3C0003C0
 1679 1754 C007003E 			.word	0x3E0007C0
 1680 1758 800F801F 			.word	0x1F800F80
 1681 175c 003FE00F 			.word	0x0FE03F00
 1682 1760 00FFFF07 			.word	0x07FFFF00
 1683 1764 00FCFF03 			.word	0x03FFFC00
 1684 1768 00F8FF01 			.word	0x01FFF800
 1685 176c 00C03F00 			.word	0x003FC000
 1686              	
 1687              	UPPERCASE_D:
 1688 1770 44000000 			.word	'D			// ASCII "D" character
 1689 1774 1F000000 			.word	31			// cell pixel width
 1690 1778 28000000 			.word	CELLHGHT		// cell pixel height
 1691 177c 19000000 			.word	25			// glyph pixel width
 1692 1780 1F000000 			.word	31			// glyph pixel height
 1693 1784 04000000 			.word	4			// blank horizontal pixels before glyph
 1694 1788 02000000 			.word	2			// blank horizontal pixels after glyph
 1695 178c 00000000 			.word	0			// blank horizontal lines before glyph
 1696 1790 09000000 			.word	9			// blank horizontal lines after glyph
 1697              							// bit mapped glyph
 1698 1794 0000FFFF 			.word	0xFFFF0000
 1699 1798 00C0FFFF 			.word	0xFFFFC000
 1700 179c 00F0FFFF 			.word	0xFFFFF000
 1701 17a0 00F8FFFF 			.word	0xFFFFF800
 1702 17a4 00FC01F0 			.word	0xF001FC00
 1703 17a8 007C00F0 			.word	0xF0007C00
 1704 17ac 003E00F0 			.word	0xF0003E00
 1705 17b0 001E00F0 			.word	0xF0001E00
 1706 17b4 001F00F0 			.word	0xF0001F00
ARM GAS  font_arial32.s 			page 31


 1707 17b8 000F00F0 			.word	0xF0000F00
 1708 17bc 000F00F0 			.word	0xF0000F00
 1709 17c0 000F00F0 			.word	0xF0000F00
 1710 17c4 000F00F0 			.word	0xF0000F00
 1711 17c8 800700F0 			.word	0xF0000780
 1712 17cc 800700F0 			.word	0xF0000780
 1713 17d0 800700F0 			.word	0xF0000780
 1714 17d4 800700F0 			.word	0xF0000780
 1715 17d8 800700F0 			.word	0xF0000780
 1716 17dc 000F00F0 			.word	0xF0000F00
 1717 17e0 000F00F0 			.word	0xF0000F00
 1718 17e4 000F00F0 			.word	0xF0000F00
 1719 17e8 000F00F0 			.word	0xF0000F00
 1720 17ec 001F00F0 			.word	0xF0001F00
 1721 17f0 001E00F0 			.word	0xF0001E00
 1722 17f4 003E00F0 			.word	0xF0003E00
 1723 17f8 007C00F0 			.word	0xF0007C00
 1724 17fc 00FC01F0 			.word	0xF001FC00
 1725 1800 00F8FFFF 			.word	0xFFFFF800
 1726 1804 00F0FFFF 			.word	0xFFFFF000
 1727 1808 00C0FFFF 			.word	0xFFFFC000
 1728 180c 0000FFFF 			.word	0xFFFF0000
 1729              	
 1730              	UPPERCASE_E:
 1731 1810 45000000 			.word	'E			// ASCII "E" character
 1732 1814 1D000000 			.word	29			// cell pixel width
 1733 1818 28000000 			.word	CELLHGHT		// cell pixel height
 1734 181c 17000000 			.word	23			// glyph pixel width
 1735 1820 1F000000 			.word	31			// glyph pixel height
 1736 1824 04000000 			.word	4			// blank horizontal pixels before glyph
 1737 1828 02000000 			.word	2			// blank horizontal pixels after glyph
 1738 182c 00000000 			.word	0			// blank horizontal lines before glyph
 1739 1830 09000000 			.word	9			// blank horizontal lines after glyph
 1740              							// bit mapped glyph
 1741 1834 00FCFFFF 			.word	0xFFFFFC00
 1742 1838 00FCFFFF 			.word	0xFFFFFC00
 1743 183c 00FCFFFF 			.word	0xFFFFFC00
 1744 1840 00FCFFFF 			.word	0xFFFFFC00
 1745 1844 000000F0 			.word	0xF0000000
 1746 1848 000000F0 			.word	0xF0000000
 1747 184c 000000F0 			.word	0xF0000000
 1748 1850 000000F0 			.word	0xF0000000
 1749 1854 000000F0 			.word	0xF0000000
 1750 1858 000000F0 			.word	0xF0000000
 1751 185c 000000F0 			.word	0xF0000000
 1752 1860 000000F0 			.word	0xF0000000
 1753 1864 000000F0 			.word	0xF0000000
 1754 1868 00F8FFFF 			.word	0xFFFFF800
 1755 186c 00F8FFFF 			.word	0xFFFFF800
 1756 1870 00F8FFFF 			.word	0xFFFFF800
 1757 1874 00F8FFFF 			.word	0xFFFFF800
 1758 1878 000000F0 			.word	0xF0000000
 1759 187c 000000F0 			.word	0xF0000000
 1760 1880 000000F0 			.word	0xF0000000
 1761 1884 000000F0 			.word	0xF0000000
 1762 1888 000000F0 			.word	0xF0000000
 1763 188c 000000F0 			.word	0xF0000000
ARM GAS  font_arial32.s 			page 32


 1764 1890 000000F0 			.word	0xF0000000
 1765 1894 000000F0 			.word	0xF0000000
 1766 1898 000000F0 			.word	0xF0000000
 1767 189c 000000F0 			.word	0xF0000000
 1768 18a0 00FEFFFF 			.word	0xFFFFFE00
 1769 18a4 00FEFFFF 			.word	0xFFFFFE00
 1770 18a8 00FEFFFF 			.word	0xFFFFFE00
 1771 18ac 00FEFFFF 			.word	0xFFFFFE00
 1772              	
 1773              	UPPERCASE_F:
 1774 18b0 46000000 			.word	'F			// ASCII "F" character
 1775 18b4 1A000000 			.word	26			// cell pixel width
 1776 18b8 28000000 			.word	CELLHGHT		// cell pixel height
 1777 18bc 14000000 			.word	20			// glyph pixel width
 1778 18c0 1F000000 			.word	31			// glyph pixel height
 1779 18c4 04000000 			.word	4			// blank horizontal pixels before glyph
 1780 18c8 02000000 			.word	2			// blank horizontal pixels after glyph
 1781 18cc 00000000 			.word	0			// blank horizontal lines before glyph
 1782 18d0 09000000 			.word	9			// blank horizontal lines after glyph
 1783              							// bit mapped glyph
 1784 18d4 00F0FFFF 			.word	0xFFFFF000
 1785 18d8 00F0FFFF 			.word	0xFFFFF000
 1786 18dc 00F0FFFF 			.word	0xFFFFF000
 1787 18e0 00F0FFFF 			.word	0xFFFFF000
 1788 18e4 000000F0 			.word	0xF0000000
 1789 18e8 000000F0 			.word	0xF0000000
 1790 18ec 000000F0 			.word	0xF0000000
 1791 18f0 000000F0 			.word	0xF0000000
 1792 18f4 000000F0 			.word	0xF0000000
 1793 18f8 000000F0 			.word	0xF0000000
 1794 18fc 000000F0 			.word	0xF0000000
 1795 1900 000000F0 			.word	0xF0000000
 1796 1904 000000F0 			.word	0xF0000000
 1797 1908 00C0FFFF 			.word	0xFFFFC000
 1798 190c 00C0FFFF 			.word	0xFFFFC000
 1799 1910 00C0FFFF 			.word	0xFFFFC000
 1800 1914 00C0FFFF 			.word	0xFFFFC000
 1801 1918 000000F0 			.word	0xF0000000
 1802 191c 000000F0 			.word	0xF0000000
 1803 1920 000000F0 			.word	0xF0000000
 1804 1924 000000F0 			.word	0xF0000000
 1805 1928 000000F0 			.word	0xF0000000
 1806 192c 000000F0 			.word	0xF0000000
 1807 1930 000000F0 			.word	0xF0000000
 1808 1934 000000F0 			.word	0xF0000000
 1809 1938 000000F0 			.word	0xF0000000
 1810 193c 000000F0 			.word	0xF0000000
 1811 1940 000000F0 			.word	0xF0000000
 1812 1944 000000F0 			.word	0xF0000000
 1813 1948 000000F0 			.word	0xF0000000
 1814 194c 000000F0 			.word	0xF0000000
 1815              	
 1816              	UPPERCASE_G:
 1817 1950 47000000 			.word	'G			// ASCII "G" character
 1818 1954 21000000 			.word	33			// cell pixel width
 1819 1958 28000000 			.word	CELLHGHT		// cell pixel height
 1820 195c 1C000000 			.word	28			// glyph pixel width
ARM GAS  font_arial32.s 			page 33


 1821 1960 1F000000 			.word	31			// glyph pixel height
 1822 1964 02000000 			.word	2			// blank horizontal pixels before glyph
 1823 1968 03000000 			.word	3			// blank horizontal pixels after glyph
 1824 196c 00000000 			.word	0			// blank horizontal lines before glyph
 1825 1970 09000000 			.word	9			// blank horizontal lines after glyph
 1826              							// bit mapped glyph
 1827 1974 00F01F00 			.word	0x001FF000
 1828 1978 00FCFF00 			.word	0x00FFFC00
 1829 197c 00FFFF03 			.word	0x03FFFF00
 1830 1980 80FFFF07 			.word	0x07FFFF80
 1831 1984 C01FF00F 			.word	0x0FF01FC0
 1832 1988 C007801F 			.word	0x1F8007C0
 1833 198c E001001F 			.word	0x1F0001E0
 1834 1990 E001003E 			.word	0x3E0001E0
 1835 1994 F000003C 			.word	0x3C0000F0
 1836 1998 E000007C 			.word	0x7C0000E0
 1837 199c 00000078 			.word	0x78000000
 1838 19a0 00000078 			.word	0x78000000
 1839 19a4 00000078 			.word	0x78000000
 1840 19a8 000000F0 			.word	0xF0000000
 1841 19ac 000000F0 			.word	0xF0000000
 1842 19b0 F0FF00F0 			.word	0xF000FFF0
 1843 19b4 F0FF00F0 			.word	0xF000FFF0
 1844 19b8 F0FF00F0 			.word	0xF000FFF0
 1845 19bc F0FF0078 			.word	0x7800FFF0
 1846 19c0 70000078 			.word	0x78000070
 1847 19c4 70000078 			.word	0x78000070
 1848 19c8 7000007C 			.word	0x7C000070
 1849 19cc 7000003C 			.word	0x3C000070
 1850 19d0 7000003E 			.word	0x3E000070
 1851 19d4 F000001F 			.word	0x1F0000F0
 1852 19d8 F003801F 			.word	0x1F8003F0
 1853 19dc F00FF00F 			.word	0x0FF00FF0
 1854 19e0 E0FFFF07 			.word	0x07FFFFE0
 1855 19e4 80FFFF01 			.word	0x01FFFF80
 1856 19e8 00FE7F00 			.word	0x007FFE00
 1857 19ec 00F01F00 			.word	0x001FF000
 1858              	
 1859              	UPPERCASE_H:
 1860 19f0 48000000 			.word	'H			// ASCII "H" character
 1861 19f4 1F000000 			.word	31			// cell pixel width
 1862 19f8 28000000 			.word	CELLHGHT		// cell pixel height
 1863 19fc 17000000 			.word	23			// glyph pixel width
 1864 1a00 1F000000 			.word	31			// glyph pixel height
 1865 1a04 04000000 			.word	4			// blank horizontal pixels before glyph
 1866 1a08 04000000 			.word	4			// blank horizontal pixels after glyph
 1867 1a0c 00000000 			.word	0			// blank horizontal lines before glyph
 1868 1a10 09000000 			.word	9			// blank horizontal lines after glyph
 1869              							// bit mapped glyph
 1870 1a14 001E00F0 			.word	0xF0001E00
 1871 1a18 001E00F0 			.word	0xF0001E00
 1872 1a1c 001E00F0 			.word	0xF0001E00
 1873 1a20 001E00F0 			.word	0xF0001E00
 1874 1a24 001E00F0 			.word	0xF0001E00
 1875 1a28 001E00F0 			.word	0xF0001E00
 1876 1a2c 001E00F0 			.word	0xF0001E00
 1877 1a30 001E00F0 			.word	0xF0001E00
ARM GAS  font_arial32.s 			page 34


 1878 1a34 001E00F0 			.word	0xF0001E00
 1879 1a38 001E00F0 			.word	0xF0001E00
 1880 1a3c 001E00F0 			.word	0xF0001E00
 1881 1a40 001E00F0 			.word	0xF0001E00
 1882 1a44 00FEFFFF 			.word	0xFFFFFE00
 1883 1a48 00FEFFFF 			.word	0xFFFFFE00
 1884 1a4c 00FEFFFF 			.word	0xFFFFFE00
 1885 1a50 00FEFFFF 			.word	0xFFFFFE00
 1886 1a54 001E00F0 			.word	0xF0001E00
 1887 1a58 001E00F0 			.word	0xF0001E00
 1888 1a5c 001E00F0 			.word	0xF0001E00
 1889 1a60 001E00F0 			.word	0xF0001E00
 1890 1a64 001E00F0 			.word	0xF0001E00
 1891 1a68 001E00F0 			.word	0xF0001E00
 1892 1a6c 001E00F0 			.word	0xF0001E00
 1893 1a70 001E00F0 			.word	0xF0001E00
 1894 1a74 001E00F0 			.word	0xF0001E00
 1895 1a78 001E00F0 			.word	0xF0001E00
 1896 1a7c 001E00F0 			.word	0xF0001E00
 1897 1a80 001E00F0 			.word	0xF0001E00
 1898 1a84 001E00F0 			.word	0xF0001E00
 1899 1a88 001E00F0 			.word	0xF0001E00
 1900 1a8c 001E00F0 			.word	0xF0001E00
 1901              	
 1902              	UPPERCASE_I:
 1903 1a90 49000000 			.word	'I			// ASCII "I" character
 1904 1a94 0C000000 			.word	12			// cell pixel width
 1905 1a98 28000000 			.word	CELLHGHT		// cell pixel height
 1906 1a9c 04000000 			.word	4			// glyph pixel width
 1907 1aa0 1F000000 			.word	31			// glyph pixel height
 1908 1aa4 04000000 			.word	4			// blank horizontal pixels before glyph
 1909 1aa8 04000000 			.word	4			// blank horizontal pixels after glyph
 1910 1aac 00000000 			.word	0			// blank horizontal lines before glyph
 1911 1ab0 09000000 			.word	9			// blank horizontal lines after glyph
 1912              							// bit mapped glyph
 1913 1ab4 000000F0 			.word	0xF0000000
 1914 1ab8 000000F0 			.word	0xF0000000
 1915 1abc 000000F0 			.word	0xF0000000
 1916 1ac0 000000F0 			.word	0xF0000000
 1917 1ac4 000000F0 			.word	0xF0000000
 1918 1ac8 000000F0 			.word	0xF0000000
 1919 1acc 000000F0 			.word	0xF0000000
 1920 1ad0 000000F0 			.word	0xF0000000
 1921 1ad4 000000F0 			.word	0xF0000000
 1922 1ad8 000000F0 			.word	0xF0000000
 1923 1adc 000000F0 			.word	0xF0000000
 1924 1ae0 000000F0 			.word	0xF0000000
 1925 1ae4 000000F0 			.word	0xF0000000
 1926 1ae8 000000F0 			.word	0xF0000000
 1927 1aec 000000F0 			.word	0xF0000000
 1928 1af0 000000F0 			.word	0xF0000000
 1929 1af4 000000F0 			.word	0xF0000000
 1930 1af8 000000F0 			.word	0xF0000000
 1931 1afc 000000F0 			.word	0xF0000000
 1932 1b00 000000F0 			.word	0xF0000000
 1933 1b04 000000F0 			.word	0xF0000000
 1934 1b08 000000F0 			.word	0xF0000000
ARM GAS  font_arial32.s 			page 35


 1935 1b0c 000000F0 			.word	0xF0000000
 1936 1b10 000000F0 			.word	0xF0000000
 1937 1b14 000000F0 			.word	0xF0000000
 1938 1b18 000000F0 			.word	0xF0000000
 1939 1b1c 000000F0 			.word	0xF0000000
 1940 1b20 000000F0 			.word	0xF0000000
 1941 1b24 000000F0 			.word	0xF0000000
 1942 1b28 000000F0 			.word	0xF0000000
 1943 1b2c 000000F0 			.word	0xF0000000
 1944              	
 1945              	UPPERCASE_J:
 1946 1b30 4A000000 			.word	'J			// ASCII "J" character
 1947 1b34 16000000 			.word	22			// cell pixel width
 1948 1b38 28000000 			.word	CELLHGHT		// cell pixel height
 1949 1b3c 10000000 			.word	16			// glyph pixel width
 1950 1b40 1F000000 			.word	31			// glyph pixel height
 1951 1b44 02000000 			.word	2			// blank horizontal pixels before glyph
 1952 1b48 04000000 			.word	4			// blank horizontal pixels after glyph
 1953 1b4c 00000000 			.word	0			// blank horizontal lines before glyph
 1954 1b50 09000000 			.word	9			// blank horizontal lines after glyph
 1955              							// bit mapped glyph
 1956 1b54 00000F00 			.word	0x000F0000
 1957 1b58 00000F00 			.word	0x000F0000
 1958 1b5c 00000F00 			.word	0x000F0000
 1959 1b60 00000F00 			.word	0x000F0000
 1960 1b64 00000F00 			.word	0x000F0000
 1961 1b68 00000F00 			.word	0x000F0000
 1962 1b6c 00000F00 			.word	0x000F0000
 1963 1b70 00000F00 			.word	0x000F0000
 1964 1b74 00000F00 			.word	0x000F0000
 1965 1b78 00000F00 			.word	0x000F0000
 1966 1b7c 00000F00 			.word	0x000F0000
 1967 1b80 00000F00 			.word	0x000F0000
 1968 1b84 00000F00 			.word	0x000F0000
 1969 1b88 00000F00 			.word	0x000F0000
 1970 1b8c 00000F00 			.word	0x000F0000
 1971 1b90 00000F00 			.word	0x000F0000
 1972 1b94 00000F00 			.word	0x000F0000
 1973 1b98 00000F00 			.word	0x000F0000
 1974 1b9c 00000F00 			.word	0x000F0000
 1975 1ba0 00000F00 			.word	0x000F0000
 1976 1ba4 00000F00 			.word	0x000F0000
 1977 1ba8 00000FE0 			.word	0xE00F0000
 1978 1bac 00000FE0 			.word	0xE00F0000
 1979 1bb0 00000FE0 			.word	0xE00F0000
 1980 1bb4 00000FF0 			.word	0xF00F0000
 1981 1bb8 00001FF0 			.word	0xF01F0000
 1982 1bbc 00003EFC 			.word	0xFC3E0000
 1983 1bc0 0000FE7F 			.word	0x7FFE0000
 1984 1bc4 0000FC3F 			.word	0x3FFC0000
 1985 1bc8 0000F81F 			.word	0x1FF80000
 1986 1bcc 0000E007 			.word	0x07E00000
 1987              	
 1988              	UPPERCASE_K:
 1989 1bd0 4B000000 			.word	'K			// ASCII "K" character
 1990 1bd4 1D000000 			.word	29			// cell pixel width
 1991 1bd8 28000000 			.word	CELLHGHT		// cell pixel height
ARM GAS  font_arial32.s 			page 36


 1992 1bdc 19000000 			.word	25			// glyph pixel width
 1993 1be0 1F000000 			.word	31			// glyph pixel height
 1994 1be4 03000000 			.word	3			// blank horizontal pixels before glyph
 1995 1be8 01000000 			.word	1			// blank horizontal pixels after glyph
 1996 1bec 00000000 			.word	0			// blank horizontal lines before glyph
 1997 1bf0 09000000 			.word	9			// blank horizontal lines after glyph
 1998              							// bit mapped glyph
 1999 1bf4 801F00F0 			.word	0xF0001F80
 2000 1bf8 003E00F0 			.word	0xF0003E00
 2001 1bfc 007C00F0 			.word	0xF0007C00
 2002 1c00 00F800F0 			.word	0xF000F800
 2003 1c04 00F001F0 			.word	0xF001F000
 2004 1c08 00E003F0 			.word	0xF003E000
 2005 1c0c 00C007F0 			.word	0xF007C000
 2006 1c10 00800FF0 			.word	0xF00F8000
 2007 1c14 00001FF0 			.word	0xF01F0000
 2008 1c18 00003EF0 			.word	0xF03E0000
 2009 1c1c 00007CF0 			.word	0xF07C0000
 2010 1c20 0000F8F0 			.word	0xF0F80000
 2011 1c24 0000F0F1 			.word	0xF1F00000
 2012 1c28 0000F8F3 			.word	0xF3F80000
 2013 1c2c 0000FCF7 			.word	0xF7FC0000
 2014 1c30 0000FCFF 			.word	0xFFFC0000
 2015 1c34 00003EFF 			.word	0xFF3E0000
 2016 1c38 00001FFE 			.word	0xFE1F0000
 2017 1c3c 00800FFC 			.word	0xFC0F8000
 2018 1c40 00800FF8 			.word	0xF80F8000
 2019 1c44 00C007F0 			.word	0xF007C000
 2020 1c48 00E003F0 			.word	0xF003E000
 2021 1c4c 00E001F0 			.word	0xF001E000
 2022 1c50 00F001F0 			.word	0xF001F000
 2023 1c54 00F800F0 			.word	0xF000F800
 2024 1c58 007C00F0 			.word	0xF0007C00
 2025 1c5c 007C00F0 			.word	0xF0007C00
 2026 1c60 003E00F0 			.word	0xF0003E00
 2027 1c64 001F00F0 			.word	0xF0001F00
 2028 1c68 800F00F0 			.word	0xF0000F80
 2029 1c6c 800F00F0 			.word	0xF0000F80
 2030              	
 2031              	UPPERCASE_L:
 2032 1c70 4C000000 			.word	'L			// ASCII "L" character
 2033 1c74 18000000 			.word	24			// cell pixel width
 2034 1c78 28000000 			.word	CELLHGHT		// cell pixel height
 2035 1c7c 14000000 			.word	20			// glyph pixel width
 2036 1c80 1F000000 			.word	31			// glyph pixel height
 2037 1c84 03000000 			.word	3			// blank horizontal pixels before glyph
 2038 1c88 01000000 			.word	1			// blank horizontal pixels after glyph
 2039 1c8c 00000000 			.word	0			// blank horizontal lines before glyph
 2040 1c90 09000000 			.word	9			// blank horizontal lines after glyph
 2041              							// bit mapped glyph
 2042 1c94 000000F0 			.word	0xF0000000
 2043 1c98 000000F0 			.word	0xF0000000
 2044 1c9c 000000F0 			.word	0xF0000000
 2045 1ca0 000000F0 			.word	0xF0000000
 2046 1ca4 000000F0 			.word	0xF0000000
 2047 1ca8 000000F0 			.word	0xF0000000
 2048 1cac 000000F0 			.word	0xF0000000
ARM GAS  font_arial32.s 			page 37


 2049 1cb0 000000F0 			.word	0xF0000000
 2050 1cb4 000000F0 			.word	0xF0000000
 2051 1cb8 000000F0 			.word	0xF0000000
 2052 1cbc 000000F0 			.word	0xF0000000
 2053 1cc0 000000F0 			.word	0xF0000000
 2054 1cc4 000000F0 			.word	0xF0000000
 2055 1cc8 000000F0 			.word	0xF0000000
 2056 1ccc 000000F0 			.word	0xF0000000
 2057 1cd0 000000F0 			.word	0xF0000000
 2058 1cd4 000000F0 			.word	0xF0000000
 2059 1cd8 000000F0 			.word	0xF0000000
 2060 1cdc 000000F0 			.word	0xF0000000
 2061 1ce0 000000F0 			.word	0xF0000000
 2062 1ce4 000000F0 			.word	0xF0000000
 2063 1ce8 000000F0 			.word	0xF0000000
 2064 1cec 000000F0 			.word	0xF0000000
 2065 1cf0 000000F0 			.word	0xF0000000
 2066 1cf4 000000F0 			.word	0xF0000000
 2067 1cf8 000000F0 			.word	0xF0000000
 2068 1cfc 000000F0 			.word	0xF0000000
 2069 1d00 00F0FFFF 			.word	0xFFFFF000
 2070 1d04 00F0FFFF 			.word	0xFFFFF000
 2071 1d08 00F0FFFF 			.word	0xFFFFF000
 2072 1d0c 00F0FFFF 			.word	0xFFFFF000
 2073              	
 2074              	UPPERCASE_M:
 2075 1d10 4D000000 			.word	'M			// ASCII "M" character
 2076 1d14 23000000 			.word	35			// cell pixel width
 2077 1d18 28000000 			.word	CELLHGHT		// cell pixel height
 2078 1d1c 1D000000 			.word	29			// glyph pixel width
 2079 1d20 1F000000 			.word	31			// glyph pixel height
 2080 1d24 03000000 			.word	3			// blank horizontal pixels before glyph
 2081 1d28 03000000 			.word	3			// blank horizontal pixels after glyph
 2082 1d2c 00000000 			.word	0			// blank horizontal lines before glyph
 2083 1d30 09000000 			.word	9			// blank horizontal lines after glyph
 2084              							// bit mapped glyph
 2085 1d34 F80100FC 			.word	0xFC0001F8
 2086 1d38 F80100FC 			.word	0xFC0001F8
 2087 1d3c F80100FE 			.word	0xFE0001F8
 2088 1d40 F80300FE 			.word	0xFE0003F8
 2089 1d44 F80300FE 			.word	0xFE0003F8
 2090 1d48 F80300FF 			.word	0xFF0003F8
 2091 1d4c F80700F7 			.word	0xF70007F8
 2092 1d50 780700F7 			.word	0xF7000778
 2093 1d54 780780F7 			.word	0xF7800778
 2094 1d58 780E80F3 			.word	0xF3800E78
 2095 1d5c 780E80F3 			.word	0xF3800E78
 2096 1d60 780EC0F3 			.word	0xF3C00E78
 2097 1d64 781CC0F1 			.word	0xF1C01C78
 2098 1d68 781CC0F1 			.word	0xF1C01C78
 2099 1d6c 781CE0F1 			.word	0xF1E01C78
 2100 1d70 7838E0F0 			.word	0xF0E03878
 2101 1d74 7838E0F0 			.word	0xF0E03878
 2102 1d78 7838F0F0 			.word	0xF0F03878
 2103 1d7c 787070F0 			.word	0xF0707078
 2104 1d80 787070F0 			.word	0xF0707078
 2105 1d84 787078F0 			.word	0xF0787078
ARM GAS  font_arial32.s 			page 38


 2106 1d88 78E038F0 			.word	0xF038E078
 2107 1d8c 78E038F0 			.word	0xF038E078
 2108 1d90 78E03CF0 			.word	0xF03CE078
 2109 1d94 78C01DF0 			.word	0xF01DC078
 2110 1d98 78C01DF0 			.word	0xF01DC078
 2111 1d9c 78C01FF0 			.word	0xF01FC078
 2112 1da0 78800FF0 			.word	0xF00F8078
 2113 1da4 78800FF0 			.word	0xF00F8078
 2114 1da8 78800FF0 			.word	0xF00F8078
 2115 1dac 780007F0 			.word	0xF0070078
 2116              	
 2117              	UPPERCASE_N:
 2118 1db0 4E000000 			.word	'N			// ASCII "N" character
 2119 1db4 1F000000 			.word	31			// cell pixel width
 2120 1db8 28000000 			.word	CELLHGHT		// cell pixel height
 2121 1dbc 17000000 			.word	23			// glyph pixel width
 2122 1dc0 1F000000 			.word	31			// glyph pixel height
 2123 1dc4 04000000 			.word	4			// blank horizontal pixels before glyph
 2124 1dc8 04000000 			.word	4			// blank horizontal pixels after glyph
 2125 1dcc 00000000 			.word	0			// blank horizontal lines before glyph
 2126 1dd0 09000000 			.word	9			// blank horizontal lines after glyph
 2127              							// bit mapped glyph
 2128 1dd4 000E00F0 			.word	0xF0000E00
 2129 1dd8 000E00F0 			.word	0xF0000E00
 2130 1ddc 000E00F8 			.word	0xF8000E00
 2131 1de0 000E00FC 			.word	0xFC000E00
 2132 1de4 000E00FC 			.word	0xFC000E00
 2133 1de8 000E00FE 			.word	0xFE000E00
 2134 1dec 000E00FF 			.word	0xFF000E00
 2135 1df0 000E00FF 			.word	0xFF000E00
 2136 1df4 000E80E7 			.word	0xE7800E00
 2137 1df8 000EC0E7 			.word	0xE7C00E00
 2138 1dfc 000EC0E3 			.word	0xE3C00E00
 2139 1e00 000EE0E1 			.word	0xE1E00E00
 2140 1e04 000EF0E1 			.word	0xE1F00E00
 2141 1e08 000EF0E0 			.word	0xE0F00E00
 2142 1e0c 000E78E0 			.word	0xE0780E00
 2143 1e10 000E7CE0 			.word	0xE07C0E00
 2144 1e14 000E3CE0 			.word	0xE03C0E00
 2145 1e18 000E1EE0 			.word	0xE01E0E00
 2146 1e1c 000E1FE0 			.word	0xE01F0E00
 2147 1e20 000E0FE0 			.word	0xE00F0E00
 2148 1e24 008E07E0 			.word	0xE0078E00
 2149 1e28 00CE07E0 			.word	0xE007CE00
 2150 1e2c 00CE03E0 			.word	0xE003CE00
 2151 1e30 00FE01E0 			.word	0xE001FE00
 2152 1e34 00FE01E0 			.word	0xE001FE00
 2153 1e38 00FE00E0 			.word	0xE000FE00
 2154 1e3c 007E00E0 			.word	0xE0007E00
 2155 1e40 007E00E0 			.word	0xE0007E00
 2156 1e44 003E00E0 			.word	0xE0003E00
 2157 1e48 001E00E0 			.word	0xE0001E00
 2158 1e4c 001E00E0 			.word	0xE0001E00
 2159              	
 2160              	UPPERCASE_O:
 2161 1e50 4F000000 			.word	'O			// ASCII "O" character
 2162 1e54 21000000 			.word	33			// cell pixel width
ARM GAS  font_arial32.s 			page 39


 2163 1e58 28000000 			.word	CELLHGHT		// cell pixel height
 2164 1e5c 1D000000 			.word	29			// glyph pixel width
 2165 1e60 1F000000 			.word	31			// glyph pixel height
 2166 1e64 02000000 			.word	2			// blank horizontal pixels before glyph
 2167 1e68 02000000 			.word	2			// blank horizontal pixels after glyph
 2168 1e6c 00000000 			.word	0			// blank horizontal lines before glyph
 2169 1e70 09000000 			.word	9			// blank horizontal lines after glyph
 2170              							// bit mapped glyph
 2171 1e74 00C03F00 			.word	0x003FC000
 2172 1e78 00F8FF00 			.word	0x00FFF800
 2173 1e7c 00FEFF03 			.word	0x03FFFE00
 2174 1e80 00FFFF07 			.word	0x07FFFF00
 2175 1e84 803FE00F 			.word	0x0FE03F80
 2176 1e88 C00F801F 			.word	0x1F800FC0
 2177 1e8c E007003E 			.word	0x3E0007E0
 2178 1e90 E003003C 			.word	0x3C0003E0
 2179 1e94 F001007C 			.word	0x7C0001F0
 2180 1e98 F0000078 			.word	0x780000F0
 2181 1e9c F0000078 			.word	0x780000F0
 2182 1ea0 F80000F8 			.word	0xF80000F8
 2183 1ea4 780000F0 			.word	0xF0000078
 2184 1ea8 780000F0 			.word	0xF0000078
 2185 1eac 780000F0 			.word	0xF0000078
 2186 1eb0 780000F0 			.word	0xF0000078
 2187 1eb4 780000F0 			.word	0xF0000078
 2188 1eb8 780000F0 			.word	0xF0000078
 2189 1ebc 780000F0 			.word	0xF0000078
 2190 1ec0 F80000F0 			.word	0xF00000F8
 2191 1ec4 F0000078 			.word	0x780000F0
 2192 1ec8 F0000078 			.word	0x780000F0
 2193 1ecc F001007C 			.word	0x7C0001F0
 2194 1ed0 E003003E 			.word	0x3E0003E0
 2195 1ed4 E007003E 			.word	0x3E0007E0
 2196 1ed8 C00F801F 			.word	0x1F800FC0
 2197 1edc 803FE00F 			.word	0x0FE03F80
 2198 1ee0 00FFFF07 			.word	0x07FFFF00
 2199 1ee4 00FEFF03 			.word	0x03FFFE00
 2200 1ee8 00F8FF00 			.word	0x00FFF800
 2201 1eec 00C01F00 			.word	0x001FC000
 2202              	
 2203              	UPPERCASE_P:
 2204 1ef0 50000000 			.word	'P			// ASCII "P" character
 2205 1ef4 1D000000 			.word	29			// cell pixel width
 2206 1ef8 28000000 			.word	CELLHGHT		// cell pixel height
 2207 1efc 17000000 			.word	23			// glyph pixel width
 2208 1f00 1F000000 			.word	31			// glyph pixel height
 2209 1f04 04000000 			.word	4			// blank horizontal pixels before glyph
 2210 1f08 02000000 			.word	2			// blank horizontal pixels after glyph
 2211 1f0c 00000000 			.word	0			// blank horizontal lines before glyph
 2212 1f10 09000000 			.word	9			// blank horizontal lines after glyph
 2213              							// bit mapped glyph
 2214 1f14 0080FFFF 			.word	0xFFFF8000
 2215 1f18 00E0FFFF 			.word	0xFFFFE000
 2216 1f1c 00F0FFFF 			.word	0xFFFFF000
 2217 1f20 00F8FFFF 			.word	0xFFFFF800
 2218 1f24 00FC00F0 			.word	0xF000FC00
 2219 1f28 007C00F0 			.word	0xF0007C00
ARM GAS  font_arial32.s 			page 40


 2220 1f2c 003E00F0 			.word	0xF0003E00
 2221 1f30 001E00F0 			.word	0xF0001E00
 2222 1f34 001E00F0 			.word	0xF0001E00
 2223 1f38 001E00F0 			.word	0xF0001E00
 2224 1f3c 001E00F0 			.word	0xF0001E00
 2225 1f40 001E00F0 			.word	0xF0001E00
 2226 1f44 003C00F0 			.word	0xF0003C00
 2227 1f48 007C00F0 			.word	0xF0007C00
 2228 1f4c 00FC01F0 			.word	0xF001FC00
 2229 1f50 00F8FFFF 			.word	0xFFFFF800
 2230 1f54 00F0FFFF 			.word	0xFFFFF000
 2231 1f58 00E0FFFF 			.word	0xFFFFE000
 2232 1f5c 0000FFFF 			.word	0xFFFF0000
 2233 1f60 000000F0 			.word	0xF0000000
 2234 1f64 000000F0 			.word	0xF0000000
 2235 1f68 000000F0 			.word	0xF0000000
 2236 1f6c 000000F0 			.word	0xF0000000
 2237 1f70 000000F0 			.word	0xF0000000
 2238 1f74 000000F0 			.word	0xF0000000
 2239 1f78 000000F0 			.word	0xF0000000
 2240 1f7c 000000F0 			.word	0xF0000000
 2241 1f80 000000F0 			.word	0xF0000000
 2242 1f84 000000F0 			.word	0xF0000000
 2243 1f88 000000F0 			.word	0xF0000000
 2244 1f8c 000000F0 			.word	0xF0000000
 2245              	
 2246              	UPPERCASE_Q:
 2247 1f90 51000000 			.word	'Q			// ASCII "Q" character
 2248 1f94 21000000 			.word	33			// cell pixel width
 2249 1f98 28000000 			.word	CELLHGHT		// cell pixel height
 2250 1f9c 1D000000 			.word	29			// glyph pixel width
 2251 1fa0 21000000 			.word	33			// glyph pixel height
 2252 1fa4 02000000 			.word	2			// blank horizontal pixels before glyph
 2253 1fa8 02000000 			.word	2			// blank horizontal pixels after glyph
 2254 1fac 00000000 			.word	0			// blank horizontal lines before glyph
 2255 1fb0 07000000 			.word	7			// blank horizontal lines after glyph
 2256              							// bit mapped glyph
 2257 1fb4 00C03F00 			.word	0x003FC000
 2258 1fb8 00F8FF00 			.word	0x00FFF800
 2259 1fbc 00FEFF03 			.word	0x03FFFE00
 2260 1fc0 00FFFF07 			.word	0x07FFFF00
 2261 1fc4 803FE00F 			.word	0x0FE03F80
 2262 1fc8 C00F801F 			.word	0x1F800FC0
 2263 1fcc C007003E 			.word	0x3E0007C0
 2264 1fd0 E003003C 			.word	0x3C0003E0
 2265 1fd4 E001007C 			.word	0x7C0001E0
 2266 1fd8 F0010078 			.word	0x780001F0
 2267 1fdc F0000078 			.word	0x780000F0
 2268 1fe0 F00000F0 			.word	0xF00000F0
 2269 1fe4 F00000F0 			.word	0xF00000F0
 2270 1fe8 780000F0 			.word	0xF0000078
 2271 1fec 780000F0 			.word	0xF0000078
 2272 1ff0 780000F0 			.word	0xF0000078
 2273 1ff4 780000F0 			.word	0xF0000078
 2274 1ff8 780000F0 			.word	0xF0000078
 2275 1ffc F00000F0 			.word	0xF00000F0
 2276 2000 F00000F0 			.word	0xF00000F0
ARM GAS  font_arial32.s 			page 41


 2277 2004 F0000078 			.word	0x780000F0
 2278 2008 F0010078 			.word	0x780001F0
 2279 200c E0C1017C 			.word	0x7C01C1E0
 2280 2010 E0F3013C 			.word	0x3C01F3E0
 2281 2014 C0FF013E 			.word	0x3E01FFC0
 2282 2018 807F801F 			.word	0x1F807F80
 2283 201c 003FE00F 			.word	0x0FE03F00
 2284 2020 80FFFF07 			.word	0x07FFFF80
 2285 2024 E0FFFF03 			.word	0x03FFFFE0
 2286 2028 F0FFFF00 			.word	0x00FFFFF0
 2287 202c F8E13F00 			.word	0x003FE1F8
 2288 2030 78000000 			.word	0x00000078
 2289 2034 10000000 			.word	0x00000010
 2290              	
 2291              	UPPERCASE_R:
 2292 2038 52000000 			.word	'R			// ASCII "R" character
 2293 203c 1F000000 			.word	31			// cell pixel width
 2294 2040 28000000 			.word	CELLHGHT		// cell pixel height
 2295 2044 1A000000 			.word	26			// glyph pixel width
 2296 2048 1F000000 			.word	31			// glyph pixel height
 2297 204c 04000000 			.word	4			// blank horizontal pixels before glyph
 2298 2050 01000000 			.word	1			// blank horizontal pixels after glyph
 2299 2054 00000000 			.word	0			// blank horizontal lines before glyph
 2300 2058 09000000 			.word	9			// blank horizontal lines after glyph
 2301              							// bit mapped glyph
 2302 205c 00C0FFFF 			.word	0xFFFFC000
 2303 2060 00F0FFFF 			.word	0xFFFFF000
 2304 2064 00FCFFFF 			.word	0xFFFFFC00
 2305 2068 00FCFFFF 			.word	0xFFFFFC00
 2306 206c 007E00F0 			.word	0xF0007E00
 2307 2070 001E00F0 			.word	0xF0001E00
 2308 2074 001F00F0 			.word	0xF0001F00
 2309 2078 000F00F0 			.word	0xF0000F00
 2310 207c 000F00F0 			.word	0xF0000F00
 2311 2080 000F00F0 			.word	0xF0000F00
 2312 2084 001F00F0 			.word	0xF0001F00
 2313 2088 003E00F0 			.word	0xF0003E00
 2314 208c 007E00F0 			.word	0xF0007E00
 2315 2090 00FCFFFF 			.word	0xFFFFFC00
 2316 2094 00F8FFFF 			.word	0xFFFFF800
 2317 2098 00F0FFFF 			.word	0xFFFFF000
 2318 209c 00C0FFFF 			.word	0xFFFFC000
 2319 20a0 00001FF0 			.word	0xF01F0000
 2320 20a4 00C007F0 			.word	0xF007C000
 2321 20a8 00E003F0 			.word	0xF003E000
 2322 20ac 00F001F0 			.word	0xF001F000
 2323 20b0 00F001F0 			.word	0xF001F000
 2324 20b4 00F800F0 			.word	0xF000F800
 2325 20b8 007C00F0 			.word	0xF0007C00
 2326 20bc 007C00F0 			.word	0xF0007C00
 2327 20c0 003E00F0 			.word	0xF0003E00
 2328 20c4 001F00F0 			.word	0xF0001F00
 2329 20c8 001F00F0 			.word	0xF0001F00
 2330 20cc 800F00F0 			.word	0xF0000F80
 2331 20d0 800700F0 			.word	0xF0000780
 2332 20d4 C00700F0 			.word	0xF00007C0
 2333              	
ARM GAS  font_arial32.s 			page 42


 2334              	UPPERCASE_S:
 2335 20d8 53000000 			.word	'S			// ASCII "S" character
 2336 20dc 1D000000 			.word	29			// cell pixel width
 2337 20e0 28000000 			.word	CELLHGHT		// cell pixel height
 2338 20e4 19000000 			.word	25			// glyph pixel width
 2339 20e8 1F000000 			.word	31			// glyph pixel height
 2340 20ec 02000000 			.word	2			// blank horizontal pixels before glyph
 2341 20f0 02000000 			.word	2			// blank horizontal pixels after glyph
 2342 20f4 00000000 			.word	0			// blank horizontal lines before glyph
 2343 20f8 09000000 			.word	9			// blank horizontal lines after glyph
 2344              							// bit mapped glyph
 2345 20fc 0000FF00 			.word	0x00FF0000
 2346 2100 00E0FF07 			.word	0x07FFE000
 2347 2104 00F8FF0F 			.word	0x0FFFF800
 2348 2108 00FCFF1F 			.word	0x1FFFFC00
 2349 210c 00FC003F 			.word	0x3F00FC00
 2350 2110 003E003C 			.word	0x3C003E00
 2351 2114 001E0078 			.word	0x78001E00
 2352 2118 000F0078 			.word	0x78000F00
 2353 211c 000F0078 			.word	0x78000F00
 2354 2120 00000078 			.word	0x78000000
 2355 2124 0000003C 			.word	0x3C000000
 2356 2128 0000003F 			.word	0x3F000000
 2357 212c 0000F01F 			.word	0x1FF00000
 2358 2130 0000FF1F 			.word	0x1FFF0000
 2359 2134 00E0FF07 			.word	0x07FFE000
 2360 2138 00F8FF01 			.word	0x01FFF800
 2361 213c 00FC3F00 			.word	0x003FFC00
 2362 2140 00FE0300 			.word	0x0003FE00
 2363 2144 003F0000 			.word	0x00003F00
 2364 2148 000F0000 			.word	0x00000F00
 2365 214c 80070000 			.word	0x00000780
 2366 2150 800700F0 			.word	0xF0000780
 2367 2154 800700F0 			.word	0xF0000780
 2368 2158 000700F8 			.word	0xF8000700
 2369 215c 000F0078 			.word	0x78000F00
 2370 2160 001F007E 			.word	0x7E001F00
 2371 2164 007E803F 			.word	0x3F807E00
 2372 2168 00FCFF1F 			.word	0x1FFFFC00
 2373 216c 00F8FF0F 			.word	0x0FFFF800
 2374 2170 00F0FF07 			.word	0x07FFF000
 2375 2174 0080FF00 			.word	0x00FF8000
 2376              	
 2377              	UPPERCASE_T:
 2378 2178 54000000 			.word	'T			// ASCII "T" character
 2379 217c 1A000000 			.word	26			// cell pixel width
 2380 2180 28000000 			.word	CELLHGHT		// cell pixel height
 2381 2184 18000000 			.word	24			// glyph pixel width
 2382 2188 1F000000 			.word	31			// glyph pixel height
 2383 218c 01000000 			.word	1			// blank horizontal pixels before glyph
 2384 2190 01000000 			.word	1			// blank horizontal pixels after glyph
 2385 2194 00000000 			.word	0			// blank horizontal lines before glyph
 2386 2198 09000000 			.word	9			// blank horizontal lines after glyph
 2387              							// bit mapped glyph
 2388 219c 00FFFFFF 			.word	0xFFFFFF00
 2389 21a0 00FFFFFF 			.word	0xFFFFFF00
 2390 21a4 00FFFFFF 			.word	0xFFFFFF00
ARM GAS  font_arial32.s 			page 43


 2391 21a8 00FFFFFF 			.word	0xFFFFFF00
 2392 21ac 00003C00 			.word	0x003C0000
 2393 21b0 00003C00 			.word	0x003C0000
 2394 21b4 00003C00 			.word	0x003C0000
 2395 21b8 00003C00 			.word	0x003C0000
 2396 21bc 00003C00 			.word	0x003C0000
 2397 21c0 00003C00 			.word	0x003C0000
 2398 21c4 00003C00 			.word	0x003C0000
 2399 21c8 00003C00 			.word	0x003C0000
 2400 21cc 00003C00 			.word	0x003C0000
 2401 21d0 00003C00 			.word	0x003C0000
 2402 21d4 00003C00 			.word	0x003C0000
 2403 21d8 00003C00 			.word	0x003C0000
 2404 21dc 00003C00 			.word	0x003C0000
 2405 21e0 00003C00 			.word	0x003C0000
 2406 21e4 00003C00 			.word	0x003C0000
 2407 21e8 00003C00 			.word	0x003C0000
 2408 21ec 00003C00 			.word	0x003C0000
 2409 21f0 00003C00 			.word	0x003C0000
 2410 21f4 00003C00 			.word	0x003C0000
 2411 21f8 00003C00 			.word	0x003C0000
 2412 21fc 00003C00 			.word	0x003C0000
 2413 2200 00003C00 			.word	0x003C0000
 2414 2204 00003C00 			.word	0x003C0000
 2415 2208 00003C00 			.word	0x003C0000
 2416 220c 00003C00 			.word	0x003C0000
 2417 2210 00003C00 			.word	0x003C0000
 2418 2214 00003C00 			.word	0x003C0000
 2419              	
 2420              	UPPERCASE_U:
 2421 2218 55000000 			.word	'U			// ASCII "U" character
 2422 221c 1F000000 			.word	31			// cell pixel width
 2423 2220 28000000 			.word	CELLHGHT		// cell pixel height
 2424 2224 17000000 			.word	23			// glyph pixel width
 2425 2228 1F000000 			.word	31			// glyph pixel height
 2426 222c 04000000 			.word	4			// blank horizontal pixels before glyph
 2427 2230 04000000 			.word	4			// blank horizontal pixels after glyph
 2428 2234 00000000 			.word	0			// blank horizontal lines before glyph
 2429 2238 09000000 			.word	9			// blank horizontal lines after glyph
 2430              							// bit mapped glyph
 2431 223c 001E00F0 			.word	0xF0001E00
 2432 2240 001E00F0 			.word	0xF0001E00
 2433 2244 001E00F0 			.word	0xF0001E00
 2434 2248 001E00F0 			.word	0xF0001E00
 2435 224c 001E00F0 			.word	0xF0001E00
 2436 2250 001E00F0 			.word	0xF0001E00
 2437 2254 001E00F0 			.word	0xF0001E00
 2438 2258 001E00F0 			.word	0xF0001E00
 2439 225c 001E00F0 			.word	0xF0001E00
 2440 2260 001E00F0 			.word	0xF0001E00
 2441 2264 001E00F0 			.word	0xF0001E00
 2442 2268 001E00F0 			.word	0xF0001E00
 2443 226c 001E00F0 			.word	0xF0001E00
 2444 2270 001E00F0 			.word	0xF0001E00
 2445 2274 001E00F0 			.word	0xF0001E00
 2446 2278 001E00F0 			.word	0xF0001E00
 2447 227c 001E00F0 			.word	0xF0001E00
ARM GAS  font_arial32.s 			page 44


 2448 2280 001E00F0 			.word	0xF0001E00
 2449 2284 001E00F0 			.word	0xF0001E00
 2450 2288 001E00F0 			.word	0xF0001E00
 2451 228c 001E00F0 			.word	0xF0001E00
 2452 2290 001E00F0 			.word	0xF0001E00
 2453 2294 001E00F0 			.word	0xF0001E00
 2454 2298 001E00F0 			.word	0xF0001E00
 2455 229c 003E00F8 			.word	0xF8003E00
 2456 22a0 007C007C 			.word	0x7C007C00
 2457 22a4 00FC017F 			.word	0x7F01FC00
 2458 22a8 00F8FF3F 			.word	0x3FFFF800
 2459 22ac 00F0FF1F 			.word	0x1FFFF000
 2460 22b0 00C0FF07 			.word	0x07FFC000
 2461 22b4 0000FF01 			.word	0x01FF0000
 2462              	
 2463              	UPPERCASE_V:
 2464 22b8 56000000 			.word	'V			// ASCII "V" character
 2465 22bc 1D000000 			.word	29			// cell pixel width
 2466 22c0 28000000 			.word	CELLHGHT		// cell pixel height
 2467 22c4 1C000000 			.word	28			// glyph pixel width
 2468 22c8 1F000000 			.word	31			// glyph pixel height
 2469 22cc 00000000 			.word	0			// blank horizontal pixels before glyph
 2470 22d0 01000000 			.word	1			// blank horizontal pixels after glyph
 2471 22d4 00000000 			.word	0			// blank horizontal lines before glyph
 2472 22d8 09000000 			.word	9			// blank horizontal lines after glyph
 2473              							// bit mapped glyph
 2474 22dc F00000F8 			.word	0xF80000F0
 2475 22e0 F0000078 			.word	0x780000F0
 2476 22e4 F0000078 			.word	0x780000F0
 2477 22e8 E001003C 			.word	0x3C0001E0
 2478 22ec E001003C 			.word	0x3C0001E0
 2479 22f0 C003003E 			.word	0x3E0003C0
 2480 22f4 C003001E 			.word	0x1E0003C0
 2481 22f8 C003001E 			.word	0x1E0003C0
 2482 22fc 8007000F 			.word	0x0F000780
 2483 2300 8007000F 			.word	0x0F000780
 2484 2304 0007000F 			.word	0x0F000700
 2485 2308 000F8007 			.word	0x07800F00
 2486 230c 000F8007 			.word	0x07800F00
 2487 2310 001E8003 			.word	0x03801E00
 2488 2314 001EC003 			.word	0x03C01E00
 2489 2318 001CC003 			.word	0x03C01C00
 2490 231c 003CC001 			.word	0x01C03C00
 2491 2320 003CE001 			.word	0x01E03C00
 2492 2324 0038E001 			.word	0x01E03800
 2493 2328 0078F000 			.word	0x00F07800
 2494 232c 0078F000 			.word	0x00F07800
 2495 2330 00F07000 			.word	0x0070F000
 2496 2334 00F07800 			.word	0x0078F000
 2497 2338 00E07800 			.word	0x0078E000
 2498 233c 00E03900 			.word	0x0039E000
 2499 2340 00E03D00 			.word	0x003DE000
 2500 2344 00C01D00 			.word	0x001DC000
 2501 2348 00C01F00 			.word	0x001FC000
 2502 234c 00801F00 			.word	0x001F8000
 2503 2350 00800F00 			.word	0x000F8000
 2504 2354 00800F00 			.word	0x000F8000
ARM GAS  font_arial32.s 			page 45


 2505              	
 2506              	UPPERCASE_W:
 2507 2358 57000000 			.word	'W			// ASCII "W" character
 2508 235c 2A000000 			.word	42			// cell pixel width
 2509 2360 28000000 			.word	CELLHGHT		// cell pixel height
 2510 2364 28000000 			.word	40			// glyph pixel width
 2511 2368 1F000000 			.word	31			// glyph pixel height
 2512 236c 01000000 			.word	1			// blank horizontal pixels before glyph
 2513 2370 01000000 			.word	1			// blank horizontal pixels after glyph
 2514 2374 00000000 			.word	0			// blank horizontal lines before glyph
 2515 2378 09000000 			.word	9			// blank horizontal lines after glyph
 2516              							// bit mapped glyph
 2517 237c 007E00F0 			.word	0xF0007E00, 0x0F000000
 2517      0000000F 
 2518 2384 007E00F0 			.word	0xF0007E00, 0x0F000000
 2518      0000000F 
 2519 238c 007E00F0 			.word	0xF0007E00, 0x0F000000
 2519      0000000F 
 2520 2394 007F0078 			.word	0x78007F00, 0x1E000000
 2520      0000001E 
 2521 239c 00FF0078 			.word	0x7800FF00, 0x1E000000
 2521      0000001E 
 2522 23a4 00E70078 			.word	0x7800E700, 0x1E000000
 2522      0000001E 
 2523 23ac 00E70078 			.word	0x7800E700, 0x1E000000
 2523      0000001E 
 2524 23b4 80E7013C 			.word	0x3C01E780, 0x3C000000
 2524      0000003C 
 2525 23bc 80E7013C 			.word	0x3C01E780, 0x3C000000
 2525      0000003C 
 2526 23c4 80C3013C 			.word	0x3C01C380, 0x3C000000
 2526      0000003C 
 2527 23cc C0C3013C 			.word	0x3C01C3C0, 0x38000000
 2527      00000038 
 2528 23d4 C0C3031E 			.word	0x1E03C3C0, 0x78000000
 2528      00000078 
 2529 23dc C0C1031E 			.word	0x1E03C1C0, 0x78000000
 2529      00000078 
 2530 23e4 C081031E 			.word	0x1E0381C0, 0x78000000
 2530      00000078 
 2531 23ec E081070E 			.word	0x0E0781E0, 0x70000000
 2531      00000070 
 2532 23f4 E081070E 			.word	0x0E0781E0, 0xF0000000
 2532      000000F0 
 2533 23fc E000070F 			.word	0x0F0700E0, 0xF0000000
 2533      000000F0 
 2534 2404 F000070F 			.word	0x0F0700F0, 0xE0000000
 2534      000000E0 
 2535 240c F0000F07 			.word	0x070F00F0, 0xE0000000
 2535      000000E0 
 2536 2414 F1000F07 			.word	0x070F00F1, 0xE0000000
 2536      000000E0 
 2537 241c 71008E07 			.word	0x078E0071, 0xE0000000
 2537      000000E0 
 2538 2424 79009E07 			.word	0x079E0079, 0xC0000000
 2538      000000C0 
 2539 242c 79009E03 			.word	0x039E0079, 0xC0000000
ARM GAS  font_arial32.s 			page 46


 2539      000000C0 
 2540 2434 3B009C03 			.word	0x039C003B, 0xC0000000
 2540      000000C0 
 2541 243c 3B00DC03 			.word	0x03DC003B, 0x80000000
 2541      00000080 
 2542 2444 3F00FC01 			.word	0x01FC003F, 0x80000000
 2542      00000080 
 2543 244c 3F00FC01 			.word	0x01FC003F, 0x80000000
 2543      00000080 
 2544 2454 1F00F801 			.word	0x01F8001F, 0x80000000
 2544      00000080 
 2545 245c 1F00F801 			.word	0x01F8001F, 0x00000000
 2545      00000000 
 2546 2464 1F00F800 			.word	0x00F8001F, 0x00000000
 2546      00000000 
 2547 246c 0F00F000 			.word	0x00F0000F, 0x00000000
 2547      00000000 
 2548              	
 2549              	UPPERCASE_X:
 2550 2474 58000000 			.word	'X			// ASCII "X" character
 2551 2478 1D000000 			.word	29			// cell pixel width
 2552 247c 28000000 			.word	CELLHGHT		// cell pixel height
 2553 2480 1B000000 			.word	27			// glyph pixel width
 2554 2484 1F000000 			.word	31			// glyph pixel height
 2555 2488 01000000 			.word	1			// blank horizontal pixels before glyph
 2556 248c 01000000 			.word	1			// blank horizontal pixels after glyph
 2557 2490 00000000 			.word	0			// blank horizontal lines before glyph
 2558 2494 09000000 			.word	9			// blank horizontal lines after glyph
 2559              							// bit mapped glyph
 2560 2498 C003007C 			.word	0x7C0003C0
 2561 249c C007003C 			.word	0x3C0007C0
 2562 24a0 8007003E 			.word	0x3E000780
 2563 24a4 000F001F 			.word	0x1F000F00
 2564 24a8 001E800F 			.word	0x0F801E00
 2565 24ac 003E8007 			.word	0x07803E00
 2566 24b0 003CC007 			.word	0x07C03C00
 2567 24b4 0078E003 			.word	0x03E07800
 2568 24b8 00F0E001 			.word	0x01E0F000
 2569 24bc 00F0F101 			.word	0x01F1F000
 2570 24c0 00E0F900 			.word	0x00F9E000
 2571 24c4 00C07F00 			.word	0x007FC000
 2572 24c8 00803F00 			.word	0x003F8000
 2573 24cc 00803F00 			.word	0x003F8000
 2574 24d0 00001F00 			.word	0x001F0000
 2575 24d4 00001F00 			.word	0x001F0000
 2576 24d8 00803F00 			.word	0x003F8000
 2577 24dc 00C07F00 			.word	0x007FC000
 2578 24e0 00E07B00 			.word	0x007BE000
 2579 24e4 00E0F100 			.word	0x00F1E000
 2580 24e8 00F0F101 			.word	0x01F1F000
 2581 24ec 00F8E003 			.word	0x03E0F800
 2582 24f0 007CC003 			.word	0x03C07C00
 2583 24f4 007C8007 			.word	0x07807C00
 2584 24f8 003E800F 			.word	0x0F803E00
 2585 24fc 001F001F 			.word	0x1F001F00
 2586 2500 000F001E 			.word	0x1E000F00
 2587 2504 800F003E 			.word	0x3E000F80
ARM GAS  font_arial32.s 			page 47


 2588 2508 C007007C 			.word	0x7C0007C0
 2589 250c E00300F8 			.word	0xF80003E0
 2590 2510 E00300F0 			.word	0xF00003E0
 2591              	
 2592              	UPPERCASE_Y:
 2593 2514 59000000 			.word	'Y			// ASCII "Y" character
 2594 2518 1C000000 			.word	28			// cell pixel width
 2595 251c 28000000 			.word	CELLHGHT		// cell pixel height
 2596 2520 1B000000 			.word	27			// glyph pixel width
 2597 2524 1F000000 			.word	31			// glyph pixel height
 2598 2528 00000000 			.word	0			// blank horizontal pixels before glyph
 2599 252c 01000000 			.word	1			// blank horizontal pixels after glyph
 2600 2530 00000000 			.word	0			// blank horizontal lines before glyph
 2601 2534 09000000 			.word	9			// blank horizontal lines after glyph
 2602              							// bit mapped glyph
 2603 2538 E00100F8 			.word	0xF80001E0
 2604 253c E003007C 			.word	0x7C0003E0
 2605 2540 C007003E 			.word	0x3E0007C0
 2606 2544 8007003E 			.word	0x3E000780
 2607 2548 800F001F 			.word	0x1F000F80
 2608 254c 000F000F 			.word	0x0F000F00
 2609 2550 001E800F 			.word	0x0F801E00
 2610 2554 003EC007 			.word	0x07C03E00
 2611 2558 003CC003 			.word	0x03C03C00
 2612 255c 0078E003 			.word	0x03E07800
 2613 2560 00F8F001 			.word	0x01F0F800
 2614 2564 00F0F000 			.word	0x00F0F000
 2615 2568 00E0F900 			.word	0x00F9E000
 2616 256c 00E07900 			.word	0x0079E000
 2617 2570 00C03F00 			.word	0x003FC000
 2618 2574 00803F00 			.word	0x003F8000
 2619 2578 00801F00 			.word	0x001F8000
 2620 257c 00001F00 			.word	0x001F0000
 2621 2580 00000F00 			.word	0x000F0000
 2622 2584 00000F00 			.word	0x000F0000
 2623 2588 00000F00 			.word	0x000F0000
 2624 258c 00000F00 			.word	0x000F0000
 2625 2590 00000F00 			.word	0x000F0000
 2626 2594 00000F00 			.word	0x000F0000
 2627 2598 00000F00 			.word	0x000F0000
 2628 259c 00000F00 			.word	0x000F0000
 2629 25a0 00000F00 			.word	0x000F0000
 2630 25a4 00000F00 			.word	0x000F0000
 2631 25a8 00000F00 			.word	0x000F0000
 2632 25ac 00000F00 			.word	0x000F0000
 2633 25b0 00000F00 			.word	0x000F0000
 2634              	
 2635              	UPPERCASE_Z:
 2636 25b4 5A000000 			.word	'Z			// ASCII "Z" character
 2637 25b8 1A000000 			.word	26			// cell pixel width
 2638 25bc 28000000 			.word	CELLHGHT		// cell pixel height
 2639 25c0 18000000 			.word	24			// glyph pixel width
 2640 25c4 1F000000 			.word	31			// glyph pixel height
 2641 25c8 01000000 			.word	1			// blank horizontal pixels before glyph
 2642 25cc 01000000 			.word	1			// blank horizontal pixels after glyph
 2643 25d0 00000000 			.word	0			// blank horizontal lines before glyph
 2644 25d4 09000000 			.word	9			// blank horizontal lines after glyph
ARM GAS  font_arial32.s 			page 48


 2645              							// bit mapped glyph
 2646 25d8 00FEFF3F 			.word	0x3FFFFE00
 2647 25dc 00FEFF3F 			.word	0x3FFFFE00
 2648 25e0 00FEFF3F 			.word	0x3FFFFE00
 2649 25e4 00FEFF3F 			.word	0x3FFFFE00
 2650 25e8 003E0000 			.word	0x00003E00
 2651 25ec 007C0000 			.word	0x00007C00
 2652 25f0 00F80000 			.word	0x0000F800
 2653 25f4 00F00000 			.word	0x0000F000
 2654 25f8 00F00100 			.word	0x0001F000
 2655 25fc 00E00300 			.word	0x0003E000
 2656 2600 00C00700 			.word	0x0007C000
 2657 2604 00800F00 			.word	0x000F8000
 2658 2608 00000F00 			.word	0x000F0000
 2659 260c 00001F00 			.word	0x001F0000
 2660 2610 00003E00 			.word	0x003E0000
 2661 2614 00007C00 			.word	0x007C0000
 2662 2618 0000F800 			.word	0x00F80000
 2663 261c 0000F000 			.word	0x00F00000
 2664 2620 0000E001 			.word	0x01E00000
 2665 2624 0000E003 			.word	0x03E00000
 2666 2628 0000C007 			.word	0x07C00000
 2667 262c 0000800F 			.word	0x0F800000
 2668 2630 0000000F 			.word	0x0F000000
 2669 2634 0000001E 			.word	0x1E000000
 2670 2638 0000003E 			.word	0x3E000000
 2671 263c 0000007C 			.word	0x7C000000
 2672 2640 000000F8 			.word	0xF8000000
 2673 2644 00FFFFFF 			.word	0xFFFFFF00
 2674 2648 00FFFFFF 			.word	0xFFFFFF00
 2675 264c 00FFFFFF 			.word	0xFFFFFF00
 2676 2650 00FFFFFF 			.word	0xFFFFFF00
 2677              	
 2678              	LEFT_SQUARE_BRACKET:
 2679 2654 5B000000 			.word	'[			// ASCII "[" character
 2680 2658 0C000000 			.word	12			// cell pixel width
 2681 265c 28000000 			.word	CELLHGHT		// cell pixel height
 2682 2660 08000000 			.word	8			// glyph pixel width
 2683 2664 28000000 			.word	40			// glyph pixel height
 2684 2668 03000000 			.word	3			// blank horizontal pixels before glyph
 2685 266c 01000000 			.word	1			// blank horizontal pixels after glyph
 2686 2670 00000000 			.word	0			// blank horizontal lines before glyph
 2687 2674 00000000 			.word	0			// blank horizontal lines after glyph
 2688              							// bit mapped glyph
 2689 2678 000000FF 			.word	0xFF000000
 2690 267c 000000FF 			.word	0xFF000000
 2691 2680 000000FF 			.word	0xFF000000
 2692 2684 000000FF 			.word	0xFF000000
 2693 2688 000000F0 			.word	0xF0000000
 2694 268c 000000F0 			.word	0xF0000000
 2695 2690 000000F0 			.word	0xF0000000
 2696 2694 000000F0 			.word	0xF0000000
 2697 2698 000000F0 			.word	0xF0000000
 2698 269c 000000F0 			.word	0xF0000000
 2699 26a0 000000F0 			.word	0xF0000000
 2700 26a4 000000F0 			.word	0xF0000000
 2701 26a8 000000F0 			.word	0xF0000000
ARM GAS  font_arial32.s 			page 49


 2702 26ac 000000F0 			.word	0xF0000000
 2703 26b0 000000F0 			.word	0xF0000000
 2704 26b4 000000F0 			.word	0xF0000000
 2705 26b8 000000F0 			.word	0xF0000000
 2706 26bc 000000F0 			.word	0xF0000000
 2707 26c0 000000F0 			.word	0xF0000000
 2708 26c4 000000F0 			.word	0xF0000000
 2709 26c8 000000F0 			.word	0xF0000000
 2710 26cc 000000F0 			.word	0xF0000000
 2711 26d0 000000F0 			.word	0xF0000000
 2712 26d4 000000F0 			.word	0xF0000000
 2713 26d8 000000F0 			.word	0xF0000000
 2714 26dc 000000F0 			.word	0xF0000000
 2715 26e0 000000F0 			.word	0xF0000000
 2716 26e4 000000F0 			.word	0xF0000000
 2717 26e8 000000F0 			.word	0xF0000000
 2718 26ec 000000F0 			.word	0xF0000000
 2719 26f0 000000F0 			.word	0xF0000000
 2720 26f4 000000F0 			.word	0xF0000000
 2721 26f8 000000F0 			.word	0xF0000000
 2722 26fc 000000F0 			.word	0xF0000000
 2723 2700 000000F0 			.word	0xF0000000
 2724 2704 000000F0 			.word	0xF0000000
 2725 2708 000000FF 			.word	0xFF000000
 2726 270c 000000FF 			.word	0xFF000000
 2727 2710 000000FF 			.word	0xFF000000
 2728 2714 000000FF 			.word	0xFF000000
 2729              	
 2730              	BACK_SLASH:
 2731 2718 5C000000 			.word	'\\			// ASCII "\" character
 2732 271c 0C000000 			.word	12			// cell pixel width
 2733 2720 28000000 			.word	CELLHGHT		// cell pixel height
 2734 2724 0C000000 			.word	12			// glyph pixel width
 2735 2728 1F000000 			.word	31			// glyph pixel height
 2736 272c 00000000 			.word	0			// blank horizontal pixels before glyph
 2737 2730 00000000 			.word	0			// blank horizontal pixels after glyph
 2738 2734 00000000 			.word	0			// blank horizontal lines before glyph
 2739 2738 09000000 			.word	9			// blank horizontal lines after glyph
 2740              							// bit mapped glyph
 2741 273c 000000E0 			.word	0xE0000000
 2742 2740 000000E0 			.word	0xE0000000
 2743 2744 00000070 			.word	0x70000000
 2744 2748 00000070 			.word	0x70000000
 2745 274c 00000070 			.word	0x70000000
 2746 2750 00000038 			.word	0x38000000
 2747 2754 00000038 			.word	0x38000000
 2748 2758 00000038 			.word	0x38000000
 2749 275c 00000038 			.word	0x38000000
 2750 2760 0000001C 			.word	0x1C000000
 2751 2764 0000001C 			.word	0x1C000000
 2752 2768 0000001C 			.word	0x1C000000
 2753 276c 0000000E 			.word	0x0E000000
 2754 2770 0000000E 			.word	0x0E000000
 2755 2774 0000000E 			.word	0x0E000000
 2756 2778 00000006 			.word	0x06000000
 2757 277c 00000007 			.word	0x07000000
 2758 2780 00000007 			.word	0x07000000
ARM GAS  font_arial32.s 			page 50


 2759 2784 00000007 			.word	0x07000000
 2760 2788 00008003 			.word	0x03800000
 2761 278c 00008003 			.word	0x03800000
 2762 2790 00008003 			.word	0x03800000
 2763 2794 0000C001 			.word	0x01C00000
 2764 2798 0000C001 			.word	0x01C00000
 2765 279c 0000C001 			.word	0x01C00000
 2766 27a0 0000C001 			.word	0x01C00000
 2767 27a4 0000E000 			.word	0x00E00000
 2768 27a8 0000E000 			.word	0x00E00000
 2769 27ac 0000E000 			.word	0x00E00000
 2770 27b0 00007000 			.word	0x00700000
 2771 27b4 00007000 			.word	0x00700000
 2772              	
 2773              	RIGHT_SQUARE_BRACKET:
 2774 27b8 5D000000 			.word	']			// ASCII "]" character
 2775 27bc 0C000000 			.word	12			// cell pixel width
 2776 27c0 28000000 			.word	CELLHGHT		// cell pixel height
 2777 27c4 08000000 			.word	8			// glyph pixel width
 2778 27c8 28000000 			.word	40			// glyph pixel height
 2779 27cc 01000000 			.word	1			// blank horizontal pixels before glyph
 2780 27d0 03000000 			.word	3			// blank horizontal pixels after glyph
 2781 27d4 00000000 			.word	0			// blank horizontal lines before glyph
 2782 27d8 00000000 			.word	0			// blank horizontal lines after glyph
 2783              							// bit mapped glyph
 2784 27dc 000000FF 			.word	0xFF000000
 2785 27e0 000000FF 			.word	0xFF000000
 2786 27e4 000000FF 			.word	0xFF000000
 2787 27e8 000000FF 			.word	0xFF000000
 2788 27ec 00000007 			.word	0x07000000
 2789 27f0 00000007 			.word	0x07000000
 2790 27f4 00000007 			.word	0x07000000
 2791 27f8 00000007 			.word	0x07000000
 2792 27fc 00000007 			.word	0x07000000
 2793 2800 00000007 			.word	0x07000000
 2794 2804 00000007 			.word	0x07000000
 2795 2808 00000007 			.word	0x07000000
 2796 280c 00000007 			.word	0x07000000
 2797 2810 00000007 			.word	0x07000000
 2798 2814 00000007 			.word	0x07000000
 2799 2818 00000007 			.word	0x07000000
 2800 281c 00000007 			.word	0x07000000
 2801 2820 00000007 			.word	0x07000000
 2802 2824 00000007 			.word	0x07000000
 2803 2828 00000007 			.word	0x07000000
 2804 282c 00000007 			.word	0x07000000
 2805 2830 00000007 			.word	0x07000000
 2806 2834 00000007 			.word	0x07000000
 2807 2838 00000007 			.word	0x07000000
 2808 283c 00000007 			.word	0x07000000
 2809 2840 00000007 			.word	0x07000000
 2810 2844 00000007 			.word	0x07000000
 2811 2848 00000007 			.word	0x07000000
 2812 284c 00000007 			.word	0x07000000
 2813 2850 00000007 			.word	0x07000000
 2814 2854 00000007 			.word	0x07000000
 2815 2858 00000007 			.word	0x07000000
ARM GAS  font_arial32.s 			page 51


 2816 285c 00000007 			.word	0x07000000
 2817 2860 00000007 			.word	0x07000000
 2818 2864 00000007 			.word	0x07000000
 2819 2868 00000007 			.word	0x07000000
 2820 286c 000000FF 			.word	0xFF000000
 2821 2870 000000FF 			.word	0xFF000000
 2822 2874 000000FF 			.word	0xFF000000
 2823 2878 000000FF 			.word	0xFF000000
 2824              	
 2825              	CARROT:
 2826 287c 5E000000 			.word	'^			// ASCII "^" character
 2827 2880 13000000 			.word	19			// cell pixel width
 2828 2884 28000000 			.word	CELLHGHT		// cell pixel height
 2829 2888 11000000 			.word	17			// glyph pixel width
 2830 288c 11000000 			.word	17			// glyph pixel height
 2831 2890 01000000 			.word	1			// blank horizontal pixels before glyph
 2832 2894 01000000 			.word	1			// blank horizontal pixels after glyph
 2833 2898 00000000 			.word	0			// blank horizontal lines before glyph
 2834 289c 17000000 			.word	23			// blank horizontal lines after glyph
 2835              							// bit mapped glyph
 2836 28a0 0000C001 			.word	0x01C00000
 2837 28a4 0000E003 			.word	0x03E00000
 2838 28a8 0000E003 			.word	0x03E00000
 2839 28ac 0000F007 			.word	0x07F00000
 2840 28b0 0000F007 			.word	0x07F00000
 2841 28b4 00007007 			.word	0x07700000
 2842 28b8 0000380E 			.word	0x0E380000
 2843 28bc 0000380E 			.word	0x0E380000
 2844 28c0 00003C1E 			.word	0x1E3C0000
 2845 28c4 00001C1C 			.word	0x1C1C0000
 2846 28c8 00001C1C 			.word	0x1C1C0000
 2847 28cc 00001E3C 			.word	0x3C1E0000
 2848 28d0 00000E38 			.word	0x380E0000
 2849 28d4 00000F78 			.word	0x780F0000
 2850 28d8 00000770 			.word	0x70070000
 2851 28dc 008007F0 			.word	0xF0078000
 2852 28e0 008007F0 			.word	0xF0078000
 2853              	
 2854              	UNDERSCORE:
 2855 28e4 5F000000 			.word	'_			// ASCII "_" character
 2856 28e8 18000000 			.word	24			// cell pixel width
 2857 28ec 28000000 			.word	CELLHGHT		// cell pixel height
 2858 28f0 18000000 			.word	24			// glyph pixel width
 2859 28f4 04000000 			.word	4			// glyph pixel height
 2860 28f8 00000000 			.word	0			// blank horizontal pixels before glyph
 2861 28fc 00000000 			.word	0			// blank horizontal pixels after glyph
 2862 2900 24000000 			.word	36			// blank horizontal lines before glyph
 2863 2904 00000000 			.word	0			// blank horizontal lines after glyph
 2864              							// bit mapped glyph
 2865 2908 00FFFFFF 			.word	0xFFFFFF00
 2866 290c 00FFFFFF 			.word	0xFFFFFF00
 2867 2910 00FFFFFF 			.word	0xFFFFFF00
 2868 2914 00FFFFFF 			.word	0xFFFFFF00
 2869              	
 2870              	ACCENT_MARK:
 2871 2918 60000000 			.word	'`			// ASCII "`" character
 2872 291c 0E000000 			.word	14			// cell pixel width
ARM GAS  font_arial32.s 			page 52


 2873 2920 28000000 			.word	CELLHGHT		// cell pixel height
 2874 2924 07000000 			.word	7			// glyph pixel width
 2875 2928 06000000 			.word	6			// glyph pixel height
 2876 292c 02000000 			.word	2			// blank horizontal pixels before glyph
 2877 2930 05000000 			.word	5			// blank horizontal pixels after glyph
 2878 2934 00000000 			.word	0			// blank horizontal lines before glyph
 2879 2938 22000000 			.word	34			// blank horizontal lines after glyph
 2880              							// bit mapped glyph
 2881 293c 000000F8 			.word	0xF8000000
 2882 2940 00000078 			.word	0x78000000
 2883 2944 0000003C 			.word	0x3C000000
 2884 2948 0000001C 			.word	0x1C000000
 2885 294c 0000001E 			.word	0x1E000000
 2886 2950 0000000E 			.word	0x0E000000
 2887              	
 2888              	LOWERCASE_A:
 2889 2954 61000000 			.word	'a			// ASCII "a" character
 2890 2958 18000000 			.word	24			// cell pixel width
 2891 295c 28000000 			.word	CELLHGHT		// cell pixel height
 2892 2960 14000000 			.word	20			// glyph pixel width
 2893 2964 18000000 			.word	24			// glyph pixel height
 2894 2968 02000000 			.word	2			// blank horizontal pixels before glyph
 2895 296c 02000000 			.word	2			// blank horizontal pixels after glyph
 2896 2970 07000000 			.word	7			// blank horizontal lines before glyph
 2897 2974 09000000 			.word	9			// blank horizontal lines after glyph
 2898              							// bit mapped glyph
 2899 2978 0000FC03 			.word	0x03FC0000
 2900 297c 0080FF0F 			.word	0x0FFF8000
 2901 2980 00C0FF1F 			.word	0x1FFFC000
 2902 2984 00C0FF3F 			.word	0x3FFFC000
 2903 2988 00E0077E 			.word	0x7E07E000
 2904 298c 00E00178 			.word	0x7801E000
 2905 2990 00E001F8 			.word	0xF801E000
 2906 2994 00E00130 			.word	0x3001E000
 2907 2998 00E00100 			.word	0x0001E000
 2908 299c 00E00300 			.word	0x0003E000
 2909 29a0 00E0FF01 			.word	0x01FFE000
 2910 29a4 00E0FF0F 			.word	0x0FFFE000
 2911 29a8 00E0FF3F 			.word	0x3FFFE000
 2912 29ac 00E0F97F 			.word	0x7FF9E000
 2913 29b0 00E0017E 			.word	0x7E01E000
 2914 29b4 00E001F0 			.word	0xF001E000
 2915 29b8 00E001F0 			.word	0xF001E000
 2916 29bc 00E003F0 			.word	0xF003E000
 2917 29c0 00E007F0 			.word	0xF007E000
 2918 29c4 00E01FF8 			.word	0xF81FE000
 2919 29c8 00E0FF7F 			.word	0x7FFFE000
 2920 29cc 00E0FE7F 			.word	0x7FFEE000
 2921 29d0 00F0F83F 			.word	0x3FF8F000
 2922 29d4 00F0E00F 			.word	0x0FE0F000
 2923              	
 2924              	LOWERCASE_B:
 2925 29d8 62000000 			.word	'b			// ASCII "b" character
 2926 29dc 18000000 			.word	24			// cell pixel width
 2927 29e0 28000000 			.word	CELLHGHT		// cell pixel height
 2928 29e4 13000000 			.word	19			// glyph pixel width
 2929 29e8 1F000000 			.word	31			// glyph pixel height
ARM GAS  font_arial32.s 			page 53


 2930 29ec 03000000 			.word	3			// blank horizontal pixels before glyph
 2931 29f0 02000000 			.word	2			// blank horizontal pixels after glyph
 2932 29f4 00000000 			.word	0			// blank horizontal lines before glyph
 2933 29f8 09000000 			.word	9			// blank horizontal lines after glyph
 2934              							// bit mapped glyph
 2935 29fc 000000F0 			.word	0xF0000000
 2936 2a00 000000F0 			.word	0xF0000000
 2937 2a04 000000F0 			.word	0xF0000000
 2938 2a08 000000F0 			.word	0xF0000000
 2939 2a0c 000000F0 			.word	0xF0000000
 2940 2a10 000000F0 			.word	0xF0000000
 2941 2a14 000000F0 			.word	0xF0000000
 2942 2a18 0000F8F0 			.word	0xF0F80000
 2943 2a1c 0000FEF3 			.word	0xF3FE0000
 2944 2a20 0000FFF7 			.word	0xF7FF0000
 2945 2a24 0080FFFF 			.word	0xFFFF8000
 2946 2a28 00C00FFE 			.word	0xFE0FC000
 2947 2a2c 00C003FC 			.word	0xFC03C000
 2948 2a30 00E003F8 			.word	0xF803E000
 2949 2a34 00E001F0 			.word	0xF001E000
 2950 2a38 00E001F0 			.word	0xF001E000
 2951 2a3c 00E000F0 			.word	0xF000E000
 2952 2a40 00E000E0 			.word	0xE000E000
 2953 2a44 00E000E0 			.word	0xE000E000
 2954 2a48 00E000E0 			.word	0xE000E000
 2955 2a4c 00E000E0 			.word	0xE000E000
 2956 2a50 00E000F0 			.word	0xF000E000
 2957 2a54 00E001F0 			.word	0xF001E000
 2958 2a58 00E001F0 			.word	0xF001E000
 2959 2a5c 00C003F8 			.word	0xF803C000
 2960 2a60 00C007F8 			.word	0xF807C000
 2961 2a64 00800FFE 			.word	0xFE0F8000
 2962 2a68 0080FFFF 			.word	0xFFFF8000
 2963 2a6c 0000FFF7 			.word	0xF7FF0000
 2964 2a70 0000FEF3 			.word	0xF3FE0000
 2965 2a74 0000F8F1 			.word	0xF1F80000
 2966              	
 2967              	LOWERCASE_C:
 2968 2a78 63000000 			.word	'c			// ASCII "c" character
 2969 2a7c 16000000 			.word	22			// cell pixel width
 2970 2a80 28000000 			.word	CELLHGHT		// cell pixel height
 2971 2a84 12000000 			.word	18			// glyph pixel width
 2972 2a88 18000000 			.word	24			// glyph pixel height
 2973 2a8c 02000000 			.word	2			// blank horizontal pixels before glyph
 2974 2a90 02000000 			.word	2			// blank horizontal pixels after glyph
 2975 2a94 07000000 			.word	7			// blank horizontal lines before glyph
 2976 2a98 09000000 			.word	9			// blank horizontal lines after glyph
 2977              							// bit mapped glyph
 2978 2a9c 0000F801 			.word	0x01F80000
 2979 2aa0 0000FE0F 			.word	0x0FFE0000
 2980 2aa4 0000FF1F 			.word	0x1FFF0000
 2981 2aa8 0080FF3F 			.word	0x3FFF8000
 2982 2aac 00800F3E 			.word	0x3E0F8000
 2983 2ab0 00C0077C 			.word	0x7C07C000
 2984 2ab4 00C00378 			.word	0x7803C000
 2985 2ab8 000003F0 			.word	0xF0030000
 2986 2abc 000000F0 			.word	0xF0000000
ARM GAS  font_arial32.s 			page 54


 2987 2ac0 000000F0 			.word	0xF0000000
 2988 2ac4 000000F0 			.word	0xF0000000
 2989 2ac8 000000F0 			.word	0xF0000000
 2990 2acc 000000F0 			.word	0xF0000000
 2991 2ad0 000000F0 			.word	0xF0000000
 2992 2ad4 000000F0 			.word	0xF0000000
 2993 2ad8 008001F0 			.word	0xF0018000
 2994 2adc 00C001F0 			.word	0xF001C000
 2995 2ae0 00C00378 			.word	0x7803C000
 2996 2ae4 00C0077C 			.word	0x7C07C000
 2997 2ae8 00800F3E 			.word	0x3E0F8000
 2998 2aec 0080FF3F 			.word	0x3FFF8000
 2999 2af0 0000FF1F 			.word	0x1FFF0000
 3000 2af4 0000FE0F 			.word	0x0FFE0000
 3001 2af8 0000F803 			.word	0x03F80000
 3002              	
 3003              	LOWERCASE_D:
 3004 2afc 64000000 			.word	'd			// ASCII "d" character
 3005 2b00 18000000 			.word	24			// cell pixel width
 3006 2b04 28000000 			.word	CELLHGHT		// cell pixel height
 3007 2b08 13000000 			.word	19			// glyph pixel width
 3008 2b0c 1F000000 			.word	31			// glyph pixel height
 3009 2b10 02000000 			.word	2			// blank horizontal pixels before glyph
 3010 2b14 03000000 			.word	3			// blank horizontal pixels after glyph
 3011 2b18 00000000 			.word	0			// blank horizontal lines before glyph
 3012 2b1c 09000000 			.word	9			// blank horizontal lines after glyph
 3013              							// bit mapped glyph
 3014 2b20 00E00100 			.word	0x0001E000
 3015 2b24 00E00100 			.word	0x0001E000
 3016 2b28 00E00100 			.word	0x0001E000
 3017 2b2c 00E00100 			.word	0x0001E000
 3018 2b30 00E00100 			.word	0x0001E000
 3019 2b34 00E00100 			.word	0x0001E000
 3020 2b38 00E00100 			.word	0x0001E000
 3021 2b3c 00E0E103 			.word	0x03E1E000
 3022 2b40 00E0F90F 			.word	0x0FF9E000
 3023 2b44 00E0FD1F 			.word	0x1FFDE000
 3024 2b48 00E0FF3F 			.word	0x3FFFE000
 3025 2b4c 00E00F7E 			.word	0x7E0FE000
 3026 2b50 00E00778 			.word	0x7807E000
 3027 2b54 00E003F8 			.word	0xF803E000
 3028 2b58 00E001F0 			.word	0xF001E000
 3029 2b5c 00E001F0 			.word	0xF001E000
 3030 2b60 00E001E0 			.word	0xE001E000
 3031 2b64 00E000E0 			.word	0xE000E000
 3032 2b68 00E000E0 			.word	0xE000E000
 3033 2b6c 00E000E0 			.word	0xE000E000
 3034 2b70 00E000E0 			.word	0xE000E000
 3035 2b74 00E001E0 			.word	0xE001E000
 3036 2b78 00E001F0 			.word	0xF001E000
 3037 2b7c 00E001F0 			.word	0xF001E000
 3038 2b80 00E00378 			.word	0x7803E000
 3039 2b84 00E0037C 			.word	0x7C03E000
 3040 2b88 00E00F3E 			.word	0x3E0FE000
 3041 2b8c 00E0FF3F 			.word	0x3FFFE000
 3042 2b90 00E0FD1F 			.word	0x1FFDE000
 3043 2b94 00E0F90F 			.word	0x0FF9E000
ARM GAS  font_arial32.s 			page 55


 3044 2b98 00E0F103 			.word	0x03F1E000
 3045              	
 3046              	LOWERCASE_E:
 3047 2b9c 65000000 			.word	'e			// ASCII "e" character
 3048 2ba0 18000000 			.word	24			// cell pixel width
 3049 2ba4 28000000 			.word	CELLHGHT		// cell pixel height
 3050 2ba8 14000000 			.word	20			// glyph pixel width
 3051 2bac 18000000 			.word	24			// glyph pixel height
 3052 2bb0 02000000 			.word	2			// blank horizontal pixels before glyph
 3053 2bb4 02000000 			.word	2			// blank horizontal pixels after glyph
 3054 2bb8 07000000 			.word	7			// blank horizontal lines before glyph
 3055 2bbc 09000000 			.word	9			// blank horizontal lines after glyph
 3056              							// bit mapped glyph
 3057 2bc0 0000F801 			.word	0x01F80000
 3058 2bc4 0000FE07 			.word	0x07FE0000
 3059 2bc8 0000FF1F 			.word	0x1FFF0000
 3060 2bcc 0080FF3F 			.word	0x3FFF8000
 3061 2bd0 00C0073E 			.word	0x3E07C000
 3062 2bd4 00E00178 			.word	0x7801E000
 3063 2bd8 00E00170 			.word	0x7001E000
 3064 2bdc 00E000F0 			.word	0xF000E000
 3065 2be0 00F000E0 			.word	0xE000F000
 3066 2be4 00F0FFFF 			.word	0xFFFFF000
 3067 2be8 00F0FFFF 			.word	0xFFFFF000
 3068 2bec 00F0FFFF 			.word	0xFFFFF000
 3069 2bf0 00F0FFFF 			.word	0xFFFFF000
 3070 2bf4 000000E0 			.word	0xE0000000
 3071 2bf8 000000F0 			.word	0xF0000000
 3072 2bfc 000000F0 			.word	0xF0000000
 3073 2c00 00C000F0 			.word	0xF000C000
 3074 2c04 00F001F8 			.word	0xF801F000
 3075 2c08 00E0017C 			.word	0x7C01E000
 3076 2c0c 00E0077E 			.word	0x7E07E000
 3077 2c10 00C0FF3F 			.word	0x3FFFC000
 3078 2c14 0080FF1F 			.word	0x1FFF8000
 3079 2c18 0000FF0F 			.word	0x0FFF0000
 3080 2c1c 0000FC01 			.word	0x01FC0000
 3081              	
 3082              	LOWERCASE_F:
 3083 2c20 66000000 			.word	'f			// ASCII "f" character
 3084 2c24 0E000000 			.word	14			// cell pixel width
 3085 2c28 28000000 			.word	CELLHGHT		// cell pixel height
 3086 2c2c 0D000000 			.word	13			// glyph pixel width
 3087 2c30 1F000000 			.word	31			// glyph pixel height
 3088 2c34 01000000 			.word	1			// blank horizontal pixels before glyph
 3089 2c38 00000000 			.word	0			// blank horizontal pixels after glyph
 3090 2c3c 00000000 			.word	0			// blank horizontal lines before glyph
 3091 2c40 09000000 			.word	9			// blank horizontal lines after glyph
 3092              							// bit mapped glyph
 3093 2c44 0000F801 			.word	0x01F80000
 3094 2c48 0000F807 			.word	0x07F80000
 3095 2c4c 0000F80F 			.word	0x0FF80000
 3096 2c50 0000F80F 			.word	0x0FF80000
 3097 2c54 0000000F 			.word	0x0F000000
 3098 2c58 0000000E 			.word	0x0E000000
 3099 2c5c 0000000E 			.word	0x0E000000
 3100 2c60 0000000E 			.word	0x0E000000
ARM GAS  font_arial32.s 			page 56


 3101 2c64 0000F0FF 			.word	0xFFF00000
 3102 2c68 0000F0FF 			.word	0xFFF00000
 3103 2c6c 0000F0FF 			.word	0xFFF00000
 3104 2c70 0000F0FF 			.word	0xFFF00000
 3105 2c74 0000000E 			.word	0x0E000000
 3106 2c78 0000000E 			.word	0x0E000000
 3107 2c7c 0000000E 			.word	0x0E000000
 3108 2c80 0000000E 			.word	0x0E000000
 3109 2c84 0000000E 			.word	0x0E000000
 3110 2c88 0000000E 			.word	0x0E000000
 3111 2c8c 0000000E 			.word	0x0E000000
 3112 2c90 0000000E 			.word	0x0E000000
 3113 2c94 0000000E 			.word	0x0E000000
 3114 2c98 0000000E 			.word	0x0E000000
 3115 2c9c 0000000E 			.word	0x0E000000
 3116 2ca0 0000000E 			.word	0x0E000000
 3117 2ca4 0000000E 			.word	0x0E000000
 3118 2ca8 0000000E 			.word	0x0E000000
 3119 2cac 0000000E 			.word	0x0E000000
 3120 2cb0 0000000E 			.word	0x0E000000
 3121 2cb4 0000000E 			.word	0x0E000000
 3122 2cb8 0000000E 			.word	0x0E000000
 3123 2cbc 0000000E 			.word	0x0E000000
 3124              	
 3125              	LOWERCASE_G:
 3126 2cc0 67000000 			.word	'g			// ASCII "g" character
 3127 2cc4 18000000 			.word	24			// cell pixel width
 3128 2cc8 28000000 			.word	CELLHGHT		// cell pixel height
 3129 2ccc 14000000 			.word	20			// glyph pixel width
 3130 2cd0 21000000 			.word	33			// glyph pixel height
 3131 2cd4 01000000 			.word	1			// blank horizontal pixels before glyph
 3132 2cd8 03000000 			.word	3			// blank horizontal pixels after glyph
 3133 2cdc 07000000 			.word	7			// blank horizontal lines before glyph
 3134 2ce0 00000000 			.word	0			// blank horizontal lines after glyph
 3135              							// bit mapped glyph
 3136 2ce4 0000F801 			.word	0x01F80000
 3137 2ce8 00F0FE07 			.word	0x07FEF000
 3138 2cec 00F0FF0F 			.word	0x0FFFF000
 3139 2cf0 00F0FF1F 			.word	0x1FFFF000
 3140 2cf4 00F0073F 			.word	0x3F07F000
 3141 2cf8 00F0033C 			.word	0x3C03F000
 3142 2cfc 00F00178 			.word	0x7801F000
 3143 2d00 00F00178 			.word	0x7801F000
 3144 2d04 00F00078 			.word	0x7800F000
 3145 2d08 00F000F0 			.word	0xF000F000
 3146 2d0c 00F000F0 			.word	0xF000F000
 3147 2d10 00F000F0 			.word	0xF000F000
 3148 2d14 00F000F0 			.word	0xF000F000
 3149 2d18 00F000F0 			.word	0xF000F000
 3150 2d1c 00F000F0 			.word	0xF000F000
 3151 2d20 00F00078 			.word	0x7800F000
 3152 2d24 00F00078 			.word	0x7800F000
 3153 2d28 00F00178 			.word	0x7801F000
 3154 2d2c 00F0033C 			.word	0x3C03F000
 3155 2d30 00F0073F 			.word	0x3F07F000
 3156 2d34 00F0FF1F 			.word	0x1FFFF000
 3157 2d38 00F0FF0F 			.word	0x0FFFF000
ARM GAS  font_arial32.s 			page 57


 3158 2d3c 00F0FC07 			.word	0x07FCF000
 3159 2d40 00F0F801 			.word	0x01F8F000
 3160 2d44 00F00000 			.word	0x0000F000
 3161 2d48 00E00000 			.word	0x0000E000
 3162 2d4c 00E00160 			.word	0x6001E000
 3163 2d50 00E00178 			.word	0x7801E000
 3164 2d54 00E0073C 			.word	0x3C07E000
 3165 2d58 00C0FF3F 			.word	0x3FFFC000
 3166 2d5c 0080FF1F 			.word	0x1FFF8000
 3167 2d60 0000FF0F 			.word	0x0FFF0000
 3168 2d64 0000FC03 			.word	0x03FC0000
 3169              	
 3170              	LOWERCASE_H:
 3171 2d68 68000000 			.word	'h			// ASCII "h" character
 3172 2d6c 18000000 			.word	24			// cell pixel width
 3173 2d70 28000000 			.word	CELLHGHT		// cell pixel height
 3174 2d74 12000000 			.word	18			// glyph pixel width
 3175 2d78 1F000000 			.word	31			// glyph pixel height
 3176 2d7c 03000000 			.word	3			// blank horizontal pixels before glyph
 3177 2d80 03000000 			.word	3			// blank horizontal pixels after glyph
 3178 2d84 00000000 			.word	0			// blank horizontal lines before glyph
 3179 2d88 09000000 			.word	9			// blank horizontal lines after glyph
 3180              							// bit mapped glyph
 3181 2d8c 000000F0 			.word	0xF0000000
 3182 2d90 000000F0 			.word	0xF0000000
 3183 2d94 000000F0 			.word	0xF0000000
 3184 2d98 000000F0 			.word	0xF0000000
 3185 2d9c 000000F0 			.word	0xF0000000
 3186 2da0 000000F0 			.word	0xF0000000
 3187 2da4 000000F0 			.word	0xF0000000
 3188 2da8 0000F8F0 			.word	0xF0F80000
 3189 2dac 0000FEF3 			.word	0xF3FE0000
 3190 2db0 0000FFF7 			.word	0xF7FF0000
 3191 2db4 0080FFFF 			.word	0xFFFF8000
 3192 2db8 00800FFE 			.word	0xFE0F8000
 3193 2dbc 00C007FC 			.word	0xFC07C000
 3194 2dc0 00C003F8 			.word	0xF803C000
 3195 2dc4 00C003F0 			.word	0xF003C000
 3196 2dc8 00C003F0 			.word	0xF003C000
 3197 2dcc 00C003F0 			.word	0xF003C000
 3198 2dd0 00C003F0 			.word	0xF003C000
 3199 2dd4 00C003F0 			.word	0xF003C000
 3200 2dd8 00C003F0 			.word	0xF003C000
 3201 2ddc 00C003F0 			.word	0xF003C000
 3202 2de0 00C003F0 			.word	0xF003C000
 3203 2de4 00C003F0 			.word	0xF003C000
 3204 2de8 00C003F0 			.word	0xF003C000
 3205 2dec 00C003F0 			.word	0xF003C000
 3206 2df0 00C003F0 			.word	0xF003C000
 3207 2df4 00C003F0 			.word	0xF003C000
 3208 2df8 00C003F0 			.word	0xF003C000
 3209 2dfc 00C003F0 			.word	0xF003C000
 3210 2e00 00C003F0 			.word	0xF003C000
 3211 2e04 00C003F0 			.word	0xF003C000
 3212              	
 3213              	LOWERCASE_I:
 3214 2e08 69000000 			.word	'i			// ASCII "i" character
ARM GAS  font_arial32.s 			page 58


 3215 2e0c 0A000000 			.word	10			// cell pixel width
 3216 2e10 28000000 			.word	CELLHGHT		// cell pixel height
 3217 2e14 04000000 			.word	4			// glyph pixel width
 3218 2e18 1F000000 			.word	31			// glyph pixel height
 3219 2e1c 03000000 			.word	3			// blank horizontal pixels before glyph
 3220 2e20 03000000 			.word	3			// blank horizontal pixels after glyph
 3221 2e24 00000000 			.word	0			// blank horizontal lines before glyph
 3222 2e28 09000000 			.word	9			// blank horizontal lines after glyph
 3223              							// bit mapped glyph
 3224 2e2c 000000F0 			.word	0xF0000000
 3225 2e30 000000F0 			.word	0xF0000000
 3226 2e34 000000F0 			.word	0xF0000000
 3227 2e38 000000F0 			.word	0xF0000000
 3228 2e3c 00000000 			.word	0x00000000
 3229 2e40 00000000 			.word	0x00000000
 3230 2e44 00000000 			.word	0x00000000
 3231 2e48 00000000 			.word	0x00000000
 3232 2e4c 000000F0 			.word	0xF0000000
 3233 2e50 000000F0 			.word	0xF0000000
 3234 2e54 000000F0 			.word	0xF0000000
 3235 2e58 000000F0 			.word	0xF0000000
 3236 2e5c 000000F0 			.word	0xF0000000
 3237 2e60 000000F0 			.word	0xF0000000
 3238 2e64 000000F0 			.word	0xF0000000
 3239 2e68 000000F0 			.word	0xF0000000
 3240 2e6c 000000F0 			.word	0xF0000000
 3241 2e70 000000F0 			.word	0xF0000000
 3242 2e74 000000F0 			.word	0xF0000000
 3243 2e78 000000F0 			.word	0xF0000000
 3244 2e7c 000000F0 			.word	0xF0000000
 3245 2e80 000000F0 			.word	0xF0000000
 3246 2e84 000000F0 			.word	0xF0000000
 3247 2e88 000000F0 			.word	0xF0000000
 3248 2e8c 000000F0 			.word	0xF0000000
 3249 2e90 000000F0 			.word	0xF0000000
 3250 2e94 000000F0 			.word	0xF0000000
 3251 2e98 000000F0 			.word	0xF0000000
 3252 2e9c 000000F0 			.word	0xF0000000
 3253 2ea0 000000F0 			.word	0xF0000000
 3254 2ea4 000000F0 			.word	0xF0000000
 3255              	
 3256              	LOWERCASE_J:
 3257 2ea8 6A000000 			.word	'j			// ASCII "j" character
 3258 2eac 0C000000 			.word	12			// cell pixel width
 3259 2eb0 28000000 			.word	CELLHGHT		// cell pixel height
 3260 2eb4 09000000 			.word	9			// glyph pixel width
 3261 2eb8 28000000 			.word	40			// glyph pixel height
 3262 2ebc 00000000 			.word	0			// blank horizontal pixels before glyph
 3263 2ec0 03000000 			.word	3			// blank horizontal pixels after glyph
 3264 2ec4 00000000 			.word	0			// blank horizontal lines before glyph
 3265 2ec8 00000000 			.word	0			// blank horizontal lines after glyph
 3266              							// bit mapped glyph
 3267 2ecc 00008007 			.word	0x07800000
 3268 2ed0 00008007 			.word	0x07800000
 3269 2ed4 00008007 			.word	0x07800000
 3270 2ed8 00008007 			.word	0x07800000
 3271 2edc 00000000 			.word	0x00000000
ARM GAS  font_arial32.s 			page 59


 3272 2ee0 00000000 			.word	0x00000000
 3273 2ee4 00000000 			.word	0x00000000
 3274 2ee8 00000000 			.word	0x00000000
 3275 2eec 00008007 			.word	0x07800000
 3276 2ef0 00008007 			.word	0x07800000
 3277 2ef4 00008007 			.word	0x07800000
 3278 2ef8 00008007 			.word	0x07800000
 3279 2efc 00008007 			.word	0x07800000
 3280 2f00 00008007 			.word	0x07800000
 3281 2f04 00008007 			.word	0x07800000
 3282 2f08 00008007 			.word	0x07800000
 3283 2f0c 00008007 			.word	0x07800000
 3284 2f10 00008007 			.word	0x07800000
 3285 2f14 00008007 			.word	0x07800000
 3286 2f18 00008007 			.word	0x07800000
 3287 2f1c 00008007 			.word	0x07800000
 3288 2f20 00008007 			.word	0x07800000
 3289 2f24 00008007 			.word	0x07800000
 3290 2f28 00008007 			.word	0x07800000
 3291 2f2c 00008007 			.word	0x07800000
 3292 2f30 00008007 			.word	0x07800000
 3293 2f34 00008007 			.word	0x07800000
 3294 2f38 00008007 			.word	0x07800000
 3295 2f3c 00008007 			.word	0x07800000
 3296 2f40 00008007 			.word	0x07800000
 3297 2f44 00008007 			.word	0x07800000
 3298 2f48 00008007 			.word	0x07800000
 3299 2f4c 00008007 			.word	0x07800000
 3300 2f50 00008007 			.word	0x07800000
 3301 2f54 00008007 			.word	0x07800000
 3302 2f58 0000800F 			.word	0x0F800000
 3303 2f5c 0000007F 			.word	0x7F000000
 3304 2f60 0000007F 			.word	0x7F000000
 3305 2f64 000000FE 			.word	0xFE000000
 3306 2f68 000000FC 			.word	0xFC000000
 3307              	
 3308              	LOWERCASE_K:
 3309 2f6c 6B000000 			.word	'k			// ASCII "k" character
 3310 2f70 16000000 			.word	22			// cell pixel width
 3311 2f74 28000000 			.word	CELLHGHT		// cell pixel height
 3312 2f78 12000000 			.word	18			// glyph pixel width
 3313 2f7c 1F000000 			.word	31			// glyph pixel height
 3314 2f80 03000000 			.word	3			// blank horizontal pixels before glyph
 3315 2f84 01000000 			.word	1			// blank horizontal pixels after glyph
 3316 2f88 00000000 			.word	0			// blank horizontal lines before glyph
 3317 2f8c 09000000 			.word	9			// blank horizontal lines after glyph
 3318              							// bit mapped glyph
 3319 2f90 000000F0 			.word	0xF0000000
 3320 2f94 000000F0 			.word	0xF0000000
 3321 2f98 000000F0 			.word	0xF0000000
 3322 2f9c 000000F0 			.word	0xF0000000
 3323 2fa0 000000F0 			.word	0xF0000000
 3324 2fa4 000000F0 			.word	0xF0000000
 3325 2fa8 000000F0 			.word	0xF0000000
 3326 2fac 000000F0 			.word	0xF0000000
 3327 2fb0 008007F0 			.word	0xF0078000
 3328 2fb4 00000FF0 			.word	0xF00F0000
ARM GAS  font_arial32.s 			page 60


 3329 2fb8 00001EF0 			.word	0xF01E0000
 3330 2fbc 00003CF0 			.word	0xF03C0000
 3331 2fc0 000078F0 			.word	0xF0780000
 3332 2fc4 0000F0F0 			.word	0xF0F00000
 3333 2fc8 0000E0F1 			.word	0xF1E00000
 3334 2fcc 0000C0F3 			.word	0xF3C00000
 3335 2fd0 000080F7 			.word	0xF7800000
 3336 2fd4 0000C0FF 			.word	0xFFC00000
 3337 2fd8 0000C0FF 			.word	0xFFC00000
 3338 2fdc 0000E0FF 			.word	0xFFE00000
 3339 2fe0 0000F0F8 			.word	0xF8F00000
 3340 2fe4 0000F0F0 			.word	0xF0F00000
 3341 2fe8 000078F0 			.word	0xF0780000
 3342 2fec 00007CF0 			.word	0xF07C0000
 3343 2ff0 00003CF0 			.word	0xF03C0000
 3344 2ff4 00001EF0 			.word	0xF01E0000
 3345 2ff8 00001FF0 			.word	0xF01F0000
 3346 2ffc 00000FF0 			.word	0xF00F0000
 3347 3000 008007F0 			.word	0xF0078000
 3348 3004 00C007F0 			.word	0xF007C000
 3349 3008 00C003F0 			.word	0xF003C000
 3350              	
 3351              	LOWERCASE_L:
 3352 300c 6C000000 			.word	'l			// ASCII "l" character
 3353 3010 0C000000 			.word	12			// cell pixel width
 3354 3014 28000000 			.word	CELLHGHT		// cell pixel height
 3355 3018 04000000 			.word	4			// glyph pixel width
 3356 301c 1F000000 			.word	31			// glyph pixel height
 3357 3020 04000000 			.word	4			// blank horizontal pixels before glyph
 3358 3024 04000000 			.word	4			// blank horizontal pixels after glyph
 3359 3028 00000000 			.word	0			// blank horizontal lines before glyph
 3360 302c 09000000 			.word	9			// blank horizontal lines after glyph
 3361              							// bit mapped glyph
 3362 3030 000000F0 			.word	0xF0000000
 3363 3034 000000F0 			.word	0xF0000000
 3364 3038 000000F0 			.word	0xF0000000
 3365 303c 000000F0 			.word	0xF0000000
 3366 3040 000000F0 			.word	0xF0000000
 3367 3044 000000F0 			.word	0xF0000000
 3368 3048 000000F0 			.word	0xF0000000
 3369 304c 000000F0 			.word	0xF0000000
 3370 3050 000000F0 			.word	0xF0000000
 3371 3054 000000F0 			.word	0xF0000000
 3372 3058 000000F0 			.word	0xF0000000
 3373 305c 000000F0 			.word	0xF0000000
 3374 3060 000000F0 			.word	0xF0000000
 3375 3064 000000F0 			.word	0xF0000000
 3376 3068 000000F0 			.word	0xF0000000
 3377 306c 000000F0 			.word	0xF0000000
 3378 3070 000000F0 			.word	0xF0000000
 3379 3074 000000F0 			.word	0xF0000000
 3380 3078 000000F0 			.word	0xF0000000
 3381 307c 000000F0 			.word	0xF0000000
 3382 3080 000000F0 			.word	0xF0000000
 3383 3084 000000F0 			.word	0xF0000000
 3384 3088 000000F0 			.word	0xF0000000
 3385 308c 000000F0 			.word	0xF0000000
ARM GAS  font_arial32.s 			page 61


 3386 3090 000000F0 			.word	0xF0000000
 3387 3094 000000F0 			.word	0xF0000000
 3388 3098 000000F0 			.word	0xF0000000
 3389 309c 000000F0 			.word	0xF0000000
 3390 30a0 000000F0 			.word	0xF0000000
 3391 30a4 000000F0 			.word	0xF0000000
 3392 30a8 000000F0 			.word	0xF0000000
 3393              	
 3394              	LOWERCASE_M:
 3395 30ac 6D000000 			.word	'm			// ASCII "m" character
 3396 30b0 24000000 			.word	36			// cell pixel width
 3397 30b4 28000000 			.word	CELLHGHT		// cell pixel height
 3398 30b8 1E000000 			.word	30			// glyph pixel width
 3399 30bc 18000000 			.word	24			// glyph pixel height
 3400 30c0 03000000 			.word	3			// blank horizontal pixels before glyph
 3401 30c4 03000000 			.word	3			// blank horizontal pixels after glyph
 3402 30c8 07000000 			.word	7			// blank horizontal lines before glyph
 3403 30cc 09000000 			.word	9			// blank horizontal lines after glyph
 3404              							// bit mapped glyph
 3405 30d0 C007F800 			.word	0x00F807C0
 3406 30d4 F01FFEE3 			.word	0xE3FE1FF0
 3407 30d8 F83FFEE7 			.word	0xE7FE3FF8
 3408 30dc FC7FFFFF 			.word	0xFFFF7FFC
 3409 30e0 7CF00FFE 			.word	0xFE0FF07C
 3410 30e4 3CE007FC 			.word	0xFC07E03C
 3411 30e8 3CC007F8 			.word	0xF807C03C
 3412 30ec 1CC007F0 			.word	0xF007C01C
 3413 30f0 1C8007F0 			.word	0xF007801C
 3414 30f4 1C8007F0 			.word	0xF007801C
 3415 30f8 1C8007F0 			.word	0xF007801C
 3416 30fc 1C8007F0 			.word	0xF007801C
 3417 3100 1C8007F0 			.word	0xF007801C
 3418 3104 1C8007F0 			.word	0xF007801C
 3419 3108 1C8007F0 			.word	0xF007801C
 3420 310c 1C8007F0 			.word	0xF007801C
 3421 3110 1C8007F0 			.word	0xF007801C
 3422 3114 1C8007F0 			.word	0xF007801C
 3423 3118 1C8007F0 			.word	0xF007801C
 3424 311c 1C8007F0 			.word	0xF007801C
 3425 3120 1C8007F0 			.word	0xF007801C
 3426 3124 1C8007F0 			.word	0xF007801C
 3427 3128 1C8007F0 			.word	0xF007801C
 3428 312c 1C8007F0 			.word	0xF007801C
 3429              	
 3430              	LOWERCASE_N:
 3431 3130 6E000000 			.word	'n			// ASCII "n" character
 3432 3134 18000000 			.word	24			// cell pixel width
 3433 3138 28000000 			.word	CELLHGHT		// cell pixel height
 3434 313c 12000000 			.word	18			// glyph pixel width
 3435 3140 18000000 			.word	24			// glyph pixel height
 3436 3144 03000000 			.word	3			// blank horizontal pixels before glyph
 3437 3148 03000000 			.word	3			// blank horizontal pixels after glyph
 3438 314c 07000000 			.word	7			// blank horizontal lines before glyph
 3439 3150 09000000 			.word	9			// blank horizontal lines after glyph
 3440              							// bit mapped glyph
 3441 3154 0000F800 			.word	0x00F80000
 3442 3158 0000FEE3 			.word	0xE3FE0000
ARM GAS  font_arial32.s 			page 62


 3443 315c 0000FFE7 			.word	0xE7FF0000
 3444 3160 0080FFFF 			.word	0xFFFF8000
 3445 3164 00800FFE 			.word	0xFE0F8000
 3446 3168 00C007F8 			.word	0xF807C000
 3447 316c 00C003F8 			.word	0xF803C000
 3448 3170 00C003F0 			.word	0xF003C000
 3449 3174 00C003F0 			.word	0xF003C000
 3450 3178 00C003F0 			.word	0xF003C000
 3451 317c 00C003F0 			.word	0xF003C000
 3452 3180 00C003F0 			.word	0xF003C000
 3453 3184 00C003F0 			.word	0xF003C000
 3454 3188 00C003F0 			.word	0xF003C000
 3455 318c 00C003F0 			.word	0xF003C000
 3456 3190 00C003F0 			.word	0xF003C000
 3457 3194 00C003F0 			.word	0xF003C000
 3458 3198 00C003F0 			.word	0xF003C000
 3459 319c 00C003F0 			.word	0xF003C000
 3460 31a0 00C003F0 			.word	0xF003C000
 3461 31a4 00C003F0 			.word	0xF003C000
 3462 31a8 00C003F0 			.word	0xF003C000
 3463 31ac 00C003F0 			.word	0xF003C000
 3464 31b0 00C003F0 			.word	0xF003C000
 3465              	
 3466              	LOWERCASE_O:
 3467 31b4 6F000000 			.word	'o			// ASCII "o" character
 3468 31b8 18000000 			.word	24			// cell pixel width
 3469 31bc 28000000 			.word	CELLHGHT		// cell pixel height
 3470 31c0 14000000 			.word	20			// glyph pixel width
 3471 31c4 18000000 			.word	24			// glyph pixel height
 3472 31c8 02000000 			.word	2			// blank horizontal pixels before glyph
 3473 31cc 02000000 			.word	2			// blank horizontal pixels after glyph
 3474 31d0 07000000 			.word	7			// blank horizontal lines before glyph
 3475 31d4 09000000 			.word	9			// blank horizontal lines after glyph
 3476              							// bit mapped glyph
 3477 31d8 0000F801 			.word	0x01F80000
 3478 31dc 0000FF0F 			.word	0x0FFF0000
 3479 31e0 0080FF1F 			.word	0x1FFF8000
 3480 31e4 00C0FF3F 			.word	0x3FFFC000
 3481 31e8 00E0077E 			.word	0x7E07E000
 3482 31ec 00E0037C 			.word	0x7C03E000
 3483 31f0 00F001F8 			.word	0xF801F000
 3484 31f4 00F000F0 			.word	0xF000F000
 3485 31f8 00F000F0 			.word	0xF000F000
 3486 31fc 00F000F0 			.word	0xF000F000
 3487 3200 007000E0 			.word	0xE0007000
 3488 3204 007000E0 			.word	0xE0007000
 3489 3208 007000E0 			.word	0xE0007000
 3490 320c 007000E0 			.word	0xE0007000
 3491 3210 00F000F0 			.word	0xF000F000
 3492 3214 00F000F0 			.word	0xF000F000
 3493 3218 00F000F0 			.word	0xF000F000
 3494 321c 00F001F8 			.word	0xF801F000
 3495 3220 00E0037C 			.word	0x7C03E000
 3496 3224 00E0077E 			.word	0x7E07E000
 3497 3228 00C0FF3F 			.word	0x3FFFC000
 3498 322c 0080FF1F 			.word	0x1FFF8000
 3499 3230 0000FF0F 			.word	0x0FFF0000
ARM GAS  font_arial32.s 			page 63


 3500 3234 0000FC03 			.word	0x03FC0000
 3501              	
 3502              	LOWERCASE_P:
 3503 3238 70000000 			.word	'p			// ASCII "p" character
 3504 323c 18000000 			.word	24			// cell pixel width
 3505 3240 28000000 			.word	CELLHGHT		// cell pixel height
 3506 3244 13000000 			.word	19			// glyph pixel width
 3507 3248 21000000 			.word	33			// glyph pixel height
 3508 324c 03000000 			.word	3			// blank horizontal pixels before glyph
 3509 3250 02000000 			.word	2			// blank horizontal pixels after glyph
 3510 3254 07000000 			.word	7			// blank horizontal lines before glyph
 3511 3258 00000000 			.word	0			// blank horizontal lines after glyph
 3512              							// bit mapped glyph
 3513 325c 0000F801 			.word	0x01F80000
 3514 3260 0000FEF3 			.word	0xF3FE0000
 3515 3264 0000FFF7 			.word	0xF7FF0000
 3516 3268 0080FFFF 			.word	0xFFFF8000
 3517 326c 00C00FFE 			.word	0xFE0FC000
 3518 3270 00C003FC 			.word	0xFC03C000
 3519 3274 00E003F8 			.word	0xF803E000
 3520 3278 00E001F0 			.word	0xF001E000
 3521 327c 00E001F0 			.word	0xF001E000
 3522 3280 00E000F0 			.word	0xF000E000
 3523 3284 00E000E0 			.word	0xE000E000
 3524 3288 00E000E0 			.word	0xE000E000
 3525 328c 00E000E0 			.word	0xE000E000
 3526 3290 00E000E0 			.word	0xE000E000
 3527 3294 00E000F0 			.word	0xF000E000
 3528 3298 00E001F0 			.word	0xF001E000
 3529 329c 00E001F0 			.word	0xF001E000
 3530 32a0 00C003F8 			.word	0xF803C000
 3531 32a4 00C007FC 			.word	0xFC07C000
 3532 32a8 00800FFE 			.word	0xFE0F8000
 3533 32ac 0080FFFF 			.word	0xFFFF8000
 3534 32b0 0000FFF7 			.word	0xF7FF0000
 3535 32b4 0000FEF3 			.word	0xF3FE0000
 3536 32b8 0000F8F1 			.word	0xF1F80000
 3537 32bc 000000F0 			.word	0xF0000000
 3538 32c0 000000F0 			.word	0xF0000000
 3539 32c4 000000F0 			.word	0xF0000000
 3540 32c8 000000F0 			.word	0xF0000000
 3541 32cc 000000F0 			.word	0xF0000000
 3542 32d0 000000F0 			.word	0xF0000000
 3543 32d4 000000F0 			.word	0xF0000000
 3544 32d8 000000F0 			.word	0xF0000000
 3545 32dc 000000F0 			.word	0xF0000000
 3546              	
 3547              	LOWERCASE_Q:
 3548 32e0 71000000 			.word	'q			// ASCII "q" character
 3549 32e4 18000000 			.word	24			// cell pixel width
 3550 32e8 28000000 			.word	CELLHGHT		// cell pixel height
 3551 32ec 13000000 			.word	19			// glyph pixel width
 3552 32f0 21000000 			.word	33			// glyph pixel height
 3553 32f4 02000000 			.word	2			// blank horizontal pixels before glyph
 3554 32f8 03000000 			.word	3			// blank horizontal pixels after glyph
 3555 32fc 07000000 			.word	7			// blank horizontal lines before glyph
 3556 3300 00000000 			.word	0			// blank horizontal lines after glyph
ARM GAS  font_arial32.s 			page 64


 3557              							// bit mapped glyph
 3558 3304 0000F003 			.word	0x03F00000
 3559 3308 00E0F90F 			.word	0x0FF9E000
 3560 330c 00E0FD1F 			.word	0x1FFDE000
 3561 3310 00E0FF3F 			.word	0x3FFFE000
 3562 3314 00E00F7E 			.word	0x7E0FE000
 3563 3318 00E00778 			.word	0x7807E000
 3564 331c 00E003F8 			.word	0xF803E000
 3565 3320 00E001F0 			.word	0xF001E000
 3566 3324 00E001F0 			.word	0xF001E000
 3567 3328 00E001E0 			.word	0xE001E000
 3568 332c 00E000E0 			.word	0xE000E000
 3569 3330 00E000E0 			.word	0xE000E000
 3570 3334 00E000E0 			.word	0xE000E000
 3571 3338 00E000E0 			.word	0xE000E000
 3572 333c 00E001E0 			.word	0xE001E000
 3573 3340 00E001F0 			.word	0xF001E000
 3574 3344 00E001F0 			.word	0xF001E000
 3575 3348 00E00378 			.word	0x7803E000
 3576 334c 00E0077C 			.word	0x7C07E000
 3577 3350 00E00F3E 			.word	0x3E0FE000
 3578 3354 00E0FF3F 			.word	0x3FFFE000
 3579 3358 00E0FD1F 			.word	0x1FFDE000
 3580 335c 00E0F90F 			.word	0x0FF9E000
 3581 3360 00E0F103 			.word	0x03F1E000
 3582 3364 00E00100 			.word	0x0001E000
 3583 3368 00E00100 			.word	0x0001E000
 3584 336c 00E00100 			.word	0x0001E000
 3585 3370 00E00100 			.word	0x0001E000
 3586 3374 00E00100 			.word	0x0001E000
 3587 3378 00E00100 			.word	0x0001E000
 3588 337c 00E00100 			.word	0x0001E000
 3589 3380 00E00100 			.word	0x0001E000
 3590 3384 00E00100 			.word	0x0001E000
 3591              	
 3592              	LOWERCASE_R:
 3593 3388 72000000 			.word	'r			// ASCII "r" character
 3594 338c 0F000000 			.word	15			// cell pixel width
 3595 3390 28000000 			.word	CELLHGHT		// cell pixel height
 3596 3394 0C000000 			.word	12			// glyph pixel width
 3597 3398 18000000 			.word	24			// glyph pixel height
 3598 339c 03000000 			.word	3			// blank horizontal pixels before glyph
 3599 33a0 00000000 			.word	0			// blank horizontal pixels after glyph
 3600 33a4 07000000 			.word	7			// blank horizontal lines before glyph
 3601 33a8 09000000 			.word	9			// blank horizontal lines after glyph
 3602              							// bit mapped glyph
 3603 33ac 0000C003 			.word	0x03C00000
 3604 33b0 0000E0E7 			.word	0xE7E00000
 3605 33b4 0000F0EF 			.word	0xEFF00000
 3606 33b8 0000E0FF 			.word	0xFFE00000
 3607 33bc 000040FC 			.word	0xFC400000
 3608 33c0 000000F8 			.word	0xF8000000
 3609 33c4 000000F0 			.word	0xF0000000
 3610 33c8 000000F0 			.word	0xF0000000
 3611 33cc 000000F0 			.word	0xF0000000
 3612 33d0 000000F0 			.word	0xF0000000
 3613 33d4 000000F0 			.word	0xF0000000
ARM GAS  font_arial32.s 			page 65


 3614 33d8 000000F0 			.word	0xF0000000
 3615 33dc 000000F0 			.word	0xF0000000
 3616 33e0 000000F0 			.word	0xF0000000
 3617 33e4 000000F0 			.word	0xF0000000
 3618 33e8 000000F0 			.word	0xF0000000
 3619 33ec 000000F0 			.word	0xF0000000
 3620 33f0 000000F0 			.word	0xF0000000
 3621 33f4 000000F0 			.word	0xF0000000
 3622 33f8 000000F0 			.word	0xF0000000
 3623 33fc 000000F0 			.word	0xF0000000
 3624 3400 000000F0 			.word	0xF0000000
 3625 3404 000000F0 			.word	0xF0000000
 3626 3408 000000F0 			.word	0xF0000000
 3627              	
 3628              	LOWERCASE_S:
 3629 340c 73000000 			.word	's			// ASCII "s" character
 3630 3410 16000000 			.word	22			// cell pixel width
 3631 3414 28000000 			.word	CELLHGHT		// cell pixel height
 3632 3418 13000000 			.word	19			// glyph pixel width
 3633 341c 18000000 			.word	24			// glyph pixel height
 3634 3420 01000000 			.word	1			// blank horizontal pixels before glyph
 3635 3424 02000000 			.word	2			// blank horizontal pixels after glyph
 3636 3428 07000000 			.word	7			// blank horizontal lines before glyph
 3637 342c 09000000 			.word	9			// blank horizontal lines after glyph
 3638              							// bit mapped glyph
 3639 3430 0000F803 			.word	0x03F80000
 3640 3434 0000FF0F 			.word	0x0FFF0000
 3641 3438 0080FF1F 			.word	0x1FFF8000
 3642 343c 0080FF3F 			.word	0x3FFF8000
 3643 3440 00C0077C 			.word	0x7C07C000
 3644 3444 00C00378 			.word	0x7803C000
 3645 3448 00000378 			.word	0x78030000
 3646 344c 00000078 			.word	0x78000000
 3647 3450 0000007E 			.word	0x7E000000
 3648 3454 0000E03F 			.word	0x3FE00000
 3649 3458 0000FC3F 			.word	0x3FFC0000
 3650 345c 0080FF1F 			.word	0x1FFF8000
 3651 3460 00C0FF07 			.word	0x07FFC000
 3652 3464 00C0FF00 			.word	0x00FFC000
 3653 3468 00E00F00 			.word	0x000FE000
 3654 346c 00E00100 			.word	0x0001E000
 3655 3470 00E00130 			.word	0x3001E000
 3656 3474 00E00178 			.word	0x7801E000
 3657 3478 00E001F8 			.word	0xF801E000
 3658 347c 00C0077E 			.word	0x7E07C000
 3659 3480 00C0FF3F 			.word	0x3FFFC000
 3660 3484 0080FF1F 			.word	0x1FFF8000
 3661 3488 0000FF0F 			.word	0x0FFF0000
 3662 348c 0000FC03 			.word	0x03FC0000
 3663              	
 3664              	LOWERCASE_T:
 3665 3490 74000000 			.word	't			// ASCII "t" character
 3666 3494 0C000000 			.word	12			// cell pixel width
 3667 3498 28000000 			.word	CELLHGHT		// cell pixel height
 3668 349c 0B000000 			.word	11			// glyph pixel width
 3669 34a0 1E000000 			.word	30			// glyph pixel height
 3670 34a4 01000000 			.word	1			// blank horizontal pixels before glyph
ARM GAS  font_arial32.s 			page 66


 3671 34a8 00000000 			.word	0			// blank horizontal pixels after glyph
 3672 34ac 01000000 			.word	1			// blank horizontal lines before glyph
 3673 34b0 09000000 			.word	9			// blank horizontal lines after glyph
 3674              							// bit mapped glyph
 3675 34b4 0000000C 			.word	0x0C000000
 3676 34b8 0000001C 			.word	0x1C000000
 3677 34bc 0000001C 			.word	0x1C000000
 3678 34c0 0000001C 			.word	0x1C000000
 3679 34c4 0000001C 			.word	0x1C000000
 3680 34c8 0000001C 			.word	0x1C000000
 3681 34cc 0000001C 			.word	0x1C000000
 3682 34d0 0000C0FF 			.word	0xFFC00000
 3683 34d4 0000C0FF 			.word	0xFFC00000
 3684 34d8 0000C0FF 			.word	0xFFC00000
 3685 34dc 0000C0FF 			.word	0xFFC00000
 3686 34e0 0000001C 			.word	0x1C000000
 3687 34e4 0000001C 			.word	0x1C000000
 3688 34e8 0000001C 			.word	0x1C000000
 3689 34ec 0000001C 			.word	0x1C000000
 3690 34f0 0000001C 			.word	0x1C000000
 3691 34f4 0000001C 			.word	0x1C000000
 3692 34f8 0000001C 			.word	0x1C000000
 3693 34fc 0000001C 			.word	0x1C000000
 3694 3500 0000001C 			.word	0x1C000000
 3695 3504 0000001C 			.word	0x1C000000
 3696 3508 0000001C 			.word	0x1C000000
 3697 350c 0000001C 			.word	0x1C000000
 3698 3510 0000001C 			.word	0x1C000000
 3699 3514 0000001C 			.word	0x1C000000
 3700 3518 0000001E 			.word	0x1E000000
 3701 351c 0000C01F 			.word	0x1FC00000
 3702 3520 0000C01F 			.word	0x1FC00000
 3703 3524 0000E00F 			.word	0x0FE00000
 3704 3528 0000E007 			.word	0x07E00000
 3705              	
 3706              	LOWERCASE_U:
 3707 352c 75000000 			.word	'u			// ASCII "u" character
 3708 3530 18000000 			.word	24			// cell pixel width
 3709 3534 28000000 			.word	CELLHGHT		// cell pixel height
 3710 3538 12000000 			.word	18			// glyph pixel width
 3711 353c 17000000 			.word	23			// glyph pixel height
 3712 3540 03000000 			.word	3			// blank horizontal pixels before glyph
 3713 3544 03000000 			.word	3			// blank horizontal pixels after glyph
 3714 3548 08000000 			.word	8			// blank horizontal lines before glyph
 3715 354c 09000000 			.word	9			// blank horizontal lines after glyph
 3716              							// bit mapped glyph
 3717 3550 00C003F0 			.word	0xF003C000
 3718 3554 00C003F0 			.word	0xF003C000
 3719 3558 00C003F0 			.word	0xF003C000
 3720 355c 00C003F0 			.word	0xF003C000
 3721 3560 00C003F0 			.word	0xF003C000
 3722 3564 00C003F0 			.word	0xF003C000
 3723 3568 00C003F0 			.word	0xF003C000
 3724 356c 00C003F0 			.word	0xF003C000
 3725 3570 00C003F0 			.word	0xF003C000
 3726 3574 00C003F0 			.word	0xF003C000
 3727 3578 00C003F0 			.word	0xF003C000
ARM GAS  font_arial32.s 			page 67


 3728 357c 00C003F0 			.word	0xF003C000
 3729 3580 00C003F0 			.word	0xF003C000
 3730 3584 00C003F0 			.word	0xF003C000
 3731 3588 00C003F0 			.word	0xF003C000
 3732 358c 00C003F0 			.word	0xF003C000
 3733 3590 00C007F0 			.word	0xF007C000
 3734 3594 00C007F8 			.word	0xF807C000
 3735 3598 00C01F7C 			.word	0x7C1FC000
 3736 359c 00C0FD7F 			.word	0x7FFDC000
 3737 35a0 00C0F93F 			.word	0x3FF9C000
 3738 35a4 00C0F11F 			.word	0x1FF1C000
 3739 35a8 00C0C107 			.word	0x07C1C000
 3740              	
 3741              	LOWERCASE_V:
 3742 35ac 76000000 			.word	'v			// ASCII "v" character
 3743 35b0 17000000 			.word	23			// cell pixel width
 3744 35b4 28000000 			.word	CELLHGHT		// cell pixel height
 3745 35b8 13000000 			.word	19			// glyph pixel width
 3746 35bc 17000000 			.word	23			// glyph pixel height
 3747 35c0 02000000 			.word	2			// blank horizontal pixels before glyph
 3748 35c4 02000000 			.word	2			// blank horizontal pixels after glyph
 3749 35c8 08000000 			.word	8			// blank horizontal lines before glyph
 3750 35cc 09000000 			.word	9			// blank horizontal lines after glyph
 3751              							// bit mapped glyph
 3752 35d0 00E000E0 			.word	0xE000E000
 3753 35d4 00E001F0 			.word	0xF001E000
 3754 35d8 00E001F0 			.word	0xF001E000
 3755 35dc 00C00170 			.word	0x7001C000
 3756 35e0 00C00378 			.word	0x7803C000
 3757 35e4 00C00378 			.word	0x7803C000
 3758 35e8 00800338 			.word	0x38038000
 3759 35ec 0080073C 			.word	0x3C078000
 3760 35f0 0080073C 			.word	0x3C078000
 3761 35f4 0000071C 			.word	0x1C070000
 3762 35f8 00000F1E 			.word	0x1E0F0000
 3763 35fc 00000E0E 			.word	0x0E0E0000
 3764 3600 00000E0E 			.word	0x0E0E0000
 3765 3604 00001E0F 			.word	0x0F1E0000
 3766 3608 00001C07 			.word	0x071C0000
 3767 360c 0000BC07 			.word	0x07BC0000
 3768 3610 0000BC07 			.word	0x07BC0000
 3769 3614 0000B803 			.word	0x03B80000
 3770 3618 0000F803 			.word	0x03F80000
 3771 361c 0000F803 			.word	0x03F80000
 3772 3620 0000F001 			.word	0x01F00000
 3773 3624 0000F001 			.word	0x01F00000
 3774 3628 0000E000 			.word	0x00E00000
 3775              	
 3776              	LOWERCASE_W:
 3777 362c 77000000 			.word	'w			// ASCII "w" character
 3778 3630 1D000000 			.word	29			// cell pixel width
 3779 3634 28000000 			.word	CELLHGHT		// cell pixel height
 3780 3638 1D000000 			.word	29			// glyph pixel width
 3781 363c 17000000 			.word	23			// glyph pixel height
 3782 3640 00000000 			.word	0			// blank horizontal pixels before glyph
 3783 3644 00000000 			.word	0			// blank horizontal pixels after glyph
 3784 3648 08000000 			.word	8			// blank horizontal lines before glyph
ARM GAS  font_arial32.s 			page 68


 3785 364c 09000000 			.word	9			// blank horizontal lines after glyph
 3786              							// bit mapped glyph
 3787 3650 780007F0 			.word	0xF0070078
 3788 3654 70800F70 			.word	0x700F8070
 3789 3658 70800F70 			.word	0x700F8070
 3790 365c F0800F78 			.word	0x780F80F0
 3791 3660 F0800F78 			.word	0x780F80F0
 3792 3664 E0C01F38 			.word	0x381FC0E0
 3793 3668 E0C01F38 			.word	0x381FC0E0
 3794 366c E0C11D3C 			.word	0x3C1DC1E0
 3795 3670 C0C11D1C 			.word	0x1C1DC1C0
 3796 3674 C0C1181C 			.word	0x1C18C1C0
 3797 3678 C0E1381C 			.word	0x1C38E1C0
 3798 367c C0E3381E 			.word	0x1E38E3C0
 3799 3680 80E3380E 			.word	0x0E38E380
 3800 3684 8063300E 			.word	0x0E306380
 3801 3688 8073700E 			.word	0x0E707380
 3802 368c 00777007 			.word	0x07707700
 3803 3690 00777007 			.word	0x07707700
 3804 3694 007FF007 			.word	0x07F07F00
 3805 3698 003FE007 			.word	0x07E03F00
 3806 369c 003EE003 			.word	0x03E03E00
 3807 36a0 003EE003 			.word	0x03E03E00
 3808 36a4 003EE003 			.word	0x03E03E00
 3809 36a8 001EC003 			.word	0x03C01E00
 3810              	
 3811              	LOWERCASE_X:
 3812 36ac 78000000 			.word	'x			// ASCII "x" character
 3813 36b0 16000000 			.word	22			// cell pixel width
 3814 36b4 28000000 			.word	CELLHGHT		// cell pixel height
 3815 36b8 14000000 			.word	20			// glyph pixel width
 3816 36bc 17000000 			.word	23			// glyph pixel height
 3817 36c0 01000000 			.word	1			// blank horizontal pixels before glyph
 3818 36c4 01000000 			.word	1			// blank horizontal pixels after glyph
 3819 36c8 08000000 			.word	8			// blank horizontal lines before glyph
 3820 36cc 09000000 			.word	9			// blank horizontal lines after glyph
 3821              							// bit mapped glyph
 3822 36d0 00F001F8 			.word	0xF801F000
 3823 36d4 00E0037C 			.word	0x7C03E000
 3824 36d8 00C0033C 			.word	0x3C03C000
 3825 36dc 0080071E 			.word	0x1E078000
 3826 36e0 00800F1F 			.word	0x1F0F8000
 3827 36e4 00000F0F 			.word	0x0F0F0000
 3828 36e8 00009E07 			.word	0x079E0000
 3829 36ec 0000FE07 			.word	0x07FE0000
 3830 36f0 0000FC03 			.word	0x03FC0000
 3831 36f4 0000F801 			.word	0x01F80000
 3832 36f8 0000F000 			.word	0x00F00000
 3833 36fc 0000F801 			.word	0x01F80000
 3834 3700 0000F801 			.word	0x01F80000
 3835 3704 0000FC03 			.word	0x03FC0000
 3836 3708 0000FE07 			.word	0x07FE0000
 3837 370c 00009E07 			.word	0x079E0000
 3838 3710 00000F0F 			.word	0x0F0F0000
 3839 3714 00800F1F 			.word	0x1F0F8000
 3840 3718 0080071E 			.word	0x1E078000
 3841 371c 00C0033C 			.word	0x3C03C000
ARM GAS  font_arial32.s 			page 69


 3842 3720 00E0037C 			.word	0x7C03E000
 3843 3724 00F001F8 			.word	0xF801F000
 3844 3728 00F000F0 			.word	0xF000F000
 3845              	
 3846              	LOWERCASE_Y:
 3847 372c 79000000 			.word	'y			// ASCII "y" character
 3848 3730 15000000 			.word	21			// cell pixel width
 3849 3734 28000000 			.word	CELLHGHT		// cell pixel height
 3850 3738 13000000 			.word	19			// glyph pixel width
 3851 373c 20000000 			.word	32			// glyph pixel height
 3852 3740 01000000 			.word	1			// blank horizontal pixels before glyph
 3853 3744 01000000 			.word	1			// blank horizontal pixels after glyph
 3854 3748 08000000 			.word	8			// blank horizontal lines before glyph
 3855 374c 00000000 			.word	0			// blank horizontal lines after glyph
 3856              							// bit mapped glyph
 3857 3750 00E000F0 			.word	0xF000E000
 3858 3754 00E000F0 			.word	0xF000E000
 3859 3758 00E00170 			.word	0x7001E000
 3860 375c 00C00178 			.word	0x7801C000
 3861 3760 00C00378 			.word	0x7803C000
 3862 3764 00C00338 			.word	0x3803C000
 3863 3768 0080033C 			.word	0x3C038000
 3864 376c 0080073C 			.word	0x3C078000
 3865 3770 0080071C 			.word	0x1C078000
 3866 3774 0000071E 			.word	0x1E070000
 3867 3778 00000F0E 			.word	0x0E0F0000
 3868 377c 00000E0F 			.word	0x0F0E0000
 3869 3780 00000E0F 			.word	0x0F0E0000
 3870 3784 00001E07 			.word	0x071E0000
 3871 3788 00009C07 			.word	0x079C0000
 3872 378c 00009C07 			.word	0x079C0000
 3873 3790 0000BC03 			.word	0x03BC0000
 3874 3794 0000F803 			.word	0x03F80000
 3875 3798 0000F801 			.word	0x01F80000
 3876 379c 0000F801 			.word	0x01F80000
 3877 37a0 0000F001 			.word	0x01F00000
 3878 37a4 0000F000 			.word	0x00F00000
 3879 37a8 0000E000 			.word	0x00E00000
 3880 37ac 0000E000 			.word	0x00E00000
 3881 37b0 0000E001 			.word	0x01E00000
 3882 37b4 0000C001 			.word	0x01C00000
 3883 37b8 0000C003 			.word	0x03C00000
 3884 37bc 0000C007 			.word	0x07C00000
 3885 37c0 0000807F 			.word	0x7F800000
 3886 37c4 0000007F 			.word	0x7F000000
 3887 37c8 0000003F 			.word	0x3F000000
 3888 37cc 0000003C 			.word	0x3C000000
 3889              	
 3890              	LOWERCASE_Z:
 3891 37d0 7A000000 			.word	'z			// ASCII "z" character
 3892 37d4 15000000 			.word	21			// cell pixel width
 3893 37d8 28000000 			.word	CELLHGHT		// cell pixel height
 3894 37dc 13000000 			.word	19			// glyph pixel width
 3895 37e0 17000000 			.word	23			// glyph pixel height
 3896 37e4 01000000 			.word	1			// blank horizontal pixels before glyph
 3897 37e8 01000000 			.word	1			// blank horizontal pixels after glyph
 3898 37ec 08000000 			.word	8			// blank horizontal lines before glyph
ARM GAS  font_arial32.s 			page 70


 3899 37f0 09000000 			.word	9			// blank horizontal lines after glyph
 3900              							// bit mapped glyph
 3901 37f4 00C0FF7F 			.word	0x7FFFC000
 3902 37f8 00C0FF7F 			.word	0x7FFFC000
 3903 37fc 00C0FF7F 			.word	0x7FFFC000
 3904 3800 00C0FF7F 			.word	0x7FFFC000
 3905 3804 00800700 			.word	0x00078000
 3906 3808 00800F00 			.word	0x000F8000
 3907 380c 00001F00 			.word	0x001F0000
 3908 3810 00003E00 			.word	0x003E0000
 3909 3814 00007C00 			.word	0x007C0000
 3910 3818 0000F800 			.word	0x00F80000
 3911 381c 0000F000 			.word	0x00F00000
 3912 3820 0000E001 			.word	0x01E00000
 3913 3824 0000C003 			.word	0x03C00000
 3914 3828 0000C007 			.word	0x07C00000
 3915 382c 0000800F 			.word	0x0F800000
 3916 3830 0000001F 			.word	0x1F000000
 3917 3834 0000003E 			.word	0x3E000000
 3918 3838 0000007C 			.word	0x7C000000
 3919 383c 000000F8 			.word	0xF8000000
 3920 3840 00E0FFFF 			.word	0xFFFFE000
 3921 3844 00E0FFFF 			.word	0xFFFFE000
 3922 3848 00E0FFFF 			.word	0xFFFFE000
 3923 384c 00E0FFFF 			.word	0xFFFFE000
 3924              	
 3925              	LEFT_CURLY_BRACKET:
 3926 3850 7B000000 			.word	'{			// ASCII "{" character
 3927 3854 0E000000 			.word	14			// cell pixel width
 3928 3858 28000000 			.word	CELLHGHT		// cell pixel height
 3929 385c 0C000000 			.word	12			// glyph pixel width
 3930 3860 28000000 			.word	40			// glyph pixel height
 3931 3864 01000000 			.word	1			// blank horizontal pixels before glyph
 3932 3868 01000000 			.word	1			// blank horizontal pixels after glyph
 3933 386c 00000000 			.word	0			// blank horizontal lines before glyph
 3934 3870 00000000 			.word	0			// blank horizontal lines after glyph
 3935              							// bit mapped glyph
 3936 3874 0000F000 			.word	0x00F00000
 3937 3878 0000F003 			.word	0x03F00000
 3938 387c 0000F007 			.word	0x07F00000
 3939 3880 0000F007 			.word	0x07F00000
 3940 3884 00008007 			.word	0x07800000
 3941 3888 0000000F 			.word	0x0F000000
 3942 388c 0000000F 			.word	0x0F000000
 3943 3890 0000000F 			.word	0x0F000000
 3944 3894 0000000F 			.word	0x0F000000
 3945 3898 0000000F 			.word	0x0F000000
 3946 389c 0000000F 			.word	0x0F000000
 3947 38a0 0000000F 			.word	0x0F000000
 3948 38a4 0000000F 			.word	0x0F000000
 3949 38a8 0000000F 			.word	0x0F000000
 3950 38ac 0000000E 			.word	0x0E000000
 3951 38b0 0000000E 			.word	0x0E000000
 3952 38b4 0000001E 			.word	0x1E000000
 3953 38b8 0000003E 			.word	0x3E000000
 3954 38bc 000000FC 			.word	0xFC000000
 3955 38c0 000000F0 			.word	0xF0000000
ARM GAS  font_arial32.s 			page 71


 3956 38c4 000000F0 			.word	0xF0000000
 3957 38c8 000000FC 			.word	0xFC000000
 3958 38cc 0000003E 			.word	0x3E000000
 3959 38d0 0000001E 			.word	0x1E000000
 3960 38d4 0000000F 			.word	0x0F000000
 3961 38d8 0000000F 			.word	0x0F000000
 3962 38dc 0000000F 			.word	0x0F000000
 3963 38e0 0000000F 			.word	0x0F000000
 3964 38e4 0000000F 			.word	0x0F000000
 3965 38e8 0000000F 			.word	0x0F000000
 3966 38ec 0000000F 			.word	0x0F000000
 3967 38f0 0000000F 			.word	0x0F000000
 3968 38f4 0000000F 			.word	0x0F000000
 3969 38f8 0000000F 			.word	0x0F000000
 3970 38fc 00000007 			.word	0x07000000
 3971 3900 00008007 			.word	0x07800000
 3972 3904 0000F007 			.word	0x07F00000
 3973 3908 0000F007 			.word	0x07F00000
 3974 390c 0000F003 			.word	0x03F00000
 3975 3910 0000F000 			.word	0x00F00000
 3976              	
 3977              	VERTCIAL_LINE:
 3978 3914 7C000000 			.word	'|			// ASCII "|" character
 3979 3918 0B000000 			.word	11			// cell pixel width
 3980 391c 28000000 			.word	CELLHGHT		// cell pixel height
 3981 3920 03000000 			.word	3			// glyph pixel width
 3982 3924 28000000 			.word	40			// glyph pixel height
 3983 3928 04000000 			.word	4			// blank horizontal pixels before glyph
 3984 392c 04000000 			.word	4			// blank horizontal pixels after glyph
 3985 3930 00000000 			.word	0			// blank horizontal lines before glyph
 3986 3934 00000000 			.word	0			// blank horizontal lines after glyph
 3987              							// bit mapped glyph
 3988 3938 000000E0 			.word	0xE0000000
 3989 393c 000000E0 			.word	0xE0000000
 3990 3940 000000E0 			.word	0xE0000000
 3991 3944 000000E0 			.word	0xE0000000
 3992 3948 000000E0 			.word	0xE0000000
 3993 394c 000000E0 			.word	0xE0000000
 3994 3950 000000E0 			.word	0xE0000000
 3995 3954 000000E0 			.word	0xE0000000
 3996 3958 000000E0 			.word	0xE0000000
 3997 395c 000000E0 			.word	0xE0000000
 3998 3960 000000E0 			.word	0xE0000000
 3999 3964 000000E0 			.word	0xE0000000
 4000 3968 000000E0 			.word	0xE0000000
 4001 396c 000000E0 			.word	0xE0000000
 4002 3970 000000E0 			.word	0xE0000000
 4003 3974 000000E0 			.word	0xE0000000
 4004 3978 000000E0 			.word	0xE0000000
 4005 397c 000000E0 			.word	0xE0000000
 4006 3980 000000E0 			.word	0xE0000000
 4007 3984 000000E0 			.word	0xE0000000
 4008 3988 000000E0 			.word	0xE0000000
 4009 398c 000000E0 			.word	0xE0000000
 4010 3990 000000E0 			.word	0xE0000000
 4011 3994 000000E0 			.word	0xE0000000
 4012 3998 000000E0 			.word	0xE0000000
ARM GAS  font_arial32.s 			page 72


 4013 399c 000000E0 			.word	0xE0000000
 4014 39a0 000000E0 			.word	0xE0000000
 4015 39a4 000000E0 			.word	0xE0000000
 4016 39a8 000000E0 			.word	0xE0000000
 4017 39ac 000000E0 			.word	0xE0000000
 4018 39b0 000000E0 			.word	0xE0000000
 4019 39b4 000000E0 			.word	0xE0000000
 4020 39b8 000000E0 			.word	0xE0000000
 4021 39bc 000000E0 			.word	0xE0000000
 4022 39c0 000000E0 			.word	0xE0000000
 4023 39c4 000000E0 			.word	0xE0000000
 4024 39c8 000000E0 			.word	0xE0000000
 4025 39cc 000000E0 			.word	0xE0000000
 4026 39d0 000000E0 			.word	0xE0000000
 4027 39d4 000000E0 			.word	0xE0000000
 4028              	
 4029              	RIGHT_CURLY_BRACKET:
 4030 39d8 7D000000 			.word	'}			// ASCII "}" character
 4031 39dc 0E000000 			.word	14			// cell pixel width
 4032 39e0 28000000 			.word	CELLHGHT		// cell pixel height
 4033 39e4 0C000000 			.word	12			// glyph pixel width
 4034 39e8 28000000 			.word	40			// glyph pixel height
 4035 39ec 01000000 			.word	1			// blank horizontal pixels before glyph
 4036 39f0 01000000 			.word	1			// blank horizontal pixels after glyph
 4037 39f4 00000000 			.word	0			// blank horizontal lines before glyph
 4038 39f8 00000000 			.word	0			// blank horizontal lines after glyph
 4039              							// bit mapped glyph
 4040 39fc 000000F0 			.word	0xF0000000
 4041 3a00 000000FC 			.word	0xFC000000
 4042 3a04 000000FE 			.word	0xFE000000
 4043 3a08 000000FE 			.word	0xFE000000
 4044 3a0c 0000001E 			.word	0x1E000000
 4045 3a10 0000000F 			.word	0x0F000000
 4046 3a14 0000000F 			.word	0x0F000000
 4047 3a18 0000000F 			.word	0x0F000000
 4048 3a1c 0000000F 			.word	0x0F000000
 4049 3a20 0000000F 			.word	0x0F000000
 4050 3a24 0000000F 			.word	0x0F000000
 4051 3a28 0000000F 			.word	0x0F000000
 4052 3a2c 0000000F 			.word	0x0F000000
 4053 3a30 0000000F 			.word	0x0F000000
 4054 3a34 00000007 			.word	0x07000000
 4055 3a38 00000007 			.word	0x07000000
 4056 3a3c 00008007 			.word	0x07800000
 4057 3a40 0000C007 			.word	0x07C00000
 4058 3a44 0000F003 			.word	0x03F00000
 4059 3a48 0000F000 			.word	0x00F00000
 4060 3a4c 0000F000 			.word	0x00F00000
 4061 3a50 0000F003 			.word	0x03F00000
 4062 3a54 0000C007 			.word	0x07C00000
 4063 3a58 00008007 			.word	0x07800000
 4064 3a5c 0000000F 			.word	0x0F000000
 4065 3a60 0000000F 			.word	0x0F000000
 4066 3a64 0000000F 			.word	0x0F000000
 4067 3a68 0000000F 			.word	0x0F000000
 4068 3a6c 0000000F 			.word	0x0F000000
 4069 3a70 0000000F 			.word	0x0F000000
ARM GAS  font_arial32.s 			page 73


 4070 3a74 0000000F 			.word	0x0F000000
 4071 3a78 0000000F 			.word	0x0F000000
 4072 3a7c 0000000F 			.word	0x0F000000
 4073 3a80 0000000F 			.word	0x0F000000
 4074 3a84 0000000E 			.word	0x0E000000
 4075 3a88 0000001E 			.word	0x1E000000
 4076 3a8c 000000FE 			.word	0xFE000000
 4077 3a90 000000FE 			.word	0xFE000000
 4078 3a94 000000FC 			.word	0xFC000000
 4079 3a98 000000F0 			.word	0xF0000000
 4080              	
 4081              	TILDE:
 4082 3a9c 7E000000 			.word	'~			// ASCII "~" character
 4083 3aa0 19000000 			.word	25			// cell pixel width
 4084 3aa4 28000000 			.word	CELLHGHT		// cell pixel height
 4085 3aa8 15000000 			.word	21			// glyph pixel width
 4086 3aac 08000000 			.word	8			// glyph pixel height
 4087 3ab0 02000000 			.word	2			// blank horizontal pixels before glyph
 4088 3ab4 02000000 			.word	2			// blank horizontal pixels after glyph
 4089 3ab8 0C000000 			.word	12			// blank horizontal lines before glyph
 4090 3abc 14000000 			.word	20			// blank horizontal lines after glyph
 4091              							// bit mapped glyph
 4092 3ac0 0000001F 			.word	0x1F000000
 4093 3ac4 0008C03F 			.word	0x3FC00800
 4094 3ac8 0018F07F 			.word	0x7FF01800
 4095 3acc 0038F8FF 			.word	0xFFF83800
 4096 3ad0 00F8FFE0 			.word	0xE0FFF800
 4097 3ad4 00F07FC0 			.word	0xC07FF000
 4098 3ad8 00E01F80 			.word	0x801FE000
 4099 3adc 00C00700 			.word	0x0007C000
 4100              	
 4101              	HEX_0XF8:
 4102 3ae0 00000000 			.word	NULL			// no equivalent ASCII character
 4103 3ae4 11000000 			.word	17			// cell pixel width
 4104 3ae8 28000000 			.word	CELLHGHT		// cell pixel height
 4105 3aec 0B000000 			.word	11			// glyph pixel width
 4106 3af0 0C000000 			.word	12			// glyph pixel height
 4107 3af4 03000000 			.word	3			// blank horizontal pixels before glyph
 4108 3af8 03000000 			.word	3			// blank horizontal pixels after glyph
 4109 3afc 00000000 			.word	0			// blank horizontal lines before glyph
 4110 3b00 1C000000 			.word	28			// blank horizontal lines after glyph
 4111              							// bit mapped glyph
 4112 3b04 0000001F 			.word	0x1F000000
 4113 3b08 0000803F 			.word	0x3F800000
 4114 3b0c 0000C071 			.word	0x71C00000
 4115 3b10 0000E0E0 			.word	0xE0E00000
 4116 3b14 000060C0 			.word	0xC0600000
 4117 3b18 000060C0 			.word	0xC0600000
 4118 3b1c 000060C0 			.word	0xC0600000
 4119 3b20 000060C0 			.word	0xC0600000
 4120 3b24 0000E0E0 			.word	0xE0E00000
 4121 3b28 0000C071 			.word	0x71C00000
 4122 3b2c 0000803F 			.word	0x3F800000
 4123 3b30 0000001F 			.word	0x1F000000
 4124              	
 4125              	HEX_0XFD:
 4126 3b34 00000000 			.word	NULL			// no equivalent ASCII character
ARM GAS  font_arial32.s 			page 74


 4127 3b38 0E000000 			.word	14			// cell pixel width
 4128 3b3c 28000000 			.word	CELLHGHT		// cell pixel height
 4129 3b40 0C000000 			.word	12			// glyph pixel width
 4130 3b44 10000000 			.word	16			// glyph pixel height
 4131 3b48 01000000 			.word	1			// blank horizontal pixels before glyph
 4132 3b4c 01000000 			.word	1			// blank horizontal pixels after glyph
 4133 3b50 00000000 			.word	0			// blank horizontal lines before glyph
 4134 3b54 18000000 			.word	24			// blank horizontal lines after glyph
 4135              							// bit mapped glyph
 4136 3b58 0000C01F 			.word	0x1FC00000
 4137 3b5c 0000E03F 			.word	0x3FE00000
 4138 3b60 0000F07F 			.word	0x7FF00000
 4139 3b64 0000F070 			.word	0x70F00000
 4140 3b68 000070E0 			.word	0xE0700000
 4141 3b6c 00007000 			.word	0x00700000
 4142 3b70 0000F000 			.word	0x00F00000
 4143 3b74 0000E001 			.word	0x01E00000
 4144 3b78 0000C003 			.word	0x03C00000
 4145 3b7c 00008007 			.word	0x07800000
 4146 3b80 0000001F 			.word	0x1F000000
 4147 3b84 0000003E 			.word	0x3E000000
 4148 3b88 00000078 			.word	0x78000000
 4149 3b8c 0000F0FF 			.word	0xFFF00000
 4150 3b90 0000F0FF 			.word	0xFFF00000
 4151 3b94 0000F0FF 			.word	0xFFF00000
 4152              	
 4153              			.end
