ARM GAS  font_VGA_8x16.s 			page 1


   1              	/*******************************************************************************
   2              	*
   3              	* VGA 8x16 font, fixed width
   4              	*
   5              	* Copyright (c) 2022
   6              	*
   7              	*******************************************************************************/
   8              	
   9              	/*******************************************************************************
  10              	*
  11              	* Revision History
  12              	* ----------------------------------------------
  13              	* 10h	 3/17/22	PMW	Initial creation
  14              	*
  15              	*******************************************************************************/
  16              	
  17              	// External reference
  18              	
  19              			.global  Font_VGA_8x16
  20              	
  21              	// Equates (i.e. defines)
  22              	
  23              			.equ	NULL, 0
  24              			.equ	CELLWDTH, 8
  25              			.equ	CELLHGHT, 16
  26              	
  27              	// Data Section
  28              	
  29              			.data
  30              	
  31              			.align	2
  32              	
  33              	/*******************************************************************************
  34              	*
  35              	* Font information, must be at beginning of font file
  36              	*
  37              	*******************************************************************************/
  38              	
  39              	Font_VGA_8x16:
  40              	
  41 0000 10000000 			.word	STRING			// String font name offset
  42 0004 2C000000 			.word	TABLE			// ASCII character table of offset addresses
  43 0008 08000000 			.word	CELLWDTH		// cell pixel width
  44 000c 10000000 			.word	CELLHGHT		// cell pixel height
  45              	
  46              	/*******************************************************************************
  47              	*
  48              	* Font string name
  49              	*
  50              	*******************************************************************************/
  51              	
  52              	STRING:
  53              	
  54 0010 56474120 			.asciz	"VGA 8x16 font, fixed width"
  54      38783136 
  54      20666F6E 
  54      742C2066 
ARM GAS  font_VGA_8x16.s 			page 2


  54      69786564 
  55              	
  56 002b 00       			.align	2
  57              	
  58              	/*******************************************************************************
  59              	*
  60              	* Table of offset addresses
  61              	*
  62              	* There is one entry for each of the 256 characters that can be represented
  63              	* A null entry means there is no gyph associated with that entry
  64              	*
  65              	*******************************************************************************/
  66              	
  67              	TABLE:
  68 002c 00000000 			.word	NULL			// 00h - null, can't be used as it's string terminator
  69 0030 2C040000 			.word	HEX_0X01
  70 0034 90040000 			.word	HEX_0X02
  71 0038 F4040000 			.word	HEX_0X03
  72 003c 58050000 			.word	HEX_0X04
  73 0040 BC050000 			.word	HEX_0X05
  74 0044 20060000 			.word	HEX_0X06
  75 0048 84060000 			.word	HEX_0X07
  76 004c E8060000 			.word	HEX_0X08
  77 0050 4C070000 			.word	HEX_0X09
  78 0054 B0070000 			.word	HEX_0X0A
  79 0058 14080000 			.word	HEX_0X0B
  80 005c 78080000 			.word	HEX_0X0C
  81 0060 DC080000 			.word	HEX_0X0D
  82 0064 40090000 			.word	HEX_0X0E
  83 0068 A4090000 			.word	HEX_0X0F
  84 006c 080A0000 			.word	HEX_0X10
  85 0070 6C0A0000 			.word	HEX_0X11
  86 0074 D00A0000 			.word	HEX_0X12
  87 0078 340B0000 			.word	HEX_0X13
  88 007c 980B0000 			.word	HEX_0X14
  89 0080 FC0B0000 			.word	HEX_0X15
  90 0084 600C0000 			.word	HEX_0X16
  91 0088 C40C0000 			.word	HEX_0X17
  92 008c 280D0000 			.word	HEX_0X18
  93 0090 8C0D0000 			.word	HEX_0X19
  94 0094 F00D0000 			.word	HEX_0X1A
  95 0098 540E0000 			.word	HEX_0X1B
  96 009c B80E0000 			.word	HEX_0X1C
  97 00a0 1C0F0000 			.word	HEX_0X1D
  98 00a4 800F0000 			.word	HEX_0X1E
  99 00a8 E40F0000 			.word	HEX_0X1F
 100 00ac 48100000 			.word	SPACE			// <space>
 101 00b0 AC100000 			.word	EXCLAMATION_MARK	// !
 102 00b4 10110000 			.word	QUOTE_MARK		// "
 103 00b8 74110000 			.word	NUMBER_SIGN		// #
 104 00bc D8110000 			.word	DOLLAR_SIGN		// $
 105 00c0 3C120000 			.word	PERCENT_SIGN		// %
 106 00c4 A0120000 			.word	AMPERSAND		// &
 107 00c8 04130000 			.word	APOSTROPHE		// '
 108 00cc 68130000 			.word	LEFT_PAREN		// (
 109 00d0 CC130000 			.word	RIGHT_PAREN		// )
 110 00d4 30140000 			.word	ASTERISK		// *
ARM GAS  font_VGA_8x16.s 			page 3


 111 00d8 94140000 			.word	PLUS_SIGN		// +
 112 00dc F8140000 			.word	COMMA			// ,
 113 00e0 5C150000 			.word	MINUS_SIGN		// -
 114 00e4 C0150000 			.word	PERIOD			// .
 115 00e8 24160000 			.word	FORWARD_SLASH		// /
 116 00ec 88160000 			.word	ZERO			// 0
 117 00f0 EC160000 			.word	ONE			// 1
 118 00f4 50170000 			.word	TWO			// 2
 119 00f8 B4170000 			.word	THREE			// 3
 120 00fc 18180000 			.word	FOUR			// 4
 121 0100 7C180000 			.word	FIVE			// 5
 122 0104 E0180000 			.word	SIX			// 6
 123 0108 44190000 			.word	SEVEN			// 7
 124 010c A8190000 			.word	EIGHT			// 8
 125 0110 0C1A0000 			.word	NINE			// 9
 126 0114 701A0000 			.word	COLON			// :
 127 0118 D41A0000 			.word	SEMI_COLON		// ;
 128 011c 381B0000 			.word	LESS_THAN_SIGN		// <
 129 0120 9C1B0000 			.word	EQUAL_SIGN		// =
 130 0124 001C0000 			.word	GREATER_THAN_SIGN	// >
 131 0128 641C0000 			.word	QUESTION_MARK		// ?
 132 012c C81C0000 			.word	AT_SIGN			// @
 133 0130 2C1D0000 			.word	UPPERCASE_A		// A
 134 0134 901D0000 			.word	UPPERCASE_B		// B
 135 0138 F41D0000 			.word	UPPERCASE_C		// C
 136 013c 581E0000 			.word	UPPERCASE_D		// D
 137 0140 BC1E0000 			.word	UPPERCASE_E		// E
 138 0144 201F0000 			.word	UPPERCASE_F		// F
 139 0148 841F0000 			.word	UPPERCASE_G		// G
 140 014c E81F0000 			.word	UPPERCASE_H		// H
 141 0150 4C200000 			.word	UPPERCASE_I		// I
 142 0154 B0200000 			.word	UPPERCASE_J		// J
 143 0158 14210000 			.word	UPPERCASE_K		// K
 144 015c 78210000 			.word	UPPERCASE_L		// L
 145 0160 DC210000 			.word	UPPERCASE_M		// M
 146 0164 40220000 			.word	UPPERCASE_N		// N
 147 0168 A4220000 			.word	UPPERCASE_O		// O
 148 016c 08230000 			.word	UPPERCASE_P		// P
 149 0170 6C230000 			.word	UPPERCASE_Q		// Q
 150 0174 D0230000 			.word	UPPERCASE_R		// R
 151 0178 34240000 			.word	UPPERCASE_S		// S
 152 017c 98240000 			.word	UPPERCASE_T		// T
 153 0180 FC240000 			.word	UPPERCASE_U		// U
 154 0184 60250000 			.word	UPPERCASE_V		// V
 155 0188 C4250000 			.word	UPPERCASE_W		// W
 156 018c 28260000 			.word	UPPERCASE_X		// X
 157 0190 8C260000 			.word	UPPERCASE_Y		// Y
 158 0194 F0260000 			.word	UPPERCASE_Z		// Z
 159 0198 54270000 			.word	LEFT_SQUARE_BRACKET	// [
 160 019c B8270000 			.word	BACK_SLASH		// \
 161 01a0 1C280000 			.word	RIGHT_SQUARE_BRACKET	// ]
 162 01a4 80280000 			.word	CARROT			// ^
 163 01a8 E4280000 			.word	UNDERSCORE		// _
 164 01ac 48290000 			.word	ACCENT_MARK		// `
 165 01b0 AC290000 			.word	LOWERCASE_A		// a
 166 01b4 102A0000 			.word	LOWERCASE_B		// b
 167 01b8 742A0000 			.word	LOWERCASE_C		// c
ARM GAS  font_VGA_8x16.s 			page 4


 168 01bc D82A0000 			.word	LOWERCASE_D		// d
 169 01c0 3C2B0000 			.word	LOWERCASE_E		// e
 170 01c4 A02B0000 			.word	LOWERCASE_F		// f
 171 01c8 042C0000 			.word	LOWERCASE_G		// g
 172 01cc 682C0000 			.word	LOWERCASE_H		// h
 173 01d0 CC2C0000 			.word	LOWERCASE_I		// i
 174 01d4 302D0000 			.word	LOWERCASE_J		// j
 175 01d8 942D0000 			.word	LOWERCASE_K		// k
 176 01dc F82D0000 			.word	LOWERCASE_L		// l
 177 01e0 5C2E0000 			.word	LOWERCASE_M		// m
 178 01e4 C02E0000 			.word	LOWERCASE_N		// n
 179 01e8 242F0000 			.word	LOWERCASE_O		// o
 180 01ec 882F0000 			.word	LOWERCASE_P		// p
 181 01f0 EC2F0000 			.word	LOWERCASE_Q		// q
 182 01f4 50300000 			.word	LOWERCASE_R		// r
 183 01f8 B4300000 			.word	LOWERCASE_S		// s
 184 01fc 18310000 			.word	LOWERCASE_T		// t
 185 0200 7C310000 			.word	LOWERCASE_U		// u
 186 0204 E0310000 			.word	LOWERCASE_V		// v
 187 0208 44320000 			.word	LOWERCASE_W		// w
 188 020c A8320000 			.word	LOWERCASE_X		// x
 189 0210 0C330000 			.word	LOWERCASE_Y		// y
 190 0214 70330000 			.word	LOWERCASE_Z		// z
 191 0218 D4330000 			.word	LEFT_CURLY_BRACKET	// {
 192 021c 38340000 			.word	VERTCIAL_LINE		// |
 193 0220 9C340000 			.word	RIGHT_CURLY_BRACKET	// }
 194 0224 00350000 			.word	TILDE			// ~
 195 0228 64350000 			.word	DELETE			// <delete>
 196 022c C8350000 			.word	HEX_0X80
 197 0230 2C360000 			.word	HEX_0X81
 198 0234 90360000 			.word	HEX_0X82
 199 0238 F4360000 			.word	HEX_0X83
 200 023c 58370000 			.word	HEX_0X84
 201 0240 BC370000 			.word	HEX_0X85
 202 0244 20380000 			.word	HEX_0X86
 203 0248 84380000 			.word	HEX_0X87
 204 024c E8380000 			.word	HEX_0X88
 205 0250 4C390000 			.word	HEX_0X89
 206 0254 B0390000 			.word	HEX_0X8A
 207 0258 143A0000 			.word	HEX_0X8B
 208 025c 783A0000 			.word	HEX_0X8C
 209 0260 DC3A0000 			.word	HEX_0X8D
 210 0264 403B0000 			.word	HEX_0X8E
 211 0268 A43B0000 			.word	HEX_0X8F
 212 026c 083C0000 			.word	HEX_0X90
 213 0270 6C3C0000 			.word	HEX_0X91
 214 0274 D03C0000 			.word	HEX_0X92
 215 0278 343D0000 			.word	HEX_0X93
 216 027c 983D0000 			.word	HEX_0X94
 217 0280 FC3D0000 			.word	HEX_0X95
 218 0284 603E0000 			.word	HEX_0X96
 219 0288 C43E0000 			.word	HEX_0X97
 220 028c 283F0000 			.word	HEX_0X98
 221 0290 8C3F0000 			.word	HEX_0X99
 222 0294 F03F0000 			.word	HEX_0X9A
 223 0298 54400000 			.word	HEX_0X9B
 224 029c B8400000 			.word	HEX_0X9C
ARM GAS  font_VGA_8x16.s 			page 5


 225 02a0 1C410000 			.word	HEX_0X9D
 226 02a4 80410000 			.word	HEX_0X9E
 227 02a8 E4410000 			.word	HEX_0X9F
 228 02ac 48420000 			.word	HEX_0XA0
 229 02b0 AC420000 			.word	HEX_0XA1
 230 02b4 10430000 			.word	HEX_0XA2
 231 02b8 74430000 			.word	HEX_0XA3
 232 02bc D8430000 			.word	HEX_0XA4
 233 02c0 3C440000 			.word	HEX_0XA5
 234 02c4 A0440000 			.word	HEX_0XA6
 235 02c8 04450000 			.word	HEX_0XA7
 236 02cc 68450000 			.word	HEX_0XA8
 237 02d0 CC450000 			.word	HEX_0XA9
 238 02d4 30460000 			.word	HEX_0XAA
 239 02d8 94460000 			.word	HEX_0XAB
 240 02dc F8460000 			.word	HEX_0XAC
 241 02e0 5C470000 			.word	HEX_0XAD
 242 02e4 C0470000 			.word	HEX_0XAE
 243 02e8 24480000 			.word	HEX_0XAF
 244 02ec 88480000 			.word	HEX_0XB0
 245 02f0 EC480000 			.word	HEX_0XB1
 246 02f4 50490000 			.word	HEX_0XB2
 247 02f8 B4490000 			.word	HEX_0XB3
 248 02fc 184A0000 			.word	HEX_0XB4
 249 0300 7C4A0000 			.word	HEX_0XB5
 250 0304 E04A0000 			.word	HEX_0XB6
 251 0308 444B0000 			.word	HEX_0XB7
 252 030c A84B0000 			.word	HEX_0XB8
 253 0310 0C4C0000 			.word	HEX_0XB9
 254 0314 704C0000 			.word	HEX_0XBA
 255 0318 D44C0000 			.word	HEX_0XBB
 256 031c 384D0000 			.word	HEX_0XBC
 257 0320 9C4D0000 			.word	HEX_0XBD
 258 0324 004E0000 			.word	HEX_0XBE
 259 0328 644E0000 			.word	HEX_0XBF
 260 032c C84E0000 			.word	HEX_0XC0
 261 0330 2C4F0000 			.word	HEX_0XC1
 262 0334 904F0000 			.word	HEX_0XC2
 263 0338 F44F0000 			.word	HEX_0XC3
 264 033c 58500000 			.word	HEX_0XC4
 265 0340 BC500000 			.word	HEX_0XC5
 266 0344 20510000 			.word	HEX_0XC6
 267 0348 84510000 			.word	HEX_0XC7
 268 034c E8510000 			.word	HEX_0XC8
 269 0350 4C520000 			.word	HEX_0XC9
 270 0354 B0520000 			.word	HEX_0XCA
 271 0358 14530000 			.word	HEX_0XCB
 272 035c 78530000 			.word	HEX_0XCC
 273 0360 DC530000 			.word	HEX_0XCD
 274 0364 40540000 			.word	HEX_0XCE
 275 0368 A4540000 			.word	HEX_0XCF
 276 036c 08550000 			.word	HEX_0XD0
 277 0370 6C550000 			.word	HEX_0XD1
 278 0374 D0550000 			.word	HEX_0XD2
 279 0378 34560000 			.word	HEX_0XD3
 280 037c 98560000 			.word	HEX_0XD4
 281 0380 FC560000 			.word	HEX_0XD5
ARM GAS  font_VGA_8x16.s 			page 6


 282 0384 60570000 			.word	HEX_0XD6
 283 0388 C4570000 			.word	HEX_0XD7
 284 038c 28580000 			.word	HEX_0XD8
 285 0390 8C580000 			.word	HEX_0XD9
 286 0394 F0580000 			.word	HEX_0XDA
 287 0398 54590000 			.word	HEX_0XDB
 288 039c B8590000 			.word	HEX_0XDC
 289 03a0 1C5A0000 			.word	HEX_0XDD
 290 03a4 805A0000 			.word	HEX_0XDE
 291 03a8 E45A0000 			.word	HEX_0XDF
 292 03ac 485B0000 			.word	HEX_0XE0
 293 03b0 AC5B0000 			.word	HEX_0XE1
 294 03b4 105C0000 			.word	HEX_0XE2
 295 03b8 745C0000 			.word	HEX_0XE3
 296 03bc D85C0000 			.word	HEX_0XE4
 297 03c0 3C5D0000 			.word	HEX_0XE5
 298 03c4 A05D0000 			.word	HEX_0XE6
 299 03c8 045E0000 			.word	HEX_0XE7
 300 03cc 685E0000 			.word	HEX_0XE8
 301 03d0 CC5E0000 			.word	HEX_0XE9
 302 03d4 305F0000 			.word	HEX_0XEA
 303 03d8 945F0000 			.word	HEX_0XEB
 304 03dc F85F0000 			.word	HEX_0XEC
 305 03e0 5C600000 			.word	HEX_0XED
 306 03e4 C0600000 			.word	HEX_0XEE
 307 03e8 24610000 			.word	HEX_0XEF
 308 03ec 88610000 			.word	HEX_0XF0
 309 03f0 EC610000 			.word	HEX_0XF1
 310 03f4 50620000 			.word	HEX_0XF2
 311 03f8 B4620000 			.word	HEX_0XF3
 312 03fc 18630000 			.word	HEX_0XF4
 313 0400 7C630000 			.word	HEX_0XF5
 314 0404 E0630000 			.word	HEX_0XF6
 315 0408 44640000 			.word	HEX_0XF7
 316 040c A8640000 			.word	HEX_0XF8
 317 0410 0C650000 			.word	HEX_0XF9
 318 0414 70650000 			.word	HEX_0XFA
 319 0418 D4650000 			.word	HEX_0XFB
 320 041c 38660000 			.word	HEX_0XFC
 321 0420 9C660000 			.word	HEX_0XFD
 322 0424 00670000 			.word	HEX_0XFE
 323 0428 64670000 			.word	HEX_0XFF
 324              	
 325              	/*******************************************************************************
 326              	*
 327              	* Bit mapped glyph data (address offsets)
 328              	* 0: ASCII character
 329              	* 4: cell pixel width (may be variable for proportional spacing)
 330              	* 8: cell pixel height (must be constant for all characters in a font)
 331              	* 12: glyph pixel width
 332              	* 16: glyph pixel height
 333              	* 20: blank horizontal pixels before glyph
 334              	* 24: blank horizontal pixels after glyph
 335              	* 28: blank horizontal lines before glyph
 336              	* 32: blank horizontal lines after glyph
 337              	* 36: bit mapped glyph
 338              	*
ARM GAS  font_VGA_8x16.s 			page 7


 339              	* cell pixel width = blank horizontal pixels before glyph + glyph pixel width + blank horizontal pi
 340              	*
 341              	* cell pixel height = blank horizontal lines before glyph + glyph pixel height + blank horizontal l
 342              	*
 343              	*******************************************************************************/
 344              	
 345              	HEX_0X01:
 346 042c 00000000 			.word	NULL			// no equivalent ASCII character
 347 0430 08000000 			.word	CELLWDTH		// cell pixel width
 348 0434 10000000 			.word	CELLHGHT		// cell pixel height
 349 0438 08000000 			.word	CELLWDTH		// glyph pixel width
 350 043c 10000000 			.word	CELLHGHT		// glyph pixel height
 351 0440 00000000 			.word	0			// blank horizontal pixels before glyph
 352 0444 00000000 			.word	0			// blank horizontal pixels after glyph
 353 0448 00000000 			.word	0			// blank horizontal lines before glyph
 354 044c 00000000 			.word	0			// blank horizontal lines after glyph
 355              							// bit mapped glyph
 356 0450 00000000 			.word	0x00000000, 0x00000000, 0x7E000000, 0x81000000, 0xA5000000, 0x81000000, 0x81000000, 0xBD000
 356      00000000 
 356      0000007E 
 356      00000081 
 356      000000A5 
 357              	
 358              	HEX_0X02:
 359 0490 00000000 			.word	NULL			// no equivalent ASCII character
 360 0494 08000000 			.word	CELLWDTH		// cell pixel width
 361 0498 10000000 			.word	CELLHGHT		// cell pixel height
 362 049c 08000000 			.word	CELLWDTH		// glyph pixel width
 363 04a0 10000000 			.word	CELLHGHT		// glyph pixel height
 364 04a4 00000000 			.word	0			// blank horizontal pixels before glyph
 365 04a8 00000000 			.word	0			// blank horizontal pixels after glyph
 366 04ac 00000000 			.word	0			// blank horizontal lines before glyph
 367 04b0 00000000 			.word	0			// blank horizontal lines after glyph
 368              							// bit mapped glyph
 369 04b4 00000000 			.word	0x00000000, 0x00000000, 0x7E000000, 0xFF000000, 0xDB000000, 0xFF000000, 0xFF000000, 0xC3000
 369      00000000 
 369      0000007E 
 369      000000FF 
 369      000000DB 
 370              	
 371              	HEX_0X03:
 372 04f4 00000000 			.word	NULL			// no equivalent ASCII character
 373 04f8 08000000 			.word	CELLWDTH		// cell pixel width
 374 04fc 10000000 			.word	CELLHGHT		// cell pixel height
 375 0500 08000000 			.word	CELLWDTH		// glyph pixel width
 376 0504 10000000 			.word	CELLHGHT		// glyph pixel height
 377 0508 00000000 			.word	0			// blank horizontal pixels before glyph
 378 050c 00000000 			.word	0			// blank horizontal pixels after glyph
 379 0510 00000000 			.word	0			// blank horizontal lines before glyph
 380 0514 00000000 			.word	0			// blank horizontal lines after glyph
 381              							// bit mapped glyph
 382 0518 00000000 			.word	0x00000000, 0x00000000, 0x00000000, 0x00000000, 0x6C000000, 0xFE000000, 0xFE000000, 0xFE000
 382      00000000 
 382      00000000 
 382      00000000 
 382      0000006C 
 383              	
ARM GAS  font_VGA_8x16.s 			page 8


 384              	HEX_0X04:
 385 0558 00000000 			.word	NULL			// no equivalent ASCII character
 386 055c 08000000 			.word	CELLWDTH		// cell pixel width
 387 0560 10000000 			.word	CELLHGHT		// cell pixel height
 388 0564 08000000 			.word	CELLWDTH		// glyph pixel width
 389 0568 10000000 			.word	CELLHGHT		// glyph pixel height
 390 056c 00000000 			.word	0			// blank horizontal pixels before glyph
 391 0570 00000000 			.word	0			// blank horizontal pixels after glyph
 392 0574 00000000 			.word	0			// blank horizontal lines before glyph
 393 0578 00000000 			.word	0			// blank horizontal lines after glyph
 394              							// bit mapped glyph
 395 057c 00000000 			.word	0x00000000, 0x00000000, 0x00000000, 0x00000000, 0x10000000, 0x38000000, 0x7C000000, 0xFE000
 395      00000000 
 395      00000000 
 395      00000000 
 395      00000010 
 396              	
 397              	HEX_0X05:
 398 05bc 00000000 			.word	NULL			// no equivalent ASCII character
 399 05c0 08000000 			.word	CELLWDTH		// cell pixel width
 400 05c4 10000000 			.word	CELLHGHT		// cell pixel height
 401 05c8 08000000 			.word	CELLWDTH		// glyph pixel width
 402 05cc 10000000 			.word	CELLHGHT		// glyph pixel height
 403 05d0 00000000 			.word	0			// blank horizontal pixels before glyph
 404 05d4 00000000 			.word	0			// blank horizontal pixels after glyph
 405 05d8 00000000 			.word	0			// blank horizontal lines before glyph
 406 05dc 00000000 			.word	0			// blank horizontal lines after glyph
 407              							// bit mapped glyph
 408 05e0 00000000 			.word	0x00000000, 0x00000000, 0x00000000, 0x18000000, 0x3C000000, 0x3C000000, 0xE7000000, 0xE7000
 408      00000000 
 408      00000000 
 408      00000018 
 408      0000003C 
 409              	
 410              	HEX_0X06:
 411 0620 00000000 			.word	NULL			// no equivalent ASCII character
 412 0624 08000000 			.word	CELLWDTH		// cell pixel width
 413 0628 10000000 			.word	CELLHGHT		// cell pixel height
 414 062c 08000000 			.word	CELLWDTH		// glyph pixel width
 415 0630 10000000 			.word	CELLHGHT		// glyph pixel height
 416 0634 00000000 			.word	0			// blank horizontal pixels before glyph
 417 0638 00000000 			.word	0			// blank horizontal pixels after glyph
 418 063c 00000000 			.word	0			// blank horizontal lines before glyph
 419 0640 00000000 			.word	0			// blank horizontal lines after glyph
 420              							// bit mapped glyph
 421 0644 00000000 			.word	0x00000000, 0x00000000, 0x00000000, 0x18000000, 0x3C000000, 0x7E000000, 0xFF000000, 0xFF000
 421      00000000 
 421      00000000 
 421      00000018 
 421      0000003C 
 422              	
 423              	HEX_0X07:
 424 0684 00000000 			.word	NULL			// no equivalent ASCII character
 425 0688 08000000 			.word	CELLWDTH		// cell pixel width
 426 068c 10000000 			.word	CELLHGHT		// cell pixel height
 427 0690 08000000 			.word	CELLWDTH		// glyph pixel width
 428 0694 10000000 			.word	CELLHGHT		// glyph pixel height
ARM GAS  font_VGA_8x16.s 			page 9


 429 0698 00000000 			.word	0			// blank horizontal pixels before glyph
 430 069c 00000000 			.word	0			// blank horizontal pixels after glyph
 431 06a0 00000000 			.word	0			// blank horizontal lines before glyph
 432 06a4 00000000 			.word	0			// blank horizontal lines after glyph
 433              							// bit mapped glyph
 434 06a8 00000000 			.word	0x00000000, 0x00000000, 0x00000000, 0x00000000, 0x00000000, 0x00000000, 0x18000000, 0x3C000
 434      00000000 
 434      00000000 
 434      00000000 
 434      00000000 
 435              	
 436              	HEX_0X08:
 437 06e8 00000000 			.word	NULL			// no equivalent ASCII character
 438 06ec 08000000 			.word	CELLWDTH		// cell pixel width
 439 06f0 10000000 			.word	CELLHGHT		// cell pixel height
 440 06f4 08000000 			.word	CELLWDTH		// glyph pixel width
 441 06f8 10000000 			.word	CELLHGHT		// glyph pixel height
 442 06fc 00000000 			.word	0			// blank horizontal pixels before glyph
 443 0700 00000000 			.word	0			// blank horizontal pixels after glyph
 444 0704 00000000 			.word	0			// blank horizontal lines before glyph
 445 0708 00000000 			.word	0			// blank horizontal lines after glyph
 446              							// bit mapped glyph
 447 070c 000000FF 			.word	0xFF000000, 0xFF000000, 0xFF000000, 0xFF000000, 0xFF000000, 0xFF000000, 0xE7000000, 0xC3000
 447      000000FF 
 447      000000FF 
 447      000000FF 
 447      000000FF 
 448              	
 449              	HEX_0X09:
 450 074c 00000000 			.word	NULL			// no equivalent ASCII character
 451 0750 08000000 			.word	CELLWDTH		// cell pixel width
 452 0754 10000000 			.word	CELLHGHT		// cell pixel height
 453 0758 08000000 			.word	CELLWDTH		// glyph pixel width
 454 075c 10000000 			.word	CELLHGHT		// glyph pixel height
 455 0760 00000000 			.word	0			// blank horizontal pixels before glyph
 456 0764 00000000 			.word	0			// blank horizontal pixels after glyph
 457 0768 00000000 			.word	0			// blank horizontal lines before glyph
 458 076c 00000000 			.word	0			// blank horizontal lines after glyph
 459              							// bit mapped glyph
 460 0770 00000000 			.word	0x00000000, 0x00000000, 0x00000000, 0x00000000, 0x00000000, 0x3C000000, 0x66000000, 0x42000
 460      00000000 
 460      00000000 
 460      00000000 
 460      00000000 
 461              	
 462              	HEX_0X0A:
 463 07b0 00000000 			.word	NULL			// no equivalent ASCII character
 464 07b4 08000000 			.word	CELLWDTH		// cell pixel width
 465 07b8 10000000 			.word	CELLHGHT		// cell pixel height
 466 07bc 08000000 			.word	CELLWDTH		// glyph pixel width
 467 07c0 10000000 			.word	CELLHGHT		// glyph pixel height
 468 07c4 00000000 			.word	0			// blank horizontal pixels before glyph
 469 07c8 00000000 			.word	0			// blank horizontal pixels after glyph
 470 07cc 00000000 			.word	0			// blank horizontal lines before glyph
 471 07d0 00000000 			.word	0			// blank horizontal lines after glyph
 472              							// bit mapped glyph
 473 07d4 000000FF 			.word	0xFF000000, 0xFF000000, 0xFF000000, 0xFF000000, 0xFF000000, 0xC3000000, 0x99000000, 0xBD000
ARM GAS  font_VGA_8x16.s 			page 10


 473      000000FF 
 473      000000FF 
 473      000000FF 
 473      000000FF 
 474              	
 475              	HEX_0X0B:
 476 0814 00000000 			.word	NULL			// no equivalent ASCII character
 477 0818 08000000 			.word	CELLWDTH		// cell pixel width
 478 081c 10000000 			.word	CELLHGHT		// cell pixel height
 479 0820 08000000 			.word	CELLWDTH		// glyph pixel width
 480 0824 10000000 			.word	CELLHGHT		// glyph pixel height
 481 0828 00000000 			.word	0			// blank horizontal pixels before glyph
 482 082c 00000000 			.word	0			// blank horizontal pixels after glyph
 483 0830 00000000 			.word	0			// blank horizontal lines before glyph
 484 0834 00000000 			.word	0			// blank horizontal lines after glyph
 485              							// bit mapped glyph
 486 0838 00000000 			.word	0x00000000, 0x00000000, 0x1E000000, 0x0E000000, 0x1A000000, 0x32000000, 0x78000000, 0xCC000
 486      00000000 
 486      0000001E 
 486      0000000E 
 486      0000001A 
 487              	
 488              	HEX_0X0C:
 489 0878 00000000 			.word	NULL			// no equivalent ASCII character
 490 087c 08000000 			.word	CELLWDTH		// cell pixel width
 491 0880 10000000 			.word	CELLHGHT		// cell pixel height
 492 0884 08000000 			.word	CELLWDTH		// glyph pixel width
 493 0888 10000000 			.word	CELLHGHT		// glyph pixel height
 494 088c 00000000 			.word	0			// blank horizontal pixels before glyph
 495 0890 00000000 			.word	0			// blank horizontal pixels after glyph
 496 0894 00000000 			.word	0			// blank horizontal lines before glyph
 497 0898 00000000 			.word	0			// blank horizontal lines after glyph
 498              							// bit mapped glyph
 499 089c 00000000 			.word	0x00000000, 0x00000000, 0x3C000000, 0x66000000, 0x66000000, 0x66000000, 0x66000000, 0x3C000
 499      00000000 
 499      0000003C 
 499      00000066 
 499      00000066 
 500              	
 501              	HEX_0X0D:
 502 08dc 00000000 			.word	NULL			// no equivalent ASCII character
 503 08e0 08000000 			.word	CELLWDTH		// cell pixel width
 504 08e4 10000000 			.word	CELLHGHT		// cell pixel height
 505 08e8 08000000 			.word	CELLWDTH		// glyph pixel width
 506 08ec 10000000 			.word	CELLHGHT		// glyph pixel height
 507 08f0 00000000 			.word	0			// blank horizontal pixels before glyph
 508 08f4 00000000 			.word	0			// blank horizontal pixels after glyph
 509 08f8 00000000 			.word	0			// blank horizontal lines before glyph
 510 08fc 00000000 			.word	0			// blank horizontal lines after glyph
 511              							// bit mapped glyph
 512 0900 00000000 			.word	0x00000000, 0x00000000, 0x3F000000, 0x33000000, 0x3F000000, 0x30000000, 0x30000000, 0x30000
 512      00000000 
 512      0000003F 
 512      00000033 
 512      0000003F 
 513              	
 514              	HEX_0X0E:
ARM GAS  font_VGA_8x16.s 			page 11


 515 0940 00000000 			.word	NULL			// no equivalent ASCII character
 516 0944 08000000 			.word	CELLWDTH		// cell pixel width
 517 0948 10000000 			.word	CELLHGHT		// cell pixel height
 518 094c 08000000 			.word	CELLWDTH		// glyph pixel width
 519 0950 10000000 			.word	CELLHGHT		// glyph pixel height
 520 0954 00000000 			.word	0			// blank horizontal pixels before glyph
 521 0958 00000000 			.word	0			// blank horizontal pixels after glyph
 522 095c 00000000 			.word	0			// blank horizontal lines before glyph
 523 0960 00000000 			.word	0			// blank horizontal lines after glyph
 524              							// bit mapped glyph
 525 0964 00000000 			.word	0x00000000, 0x00000000, 0x7F000000, 0x63000000, 0x7F000000, 0x63000000, 0x63000000, 0x63000
 525      00000000 
 525      0000007F 
 525      00000063 
 525      0000007F 
 526              	
 527              	HEX_0X0F:
 528 09a4 00000000 			.word	NULL			// no equivalent ASCII character
 529 09a8 08000000 			.word	CELLWDTH		// cell pixel width
 530 09ac 10000000 			.word	CELLHGHT		// cell pixel height
 531 09b0 08000000 			.word	CELLWDTH		// glyph pixel width
 532 09b4 10000000 			.word	CELLHGHT		// glyph pixel height
 533 09b8 00000000 			.word	0			// blank horizontal pixels before glyph
 534 09bc 00000000 			.word	0			// blank horizontal pixels after glyph
 535 09c0 00000000 			.word	0			// blank horizontal lines before glyph
 536 09c4 00000000 			.word	0			// blank horizontal lines after glyph
 537              							// bit mapped glyph
 538 09c8 00000000 			.word	0x00000000, 0x00000000, 0x00000000, 0x18000000, 0x18000000, 0xDB000000, 0x3C000000, 0xE7000
 538      00000000 
 538      00000000 
 538      00000018 
 538      00000018 
 539              	
 540              	HEX_0X10:
 541 0a08 00000000 			.word	NULL			// no equivalent ASCII character
 542 0a0c 08000000 			.word	CELLWDTH		// cell pixel width
 543 0a10 10000000 			.word	CELLHGHT		// cell pixel height
 544 0a14 08000000 			.word	CELLWDTH		// glyph pixel width
 545 0a18 10000000 			.word	CELLHGHT		// glyph pixel height
 546 0a1c 00000000 			.word	0			// blank horizontal pixels before glyph
 547 0a20 00000000 			.word	0			// blank horizontal pixels after glyph
 548 0a24 00000000 			.word	0			// blank horizontal lines before glyph
 549 0a28 00000000 			.word	0			// blank horizontal lines after glyph
 550              							// bit mapped glyph
 551 0a2c 00000000 			.word	0x00000000, 0x80000000, 0xC0000000, 0xE0000000, 0xF0000000, 0xF8000000, 0xFE000000, 0xF8000
 551      00000080 
 551      000000C0 
 551      000000E0 
 551      000000F0 
 552              	
 553              	HEX_0X11:
 554 0a6c 00000000 			.word	NULL			// no equivalent ASCII character
 555 0a70 08000000 			.word	CELLWDTH		// cell pixel width
 556 0a74 10000000 			.word	CELLHGHT		// cell pixel height
 557 0a78 08000000 			.word	CELLWDTH		// glyph pixel width
 558 0a7c 10000000 			.word	CELLHGHT		// glyph pixel height
 559 0a80 00000000 			.word	0			// blank horizontal pixels before glyph
ARM GAS  font_VGA_8x16.s 			page 12


 560 0a84 00000000 			.word	0			// blank horizontal pixels after glyph
 561 0a88 00000000 			.word	0			// blank horizontal lines before glyph
 562 0a8c 00000000 			.word	0			// blank horizontal lines after glyph
 563              							// bit mapped glyph
 564 0a90 00000000 			.word	0x00000000, 0x02000000, 0x06000000, 0x0E000000, 0x1E000000, 0x3E000000, 0xFE000000, 0x3E000
 564      00000002 
 564      00000006 
 564      0000000E 
 564      0000001E 
 565              	
 566              	HEX_0X12:
 567 0ad0 00000000 			.word	NULL			// no equivalent ASCII character
 568 0ad4 08000000 			.word	CELLWDTH		// cell pixel width
 569 0ad8 10000000 			.word	CELLHGHT		// cell pixel height
 570 0adc 08000000 			.word	CELLWDTH		// glyph pixel width
 571 0ae0 10000000 			.word	CELLHGHT		// glyph pixel height
 572 0ae4 00000000 			.word	0			// blank horizontal pixels before glyph
 573 0ae8 00000000 			.word	0			// blank horizontal pixels after glyph
 574 0aec 00000000 			.word	0			// blank horizontal lines before glyph
 575 0af0 00000000 			.word	0			// blank horizontal lines after glyph
 576              							// bit mapped glyph
 577 0af4 00000000 			.word	0x00000000, 0x00000000, 0x18000000, 0x3C000000, 0x7E000000, 0x18000000, 0x18000000, 0x18000
 577      00000000 
 577      00000018 
 577      0000003C 
 577      0000007E 
 578              	
 579              	HEX_0X13:
 580 0b34 00000000 			.word	NULL			// no equivalent ASCII character
 581 0b38 08000000 			.word	CELLWDTH		// cell pixel width
 582 0b3c 10000000 			.word	CELLHGHT		// cell pixel height
 583 0b40 08000000 			.word	CELLWDTH		// glyph pixel width
 584 0b44 10000000 			.word	CELLHGHT		// glyph pixel height
 585 0b48 00000000 			.word	0			// blank horizontal pixels before glyph
 586 0b4c 00000000 			.word	0			// blank horizontal pixels after glyph
 587 0b50 00000000 			.word	0			// blank horizontal lines before glyph
 588 0b54 00000000 			.word	0			// blank horizontal lines after glyph
 589              							// bit mapped glyph
 590 0b58 00000000 			.word	0x00000000, 0x00000000, 0x66000000, 0x66000000, 0x66000000, 0x66000000, 0x66000000, 0x66000
 590      00000000 
 590      00000066 
 590      00000066 
 590      00000066 
 591              	
 592              	HEX_0X14:
 593 0b98 00000000 			.word	NULL			// no equivalent ASCII character
 594 0b9c 08000000 			.word	CELLWDTH		// cell pixel width
 595 0ba0 10000000 			.word	CELLHGHT		// cell pixel height
 596 0ba4 08000000 			.word	CELLWDTH		// glyph pixel width
 597 0ba8 10000000 			.word	CELLHGHT		// glyph pixel height
 598 0bac 00000000 			.word	0			// blank horizontal pixels before glyph
 599 0bb0 00000000 			.word	0			// blank horizontal pixels after glyph
 600 0bb4 00000000 			.word	0			// blank horizontal lines before glyph
 601 0bb8 00000000 			.word	0			// blank horizontal lines after glyph
 602              							// bit mapped glyph
 603 0bbc 00000000 			.word	0x00000000, 0x00000000, 0x7F000000, 0xDB000000, 0xDB000000, 0xDB000000, 0x7B000000, 0x1B000
 603      00000000 
ARM GAS  font_VGA_8x16.s 			page 13


 603      0000007F 
 603      000000DB 
 603      000000DB 
 604              	
 605              	HEX_0X15:
 606 0bfc 00000000 			.word	NULL			// no equivalent ASCII character
 607 0c00 08000000 			.word	CELLWDTH		// cell pixel width
 608 0c04 10000000 			.word	CELLHGHT		// cell pixel height
 609 0c08 08000000 			.word	CELLWDTH		// glyph pixel width
 610 0c0c 10000000 			.word	CELLHGHT		// glyph pixel height
 611 0c10 00000000 			.word	0			// blank horizontal pixels before glyph
 612 0c14 00000000 			.word	0			// blank horizontal pixels after glyph
 613 0c18 00000000 			.word	0			// blank horizontal lines before glyph
 614 0c1c 00000000 			.word	0			// blank horizontal lines after glyph
 615              							// bit mapped glyph
 616 0c20 00000000 			.word	0x00000000, 0x7C000000, 0xC6000000, 0x60000000, 0x38000000, 0x6C000000, 0xC6000000, 0xC6000
 616      0000007C 
 616      000000C6 
 616      00000060 
 616      00000038 
 617              	
 618              	HEX_0X16:
 619 0c60 00000000 			.word	NULL			// no equivalent ASCII character
 620 0c64 08000000 			.word	CELLWDTH		// cell pixel width
 621 0c68 10000000 			.word	CELLHGHT		// cell pixel height
 622 0c6c 08000000 			.word	CELLWDTH		// glyph pixel width
 623 0c70 10000000 			.word	CELLHGHT		// glyph pixel height
 624 0c74 00000000 			.word	0			// blank horizontal pixels before glyph
 625 0c78 00000000 			.word	0			// blank horizontal pixels after glyph
 626 0c7c 00000000 			.word	0			// blank horizontal lines before glyph
 627 0c80 00000000 			.word	0			// blank horizontal lines after glyph
 628              							// bit mapped glyph
 629 0c84 00000000 			.word	0x00000000, 0x00000000, 0x00000000, 0x00000000, 0x00000000, 0x00000000, 0x00000000, 0x00000
 629      00000000 
 629      00000000 
 629      00000000 
 629      00000000 
 630              	
 631              	HEX_0X17:
 632 0cc4 00000000 			.word	NULL			// no equivalent ASCII character
 633 0cc8 08000000 			.word	CELLWDTH		// cell pixel width
 634 0ccc 10000000 			.word	CELLHGHT		// cell pixel height
 635 0cd0 08000000 			.word	CELLWDTH		// glyph pixel width
 636 0cd4 10000000 			.word	CELLHGHT		// glyph pixel height
 637 0cd8 00000000 			.word	0			// blank horizontal pixels before glyph
 638 0cdc 00000000 			.word	0			// blank horizontal pixels after glyph
 639 0ce0 00000000 			.word	0			// blank horizontal lines before glyph
 640 0ce4 00000000 			.word	0			// blank horizontal lines after glyph
 641              							// bit mapped glyph
 642 0ce8 00000000 			.word	0x00000000, 0x00000000, 0x18000000, 0x3C000000, 0x7E000000, 0x18000000, 0x18000000, 0x18000
 642      00000000 
 642      00000018 
 642      0000003C 
 642      0000007E 
 643              	
 644              	HEX_0X18:
 645 0d28 00000000 			.word	NULL			// no equivalent ASCII character
ARM GAS  font_VGA_8x16.s 			page 14


 646 0d2c 08000000 			.word	CELLWDTH		// cell pixel width
 647 0d30 10000000 			.word	CELLHGHT		// cell pixel height
 648 0d34 08000000 			.word	CELLWDTH		// glyph pixel width
 649 0d38 10000000 			.word	CELLHGHT		// glyph pixel height
 650 0d3c 00000000 			.word	0			// blank horizontal pixels before glyph
 651 0d40 00000000 			.word	0			// blank horizontal pixels after glyph
 652 0d44 00000000 			.word	0			// blank horizontal lines before glyph
 653 0d48 00000000 			.word	0			// blank horizontal lines after glyph
 654              							// bit mapped glyph
 655 0d4c 00000000 			.word	0x00000000, 0x00000000, 0x18000000, 0x3C000000, 0x7E000000, 0x18000000, 0x18000000, 0x18000
 655      00000000 
 655      00000018 
 655      0000003C 
 655      0000007E 
 656              	
 657              	HEX_0X19:
 658 0d8c 00000000 			.word	NULL			// no equivalent ASCII character
 659 0d90 08000000 			.word	CELLWDTH		// cell pixel width
 660 0d94 10000000 			.word	CELLHGHT		// cell pixel height
 661 0d98 08000000 			.word	CELLWDTH		// glyph pixel width
 662 0d9c 10000000 			.word	CELLHGHT		// glyph pixel height
 663 0da0 00000000 			.word	0			// blank horizontal pixels before glyph
 664 0da4 00000000 			.word	0			// blank horizontal pixels after glyph
 665 0da8 00000000 			.word	0			// blank horizontal lines before glyph
 666 0dac 00000000 			.word	0			// blank horizontal lines after glyph
 667              							// bit mapped glyph
 668 0db0 00000000 			.word	0x00000000, 0x00000000, 0x18000000, 0x18000000, 0x18000000, 0x18000000, 0x18000000, 0x18000
 668      00000000 
 668      00000018 
 668      00000018 
 668      00000018 
 669              	
 670              	HEX_0X1A:
 671 0df0 00000000 			.word	NULL			// no equivalent ASCII character
 672 0df4 08000000 			.word	CELLWDTH		// cell pixel width
 673 0df8 10000000 			.word	CELLHGHT		// cell pixel height
 674 0dfc 08000000 			.word	CELLWDTH		// glyph pixel width
 675 0e00 10000000 			.word	CELLHGHT		// glyph pixel height
 676 0e04 00000000 			.word	0			// blank horizontal pixels before glyph
 677 0e08 00000000 			.word	0			// blank horizontal pixels after glyph
 678 0e0c 00000000 			.word	0			// blank horizontal lines before glyph
 679 0e10 00000000 			.word	0			// blank horizontal lines after glyph
 680              							// bit mapped glyph
 681 0e14 00000000 			.word	0x00000000, 0x00000000, 0x00000000, 0x00000000, 0x00000000, 0x18000000, 0x0C000000, 0xFE000
 681      00000000 
 681      00000000 
 681      00000000 
 681      00000000 
 682              	
 683              	HEX_0X1B:
 684 0e54 00000000 			.word	NULL			// no equivalent ASCII character
 685 0e58 08000000 			.word	CELLWDTH		// cell pixel width
 686 0e5c 10000000 			.word	CELLHGHT		// cell pixel height
 687 0e60 08000000 			.word	CELLWDTH		// glyph pixel width
 688 0e64 10000000 			.word	CELLHGHT		// glyph pixel height
 689 0e68 00000000 			.word	0			// blank horizontal pixels before glyph
 690 0e6c 00000000 			.word	0			// blank horizontal pixels after glyph
ARM GAS  font_VGA_8x16.s 			page 15


 691 0e70 00000000 			.word	0			// blank horizontal lines before glyph
 692 0e74 00000000 			.word	0			// blank horizontal lines after glyph
 693              							// bit mapped glyph
 694 0e78 00000000 			.word	0x00000000, 0x00000000, 0x00000000, 0x00000000, 0x00000000, 0x30000000, 0x60000000, 0xFE000
 694      00000000 
 694      00000000 
 694      00000000 
 694      00000000 
 695              	
 696              	HEX_0X1C:
 697 0eb8 00000000 			.word	NULL			// no equivalent ASCII character
 698 0ebc 08000000 			.word	CELLWDTH		// cell pixel width
 699 0ec0 10000000 			.word	CELLHGHT		// cell pixel height
 700 0ec4 08000000 			.word	CELLWDTH		// glyph pixel width
 701 0ec8 10000000 			.word	CELLHGHT		// glyph pixel height
 702 0ecc 00000000 			.word	0			// blank horizontal pixels before glyph
 703 0ed0 00000000 			.word	0			// blank horizontal pixels after glyph
 704 0ed4 00000000 			.word	0			// blank horizontal lines before glyph
 705 0ed8 00000000 			.word	0			// blank horizontal lines after glyph
 706              							// bit mapped glyph
 707 0edc 00000000 			.word	0x00000000, 0x00000000, 0x00000000, 0x00000000, 0x00000000, 0x00000000, 0xC0000000, 0xC0000
 707      00000000 
 707      00000000 
 707      00000000 
 707      00000000 
 708              	
 709              	HEX_0X1D:
 710 0f1c 00000000 			.word	NULL			// no equivalent ASCII character
 711 0f20 08000000 			.word	CELLWDTH		// cell pixel width
 712 0f24 10000000 			.word	CELLHGHT		// cell pixel height
 713 0f28 08000000 			.word	CELLWDTH		// glyph pixel width
 714 0f2c 10000000 			.word	CELLHGHT		// glyph pixel height
 715 0f30 00000000 			.word	0			// blank horizontal pixels before glyph
 716 0f34 00000000 			.word	0			// blank horizontal pixels after glyph
 717 0f38 00000000 			.word	0			// blank horizontal lines before glyph
 718 0f3c 00000000 			.word	0			// blank horizontal lines after glyph
 719              							// bit mapped glyph
 720 0f40 00000000 			.word	0x00000000, 0x00000000, 0x00000000, 0x00000000, 0x00000000, 0x24000000, 0x66000000, 0xFF000
 720      00000000 
 720      00000000 
 720      00000000 
 720      00000000 
 721              	
 722              	HEX_0X1E:
 723 0f80 00000000 			.word	NULL			// no equivalent ASCII character
 724 0f84 08000000 			.word	CELLWDTH		// cell pixel width
 725 0f88 10000000 			.word	CELLHGHT		// cell pixel height
 726 0f8c 08000000 			.word	CELLWDTH		// glyph pixel width
 727 0f90 10000000 			.word	CELLHGHT		// glyph pixel height
 728 0f94 00000000 			.word	0			// blank horizontal pixels before glyph
 729 0f98 00000000 			.word	0			// blank horizontal pixels after glyph
 730 0f9c 00000000 			.word	0			// blank horizontal lines before glyph
 731 0fa0 00000000 			.word	0			// blank horizontal lines after glyph
 732              							// bit mapped glyph
 733 0fa4 00000000 			.word	0x00000000, 0x00000000, 0x00000000, 0x00000000, 0x10000000, 0x38000000, 0x38000000, 0x7C000
 733      00000000 
 733      00000000 
ARM GAS  font_VGA_8x16.s 			page 16


 733      00000000 
 733      00000010 
 734              	
 735              	HEX_0X1F:
 736 0fe4 00000000 			.word	NULL			// no equivalent ASCII character
 737 0fe8 08000000 			.word	CELLWDTH		// cell pixel width
 738 0fec 10000000 			.word	CELLHGHT		// cell pixel height
 739 0ff0 08000000 			.word	CELLWDTH		// glyph pixel width
 740 0ff4 10000000 			.word	CELLHGHT		// glyph pixel height
 741 0ff8 00000000 			.word	0			// blank horizontal pixels before glyph
 742 0ffc 00000000 			.word	0			// blank horizontal pixels after glyph
 743 1000 00000000 			.word	0			// blank horizontal lines before glyph
 744 1004 00000000 			.word	0			// blank horizontal lines after glyph
 745              							// bit mapped glyph
 746 1008 00000000 			.word	0x00000000, 0x00000000, 0x00000000, 0x00000000, 0xFE000000, 0xFE000000, 0x7C000000, 0x7C000
 746      00000000 
 746      00000000 
 746      00000000 
 746      000000FE 
 747              	
 748              	SPACE:
 749 1048 20000000 			.word	' 			// ASCII " " character
 750 104c 08000000 			.word	CELLWDTH		// cell pixel width
 751 1050 10000000 			.word	CELLHGHT		// cell pixel height
 752 1054 08000000 			.word	CELLWDTH		// glyph pixel width
 753 1058 10000000 			.word	CELLHGHT		// glyph pixel height
 754 105c 00000000 			.word	0			// blank horizontal pixels before glyph
 755 1060 00000000 			.word	0			// blank horizontal pixels after glyph
 756 1064 00000000 			.word	0			// blank horizontal lines before glyph
 757 1068 00000000 			.word	0			// blank horizontal lines after glyph
 758              							// bit mapped glyph
 759 106c 00000000 			.word	0x00000000, 0x00000000, 0x00000000, 0x00000000, 0x00000000, 0x00000000, 0x00000000, 0x00000
 759      00000000 
 759      00000000 
 759      00000000 
 759      00000000 
 760              	
 761              	EXCLAMATION_MARK:
 762 10ac 21000000 			.word	'!			// ASCII "!" character
 763 10b0 08000000 			.word	CELLWDTH		// cell pixel width
 764 10b4 10000000 			.word	CELLHGHT		// cell pixel height
 765 10b8 08000000 			.word	CELLWDTH		// glyph pixel width
 766 10bc 10000000 			.word	CELLHGHT		// glyph pixel height
 767 10c0 00000000 			.word	0			// blank horizontal pixels before glyph
 768 10c4 00000000 			.word	0			// blank horizontal pixels after glyph
 769 10c8 00000000 			.word	0			// blank horizontal lines before glyph
 770 10cc 00000000 			.word	0			// blank horizontal lines after glyph
 771              							// bit mapped glyph
 772 10d0 00000000 			.word	0x00000000, 0x00000000, 0x18000000, 0x3C000000, 0x3C000000, 0x3C000000, 0x18000000, 0x18000
 772      00000000 
 772      00000018 
 772      0000003C 
 772      0000003C 
 773              	
 774              	QUOTE_MARK:
 775 1110 22000000 			.word	'"			// ASCII """ character
 776 1114 08000000 			.word	CELLWDTH		// cell pixel width
ARM GAS  font_VGA_8x16.s 			page 17


 777 1118 10000000 			.word	CELLHGHT		// cell pixel height
 778 111c 08000000 			.word	CELLWDTH		// glyph pixel width
 779 1120 10000000 			.word	CELLHGHT		// glyph pixel height
 780 1124 00000000 			.word	0			// blank horizontal pixels before glyph
 781 1128 00000000 			.word	0			// blank horizontal pixels after glyph
 782 112c 00000000 			.word	0			// blank horizontal lines before glyph
 783 1130 00000000 			.word	0			// blank horizontal lines after glyph
 784              							// bit mapped glyph
 785 1134 00000000 			.word	0x00000000, 0x66000000, 0x66000000, 0x66000000, 0x24000000, 0x00000000, 0x00000000, 0x00000
 785      00000066 
 785      00000066 
 785      00000066 
 785      00000024 
 786              	
 787              	NUMBER_SIGN:
 788 1174 23000000 			.word	'#			// ASCII "#" character
 789 1178 08000000 			.word	CELLWDTH		// cell pixel width
 790 117c 10000000 			.word	CELLHGHT		// cell pixel height
 791 1180 08000000 			.word	CELLWDTH		// glyph pixel width
 792 1184 10000000 			.word	CELLHGHT		// glyph pixel height
 793 1188 00000000 			.word	0			// blank horizontal pixels before glyph
 794 118c 00000000 			.word	0			// blank horizontal pixels after glyph
 795 1190 00000000 			.word	0			// blank horizontal lines before glyph
 796 1194 00000000 			.word	0			// blank horizontal lines after glyph
 797              							// bit mapped glyph
 798 1198 00000000 			.word	0x00000000, 0x00000000, 0x00000000, 0x6C000000, 0x6C000000, 0xFE000000, 0x6C000000, 0x6C000
 798      00000000 
 798      00000000 
 798      0000006C 
 798      0000006C 
 799              	
 800              	DOLLAR_SIGN:
 801 11d8 24000000 			.word	'$			// ASCII "$" character
 802 11dc 08000000 			.word	CELLWDTH		// cell pixel width
 803 11e0 10000000 			.word	CELLHGHT		// cell pixel height
 804 11e4 08000000 			.word	CELLWDTH		// glyph pixel width
 805 11e8 10000000 			.word	CELLHGHT		// glyph pixel height
 806 11ec 00000000 			.word	0			// blank horizontal pixels before glyph
 807 11f0 00000000 			.word	0			// blank horizontal pixels after glyph
 808 11f4 00000000 			.word	0			// blank horizontal lines before glyph
 809 11f8 00000000 			.word	0			// blank horizontal lines after glyph
 810              							// bit mapped glyph
 811 11fc 00000018 			.word	0x18000000, 0x18000000, 0x7C000000, 0xC6000000, 0xC2000000, 0xC0000000, 0x7C000000, 0x06000
 811      00000018 
 811      0000007C 
 811      000000C6 
 811      000000C2 
 812              	
 813              	PERCENT_SIGN:
 814 123c 25000000 			.word	'%			// ASCII "%" character
 815 1240 08000000 			.word	CELLWDTH		// cell pixel width
 816 1244 10000000 			.word	CELLHGHT		// cell pixel height
 817 1248 08000000 			.word	CELLWDTH		// glyph pixel width
 818 124c 10000000 			.word	CELLHGHT		// glyph pixel height
 819 1250 00000000 			.word	0			// blank horizontal pixels before glyph
 820 1254 00000000 			.word	0			// blank horizontal pixels after glyph
 821 1258 00000000 			.word	0			// blank horizontal lines before glyph
ARM GAS  font_VGA_8x16.s 			page 18


 822 125c 00000000 			.word	0			// blank horizontal lines after glyph
 823              							// bit mapped glyph
 824 1260 00000000 			.word	0x00000000, 0x00000000, 0x00000000, 0x00000000, 0xC2000000, 0xC6000000, 0x0C000000, 0x18000
 824      00000000 
 824      00000000 
 824      00000000 
 824      000000C2 
 825              	
 826              	AMPERSAND:
 827 12a0 26000000 			.word	'&			// ASCII "&" character
 828 12a4 08000000 			.word	CELLWDTH		// cell pixel width
 829 12a8 10000000 			.word	CELLHGHT		// cell pixel height
 830 12ac 08000000 			.word	CELLWDTH		// glyph pixel width
 831 12b0 10000000 			.word	CELLHGHT		// glyph pixel height
 832 12b4 00000000 			.word	0			// blank horizontal pixels before glyph
 833 12b8 00000000 			.word	0			// blank horizontal pixels after glyph
 834 12bc 00000000 			.word	0			// blank horizontal lines before glyph
 835 12c0 00000000 			.word	0			// blank horizontal lines after glyph
 836              							// bit mapped glyph
 837 12c4 00000000 			.word	0x00000000, 0x00000000, 0x38000000, 0x6C000000, 0x6C000000, 0x38000000, 0x76000000, 0xDC000
 837      00000000 
 837      00000038 
 837      0000006C 
 837      0000006C 
 838              	
 839              	APOSTROPHE:
 840 1304 27000000 			.word	''			// ASCII "'" character
 841 1308 08000000 			.word	CELLWDTH		// cell pixel width
 842 130c 10000000 			.word	CELLHGHT		// cell pixel height
 843 1310 08000000 			.word	CELLWDTH		// glyph pixel width
 844 1314 10000000 			.word	CELLHGHT		// glyph pixel height
 845 1318 00000000 			.word	0			// blank horizontal pixels before glyph
 846 131c 00000000 			.word	0			// blank horizontal pixels after glyph
 847 1320 00000000 			.word	0			// blank horizontal lines before glyph
 848 1324 00000000 			.word	0			// blank horizontal lines after glyph
 849              							// bit mapped glyph
 850 1328 00000000 			.word	0x00000000, 0x30000000, 0x30000000, 0x30000000, 0x60000000, 0x00000000, 0x00000000, 0x00000
 850      00000030 
 850      00000030 
 850      00000030 
 850      00000060 
 851              	
 852              	LEFT_PAREN:
 853 1368 28000000 			.word	'(			// ASCII "(" character
 854 136c 08000000 			.word	CELLWDTH		// cell pixel width
 855 1370 10000000 			.word	CELLHGHT		// cell pixel height
 856 1374 08000000 			.word	CELLWDTH		// glyph pixel width
 857 1378 10000000 			.word	CELLHGHT		// glyph pixel height
 858 137c 00000000 			.word	0			// blank horizontal pixels before glyph
 859 1380 00000000 			.word	0			// blank horizontal pixels after glyph
 860 1384 00000000 			.word	0			// blank horizontal lines before glyph
 861 1388 00000000 			.word	0			// blank horizontal lines after glyph
 862              							// bit mapped glyph
 863 138c 00000000 			.word	0x00000000, 0x00000000, 0x0C000000, 0x18000000, 0x30000000, 0x30000000, 0x30000000, 0x30000
 863      00000000 
 863      0000000C 
 863      00000018 
ARM GAS  font_VGA_8x16.s 			page 19


 863      00000030 
 864              	
 865              	RIGHT_PAREN:
 866 13cc 29000000 			.word	')			// ASCII ")" character
 867 13d0 08000000 			.word	CELLWDTH		// cell pixel width
 868 13d4 10000000 			.word	CELLHGHT		// cell pixel height
 869 13d8 08000000 			.word	CELLWDTH		// glyph pixel width
 870 13dc 10000000 			.word	CELLHGHT		// glyph pixel height
 871 13e0 00000000 			.word	0			// blank horizontal pixels before glyph
 872 13e4 00000000 			.word	0			// blank horizontal pixels after glyph
 873 13e8 00000000 			.word	0			// blank horizontal lines before glyph
 874 13ec 00000000 			.word	0			// blank horizontal lines after glyph
 875              							// bit mapped glyph
 876 13f0 00000000 			.word	0x00000000, 0x00000000, 0x30000000, 0x18000000, 0x0C000000, 0x0C000000, 0x0C000000, 0x0C000
 876      00000000 
 876      00000030 
 876      00000018 
 876      0000000C 
 877              	
 878              	ASTERISK:
 879 1430 2A000000 			.word	'*			// ASCII "*" character
 880 1434 08000000 			.word	CELLWDTH		// cell pixel width
 881 1438 10000000 			.word	CELLHGHT		// cell pixel height
 882 143c 08000000 			.word	CELLWDTH		// glyph pixel width
 883 1440 10000000 			.word	CELLHGHT		// glyph pixel height
 884 1444 00000000 			.word	0			// blank horizontal pixels before glyph
 885 1448 00000000 			.word	0			// blank horizontal pixels after glyph
 886 144c 00000000 			.word	0			// blank horizontal lines before glyph
 887 1450 00000000 			.word	0			// blank horizontal lines after glyph
 888              							// bit mapped glyph
 889 1454 00000000 			.word	0x00000000, 0x00000000, 0x00000000, 0x00000000, 0x00000000, 0x66000000, 0x3C000000, 0xFF000
 889      00000000 
 889      00000000 
 889      00000000 
 889      00000000 
 890              	
 891              	PLUS_SIGN:
 892 1494 2B000000 			.word	'+			// ASCII "+" character
 893 1498 08000000 			.word	CELLWDTH		// cell pixel width
 894 149c 10000000 			.word	CELLHGHT		// cell pixel height
 895 14a0 08000000 			.word	CELLWDTH		// glyph pixel width
 896 14a4 10000000 			.word	CELLHGHT		// glyph pixel height
 897 14a8 00000000 			.word	0			// blank horizontal pixels before glyph
 898 14ac 00000000 			.word	0			// blank horizontal pixels after glyph
 899 14b0 00000000 			.word	0			// blank horizontal lines before glyph
 900 14b4 00000000 			.word	0			// blank horizontal lines after glyph
 901              							// bit mapped glyph
 902 14b8 00000000 			.word	0x00000000, 0x00000000, 0x00000000, 0x00000000, 0x00000000, 0x18000000, 0x18000000, 0x7E000
 902      00000000 
 902      00000000 
 902      00000000 
 902      00000000 
 903              	
 904              	COMMA:
 905 14f8 2C000000 			.word	',			// ASCII "," character
 906 14fc 08000000 			.word	CELLWDTH		// cell pixel width
 907 1500 10000000 			.word	CELLHGHT		// cell pixel height
ARM GAS  font_VGA_8x16.s 			page 20


 908 1504 08000000 			.word	CELLWDTH		// glyph pixel width
 909 1508 10000000 			.word	CELLHGHT		// glyph pixel height
 910 150c 00000000 			.word	0			// blank horizontal pixels before glyph
 911 1510 00000000 			.word	0			// blank horizontal pixels after glyph
 912 1514 00000000 			.word	0			// blank horizontal lines before glyph
 913 1518 00000000 			.word	0			// blank horizontal lines after glyph
 914              							// bit mapped glyph
 915 151c 00000000 			.word	0x00000000, 0x00000000, 0x00000000, 0x00000000, 0x00000000, 0x00000000, 0x00000000, 0x00000
 915      00000000 
 915      00000000 
 915      00000000 
 915      00000000 
 916              	
 917              	MINUS_SIGN:
 918 155c 2D000000 			.word	'-			// ASCII "-" character
 919 1560 08000000 			.word	CELLWDTH		// cell pixel width
 920 1564 10000000 			.word	CELLHGHT		// cell pixel height
 921 1568 08000000 			.word	CELLWDTH		// glyph pixel width
 922 156c 10000000 			.word	CELLHGHT		// glyph pixel height
 923 1570 00000000 			.word	0			// blank horizontal pixels before glyph
 924 1574 00000000 			.word	0			// blank horizontal pixels after glyph
 925 1578 00000000 			.word	0			// blank horizontal lines before glyph
 926 157c 00000000 			.word	0			// blank horizontal lines after glyph
 927              							// bit mapped glyph
 928 1580 00000000 			.word	0x00000000, 0x00000000, 0x00000000, 0x00000000, 0x00000000, 0x00000000, 0x00000000, 0xFE000
 928      00000000 
 928      00000000 
 928      00000000 
 928      00000000 
 929              	
 930              	PERIOD:
 931 15c0 2E000000 			.word	'.			// ASCII "." character
 932 15c4 08000000 			.word	CELLWDTH		// cell pixel width
 933 15c8 10000000 			.word	CELLHGHT		// cell pixel height
 934 15cc 08000000 			.word	CELLWDTH		// glyph pixel width
 935 15d0 10000000 			.word	CELLHGHT		// glyph pixel height
 936 15d4 00000000 			.word	0			// blank horizontal pixels before glyph
 937 15d8 00000000 			.word	0			// blank horizontal pixels after glyph
 938 15dc 00000000 			.word	0			// blank horizontal lines before glyph
 939 15e0 00000000 			.word	0			// blank horizontal lines after glyph
 940              							// bit mapped glyph
 941 15e4 00000000 			.word	0x00000000, 0x00000000, 0x00000000, 0x00000000, 0x00000000, 0x00000000, 0x00000000, 0x00000
 941      00000000 
 941      00000000 
 941      00000000 
 941      00000000 
 942              	
 943              	FORWARD_SLASH:
 944 1624 2F000000 			.word	'/			// ASCII "/" character
 945 1628 08000000 			.word	CELLWDTH		// cell pixel width
 946 162c 10000000 			.word	CELLHGHT		// cell pixel height
 947 1630 08000000 			.word	CELLWDTH		// glyph pixel width
 948 1634 10000000 			.word	CELLHGHT		// glyph pixel height
 949 1638 00000000 			.word	0			// blank horizontal pixels before glyph
 950 163c 00000000 			.word	0			// blank horizontal pixels after glyph
 951 1640 00000000 			.word	0			// blank horizontal lines before glyph
 952 1644 00000000 			.word	0			// blank horizontal lines after glyph
ARM GAS  font_VGA_8x16.s 			page 21


 953              							// bit mapped glyph
 954 1648 00000000 			.word	0x00000000, 0x00000000, 0x00000000, 0x00000000, 0x02000000, 0x06000000, 0x0C000000, 0x18000
 954      00000000 
 954      00000000 
 954      00000000 
 954      00000002 
 955              	
 956              	ZERO:
 957 1688 30000000 			.word	'0			// ASCII "0" character
 958 168c 08000000 			.word	CELLWDTH		// cell pixel width
 959 1690 10000000 			.word	CELLHGHT		// cell pixel height
 960 1694 08000000 			.word	CELLWDTH		// glyph pixel width
 961 1698 10000000 			.word	CELLHGHT		// glyph pixel height
 962 169c 00000000 			.word	0			// blank horizontal pixels before glyph
 963 16a0 00000000 			.word	0			// blank horizontal pixels after glyph
 964 16a4 00000000 			.word	0			// blank horizontal lines before glyph
 965 16a8 00000000 			.word	0			// blank horizontal lines after glyph
 966              							// bit mapped glyph
 967 16ac 00000000 			.word	0x00000000, 0x00000000, 0x3C000000, 0x66000000, 0xC3000000, 0xC3000000, 0xDB000000, 0xDB000
 967      00000000 
 967      0000003C 
 967      00000066 
 967      000000C3 
 968              	
 969              	ONE:
 970 16ec 31000000 			.word	'1			// ASCII "1" character
 971 16f0 08000000 			.word	CELLWDTH		// cell pixel width
 972 16f4 10000000 			.word	CELLHGHT		// cell pixel height
 973 16f8 08000000 			.word	CELLWDTH		// glyph pixel width
 974 16fc 10000000 			.word	CELLHGHT		// glyph pixel height
 975 1700 00000000 			.word	0			// blank horizontal pixels before glyph
 976 1704 00000000 			.word	0			// blank horizontal pixels after glyph
 977 1708 00000000 			.word	0			// blank horizontal lines before glyph
 978 170c 00000000 			.word	0			// blank horizontal lines after glyph
 979              							// bit mapped glyph
 980 1710 00000000 			.word	0x00000000, 0x00000000, 0x18000000, 0x38000000, 0x78000000, 0x18000000, 0x18000000, 0x18000
 980      00000000 
 980      00000018 
 980      00000038 
 980      00000078 
 981              	
 982              	TWO:
 983 1750 32000000 			.word	'2			// ASCII "2" character
 984 1754 08000000 			.word	CELLWDTH		// cell pixel width
 985 1758 10000000 			.word	CELLHGHT		// cell pixel height
 986 175c 08000000 			.word	CELLWDTH		// glyph pixel width
 987 1760 10000000 			.word	CELLHGHT		// glyph pixel height
 988 1764 00000000 			.word	0			// blank horizontal pixels before glyph
 989 1768 00000000 			.word	0			// blank horizontal pixels after glyph
 990 176c 00000000 			.word	0			// blank horizontal lines before glyph
 991 1770 00000000 			.word	0			// blank horizontal lines after glyph
 992              							// bit mapped glyph
 993 1774 00000000 			.word	0x00000000, 0x00000000, 0x7C000000, 0xC6000000, 0x06000000, 0x0C000000, 0x18000000, 0x30000
 993      00000000 
 993      0000007C 
 993      000000C6 
 993      00000006 
ARM GAS  font_VGA_8x16.s 			page 22


 994              	
 995              	THREE:
 996 17b4 33000000 			.word	'3			// ASCII "3" character
 997 17b8 08000000 			.word	CELLWDTH		// cell pixel width
 998 17bc 10000000 			.word	CELLHGHT		// cell pixel height
 999 17c0 08000000 			.word	CELLWDTH		// glyph pixel width
 1000 17c4 10000000 			.word	CELLHGHT		// glyph pixel height
 1001 17c8 00000000 			.word	0			// blank horizontal pixels before glyph
 1002 17cc 00000000 			.word	0			// blank horizontal pixels after glyph
 1003 17d0 00000000 			.word	0			// blank horizontal lines before glyph
 1004 17d4 00000000 			.word	0			// blank horizontal lines after glyph
 1005              							// bit mapped glyph
 1006 17d8 00000000 			.word	0x00000000, 0x00000000, 0x7C000000, 0xC6000000, 0x06000000, 0x06000000, 0x3C000000, 0x06000
 1006      00000000 
 1006      0000007C 
 1006      000000C6 
 1006      00000006 
 1007              	
 1008              	FOUR:
 1009 1818 34000000 			.word	'4			// ASCII "4" character
 1010 181c 08000000 			.word	CELLWDTH		// cell pixel width
 1011 1820 10000000 			.word	CELLHGHT		// cell pixel height
 1012 1824 08000000 			.word	CELLWDTH		// glyph pixel width
 1013 1828 10000000 			.word	CELLHGHT		// glyph pixel height
 1014 182c 00000000 			.word	0			// blank horizontal pixels before glyph
 1015 1830 00000000 			.word	0			// blank horizontal pixels after glyph
 1016 1834 00000000 			.word	0			// blank horizontal lines before glyph
 1017 1838 00000000 			.word	0			// blank horizontal lines after glyph
 1018              							// bit mapped glyph
 1019 183c 00000000 			.word	0x00000000, 0x00000000, 0x0C000000, 0x1C000000, 0x3C000000, 0x6C000000, 0xCC000000, 0xFE000
 1019      00000000 
 1019      0000000C 
 1019      0000001C 
 1019      0000003C 
 1020              	
 1021              	FIVE:
 1022 187c 35000000 			.word	'5			// ASCII "5" character
 1023 1880 08000000 			.word	CELLWDTH		// cell pixel width
 1024 1884 10000000 			.word	CELLHGHT		// cell pixel height
 1025 1888 08000000 			.word	CELLWDTH		// glyph pixel width
 1026 188c 10000000 			.word	CELLHGHT		// glyph pixel height
 1027 1890 00000000 			.word	0			// blank horizontal pixels before glyph
 1028 1894 00000000 			.word	0			// blank horizontal pixels after glyph
 1029 1898 00000000 			.word	0			// blank horizontal lines before glyph
 1030 189c 00000000 			.word	0			// blank horizontal lines after glyph
 1031              							// bit mapped glyph
 1032 18a0 00000000 			.word	0x00000000, 0x00000000, 0xFE000000, 0xC0000000, 0xC0000000, 0xC0000000, 0xFC000000, 0x06000
 1032      00000000 
 1032      000000FE 
 1032      000000C0 
 1032      000000C0 
 1033              	
 1034              	SIX:
 1035 18e0 36000000 			.word	'6			// ASCII "6" character
 1036 18e4 08000000 			.word	CELLWDTH		// cell pixel width
 1037 18e8 10000000 			.word	CELLHGHT		// cell pixel height
 1038 18ec 08000000 			.word	CELLWDTH		// glyph pixel width
ARM GAS  font_VGA_8x16.s 			page 23


 1039 18f0 10000000 			.word	CELLHGHT		// glyph pixel height
 1040 18f4 00000000 			.word	0			// blank horizontal pixels before glyph
 1041 18f8 00000000 			.word	0			// blank horizontal pixels after glyph
 1042 18fc 00000000 			.word	0			// blank horizontal lines before glyph
 1043 1900 00000000 			.word	0			// blank horizontal lines after glyph
 1044              							// bit mapped glyph
 1045 1904 00000000 			.word	0x00000000, 0x00000000, 0x38000000, 0x60000000, 0xC0000000, 0xC0000000, 0xFC000000, 0xC6000
 1045      00000000 
 1045      00000038 
 1045      00000060 
 1045      000000C0 
 1046              	
 1047              	SEVEN:
 1048 1944 37000000 			.word	'7			// ASCII "7" character
 1049 1948 08000000 			.word	CELLWDTH		// cell pixel width
 1050 194c 10000000 			.word	CELLHGHT		// cell pixel height
 1051 1950 08000000 			.word	CELLWDTH		// glyph pixel width
 1052 1954 10000000 			.word	CELLHGHT		// glyph pixel height
 1053 1958 00000000 			.word	0			// blank horizontal pixels before glyph
 1054 195c 00000000 			.word	0			// blank horizontal pixels after glyph
 1055 1960 00000000 			.word	0			// blank horizontal lines before glyph
 1056 1964 00000000 			.word	0			// blank horizontal lines after glyph
 1057              							// bit mapped glyph
 1058 1968 00000000 			.word	0x00000000, 0x00000000, 0xFE000000, 0xC6000000, 0x06000000, 0x06000000, 0x0C000000, 0x18000
 1058      00000000 
 1058      000000FE 
 1058      000000C6 
 1058      00000006 
 1059              	
 1060              	EIGHT:
 1061 19a8 38000000 			.word	'8			// ASCII "8" character
 1062 19ac 08000000 			.word	CELLWDTH		// cell pixel width
 1063 19b0 10000000 			.word	CELLHGHT		// cell pixel height
 1064 19b4 08000000 			.word	CELLWDTH		// glyph pixel width
 1065 19b8 10000000 			.word	CELLHGHT		// glyph pixel height
 1066 19bc 00000000 			.word	0			// blank horizontal pixels before glyph
 1067 19c0 00000000 			.word	0			// blank horizontal pixels after glyph
 1068 19c4 00000000 			.word	0			// blank horizontal lines before glyph
 1069 19c8 00000000 			.word	0			// blank horizontal lines after glyph
 1070              							// bit mapped glyph
 1071 19cc 00000000 			.word	0x00000000, 0x00000000, 0x7C000000, 0xC6000000, 0xC6000000, 0xC6000000, 0x7C000000, 0xC6000
 1071      00000000 
 1071      0000007C 
 1071      000000C6 
 1071      000000C6 
 1072              	
 1073              	NINE:
 1074 1a0c 39000000 			.word	'9			// ASCII "9" character
 1075 1a10 08000000 			.word	CELLWDTH		// cell pixel width
 1076 1a14 10000000 			.word	CELLHGHT		// cell pixel height
 1077 1a18 08000000 			.word	CELLWDTH		// glyph pixel width
 1078 1a1c 10000000 			.word	CELLHGHT		// glyph pixel height
 1079 1a20 00000000 			.word	0			// blank horizontal pixels before glyph
 1080 1a24 00000000 			.word	0			// blank horizontal pixels after glyph
 1081 1a28 00000000 			.word	0			// blank horizontal lines before glyph
 1082 1a2c 00000000 			.word	0			// blank horizontal lines after glyph
 1083              							// bit mapped glyph
ARM GAS  font_VGA_8x16.s 			page 24


 1084 1a30 00000000 			.word	0x00000000, 0x00000000, 0x7C000000, 0xC6000000, 0xC6000000, 0xC6000000, 0x7E000000, 0x06000
 1084      00000000 
 1084      0000007C 
 1084      000000C6 
 1084      000000C6 
 1085              	
 1086              	COLON:
 1087 1a70 3A000000 			.word	':			// ASCII ":" character
 1088 1a74 08000000 			.word	CELLWDTH		// cell pixel width
 1089 1a78 10000000 			.word	CELLHGHT		// cell pixel height
 1090 1a7c 08000000 			.word	CELLWDTH		// glyph pixel width
 1091 1a80 10000000 			.word	CELLHGHT		// glyph pixel height
 1092 1a84 00000000 			.word	0			// blank horizontal pixels before glyph
 1093 1a88 00000000 			.word	0			// blank horizontal pixels after glyph
 1094 1a8c 00000000 			.word	0			// blank horizontal lines before glyph
 1095 1a90 00000000 			.word	0			// blank horizontal lines after glyph
 1096              							// bit mapped glyph
 1097 1a94 00000000 			.word	0x00000000, 0x00000000, 0x00000000, 0x00000000, 0x18000000, 0x18000000, 0x00000000, 0x00000
 1097      00000000 
 1097      00000000 
 1097      00000000 
 1097      00000018 
 1098              	
 1099              	SEMI_COLON:
 1100 1ad4 3B000000 			.word	';			// ASCII ";" character
 1101 1ad8 08000000 			.word	CELLWDTH		// cell pixel width
 1102 1adc 10000000 			.word	CELLHGHT		// cell pixel height
 1103 1ae0 08000000 			.word	CELLWDTH		// glyph pixel width
 1104 1ae4 10000000 			.word	CELLHGHT		// glyph pixel height
 1105 1ae8 00000000 			.word	0			// blank horizontal pixels before glyph
 1106 1aec 00000000 			.word	0			// blank horizontal pixels after glyph
 1107 1af0 00000000 			.word	0			// blank horizontal lines before glyph
 1108 1af4 00000000 			.word	0			// blank horizontal lines after glyph
 1109              							// bit mapped glyph
 1110 1af8 00000000 			.word	0x00000000, 0x00000000, 0x00000000, 0x00000000, 0x18000000, 0x18000000, 0x00000000, 0x00000
 1110      00000000 
 1110      00000000 
 1110      00000000 
 1110      00000018 
 1111              	
 1112              	LESS_THAN_SIGN:
 1113 1b38 3C000000 			.word	'<			// ASCII "<" character
 1114 1b3c 08000000 			.word	CELLWDTH		// cell pixel width
 1115 1b40 10000000 			.word	CELLHGHT		// cell pixel height
 1116 1b44 08000000 			.word	CELLWDTH		// glyph pixel width
 1117 1b48 10000000 			.word	CELLHGHT		// glyph pixel height
 1118 1b4c 00000000 			.word	0			// blank horizontal pixels before glyph
 1119 1b50 00000000 			.word	0			// blank horizontal pixels after glyph
 1120 1b54 00000000 			.word	0			// blank horizontal lines before glyph
 1121 1b58 00000000 			.word	0			// blank horizontal lines after glyph
 1122              							// bit mapped glyph
 1123 1b5c 00000000 			.word	0x00000000, 0x00000000, 0x00000000, 0x06000000, 0x0C000000, 0x18000000, 0x30000000, 0x60000
 1123      00000000 
 1123      00000000 
 1123      00000006 
 1123      0000000C 
 1124              	
ARM GAS  font_VGA_8x16.s 			page 25


 1125              	EQUAL_SIGN:
 1126 1b9c 3D000000 			.word	'=			// ASCII "=" character
 1127 1ba0 08000000 			.word	CELLWDTH		// cell pixel width
 1128 1ba4 10000000 			.word	CELLHGHT		// cell pixel height
 1129 1ba8 08000000 			.word	CELLWDTH		// glyph pixel width
 1130 1bac 10000000 			.word	CELLHGHT		// glyph pixel height
 1131 1bb0 00000000 			.word	0			// blank horizontal pixels before glyph
 1132 1bb4 00000000 			.word	0			// blank horizontal pixels after glyph
 1133 1bb8 00000000 			.word	0			// blank horizontal lines before glyph
 1134 1bbc 00000000 			.word	0			// blank horizontal lines after glyph
 1135              							// bit mapped glyph
 1136 1bc0 00000000 			.word	0x00000000, 0x00000000, 0x00000000, 0x00000000, 0x00000000, 0x7E000000, 0x00000000, 0x00000
 1136      00000000 
 1136      00000000 
 1136      00000000 
 1136      00000000 
 1137              	
 1138              	GREATER_THAN_SIGN:
 1139 1c00 3E000000 			.word	'>			// ASCII ">" character
 1140 1c04 08000000 			.word	CELLWDTH		// cell pixel width
 1141 1c08 10000000 			.word	CELLHGHT		// cell pixel height
 1142 1c0c 08000000 			.word	CELLWDTH		// glyph pixel width
 1143 1c10 10000000 			.word	CELLHGHT		// glyph pixel height
 1144 1c14 00000000 			.word	0			// blank horizontal pixels before glyph
 1145 1c18 00000000 			.word	0			// blank horizontal pixels after glyph
 1146 1c1c 00000000 			.word	0			// blank horizontal lines before glyph
 1147 1c20 00000000 			.word	0			// blank horizontal lines after glyph
 1148              							// bit mapped glyph
 1149 1c24 00000000 			.word	0x00000000, 0x00000000, 0x00000000, 0x60000000, 0x30000000, 0x18000000, 0x0C000000, 0x06000
 1149      00000000 
 1149      00000000 
 1149      00000060 
 1149      00000030 
 1150              	
 1151              	QUESTION_MARK:
 1152 1c64 3F000000 			.word	'?			// ASCII "?" character
 1153 1c68 08000000 			.word	CELLWDTH		// cell pixel width
 1154 1c6c 10000000 			.word	CELLHGHT		// cell pixel height
 1155 1c70 08000000 			.word	CELLWDTH		// glyph pixel width
 1156 1c74 10000000 			.word	CELLHGHT		// glyph pixel height
 1157 1c78 00000000 			.word	0			// blank horizontal pixels before glyph
 1158 1c7c 00000000 			.word	0			// blank horizontal pixels after glyph
 1159 1c80 00000000 			.word	0			// blank horizontal lines before glyph
 1160 1c84 00000000 			.word	0			// blank horizontal lines after glyph
 1161              							// bit mapped glyph
 1162 1c88 00000000 			.word	0x00000000, 0x00000000, 0x7C000000, 0xC6000000, 0xC6000000, 0x0C000000, 0x18000000, 0x18000
 1162      00000000 
 1162      0000007C 
 1162      000000C6 
 1162      000000C6 
 1163              	
 1164              	AT_SIGN:
 1165 1cc8 40000000 			.word	'@			// ASCII "@" character
 1166 1ccc 08000000 			.word	CELLWDTH		// cell pixel width
 1167 1cd0 10000000 			.word	CELLHGHT		// cell pixel height
 1168 1cd4 08000000 			.word	CELLWDTH		// glyph pixel width
 1169 1cd8 10000000 			.word	CELLHGHT		// glyph pixel height
ARM GAS  font_VGA_8x16.s 			page 26


 1170 1cdc 00000000 			.word	0			// blank horizontal pixels before glyph
 1171 1ce0 00000000 			.word	0			// blank horizontal pixels after glyph
 1172 1ce4 00000000 			.word	0			// blank horizontal lines before glyph
 1173 1ce8 00000000 			.word	0			// blank horizontal lines after glyph
 1174              							// bit mapped glyph
 1175 1cec 00000000 			.word	0x00000000, 0x00000000, 0x00000000, 0x7C000000, 0xC6000000, 0xC6000000, 0xDE000000, 0xDE000
 1175      00000000 
 1175      00000000 
 1175      0000007C 
 1175      000000C6 
 1176              	
 1177              	UPPERCASE_A:
 1178 1d2c 41000000 			.word	'A			// ASCII "A" character
 1179 1d30 08000000 			.word	CELLWDTH		// cell pixel width
 1180 1d34 10000000 			.word	CELLHGHT		// cell pixel height
 1181 1d38 08000000 			.word	CELLWDTH		// glyph pixel width
 1182 1d3c 10000000 			.word	CELLHGHT		// glyph pixel height
 1183 1d40 00000000 			.word	0			// blank horizontal pixels before glyph
 1184 1d44 00000000 			.word	0			// blank horizontal pixels after glyph
 1185 1d48 00000000 			.word	0			// blank horizontal lines before glyph
 1186 1d4c 00000000 			.word	0			// blank horizontal lines after glyph
 1187              							// bit mapped glyph
 1188 1d50 00000000 			.word	0x00000000, 0x00000000, 0x10000000, 0x38000000, 0x6C000000, 0xC6000000, 0xC6000000, 0xFE000
 1188      00000000 
 1188      00000010 
 1188      00000038 
 1188      0000006C 
 1189              	
 1190              	UPPERCASE_B:
 1191 1d90 42000000 			.word	'B			// ASCII "B" character
 1192 1d94 08000000 			.word	CELLWDTH		// cell pixel width
 1193 1d98 10000000 			.word	CELLHGHT		// cell pixel height
 1194 1d9c 08000000 			.word	CELLWDTH		// glyph pixel width
 1195 1da0 10000000 			.word	CELLHGHT		// glyph pixel height
 1196 1da4 00000000 			.word	0			// blank horizontal pixels before glyph
 1197 1da8 00000000 			.word	0			// blank horizontal pixels after glyph
 1198 1dac 00000000 			.word	0			// blank horizontal lines before glyph
 1199 1db0 00000000 			.word	0			// blank horizontal lines after glyph
 1200              							// bit mapped glyph
 1201 1db4 00000000 			.word	0x00000000, 0x00000000, 0xFC000000, 0x66000000, 0x66000000, 0x66000000, 0x7C000000, 0x66000
 1201      00000000 
 1201      000000FC 
 1201      00000066 
 1201      00000066 
 1202              	
 1203              	UPPERCASE_C:
 1204 1df4 43000000 			.word	'C			// ASCII "C" character
 1205 1df8 08000000 			.word	CELLWDTH		// cell pixel width
 1206 1dfc 10000000 			.word	CELLHGHT		// cell pixel height
 1207 1e00 08000000 			.word	CELLWDTH		// glyph pixel width
 1208 1e04 10000000 			.word	CELLHGHT		// glyph pixel height
 1209 1e08 00000000 			.word	0			// blank horizontal pixels before glyph
 1210 1e0c 00000000 			.word	0			// blank horizontal pixels after glyph
 1211 1e10 00000000 			.word	0			// blank horizontal lines before glyph
 1212 1e14 00000000 			.word	0			// blank horizontal lines after glyph
 1213              							// bit mapped glyph
 1214 1e18 00000000 			.word	0x00000000, 0x00000000, 0x3C000000, 0x66000000, 0xC2000000, 0xC0000000, 0xC0000000, 0xC0000
ARM GAS  font_VGA_8x16.s 			page 27


 1214      00000000 
 1214      0000003C 
 1214      00000066 
 1214      000000C2 
 1215              	
 1216              	UPPERCASE_D:
 1217 1e58 44000000 			.word	'D			// ASCII "D" character
 1218 1e5c 08000000 			.word	CELLWDTH		// cell pixel width
 1219 1e60 10000000 			.word	CELLHGHT		// cell pixel height
 1220 1e64 08000000 			.word	CELLWDTH		// glyph pixel width
 1221 1e68 10000000 			.word	CELLHGHT		// glyph pixel height
 1222 1e6c 00000000 			.word	0			// blank horizontal pixels before glyph
 1223 1e70 00000000 			.word	0			// blank horizontal pixels after glyph
 1224 1e74 00000000 			.word	0			// blank horizontal lines before glyph
 1225 1e78 00000000 			.word	0			// blank horizontal lines after glyph
 1226              							// bit mapped glyph
 1227 1e7c 00000000 			.word	0x00000000, 0x00000000, 0xF8000000, 0x6C000000, 0x66000000, 0x66000000, 0x66000000, 0x66000
 1227      00000000 
 1227      000000F8 
 1227      0000006C 
 1227      00000066 
 1228              	
 1229              	UPPERCASE_E:
 1230 1ebc 45000000 			.word	'E			// ASCII "E" character
 1231 1ec0 08000000 			.word	CELLWDTH		// cell pixel width
 1232 1ec4 10000000 			.word	CELLHGHT		// cell pixel height
 1233 1ec8 08000000 			.word	CELLWDTH		// glyph pixel width
 1234 1ecc 10000000 			.word	CELLHGHT		// glyph pixel height
 1235 1ed0 00000000 			.word	0			// blank horizontal pixels before glyph
 1236 1ed4 00000000 			.word	0			// blank horizontal pixels after glyph
 1237 1ed8 00000000 			.word	0			// blank horizontal lines before glyph
 1238 1edc 00000000 			.word	0			// blank horizontal lines after glyph
 1239              							// bit mapped glyph
 1240 1ee0 00000000 			.word	0x00000000, 0x00000000, 0xFE000000, 0x66000000, 0x62000000, 0x68000000, 0x78000000, 0x68000
 1240      00000000 
 1240      000000FE 
 1240      00000066 
 1240      00000062 
 1241              	
 1242              	UPPERCASE_F:
 1243 1f20 46000000 			.word	'F			// ASCII "F" character
 1244 1f24 08000000 			.word	CELLWDTH		// cell pixel width
 1245 1f28 10000000 			.word	CELLHGHT		// cell pixel height
 1246 1f2c 08000000 			.word	CELLWDTH		// glyph pixel width
 1247 1f30 10000000 			.word	CELLHGHT		// glyph pixel height
 1248 1f34 00000000 			.word	0			// blank horizontal pixels before glyph
 1249 1f38 00000000 			.word	0			// blank horizontal pixels after glyph
 1250 1f3c 00000000 			.word	0			// blank horizontal lines before glyph
 1251 1f40 00000000 			.word	0			// blank horizontal lines after glyph
 1252              							// bit mapped glyph
 1253 1f44 00000000 			.word	0x00000000, 0x00000000, 0xFE000000, 0x66000000, 0x62000000, 0x68000000, 0x78000000, 0x68000
 1253      00000000 
 1253      000000FE 
 1253      00000066 
 1253      00000062 
 1254              	
 1255              	UPPERCASE_G:
ARM GAS  font_VGA_8x16.s 			page 28


 1256 1f84 47000000 			.word	'G			// ASCII "G" character
 1257 1f88 08000000 			.word	CELLWDTH		// cell pixel width
 1258 1f8c 10000000 			.word	CELLHGHT		// cell pixel height
 1259 1f90 08000000 			.word	CELLWDTH		// glyph pixel width
 1260 1f94 10000000 			.word	CELLHGHT		// glyph pixel height
 1261 1f98 00000000 			.word	0			// blank horizontal pixels before glyph
 1262 1f9c 00000000 			.word	0			// blank horizontal pixels after glyph
 1263 1fa0 00000000 			.word	0			// blank horizontal lines before glyph
 1264 1fa4 00000000 			.word	0			// blank horizontal lines after glyph
 1265              							// bit mapped glyph
 1266 1fa8 00000000 			.word	0x00000000, 0x00000000, 0x3C000000, 0x66000000, 0xC2000000, 0xC0000000, 0xC0000000, 0xDE000
 1266      00000000 
 1266      0000003C 
 1266      00000066 
 1266      000000C2 
 1267              	
 1268              	UPPERCASE_H:
 1269 1fe8 48000000 			.word	'H			// ASCII "H" character
 1270 1fec 08000000 			.word	CELLWDTH		// cell pixel width
 1271 1ff0 10000000 			.word	CELLHGHT		// cell pixel height
 1272 1ff4 08000000 			.word	CELLWDTH		// glyph pixel width
 1273 1ff8 10000000 			.word	CELLHGHT		// glyph pixel height
 1274 1ffc 00000000 			.word	0			// blank horizontal pixels before glyph
 1275 2000 00000000 			.word	0			// blank horizontal pixels after glyph
 1276 2004 00000000 			.word	0			// blank horizontal lines before glyph
 1277 2008 00000000 			.word	0			// blank horizontal lines after glyph
 1278              							// bit mapped glyph
 1279 200c 00000000 			.word	0x00000000, 0x00000000, 0xC6000000, 0xC6000000, 0xC6000000, 0xC6000000, 0xFE000000, 0xC6000
 1279      00000000 
 1279      000000C6 
 1279      000000C6 
 1279      000000C6 
 1280              	
 1281              	UPPERCASE_I:
 1282 204c 49000000 			.word	'I			// ASCII "I" character
 1283 2050 08000000 			.word	CELLWDTH		// cell pixel width
 1284 2054 10000000 			.word	CELLHGHT		// cell pixel height
 1285 2058 08000000 			.word	CELLWDTH		// glyph pixel width
 1286 205c 10000000 			.word	CELLHGHT		// glyph pixel height
 1287 2060 00000000 			.word	0			// blank horizontal pixels before glyph
 1288 2064 00000000 			.word	0			// blank horizontal pixels after glyph
 1289 2068 00000000 			.word	0			// blank horizontal lines before glyph
 1290 206c 00000000 			.word	0			// blank horizontal lines after glyph
 1291              							// bit mapped glyph
 1292 2070 00000000 			.word	0x00000000, 0x00000000, 0x3C000000, 0x18000000, 0x18000000, 0x18000000, 0x18000000, 0x18000
 1292      00000000 
 1292      0000003C 
 1292      00000018 
 1292      00000018 
 1293              	
 1294              	UPPERCASE_J:
 1295 20b0 4A000000 			.word	'J			// ASCII "J" character
 1296 20b4 08000000 			.word	CELLWDTH		// cell pixel width
 1297 20b8 10000000 			.word	CELLHGHT		// cell pixel height
 1298 20bc 08000000 			.word	CELLWDTH		// glyph pixel width
 1299 20c0 10000000 			.word	CELLHGHT		// glyph pixel height
 1300 20c4 00000000 			.word	0			// blank horizontal pixels before glyph
ARM GAS  font_VGA_8x16.s 			page 29


 1301 20c8 00000000 			.word	0			// blank horizontal pixels after glyph
 1302 20cc 00000000 			.word	0			// blank horizontal lines before glyph
 1303 20d0 00000000 			.word	0			// blank horizontal lines after glyph
 1304              							// bit mapped glyph
 1305 20d4 00000000 			.word	0x00000000, 0x00000000, 0x1E000000, 0x0C000000, 0x0C000000, 0x0C000000, 0x0C000000, 0x0C000
 1305      00000000 
 1305      0000001E 
 1305      0000000C 
 1305      0000000C 
 1306              	
 1307              	UPPERCASE_K:
 1308 2114 4B000000 			.word	'K			// ASCII "K" character
 1309 2118 08000000 			.word	CELLWDTH		// cell pixel width
 1310 211c 10000000 			.word	CELLHGHT		// cell pixel height
 1311 2120 08000000 			.word	CELLWDTH		// glyph pixel width
 1312 2124 10000000 			.word	CELLHGHT		// glyph pixel height
 1313 2128 00000000 			.word	0			// blank horizontal pixels before glyph
 1314 212c 00000000 			.word	0			// blank horizontal pixels after glyph
 1315 2130 00000000 			.word	0			// blank horizontal lines before glyph
 1316 2134 00000000 			.word	0			// blank horizontal lines after glyph
 1317              							// bit mapped glyph
 1318 2138 00000000 			.word	0x00000000, 0x00000000, 0xE6000000, 0x66000000, 0x66000000, 0x6C000000, 0x78000000, 0x78000
 1318      00000000 
 1318      000000E6 
 1318      00000066 
 1318      00000066 
 1319              	
 1320              	UPPERCASE_L:
 1321 2178 4C000000 			.word	'L			// ASCII "L" character
 1322 217c 08000000 			.word	CELLWDTH		// cell pixel width
 1323 2180 10000000 			.word	CELLHGHT		// cell pixel height
 1324 2184 08000000 			.word	CELLWDTH		// glyph pixel width
 1325 2188 10000000 			.word	CELLHGHT		// glyph pixel height
 1326 218c 00000000 			.word	0			// blank horizontal pixels before glyph
 1327 2190 00000000 			.word	0			// blank horizontal pixels after glyph
 1328 2194 00000000 			.word	0			// blank horizontal lines before glyph
 1329 2198 00000000 			.word	0			// blank horizontal lines after glyph
 1330              							// bit mapped glyph
 1331 219c 00000000 			.word	0x00000000, 0x00000000, 0xF0000000, 0x60000000, 0x60000000, 0x60000000, 0x60000000, 0x60000
 1331      00000000 
 1331      000000F0 
 1331      00000060 
 1331      00000060 
 1332              	
 1333              	UPPERCASE_M:
 1334 21dc 4D000000 			.word	'M			// ASCII "M" character
 1335 21e0 08000000 			.word	CELLWDTH		// cell pixel width
 1336 21e4 10000000 			.word	CELLHGHT		// cell pixel height
 1337 21e8 08000000 			.word	CELLWDTH		// glyph pixel width
 1338 21ec 10000000 			.word	CELLHGHT		// glyph pixel height
 1339 21f0 00000000 			.word	0			// blank horizontal pixels before glyph
 1340 21f4 00000000 			.word	0			// blank horizontal pixels after glyph
 1341 21f8 00000000 			.word	0			// blank horizontal lines before glyph
 1342 21fc 00000000 			.word	0			// blank horizontal lines after glyph
 1343              							// bit mapped glyph
 1344 2200 00000000 			.word	0x00000000, 0x00000000, 0xC3000000, 0xE7000000, 0xFF000000, 0xFF000000, 0xDB000000, 0xC3000
 1344      00000000 
ARM GAS  font_VGA_8x16.s 			page 30


 1344      000000C3 
 1344      000000E7 
 1344      000000FF 
 1345              	
 1346              	UPPERCASE_N:
 1347 2240 4E000000 			.word	'N			// ASCII "N" character
 1348 2244 08000000 			.word	CELLWDTH		// cell pixel width
 1349 2248 10000000 			.word	CELLHGHT		// cell pixel height
 1350 224c 08000000 			.word	CELLWDTH		// glyph pixel width
 1351 2250 10000000 			.word	CELLHGHT		// glyph pixel height
 1352 2254 00000000 			.word	0			// blank horizontal pixels before glyph
 1353 2258 00000000 			.word	0			// blank horizontal pixels after glyph
 1354 225c 00000000 			.word	0			// blank horizontal lines before glyph
 1355 2260 00000000 			.word	0			// blank horizontal lines after glyph
 1356              							// bit mapped glyph
 1357 2264 00000000 			.word	0x00000000, 0x00000000, 0xC6000000, 0xE6000000, 0xF6000000, 0xFE000000, 0xDE000000, 0xCE000
 1357      00000000 
 1357      000000C6 
 1357      000000E6 
 1357      000000F6 
 1358              	
 1359              	UPPERCASE_O:
 1360 22a4 4F000000 			.word	'O			// ASCII "O" character
 1361 22a8 08000000 			.word	CELLWDTH		// cell pixel width
 1362 22ac 10000000 			.word	CELLHGHT		// cell pixel height
 1363 22b0 08000000 			.word	CELLWDTH		// glyph pixel width
 1364 22b4 10000000 			.word	CELLHGHT		// glyph pixel height
 1365 22b8 00000000 			.word	0			// blank horizontal pixels before glyph
 1366 22bc 00000000 			.word	0			// blank horizontal pixels after glyph
 1367 22c0 00000000 			.word	0			// blank horizontal lines before glyph
 1368 22c4 00000000 			.word	0			// blank horizontal lines after glyph
 1369              							// bit mapped glyph
 1370 22c8 00000000 			.word	0x00000000, 0x00000000, 0x7C000000, 0xC6000000, 0xC6000000, 0xC6000000, 0xC6000000, 0xC6000
 1370      00000000 
 1370      0000007C 
 1370      000000C6 
 1370      000000C6 
 1371              	
 1372              	UPPERCASE_P:
 1373 2308 50000000 			.word	'P			// ASCII "P" character
 1374 230c 08000000 			.word	CELLWDTH		// cell pixel width
 1375 2310 10000000 			.word	CELLHGHT		// cell pixel height
 1376 2314 08000000 			.word	CELLWDTH		// glyph pixel width
 1377 2318 10000000 			.word	CELLHGHT		// glyph pixel height
 1378 231c 00000000 			.word	0			// blank horizontal pixels before glyph
 1379 2320 00000000 			.word	0			// blank horizontal pixels after glyph
 1380 2324 00000000 			.word	0			// blank horizontal lines before glyph
 1381 2328 00000000 			.word	0			// blank horizontal lines after glyph
 1382              							// bit mapped glyph
 1383 232c 00000000 			.word	0x00000000, 0x00000000, 0xFC000000, 0x66000000, 0x66000000, 0x66000000, 0x7C000000, 0x60000
 1383      00000000 
 1383      000000FC 
 1383      00000066 
 1383      00000066 
 1384              	
 1385              	UPPERCASE_Q:
 1386 236c 51000000 			.word	'Q			// ASCII "Q" character
ARM GAS  font_VGA_8x16.s 			page 31


 1387 2370 08000000 			.word	CELLWDTH		// cell pixel width
 1388 2374 10000000 			.word	CELLHGHT		// cell pixel height
 1389 2378 08000000 			.word	CELLWDTH		// glyph pixel width
 1390 237c 10000000 			.word	CELLHGHT		// glyph pixel height
 1391 2380 00000000 			.word	0			// blank horizontal pixels before glyph
 1392 2384 00000000 			.word	0			// blank horizontal pixels after glyph
 1393 2388 00000000 			.word	0			// blank horizontal lines before glyph
 1394 238c 00000000 			.word	0			// blank horizontal lines after glyph
 1395              							// bit mapped glyph
 1396 2390 00000000 			.word	0x00000000, 0x00000000, 0x7C000000, 0xC6000000, 0xC6000000, 0xC6000000, 0xC6000000, 0xC6000
 1396      00000000 
 1396      0000007C 
 1396      000000C6 
 1396      000000C6 
 1397              	
 1398              	UPPERCASE_R:
 1399 23d0 52000000 			.word	'R			// ASCII "R" character
 1400 23d4 08000000 			.word	CELLWDTH		// cell pixel width
 1401 23d8 10000000 			.word	CELLHGHT		// cell pixel height
 1402 23dc 08000000 			.word	CELLWDTH		// glyph pixel width
 1403 23e0 10000000 			.word	CELLHGHT		// glyph pixel height
 1404 23e4 00000000 			.word	0			// blank horizontal pixels before glyph
 1405 23e8 00000000 			.word	0			// blank horizontal pixels after glyph
 1406 23ec 00000000 			.word	0			// blank horizontal lines before glyph
 1407 23f0 00000000 			.word	0			// blank horizontal lines after glyph
 1408              							// bit mapped glyph
 1409 23f4 00000000 			.word	0x00000000, 0x00000000, 0xFC000000, 0x66000000, 0x66000000, 0x66000000, 0x7C000000, 0x6C000
 1409      00000000 
 1409      000000FC 
 1409      00000066 
 1409      00000066 
 1410              	
 1411              	UPPERCASE_S:
 1412 2434 53000000 			.word	'S			// ASCII "S" character
 1413 2438 08000000 			.word	CELLWDTH		// cell pixel width
 1414 243c 10000000 			.word	CELLHGHT		// cell pixel height
 1415 2440 08000000 			.word	CELLWDTH		// glyph pixel width
 1416 2444 10000000 			.word	CELLHGHT		// glyph pixel height
 1417 2448 00000000 			.word	0			// blank horizontal pixels before glyph
 1418 244c 00000000 			.word	0			// blank horizontal pixels after glyph
 1419 2450 00000000 			.word	0			// blank horizontal lines before glyph
 1420 2454 00000000 			.word	0			// blank horizontal lines after glyph
 1421              							// bit mapped glyph
 1422 2458 00000000 			.word	0x00000000, 0x00000000, 0x7C000000, 0xC6000000, 0xC6000000, 0x60000000, 0x38000000, 0x0C000
 1422      00000000 
 1422      0000007C 
 1422      000000C6 
 1422      000000C6 
 1423              	
 1424              	UPPERCASE_T:
 1425 2498 54000000 			.word	'T			// ASCII "T" character
 1426 249c 08000000 			.word	CELLWDTH		// cell pixel width
 1427 24a0 10000000 			.word	CELLHGHT		// cell pixel height
 1428 24a4 08000000 			.word	CELLWDTH		// glyph pixel width
 1429 24a8 10000000 			.word	CELLHGHT		// glyph pixel height
 1430 24ac 00000000 			.word	0			// blank horizontal pixels before glyph
 1431 24b0 00000000 			.word	0			// blank horizontal pixels after glyph
ARM GAS  font_VGA_8x16.s 			page 32


 1432 24b4 00000000 			.word	0			// blank horizontal lines before glyph
 1433 24b8 00000000 			.word	0			// blank horizontal lines after glyph
 1434              							// bit mapped glyph
 1435 24bc 00000000 			.word	0x00000000, 0x00000000, 0xFF000000, 0xDB000000, 0x99000000, 0x18000000, 0x18000000, 0x18000
 1435      00000000 
 1435      000000FF 
 1435      000000DB 
 1435      00000099 
 1436              	
 1437              	UPPERCASE_U:
 1438 24fc 55000000 			.word	'U			// ASCII "U" character
 1439 2500 08000000 			.word	CELLWDTH		// cell pixel width
 1440 2504 10000000 			.word	CELLHGHT		// cell pixel height
 1441 2508 08000000 			.word	CELLWDTH		// glyph pixel width
 1442 250c 10000000 			.word	CELLHGHT		// glyph pixel height
 1443 2510 00000000 			.word	0			// blank horizontal pixels before glyph
 1444 2514 00000000 			.word	0			// blank horizontal pixels after glyph
 1445 2518 00000000 			.word	0			// blank horizontal lines before glyph
 1446 251c 00000000 			.word	0			// blank horizontal lines after glyph
 1447              							// bit mapped glyph
 1448 2520 00000000 			.word	0x00000000, 0x00000000, 0xC6000000, 0xC6000000, 0xC6000000, 0xC6000000, 0xC6000000, 0xC6000
 1448      00000000 
 1448      000000C6 
 1448      000000C6 
 1448      000000C6 
 1449              	
 1450              	UPPERCASE_V:
 1451 2560 56000000 			.word	'V			// ASCII "V" character
 1452 2564 08000000 			.word	CELLWDTH		// cell pixel width
 1453 2568 10000000 			.word	CELLHGHT		// cell pixel height
 1454 256c 08000000 			.word	CELLWDTH		// glyph pixel width
 1455 2570 10000000 			.word	CELLHGHT		// glyph pixel height
 1456 2574 00000000 			.word	0			// blank horizontal pixels before glyph
 1457 2578 00000000 			.word	0			// blank horizontal pixels after glyph
 1458 257c 00000000 			.word	0			// blank horizontal lines before glyph
 1459 2580 00000000 			.word	0			// blank horizontal lines after glyph
 1460              							// bit mapped glyph
 1461 2584 00000000 			.word	0x00000000, 0x00000000, 0xC3000000, 0xC3000000, 0xC3000000, 0xC3000000, 0xC3000000, 0xC3000
 1461      00000000 
 1461      000000C3 
 1461      000000C3 
 1461      000000C3 
 1462              	
 1463              	UPPERCASE_W:
 1464 25c4 57000000 			.word	'W			// ASCII "W" character
 1465 25c8 08000000 			.word	CELLWDTH		// cell pixel width
 1466 25cc 10000000 			.word	CELLHGHT		// cell pixel height
 1467 25d0 08000000 			.word	CELLWDTH		// glyph pixel width
 1468 25d4 10000000 			.word	CELLHGHT		// glyph pixel height
 1469 25d8 00000000 			.word	0			// blank horizontal pixels before glyph
 1470 25dc 00000000 			.word	0			// blank horizontal pixels after glyph
 1471 25e0 00000000 			.word	0			// blank horizontal lines before glyph
 1472 25e4 00000000 			.word	0			// blank horizontal lines after glyph
 1473              							// bit mapped glyph
 1474 25e8 00000000 			.word	0x00000000, 0x00000000, 0xC3000000, 0xC3000000, 0xC3000000, 0xC3000000, 0xC3000000, 0xDB000
 1474      00000000 
 1474      000000C3 
ARM GAS  font_VGA_8x16.s 			page 33


 1474      000000C3 
 1474      000000C3 
 1475              	
 1476              	UPPERCASE_X:
 1477 2628 58000000 			.word	'X			// ASCII "X" character
 1478 262c 08000000 			.word	CELLWDTH		// cell pixel width
 1479 2630 10000000 			.word	CELLHGHT		// cell pixel height
 1480 2634 08000000 			.word	CELLWDTH		// glyph pixel width
 1481 2638 10000000 			.word	CELLHGHT		// glyph pixel height
 1482 263c 00000000 			.word	0			// blank horizontal pixels before glyph
 1483 2640 00000000 			.word	0			// blank horizontal pixels after glyph
 1484 2644 00000000 			.word	0			// blank horizontal lines before glyph
 1485 2648 00000000 			.word	0			// blank horizontal lines after glyph
 1486              							// bit mapped glyph
 1487 264c 00000000 			.word	0x00000000, 0x00000000, 0xC3000000, 0xC3000000, 0x66000000, 0x3C000000, 0x18000000, 0x18000
 1487      00000000 
 1487      000000C3 
 1487      000000C3 
 1487      00000066 
 1488              	
 1489              	UPPERCASE_Y:
 1490 268c 59000000 			.word	'Y			// ASCII "Y" character
 1491 2690 08000000 			.word	CELLWDTH		// cell pixel width
 1492 2694 10000000 			.word	CELLHGHT		// cell pixel height
 1493 2698 08000000 			.word	CELLWDTH		// glyph pixel width
 1494 269c 10000000 			.word	CELLHGHT		// glyph pixel height
 1495 26a0 00000000 			.word	0			// blank horizontal pixels before glyph
 1496 26a4 00000000 			.word	0			// blank horizontal pixels after glyph
 1497 26a8 00000000 			.word	0			// blank horizontal lines before glyph
 1498 26ac 00000000 			.word	0			// blank horizontal lines after glyph
 1499              							// bit mapped glyph
 1500 26b0 00000000 			.word	0x00000000, 0x00000000, 0xC3000000, 0xC3000000, 0xC3000000, 0x66000000, 0x3C000000, 0x18000
 1500      00000000 
 1500      000000C3 
 1500      000000C3 
 1500      000000C3 
 1501              	
 1502              	UPPERCASE_Z:
 1503 26f0 5A000000 			.word	'Z			// ASCII "Z" character
 1504 26f4 08000000 			.word	CELLWDTH		// cell pixel width
 1505 26f8 10000000 			.word	CELLHGHT		// cell pixel height
 1506 26fc 08000000 			.word	CELLWDTH		// glyph pixel width
 1507 2700 10000000 			.word	CELLHGHT		// glyph pixel height
 1508 2704 00000000 			.word	0			// blank horizontal pixels before glyph
 1509 2708 00000000 			.word	0			// blank horizontal pixels after glyph
 1510 270c 00000000 			.word	0			// blank horizontal lines before glyph
 1511 2710 00000000 			.word	0			// blank horizontal lines after glyph
 1512              							// bit mapped glyph
 1513 2714 00000000 			.word	0x00000000, 0x00000000, 0xFF000000, 0xC3000000, 0x86000000, 0x0C000000, 0x18000000, 0x30000
 1513      00000000 
 1513      000000FF 
 1513      000000C3 
 1513      00000086 
 1514              	
 1515              	LEFT_SQUARE_BRACKET:
 1516 2754 5B000000 			.word	'[			// ASCII "[" character
 1517 2758 08000000 			.word	CELLWDTH		// cell pixel width
ARM GAS  font_VGA_8x16.s 			page 34


 1518 275c 10000000 			.word	CELLHGHT		// cell pixel height
 1519 2760 08000000 			.word	CELLWDTH		// glyph pixel width
 1520 2764 10000000 			.word	CELLHGHT		// glyph pixel height
 1521 2768 00000000 			.word	0			// blank horizontal pixels before glyph
 1522 276c 00000000 			.word	0			// blank horizontal pixels after glyph
 1523 2770 00000000 			.word	0			// blank horizontal lines before glyph
 1524 2774 00000000 			.word	0			// blank horizontal lines after glyph
 1525              							// bit mapped glyph
 1526 2778 00000000 			.word	0x00000000, 0x00000000, 0x3C000000, 0x30000000, 0x30000000, 0x30000000, 0x30000000, 0x30000
 1526      00000000 
 1526      0000003C 
 1526      00000030 
 1526      00000030 
 1527              	
 1528              	BACK_SLASH:
 1529 27b8 5C000000 			.word	'\\			// ASCII "\" character
 1530 27bc 08000000 			.word	CELLWDTH		// cell pixel width
 1531 27c0 10000000 			.word	CELLHGHT		// cell pixel height
 1532 27c4 08000000 			.word	CELLWDTH		// glyph pixel width
 1533 27c8 10000000 			.word	CELLHGHT		// glyph pixel height
 1534 27cc 00000000 			.word	0			// blank horizontal pixels before glyph
 1535 27d0 00000000 			.word	0			// blank horizontal pixels after glyph
 1536 27d4 00000000 			.word	0			// blank horizontal lines before glyph
 1537 27d8 00000000 			.word	0			// blank horizontal lines after glyph
 1538              							// bit mapped glyph
 1539 27dc 00000000 			.word	0x00000000, 0x00000000, 0x00000000, 0x80000000, 0xC0000000, 0xE0000000, 0x70000000, 0x38000
 1539      00000000 
 1539      00000000 
 1539      00000080 
 1539      000000C0 
 1540              	
 1541              	RIGHT_SQUARE_BRACKET:
 1542 281c 5D000000 			.word	']			// ASCII "]" character
 1543 2820 08000000 			.word	CELLWDTH		// cell pixel width
 1544 2824 10000000 			.word	CELLHGHT		// cell pixel height
 1545 2828 08000000 			.word	CELLWDTH		// glyph pixel width
 1546 282c 10000000 			.word	CELLHGHT		// glyph pixel height
 1547 2830 00000000 			.word	0			// blank horizontal pixels before glyph
 1548 2834 00000000 			.word	0			// blank horizontal pixels after glyph
 1549 2838 00000000 			.word	0			// blank horizontal lines before glyph
 1550 283c 00000000 			.word	0			// blank horizontal lines after glyph
 1551              							// bit mapped glyph
 1552 2840 00000000 			.word	0x00000000, 0x00000000, 0x3C000000, 0x0C000000, 0x0C000000, 0x0C000000, 0x0C000000, 0x0C000
 1552      00000000 
 1552      0000003C 
 1552      0000000C 
 1552      0000000C 
 1553              	
 1554              	CARROT:
 1555 2880 5E000000 			.word	'^			// ASCII "^" character
 1556 2884 08000000 			.word	CELLWDTH		// cell pixel width
 1557 2888 10000000 			.word	CELLHGHT		// cell pixel height
 1558 288c 08000000 			.word	CELLWDTH		// glyph pixel width
 1559 2890 10000000 			.word	CELLHGHT		// glyph pixel height
 1560 2894 00000000 			.word	0			// blank horizontal pixels before glyph
 1561 2898 00000000 			.word	0			// blank horizontal pixels after glyph
 1562 289c 00000000 			.word	0			// blank horizontal lines before glyph
ARM GAS  font_VGA_8x16.s 			page 35


 1563 28a0 00000000 			.word	0			// blank horizontal lines after glyph
 1564              							// bit mapped glyph
 1565 28a4 00000010 			.word	0x10000000, 0x38000000, 0x6C000000, 0xC6000000, 0x00000000, 0x00000000, 0x00000000, 0x00000
 1565      00000038 
 1565      0000006C 
 1565      000000C6 
 1565      00000000 
 1566              	
 1567              	UNDERSCORE:
 1568 28e4 5F000000 			.word	'_			// ASCII "_" character
 1569 28e8 08000000 			.word	CELLWDTH		// cell pixel width
 1570 28ec 10000000 			.word	CELLHGHT		// cell pixel height
 1571 28f0 08000000 			.word	CELLWDTH		// glyph pixel width
 1572 28f4 10000000 			.word	CELLHGHT		// glyph pixel height
 1573 28f8 00000000 			.word	0			// blank horizontal pixels before glyph
 1574 28fc 00000000 			.word	0			// blank horizontal pixels after glyph
 1575 2900 00000000 			.word	0			// blank horizontal lines before glyph
 1576 2904 00000000 			.word	0			// blank horizontal lines after glyph
 1577              							// bit mapped glyph
 1578 2908 00000000 			.word	0x00000000, 0x00000000, 0x00000000, 0x00000000, 0x00000000, 0x00000000, 0x00000000, 0x00000
 1578      00000000 
 1578      00000000 
 1578      00000000 
 1578      00000000 
 1579              	
 1580              	ACCENT_MARK:
 1581 2948 60000000 			.word	'`			// ASCII "`" character
 1582 294c 08000000 			.word	CELLWDTH		// cell pixel width
 1583 2950 10000000 			.word	CELLHGHT		// cell pixel height
 1584 2954 08000000 			.word	CELLWDTH		// glyph pixel width
 1585 2958 10000000 			.word	CELLHGHT		// glyph pixel height
 1586 295c 00000000 			.word	0			// blank horizontal pixels before glyph
 1587 2960 00000000 			.word	0			// blank horizontal pixels after glyph
 1588 2964 00000000 			.word	0			// blank horizontal lines before glyph
 1589 2968 00000000 			.word	0			// blank horizontal lines after glyph
 1590              							// bit mapped glyph
 1591 296c 00000030 			.word	0x30000000, 0x30000000, 0x18000000, 0x00000000, 0x00000000, 0x00000000, 0x00000000, 0x00000
 1591      00000030 
 1591      00000018 
 1591      00000000 
 1591      00000000 
 1592              	
 1593              	LOWERCASE_A:
 1594 29ac 61000000 			.word	'a			// ASCII "a" character
 1595 29b0 08000000 			.word	CELLWDTH		// cell pixel width
 1596 29b4 10000000 			.word	CELLHGHT		// cell pixel height
 1597 29b8 08000000 			.word	CELLWDTH		// glyph pixel width
 1598 29bc 10000000 			.word	CELLHGHT		// glyph pixel height
 1599 29c0 00000000 			.word	0			// blank horizontal pixels before glyph
 1600 29c4 00000000 			.word	0			// blank horizontal pixels after glyph
 1601 29c8 00000000 			.word	0			// blank horizontal lines before glyph
 1602 29cc 00000000 			.word	0			// blank horizontal lines after glyph
 1603              							// bit mapped glyph
 1604 29d0 00000000 			.word	0x00000000, 0x00000000, 0x00000000, 0x00000000, 0x00000000, 0x78000000, 0x0C000000, 0x7C000
 1604      00000000 
 1604      00000000 
 1604      00000000 
ARM GAS  font_VGA_8x16.s 			page 36


 1604      00000000 
 1605              	
 1606              	LOWERCASE_B:
 1607 2a10 62000000 			.word	'b			// ASCII "b" character
 1608 2a14 08000000 			.word	CELLWDTH		// cell pixel width
 1609 2a18 10000000 			.word	CELLHGHT		// cell pixel height
 1610 2a1c 08000000 			.word	CELLWDTH		// glyph pixel width
 1611 2a20 10000000 			.word	CELLHGHT		// glyph pixel height
 1612 2a24 00000000 			.word	0			// blank horizontal pixels before glyph
 1613 2a28 00000000 			.word	0			// blank horizontal pixels after glyph
 1614 2a2c 00000000 			.word	0			// blank horizontal lines before glyph
 1615 2a30 00000000 			.word	0			// blank horizontal lines after glyph
 1616              							// bit mapped glyph
 1617 2a34 00000000 			.word	0x00000000, 0x00000000, 0xE0000000, 0x60000000, 0x60000000, 0x78000000, 0x6C000000, 0x66000
 1617      00000000 
 1617      000000E0 
 1617      00000060 
 1617      00000060 
 1618              	
 1619              	LOWERCASE_C:
 1620 2a74 63000000 			.word	'c			// ASCII "c" character
 1621 2a78 08000000 			.word	CELLWDTH		// cell pixel width
 1622 2a7c 10000000 			.word	CELLHGHT		// cell pixel height
 1623 2a80 08000000 			.word	CELLWDTH		// glyph pixel width
 1624 2a84 10000000 			.word	CELLHGHT		// glyph pixel height
 1625 2a88 00000000 			.word	0			// blank horizontal pixels before glyph
 1626 2a8c 00000000 			.word	0			// blank horizontal pixels after glyph
 1627 2a90 00000000 			.word	0			// blank horizontal lines before glyph
 1628 2a94 00000000 			.word	0			// blank horizontal lines after glyph
 1629              							// bit mapped glyph
 1630 2a98 00000000 			.word	0x00000000, 0x00000000, 0x00000000, 0x00000000, 0x00000000, 0x7C000000, 0xC6000000, 0xC0000
 1630      00000000 
 1630      00000000 
 1630      00000000 
 1630      00000000 
 1631              	
 1632              	LOWERCASE_D:
 1633 2ad8 64000000 			.word	'd			// ASCII "d" character
 1634 2adc 08000000 			.word	CELLWDTH		// cell pixel width
 1635 2ae0 10000000 			.word	CELLHGHT		// cell pixel height
 1636 2ae4 08000000 			.word	CELLWDTH		// glyph pixel width
 1637 2ae8 10000000 			.word	CELLHGHT		// glyph pixel height
 1638 2aec 00000000 			.word	0			// blank horizontal pixels before glyph
 1639 2af0 00000000 			.word	0			// blank horizontal pixels after glyph
 1640 2af4 00000000 			.word	0			// blank horizontal lines before glyph
 1641 2af8 00000000 			.word	0			// blank horizontal lines after glyph
 1642              							// bit mapped glyph
 1643 2afc 00000000 			.word	0x00000000, 0x00000000, 0x1C000000, 0x0C000000, 0x0C000000, 0x3C000000, 0x6C000000, 0xCC000
 1643      00000000 
 1643      0000001C 
 1643      0000000C 
 1643      0000000C 
 1644              	
 1645              	LOWERCASE_E:
 1646 2b3c 65000000 			.word	'e			// ASCII "e" character
 1647 2b40 08000000 			.word	CELLWDTH		// cell pixel width
 1648 2b44 10000000 			.word	CELLHGHT		// cell pixel height
ARM GAS  font_VGA_8x16.s 			page 37


 1649 2b48 08000000 			.word	CELLWDTH		// glyph pixel width
 1650 2b4c 10000000 			.word	CELLHGHT		// glyph pixel height
 1651 2b50 00000000 			.word	0			// blank horizontal pixels before glyph
 1652 2b54 00000000 			.word	0			// blank horizontal pixels after glyph
 1653 2b58 00000000 			.word	0			// blank horizontal lines before glyph
 1654 2b5c 00000000 			.word	0			// blank horizontal lines after glyph
 1655              							// bit mapped glyph
 1656 2b60 00000000 			.word	0x00000000, 0x00000000, 0x00000000, 0x00000000, 0x00000000, 0x7C000000, 0xC6000000, 0xFE000
 1656      00000000 
 1656      00000000 
 1656      00000000 
 1656      00000000 
 1657              	
 1658              	LOWERCASE_F:
 1659 2ba0 66000000 			.word	'f			// ASCII "f" character
 1660 2ba4 08000000 			.word	CELLWDTH		// cell pixel width
 1661 2ba8 10000000 			.word	CELLHGHT		// cell pixel height
 1662 2bac 08000000 			.word	CELLWDTH		// glyph pixel width
 1663 2bb0 10000000 			.word	CELLHGHT		// glyph pixel height
 1664 2bb4 00000000 			.word	0			// blank horizontal pixels before glyph
 1665 2bb8 00000000 			.word	0			// blank horizontal pixels after glyph
 1666 2bbc 00000000 			.word	0			// blank horizontal lines before glyph
 1667 2bc0 00000000 			.word	0			// blank horizontal lines after glyph
 1668              							// bit mapped glyph
 1669 2bc4 00000000 			.word	0x00000000, 0x00000000, 0x38000000, 0x6C000000, 0x64000000, 0x60000000, 0xF0000000, 0x60000
 1669      00000000 
 1669      00000038 
 1669      0000006C 
 1669      00000064 
 1670              	
 1671              	LOWERCASE_G:
 1672 2c04 67000000 			.word	'g			// ASCII "g" character
 1673 2c08 08000000 			.word	CELLWDTH		// cell pixel width
 1674 2c0c 10000000 			.word	CELLHGHT		// cell pixel height
 1675 2c10 08000000 			.word	CELLWDTH		// glyph pixel width
 1676 2c14 10000000 			.word	CELLHGHT		// glyph pixel height
 1677 2c18 00000000 			.word	0			// blank horizontal pixels before glyph
 1678 2c1c 00000000 			.word	0			// blank horizontal pixels after glyph
 1679 2c20 00000000 			.word	0			// blank horizontal lines before glyph
 1680 2c24 00000000 			.word	0			// blank horizontal lines after glyph
 1681              							// bit mapped glyph
 1682 2c28 00000000 			.word	0x00000000, 0x00000000, 0x00000000, 0x00000000, 0x00000000, 0x76000000, 0xCC000000, 0xCC000
 1682      00000000 
 1682      00000000 
 1682      00000000 
 1682      00000000 
 1683              	
 1684              	LOWERCASE_H:
 1685 2c68 68000000 			.word	'h			// ASCII "h" character
 1686 2c6c 08000000 			.word	CELLWDTH		// cell pixel width
 1687 2c70 10000000 			.word	CELLHGHT		// cell pixel height
 1688 2c74 08000000 			.word	CELLWDTH		// glyph pixel width
 1689 2c78 10000000 			.word	CELLHGHT		// glyph pixel height
 1690 2c7c 00000000 			.word	0			// blank horizontal pixels before glyph
 1691 2c80 00000000 			.word	0			// blank horizontal pixels after glyph
 1692 2c84 00000000 			.word	0			// blank horizontal lines before glyph
 1693 2c88 00000000 			.word	0			// blank horizontal lines after glyph
ARM GAS  font_VGA_8x16.s 			page 38


 1694              							// bit mapped glyph
 1695 2c8c 00000000 			.word	0x00000000, 0x00000000, 0xE0000000, 0x60000000, 0x60000000, 0x6C000000, 0x76000000, 0x66000
 1695      00000000 
 1695      000000E0 
 1695      00000060 
 1695      00000060 
 1696              	
 1697              	LOWERCASE_I:
 1698 2ccc 69000000 			.word	'i			// ASCII "i" character
 1699 2cd0 08000000 			.word	CELLWDTH		// cell pixel width
 1700 2cd4 10000000 			.word	CELLHGHT		// cell pixel height
 1701 2cd8 08000000 			.word	CELLWDTH		// glyph pixel width
 1702 2cdc 10000000 			.word	CELLHGHT		// glyph pixel height
 1703 2ce0 00000000 			.word	0			// blank horizontal pixels before glyph
 1704 2ce4 00000000 			.word	0			// blank horizontal pixels after glyph
 1705 2ce8 00000000 			.word	0			// blank horizontal lines before glyph
 1706 2cec 00000000 			.word	0			// blank horizontal lines after glyph
 1707              							// bit mapped glyph
 1708 2cf0 00000000 			.word	0x00000000, 0x00000000, 0x18000000, 0x18000000, 0x00000000, 0x38000000, 0x18000000, 0x18000
 1708      00000000 
 1708      00000018 
 1708      00000018 
 1708      00000000 
 1709              	
 1710              	LOWERCASE_J:
 1711 2d30 6A000000 			.word	'j			// ASCII "j" character
 1712 2d34 08000000 			.word	CELLWDTH		// cell pixel width
 1713 2d38 10000000 			.word	CELLHGHT		// cell pixel height
 1714 2d3c 08000000 			.word	CELLWDTH		// glyph pixel width
 1715 2d40 10000000 			.word	CELLHGHT		// glyph pixel height
 1716 2d44 00000000 			.word	0			// blank horizontal pixels before glyph
 1717 2d48 00000000 			.word	0			// blank horizontal pixels after glyph
 1718 2d4c 00000000 			.word	0			// blank horizontal lines before glyph
 1719 2d50 00000000 			.word	0			// blank horizontal lines after glyph
 1720              							// bit mapped glyph
 1721 2d54 00000000 			.word	0x00000000, 0x00000000, 0x06000000, 0x06000000, 0x00000000, 0x0E000000, 0x06000000, 0x06000
 1721      00000000 
 1721      00000006 
 1721      00000006 
 1721      00000000 
 1722              	
 1723              	LOWERCASE_K:
 1724 2d94 6B000000 			.word	'k			// ASCII "k" character
 1725 2d98 08000000 			.word	CELLWDTH		// cell pixel width
 1726 2d9c 10000000 			.word	CELLHGHT		// cell pixel height
 1727 2da0 08000000 			.word	CELLWDTH		// glyph pixel width
 1728 2da4 10000000 			.word	CELLHGHT		// glyph pixel height
 1729 2da8 00000000 			.word	0			// blank horizontal pixels before glyph
 1730 2dac 00000000 			.word	0			// blank horizontal pixels after glyph
 1731 2db0 00000000 			.word	0			// blank horizontal lines before glyph
 1732 2db4 00000000 			.word	0			// blank horizontal lines after glyph
 1733              							// bit mapped glyph
 1734 2db8 00000000 			.word	0x00000000, 0x00000000, 0xE0000000, 0x60000000, 0x60000000, 0x66000000, 0x6C000000, 0x78000
 1734      00000000 
 1734      000000E0 
 1734      00000060 
 1734      00000060 
ARM GAS  font_VGA_8x16.s 			page 39


 1735              	
 1736              	LOWERCASE_L:
 1737 2df8 6C000000 			.word	'l			// ASCII "l" character
 1738 2dfc 08000000 			.word	CELLWDTH		// cell pixel width
 1739 2e00 10000000 			.word	CELLHGHT		// cell pixel height
 1740 2e04 08000000 			.word	CELLWDTH		// glyph pixel width
 1741 2e08 10000000 			.word	CELLHGHT		// glyph pixel height
 1742 2e0c 00000000 			.word	0			// blank horizontal pixels before glyph
 1743 2e10 00000000 			.word	0			// blank horizontal pixels after glyph
 1744 2e14 00000000 			.word	0			// blank horizontal lines before glyph
 1745 2e18 00000000 			.word	0			// blank horizontal lines after glyph
 1746              							// bit mapped glyph
 1747 2e1c 00000000 			.word	0x00000000, 0x00000000, 0x38000000, 0x18000000, 0x18000000, 0x18000000, 0x18000000, 0x18000
 1747      00000000 
 1747      00000038 
 1747      00000018 
 1747      00000018 
 1748              	
 1749              	LOWERCASE_M:
 1750 2e5c 6D000000 			.word	'm			// ASCII "m" character
 1751 2e60 08000000 			.word	CELLWDTH		// cell pixel width
 1752 2e64 10000000 			.word	CELLHGHT		// cell pixel height
 1753 2e68 08000000 			.word	CELLWDTH		// glyph pixel width
 1754 2e6c 10000000 			.word	CELLHGHT		// glyph pixel height
 1755 2e70 00000000 			.word	0			// blank horizontal pixels before glyph
 1756 2e74 00000000 			.word	0			// blank horizontal pixels after glyph
 1757 2e78 00000000 			.word	0			// blank horizontal lines before glyph
 1758 2e7c 00000000 			.word	0			// blank horizontal lines after glyph
 1759              							// bit mapped glyph
 1760 2e80 00000000 			.word	0x00000000, 0x00000000, 0x00000000, 0x00000000, 0x00000000, 0xE6000000, 0xFF000000, 0xDB000
 1760      00000000 
 1760      00000000 
 1760      00000000 
 1760      00000000 
 1761              	
 1762              	LOWERCASE_N:
 1763 2ec0 6E000000 			.word	'n			// ASCII "n" character
 1764 2ec4 08000000 			.word	CELLWDTH		// cell pixel width
 1765 2ec8 10000000 			.word	CELLHGHT		// cell pixel height
 1766 2ecc 08000000 			.word	CELLWDTH		// glyph pixel width
 1767 2ed0 10000000 			.word	CELLHGHT		// glyph pixel height
 1768 2ed4 00000000 			.word	0			// blank horizontal pixels before glyph
 1769 2ed8 00000000 			.word	0			// blank horizontal pixels after glyph
 1770 2edc 00000000 			.word	0			// blank horizontal lines before glyph
 1771 2ee0 00000000 			.word	0			// blank horizontal lines after glyph
 1772              							// bit mapped glyph
 1773 2ee4 00000000 			.word	0x00000000, 0x00000000, 0x00000000, 0x00000000, 0x00000000, 0xDC000000, 0x66000000, 0x66000
 1773      00000000 
 1773      00000000 
 1773      00000000 
 1773      00000000 
 1774              	
 1775              	LOWERCASE_O:
 1776 2f24 6F000000 			.word	'o			// ASCII "o" character
 1777 2f28 08000000 			.word	CELLWDTH		// cell pixel width
 1778 2f2c 10000000 			.word	CELLHGHT		// cell pixel height
 1779 2f30 08000000 			.word	CELLWDTH		// glyph pixel width
ARM GAS  font_VGA_8x16.s 			page 40


 1780 2f34 10000000 			.word	CELLHGHT		// glyph pixel height
 1781 2f38 00000000 			.word	0			// blank horizontal pixels before glyph
 1782 2f3c 00000000 			.word	0			// blank horizontal pixels after glyph
 1783 2f40 00000000 			.word	0			// blank horizontal lines before glyph
 1784 2f44 00000000 			.word	0			// blank horizontal lines after glyph
 1785              							// bit mapped glyph
 1786 2f48 00000000 			.word	0x00000000, 0x00000000, 0x00000000, 0x00000000, 0x00000000, 0x7C000000, 0xC6000000, 0xC6000
 1786      00000000 
 1786      00000000 
 1786      00000000 
 1786      00000000 
 1787              	
 1788              	LOWERCASE_P:
 1789 2f88 70000000 			.word	'p			// ASCII "p" character
 1790 2f8c 08000000 			.word	CELLWDTH		// cell pixel width
 1791 2f90 10000000 			.word	CELLHGHT		// cell pixel height
 1792 2f94 08000000 			.word	CELLWDTH		// glyph pixel width
 1793 2f98 10000000 			.word	CELLHGHT		// glyph pixel height
 1794 2f9c 00000000 			.word	0			// blank horizontal pixels before glyph
 1795 2fa0 00000000 			.word	0			// blank horizontal pixels after glyph
 1796 2fa4 00000000 			.word	0			// blank horizontal lines before glyph
 1797 2fa8 00000000 			.word	0			// blank horizontal lines after glyph
 1798              							// bit mapped glyph
 1799 2fac 00000000 			.word	0x00000000, 0x00000000, 0x00000000, 0x00000000, 0x00000000, 0xDC000000, 0x66000000, 0x66000
 1799      00000000 
 1799      00000000 
 1799      00000000 
 1799      00000000 
 1800              	
 1801              	LOWERCASE_Q:
 1802 2fec 71000000 			.word	'q			// ASCII "q" character
 1803 2ff0 08000000 			.word	CELLWDTH		// cell pixel width
 1804 2ff4 10000000 			.word	CELLHGHT		// cell pixel height
 1805 2ff8 08000000 			.word	CELLWDTH		// glyph pixel width
 1806 2ffc 10000000 			.word	CELLHGHT		// glyph pixel height
 1807 3000 00000000 			.word	0			// blank horizontal pixels before glyph
 1808 3004 00000000 			.word	0			// blank horizontal pixels after glyph
 1809 3008 00000000 			.word	0			// blank horizontal lines before glyph
 1810 300c 00000000 			.word	0			// blank horizontal lines after glyph
 1811              							// bit mapped glyph
 1812 3010 00000000 			.word	0x00000000, 0x00000000, 0x00000000, 0x00000000, 0x00000000, 0x76000000, 0xCC000000, 0xCC000
 1812      00000000 
 1812      00000000 
 1812      00000000 
 1812      00000000 
 1813              	
 1814              	LOWERCASE_R:
 1815 3050 72000000 			.word	'r			// ASCII "r" character
 1816 3054 08000000 			.word	CELLWDTH		// cell pixel width
 1817 3058 10000000 			.word	CELLHGHT		// cell pixel height
 1818 305c 08000000 			.word	CELLWDTH		// glyph pixel width
 1819 3060 10000000 			.word	CELLHGHT		// glyph pixel height
 1820 3064 00000000 			.word	0			// blank horizontal pixels before glyph
 1821 3068 00000000 			.word	0			// blank horizontal pixels after glyph
 1822 306c 00000000 			.word	0			// blank horizontal lines before glyph
 1823 3070 00000000 			.word	0			// blank horizontal lines after glyph
 1824              							// bit mapped glyph
ARM GAS  font_VGA_8x16.s 			page 41


 1825 3074 00000000 			.word	0x00000000, 0x00000000, 0x00000000, 0x00000000, 0x00000000, 0xDC000000, 0x76000000, 0x66000
 1825      00000000 
 1825      00000000 
 1825      00000000 
 1825      00000000 
 1826              	
 1827              	LOWERCASE_S:
 1828 30b4 73000000 			.word	's			// ASCII "s" character
 1829 30b8 08000000 			.word	CELLWDTH		// cell pixel width
 1830 30bc 10000000 			.word	CELLHGHT		// cell pixel height
 1831 30c0 08000000 			.word	CELLWDTH		// glyph pixel width
 1832 30c4 10000000 			.word	CELLHGHT		// glyph pixel height
 1833 30c8 00000000 			.word	0			// blank horizontal pixels before glyph
 1834 30cc 00000000 			.word	0			// blank horizontal pixels after glyph
 1835 30d0 00000000 			.word	0			// blank horizontal lines before glyph
 1836 30d4 00000000 			.word	0			// blank horizontal lines after glyph
 1837              							// bit mapped glyph
 1838 30d8 00000000 			.word	0x00000000, 0x00000000, 0x00000000, 0x00000000, 0x00000000, 0x7C000000, 0xC6000000, 0x60000
 1838      00000000 
 1838      00000000 
 1838      00000000 
 1838      00000000 
 1839              	
 1840              	LOWERCASE_T:
 1841 3118 74000000 			.word	't			// ASCII "t" character
 1842 311c 08000000 			.word	CELLWDTH		// cell pixel width
 1843 3120 10000000 			.word	CELLHGHT		// cell pixel height
 1844 3124 08000000 			.word	CELLWDTH		// glyph pixel width
 1845 3128 10000000 			.word	CELLHGHT		// glyph pixel height
 1846 312c 00000000 			.word	0			// blank horizontal pixels before glyph
 1847 3130 00000000 			.word	0			// blank horizontal pixels after glyph
 1848 3134 00000000 			.word	0			// blank horizontal lines before glyph
 1849 3138 00000000 			.word	0			// blank horizontal lines after glyph
 1850              							// bit mapped glyph
 1851 313c 00000000 			.word	0x00000000, 0x00000000, 0x10000000, 0x30000000, 0x30000000, 0xFC000000, 0x30000000, 0x30000
 1851      00000000 
 1851      00000010 
 1851      00000030 
 1851      00000030 
 1852              	
 1853              	LOWERCASE_U:
 1854 317c 75000000 			.word	'u			// ASCII "u" character
 1855 3180 08000000 			.word	CELLWDTH		// cell pixel width
 1856 3184 10000000 			.word	CELLHGHT		// cell pixel height
 1857 3188 08000000 			.word	CELLWDTH		// glyph pixel width
 1858 318c 10000000 			.word	CELLHGHT		// glyph pixel height
 1859 3190 00000000 			.word	0			// blank horizontal pixels before glyph
 1860 3194 00000000 			.word	0			// blank horizontal pixels after glyph
 1861 3198 00000000 			.word	0			// blank horizontal lines before glyph
 1862 319c 00000000 			.word	0			// blank horizontal lines after glyph
 1863              							// bit mapped glyph
 1864 31a0 00000000 			.word	0x00000000, 0x00000000, 0x00000000, 0x00000000, 0x00000000, 0xCC000000, 0xCC000000, 0xCC000
 1864      00000000 
 1864      00000000 
 1864      00000000 
 1864      00000000 
 1865              	
ARM GAS  font_VGA_8x16.s 			page 42


 1866              	LOWERCASE_V:
 1867 31e0 76000000 			.word	'v			// ASCII "v" character
 1868 31e4 08000000 			.word	CELLWDTH		// cell pixel width
 1869 31e8 10000000 			.word	CELLHGHT		// cell pixel height
 1870 31ec 08000000 			.word	CELLWDTH		// glyph pixel width
 1871 31f0 10000000 			.word	CELLHGHT		// glyph pixel height
 1872 31f4 00000000 			.word	0			// blank horizontal pixels before glyph
 1873 31f8 00000000 			.word	0			// blank horizontal pixels after glyph
 1874 31fc 00000000 			.word	0			// blank horizontal lines before glyph
 1875 3200 00000000 			.word	0			// blank horizontal lines after glyph
 1876              							// bit mapped glyph
 1877 3204 00000000 			.word	0x00000000, 0x00000000, 0x00000000, 0x00000000, 0x00000000, 0xC3000000, 0xC3000000, 0xC3000
 1877      00000000 
 1877      00000000 
 1877      00000000 
 1877      00000000 
 1878              	
 1879              	LOWERCASE_W:
 1880 3244 77000000 			.word	'w			// ASCII "w" character
 1881 3248 08000000 			.word	CELLWDTH		// cell pixel width
 1882 324c 10000000 			.word	CELLHGHT		// cell pixel height
 1883 3250 08000000 			.word	CELLWDTH		// glyph pixel width
 1884 3254 10000000 			.word	CELLHGHT		// glyph pixel height
 1885 3258 00000000 			.word	0			// blank horizontal pixels before glyph
 1886 325c 00000000 			.word	0			// blank horizontal pixels after glyph
 1887 3260 00000000 			.word	0			// blank horizontal lines before glyph
 1888 3264 00000000 			.word	0			// blank horizontal lines after glyph
 1889              							// bit mapped glyph
 1890 3268 00000000 			.word	0x00000000, 0x00000000, 0x00000000, 0x00000000, 0x00000000, 0xC3000000, 0xC3000000, 0xC3000
 1890      00000000 
 1890      00000000 
 1890      00000000 
 1890      00000000 
 1891              	
 1892              	LOWERCASE_X:
 1893 32a8 78000000 			.word	'x			// ASCII "x" character
 1894 32ac 08000000 			.word	CELLWDTH		// cell pixel width
 1895 32b0 10000000 			.word	CELLHGHT		// cell pixel height
 1896 32b4 08000000 			.word	CELLWDTH		// glyph pixel width
 1897 32b8 10000000 			.word	CELLHGHT		// glyph pixel height
 1898 32bc 00000000 			.word	0			// blank horizontal pixels before glyph
 1899 32c0 00000000 			.word	0			// blank horizontal pixels after glyph
 1900 32c4 00000000 			.word	0			// blank horizontal lines before glyph
 1901 32c8 00000000 			.word	0			// blank horizontal lines after glyph
 1902              							// bit mapped glyph
 1903 32cc 00000000 			.word	0x00000000, 0x00000000, 0x00000000, 0x00000000, 0x00000000, 0xC3000000, 0x66000000, 0x3C000
 1903      00000000 
 1903      00000000 
 1903      00000000 
 1903      00000000 
 1904              	
 1905              	LOWERCASE_Y:
 1906 330c 79000000 			.word	'y			// ASCII "y" character
 1907 3310 08000000 			.word	CELLWDTH		// cell pixel width
 1908 3314 10000000 			.word	CELLHGHT		// cell pixel height
 1909 3318 08000000 			.word	CELLWDTH		// glyph pixel width
 1910 331c 10000000 			.word	CELLHGHT		// glyph pixel height
ARM GAS  font_VGA_8x16.s 			page 43


 1911 3320 00000000 			.word	0			// blank horizontal pixels before glyph
 1912 3324 00000000 			.word	0			// blank horizontal pixels after glyph
 1913 3328 00000000 			.word	0			// blank horizontal lines before glyph
 1914 332c 00000000 			.word	0			// blank horizontal lines after glyph
 1915              							// bit mapped glyph
 1916 3330 00000000 			.word	0x00000000, 0x00000000, 0x00000000, 0x00000000, 0x00000000, 0xC6000000, 0xC6000000, 0xC6000
 1916      00000000 
 1916      00000000 
 1916      00000000 
 1916      00000000 
 1917              	
 1918              	LOWERCASE_Z:
 1919 3370 7A000000 			.word	'z			// ASCII "z" character
 1920 3374 08000000 			.word	CELLWDTH		// cell pixel width
 1921 3378 10000000 			.word	CELLHGHT		// cell pixel height
 1922 337c 08000000 			.word	CELLWDTH		// glyph pixel width
 1923 3380 10000000 			.word	CELLHGHT		// glyph pixel height
 1924 3384 00000000 			.word	0			// blank horizontal pixels before glyph
 1925 3388 00000000 			.word	0			// blank horizontal pixels after glyph
 1926 338c 00000000 			.word	0			// blank horizontal lines before glyph
 1927 3390 00000000 			.word	0			// blank horizontal lines after glyph
 1928              							// bit mapped glyph
 1929 3394 00000000 			.word	0x00000000, 0x00000000, 0x00000000, 0x00000000, 0x00000000, 0xFE000000, 0xCC000000, 0x18000
 1929      00000000 
 1929      00000000 
 1929      00000000 
 1929      00000000 
 1930              	
 1931              	LEFT_CURLY_BRACKET:
 1932 33d4 7B000000 			.word	'{			// ASCII "{" character
 1933 33d8 08000000 			.word	CELLWDTH		// cell pixel width
 1934 33dc 10000000 			.word	CELLHGHT		// cell pixel height
 1935 33e0 08000000 			.word	CELLWDTH		// glyph pixel width
 1936 33e4 10000000 			.word	CELLHGHT		// glyph pixel height
 1937 33e8 00000000 			.word	0			// blank horizontal pixels before glyph
 1938 33ec 00000000 			.word	0			// blank horizontal pixels after glyph
 1939 33f0 00000000 			.word	0			// blank horizontal lines before glyph
 1940 33f4 00000000 			.word	0			// blank horizontal lines after glyph
 1941              							// bit mapped glyph
 1942 33f8 00000000 			.word	0x00000000, 0x00000000, 0x0E000000, 0x18000000, 0x18000000, 0x18000000, 0x70000000, 0x18000
 1942      00000000 
 1942      0000000E 
 1942      00000018 
 1942      00000018 
 1943              	
 1944              	VERTCIAL_LINE:
 1945 3438 7C000000 			.word	'|			// ASCII "|" character
 1946 343c 08000000 			.word	CELLWDTH		// cell pixel width
 1947 3440 10000000 			.word	CELLHGHT		// cell pixel height
 1948 3444 08000000 			.word	CELLWDTH		// glyph pixel width
 1949 3448 10000000 			.word	CELLHGHT		// glyph pixel height
 1950 344c 00000000 			.word	0			// blank horizontal pixels before glyph
 1951 3450 00000000 			.word	0			// blank horizontal pixels after glyph
 1952 3454 00000000 			.word	0			// blank horizontal lines before glyph
 1953 3458 00000000 			.word	0			// blank horizontal lines after glyph
 1954              							// bit mapped glyph
 1955 345c 00000000 			.word	0x00000000, 0x00000000, 0x18000000, 0x18000000, 0x18000000, 0x18000000, 0x00000000, 0x18000
ARM GAS  font_VGA_8x16.s 			page 44


 1955      00000000 
 1955      00000018 
 1955      00000018 
 1955      00000018 
 1956              	
 1957              	RIGHT_CURLY_BRACKET:
 1958 349c 7D000000 			.word	'}			// ASCII "}" character
 1959 34a0 08000000 			.word	CELLWDTH		// cell pixel width
 1960 34a4 10000000 			.word	CELLHGHT		// cell pixel height
 1961 34a8 08000000 			.word	CELLWDTH		// glyph pixel width
 1962 34ac 10000000 			.word	CELLHGHT		// glyph pixel height
 1963 34b0 00000000 			.word	0			// blank horizontal pixels before glyph
 1964 34b4 00000000 			.word	0			// blank horizontal pixels after glyph
 1965 34b8 00000000 			.word	0			// blank horizontal lines before glyph
 1966 34bc 00000000 			.word	0			// blank horizontal lines after glyph
 1967              							// bit mapped glyph
 1968 34c0 00000000 			.word	0x00000000, 0x00000000, 0x70000000, 0x18000000, 0x18000000, 0x18000000, 0x0E000000, 0x18000
 1968      00000000 
 1968      00000070 
 1968      00000018 
 1968      00000018 
 1969              	
 1970              	TILDE:
 1971 3500 7E000000 			.word	'~			// ASCII "~" character
 1972 3504 08000000 			.word	CELLWDTH		// cell pixel width
 1973 3508 10000000 			.word	CELLHGHT		// cell pixel height
 1974 350c 08000000 			.word	CELLWDTH		// glyph pixel width
 1975 3510 10000000 			.word	CELLHGHT		// glyph pixel height
 1976 3514 00000000 			.word	0			// blank horizontal pixels before glyph
 1977 3518 00000000 			.word	0			// blank horizontal pixels after glyph
 1978 351c 00000000 			.word	0			// blank horizontal lines before glyph
 1979 3520 00000000 			.word	0			// blank horizontal lines after glyph
 1980              							// bit mapped glyph
 1981 3524 00000000 			.word	0x00000000, 0x00000000, 0x76000000, 0xDC000000, 0x00000000, 0x00000000, 0x00000000, 0x00000
 1981      00000000 
 1981      00000076 
 1981      000000DC 
 1981      00000000 
 1982              	
 1983              	DELETE:
 1984 3564 00000000 			.word	NULL			// no equivalent ASCII character
 1985 3568 08000000 			.word	CELLWDTH		// cell pixel width
 1986 356c 10000000 			.word	CELLHGHT		// cell pixel height
 1987 3570 08000000 			.word	CELLWDTH		// glyph pixel width
 1988 3574 10000000 			.word	CELLHGHT		// glyph pixel height
 1989 3578 00000000 			.word	0			// blank horizontal pixels before glyph
 1990 357c 00000000 			.word	0			// blank horizontal pixels after glyph
 1991 3580 00000000 			.word	0			// blank horizontal lines before glyph
 1992 3584 00000000 			.word	0			// blank horizontal lines after glyph
 1993              							// bit mapped glyph
 1994 3588 00000000 			.word	0x00000000, 0x00000000, 0x00000000, 0x00000000, 0x10000000, 0x38000000, 0x6C000000, 0xC6000
 1994      00000000 
 1994      00000000 
 1994      00000000 
 1994      00000010 
 1995              	
 1996              	HEX_0X80:
ARM GAS  font_VGA_8x16.s 			page 45


 1997 35c8 00000000 			.word	NULL			// no equivalent ASCII character
 1998 35cc 08000000 			.word	CELLWDTH		// cell pixel width
 1999 35d0 10000000 			.word	CELLHGHT		// cell pixel height
 2000 35d4 08000000 			.word	CELLWDTH		// glyph pixel width
 2001 35d8 10000000 			.word	CELLHGHT		// glyph pixel height
 2002 35dc 00000000 			.word	0			// blank horizontal pixels before glyph
 2003 35e0 00000000 			.word	0			// blank horizontal pixels after glyph
 2004 35e4 00000000 			.word	0			// blank horizontal lines before glyph
 2005 35e8 00000000 			.word	0			// blank horizontal lines after glyph
 2006              							// bit mapped glyph
 2007 35ec 00000000 			.word	0x00000000, 0x00000000, 0x3C000000, 0x66000000, 0xC2000000, 0xC0000000, 0xC0000000, 0xC0000
 2007      00000000 
 2007      0000003C 
 2007      00000066 
 2007      000000C2 
 2008              	
 2009              	HEX_0X81:
 2010 362c 00000000 			.word	NULL			// no equivalent ASCII character
 2011 3630 08000000 			.word	CELLWDTH		// cell pixel width
 2012 3634 10000000 			.word	CELLHGHT		// cell pixel height
 2013 3638 08000000 			.word	CELLWDTH		// glyph pixel width
 2014 363c 10000000 			.word	CELLHGHT		// glyph pixel height
 2015 3640 00000000 			.word	0			// blank horizontal pixels before glyph
 2016 3644 00000000 			.word	0			// blank horizontal pixels after glyph
 2017 3648 00000000 			.word	0			// blank horizontal lines before glyph
 2018 364c 00000000 			.word	0			// blank horizontal lines after glyph
 2019              							// bit mapped glyph
 2020 3650 00000000 			.word	0x00000000, 0x00000000, 0xCC000000, 0x00000000, 0x00000000, 0xCC000000, 0xCC000000, 0xCC000
 2020      00000000 
 2020      000000CC 
 2020      00000000 
 2020      00000000 
 2021              	
 2022              	HEX_0X82:
 2023 3690 00000000 			.word	NULL			// no equivalent ASCII character
 2024 3694 08000000 			.word	CELLWDTH		// cell pixel width
 2025 3698 10000000 			.word	CELLHGHT		// cell pixel height
 2026 369c 08000000 			.word	CELLWDTH		// glyph pixel width
 2027 36a0 10000000 			.word	CELLHGHT		// glyph pixel height
 2028 36a4 00000000 			.word	0			// blank horizontal pixels before glyph
 2029 36a8 00000000 			.word	0			// blank horizontal pixels after glyph
 2030 36ac 00000000 			.word	0			// blank horizontal lines before glyph
 2031 36b0 00000000 			.word	0			// blank horizontal lines after glyph
 2032              							// bit mapped glyph
 2033 36b4 00000000 			.word	0x00000000, 0x0C000000, 0x18000000, 0x30000000, 0x00000000, 0x7C000000, 0xC6000000, 0xFE000
 2033      0000000C 
 2033      00000018 
 2033      00000030 
 2033      00000000 
 2034              	
 2035              	HEX_0X83:
 2036 36f4 00000000 			.word	NULL			// no equivalent ASCII character
 2037 36f8 08000000 			.word	CELLWDTH		// cell pixel width
 2038 36fc 10000000 			.word	CELLHGHT		// cell pixel height
 2039 3700 08000000 			.word	CELLWDTH		// glyph pixel width
 2040 3704 10000000 			.word	CELLHGHT		// glyph pixel height
 2041 3708 00000000 			.word	0			// blank horizontal pixels before glyph
ARM GAS  font_VGA_8x16.s 			page 46


 2042 370c 00000000 			.word	0			// blank horizontal pixels after glyph
 2043 3710 00000000 			.word	0			// blank horizontal lines before glyph
 2044 3714 00000000 			.word	0			// blank horizontal lines after glyph
 2045              							// bit mapped glyph
 2046 3718 00000000 			.word	0x00000000, 0x10000000, 0x38000000, 0x6C000000, 0x00000000, 0x78000000, 0x0C000000, 0x7C000
 2046      00000010 
 2046      00000038 
 2046      0000006C 
 2046      00000000 
 2047              	
 2048              	HEX_0X84:
 2049 3758 00000000 			.word	NULL			// no equivalent ASCII character
 2050 375c 08000000 			.word	CELLWDTH		// cell pixel width
 2051 3760 10000000 			.word	CELLHGHT		// cell pixel height
 2052 3764 08000000 			.word	CELLWDTH		// glyph pixel width
 2053 3768 10000000 			.word	CELLHGHT		// glyph pixel height
 2054 376c 00000000 			.word	0			// blank horizontal pixels before glyph
 2055 3770 00000000 			.word	0			// blank horizontal pixels after glyph
 2056 3774 00000000 			.word	0			// blank horizontal lines before glyph
 2057 3778 00000000 			.word	0			// blank horizontal lines after glyph
 2058              							// bit mapped glyph
 2059 377c 00000000 			.word	0x00000000, 0x00000000, 0xCC000000, 0x00000000, 0x00000000, 0x78000000, 0x0C000000, 0x7C000
 2059      00000000 
 2059      000000CC 
 2059      00000000 
 2059      00000000 
 2060              	
 2061              	HEX_0X85:
 2062 37bc 00000000 			.word	NULL			// no equivalent ASCII character
 2063 37c0 08000000 			.word	CELLWDTH		// cell pixel width
 2064 37c4 10000000 			.word	CELLHGHT		// cell pixel height
 2065 37c8 08000000 			.word	CELLWDTH		// glyph pixel width
 2066 37cc 10000000 			.word	CELLHGHT		// glyph pixel height
 2067 37d0 00000000 			.word	0			// blank horizontal pixels before glyph
 2068 37d4 00000000 			.word	0			// blank horizontal pixels after glyph
 2069 37d8 00000000 			.word	0			// blank horizontal lines before glyph
 2070 37dc 00000000 			.word	0			// blank horizontal lines after glyph
 2071              							// bit mapped glyph
 2072 37e0 00000000 			.word	0x00000000, 0x60000000, 0x30000000, 0x18000000, 0x00000000, 0x78000000, 0x0C000000, 0x7C000
 2072      00000060 
 2072      00000030 
 2072      00000018 
 2072      00000000 
 2073              	
 2074              	HEX_0X86:
 2075 3820 00000000 			.word	NULL			// no equivalent ASCII character
 2076 3824 08000000 			.word	CELLWDTH		// cell pixel width
 2077 3828 10000000 			.word	CELLHGHT		// cell pixel height
 2078 382c 08000000 			.word	CELLWDTH		// glyph pixel width
 2079 3830 10000000 			.word	CELLHGHT		// glyph pixel height
 2080 3834 00000000 			.word	0			// blank horizontal pixels before glyph
 2081 3838 00000000 			.word	0			// blank horizontal pixels after glyph
 2082 383c 00000000 			.word	0			// blank horizontal lines before glyph
 2083 3840 00000000 			.word	0			// blank horizontal lines after glyph
 2084              							// bit mapped glyph
 2085 3844 00000000 			.word	0x00000000, 0x38000000, 0x6C000000, 0x38000000, 0x00000000, 0x78000000, 0x0C000000, 0x7C000
 2085      00000038 
ARM GAS  font_VGA_8x16.s 			page 47


 2085      0000006C 
 2085      00000038 
 2085      00000000 
 2086              	
 2087              	HEX_0X87:
 2088 3884 00000000 			.word	NULL			// no equivalent ASCII character
 2089 3888 08000000 			.word	CELLWDTH		// cell pixel width
 2090 388c 10000000 			.word	CELLHGHT		// cell pixel height
 2091 3890 08000000 			.word	CELLWDTH		// glyph pixel width
 2092 3894 10000000 			.word	CELLHGHT		// glyph pixel height
 2093 3898 00000000 			.word	0			// blank horizontal pixels before glyph
 2094 389c 00000000 			.word	0			// blank horizontal pixels after glyph
 2095 38a0 00000000 			.word	0			// blank horizontal lines before glyph
 2096 38a4 00000000 			.word	0			// blank horizontal lines after glyph
 2097              							// bit mapped glyph
 2098 38a8 00000000 			.word	0x00000000, 0x00000000, 0x00000000, 0x00000000, 0x3C000000, 0x66000000, 0x60000000, 0x60000
 2098      00000000 
 2098      00000000 
 2098      00000000 
 2098      0000003C 
 2099              	
 2100              	HEX_0X88:
 2101 38e8 00000000 			.word	NULL			// no equivalent ASCII character
 2102 38ec 08000000 			.word	CELLWDTH		// cell pixel width
 2103 38f0 10000000 			.word	CELLHGHT		// cell pixel height
 2104 38f4 08000000 			.word	CELLWDTH		// glyph pixel width
 2105 38f8 10000000 			.word	CELLHGHT		// glyph pixel height
 2106 38fc 00000000 			.word	0			// blank horizontal pixels before glyph
 2107 3900 00000000 			.word	0			// blank horizontal pixels after glyph
 2108 3904 00000000 			.word	0			// blank horizontal lines before glyph
 2109 3908 00000000 			.word	0			// blank horizontal lines after glyph
 2110              							// bit mapped glyph
 2111 390c 00000000 			.word	0x00000000, 0x10000000, 0x38000000, 0x6C000000, 0x00000000, 0x7C000000, 0xC6000000, 0xFE000
 2111      00000010 
 2111      00000038 
 2111      0000006C 
 2111      00000000 
 2112              	
 2113              	HEX_0X89:
 2114 394c 00000000 			.word	NULL			// no equivalent ASCII character
 2115 3950 08000000 			.word	CELLWDTH		// cell pixel width
 2116 3954 10000000 			.word	CELLHGHT		// cell pixel height
 2117 3958 08000000 			.word	CELLWDTH		// glyph pixel width
 2118 395c 10000000 			.word	CELLHGHT		// glyph pixel height
 2119 3960 00000000 			.word	0			// blank horizontal pixels before glyph
 2120 3964 00000000 			.word	0			// blank horizontal pixels after glyph
 2121 3968 00000000 			.word	0			// blank horizontal lines before glyph
 2122 396c 00000000 			.word	0			// blank horizontal lines after glyph
 2123              							// bit mapped glyph
 2124 3970 00000000 			.word	0x00000000, 0x00000000, 0xC6000000, 0x00000000, 0x00000000, 0x7C000000, 0xC6000000, 0xFE000
 2124      00000000 
 2124      000000C6 
 2124      00000000 
 2124      00000000 
 2125              	
 2126              	HEX_0X8A:
 2127 39b0 00000000 			.word	NULL			// no equivalent ASCII character
ARM GAS  font_VGA_8x16.s 			page 48


 2128 39b4 08000000 			.word	CELLWDTH		// cell pixel width
 2129 39b8 10000000 			.word	CELLHGHT		// cell pixel height
 2130 39bc 08000000 			.word	CELLWDTH		// glyph pixel width
 2131 39c0 10000000 			.word	CELLHGHT		// glyph pixel height
 2132 39c4 00000000 			.word	0			// blank horizontal pixels before glyph
 2133 39c8 00000000 			.word	0			// blank horizontal pixels after glyph
 2134 39cc 00000000 			.word	0			// blank horizontal lines before glyph
 2135 39d0 00000000 			.word	0			// blank horizontal lines after glyph
 2136              							// bit mapped glyph
 2137 39d4 00000000 			.word	0x00000000, 0x60000000, 0x30000000, 0x18000000, 0x00000000, 0x7C000000, 0xC6000000, 0xFE000
 2137      00000060 
 2137      00000030 
 2137      00000018 
 2137      00000000 
 2138              	
 2139              	HEX_0X8B:
 2140 3a14 00000000 			.word	NULL			// no equivalent ASCII character
 2141 3a18 08000000 			.word	CELLWDTH		// cell pixel width
 2142 3a1c 10000000 			.word	CELLHGHT		// cell pixel height
 2143 3a20 08000000 			.word	CELLWDTH		// glyph pixel width
 2144 3a24 10000000 			.word	CELLHGHT		// glyph pixel height
 2145 3a28 00000000 			.word	0			// blank horizontal pixels before glyph
 2146 3a2c 00000000 			.word	0			// blank horizontal pixels after glyph
 2147 3a30 00000000 			.word	0			// blank horizontal lines before glyph
 2148 3a34 00000000 			.word	0			// blank horizontal lines after glyph
 2149              							// bit mapped glyph
 2150 3a38 00000000 			.word	0x00000000, 0x00000000, 0x66000000, 0x00000000, 0x00000000, 0x38000000, 0x18000000, 0x18000
 2150      00000000 
 2150      00000066 
 2150      00000000 
 2150      00000000 
 2151              	
 2152              	HEX_0X8C:
 2153 3a78 00000000 			.word	NULL			// no equivalent ASCII character
 2154 3a7c 08000000 			.word	CELLWDTH		// cell pixel width
 2155 3a80 10000000 			.word	CELLHGHT		// cell pixel height
 2156 3a84 08000000 			.word	CELLWDTH		// glyph pixel width
 2157 3a88 10000000 			.word	CELLHGHT		// glyph pixel height
 2158 3a8c 00000000 			.word	0			// blank horizontal pixels before glyph
 2159 3a90 00000000 			.word	0			// blank horizontal pixels after glyph
 2160 3a94 00000000 			.word	0			// blank horizontal lines before glyph
 2161 3a98 00000000 			.word	0			// blank horizontal lines after glyph
 2162              							// bit mapped glyph
 2163 3a9c 00000000 			.word	0x00000000, 0x18000000, 0x3C000000, 0x66000000, 0x00000000, 0x38000000, 0x18000000, 0x18000
 2163      00000018 
 2163      0000003C 
 2163      00000066 
 2163      00000000 
 2164              	
 2165              	HEX_0X8D:
 2166 3adc 00000000 			.word	NULL			// no equivalent ASCII character
 2167 3ae0 08000000 			.word	CELLWDTH		// cell pixel width
 2168 3ae4 10000000 			.word	CELLHGHT		// cell pixel height
 2169 3ae8 08000000 			.word	CELLWDTH		// glyph pixel width
 2170 3aec 10000000 			.word	CELLHGHT		// glyph pixel height
 2171 3af0 00000000 			.word	0			// blank horizontal pixels before glyph
 2172 3af4 00000000 			.word	0			// blank horizontal pixels after glyph
ARM GAS  font_VGA_8x16.s 			page 49


 2173 3af8 00000000 			.word	0			// blank horizontal lines before glyph
 2174 3afc 00000000 			.word	0			// blank horizontal lines after glyph
 2175              							// bit mapped glyph
 2176 3b00 00000000 			.word	0x00000000, 0x60000000, 0x30000000, 0x18000000, 0x00000000, 0x38000000, 0x18000000, 0x18000
 2176      00000060 
 2176      00000030 
 2176      00000018 
 2176      00000000 
 2177              	
 2178              	HEX_0X8E:
 2179 3b40 00000000 			.word	NULL			// no equivalent ASCII character
 2180 3b44 08000000 			.word	CELLWDTH		// cell pixel width
 2181 3b48 10000000 			.word	CELLHGHT		// cell pixel height
 2182 3b4c 08000000 			.word	CELLWDTH		// glyph pixel width
 2183 3b50 10000000 			.word	CELLHGHT		// glyph pixel height
 2184 3b54 00000000 			.word	0			// blank horizontal pixels before glyph
 2185 3b58 00000000 			.word	0			// blank horizontal pixels after glyph
 2186 3b5c 00000000 			.word	0			// blank horizontal lines before glyph
 2187 3b60 00000000 			.word	0			// blank horizontal lines after glyph
 2188              							// bit mapped glyph
 2189 3b64 00000000 			.word	0x00000000, 0xC6000000, 0x00000000, 0x10000000, 0x38000000, 0x6C000000, 0xC6000000, 0xC6000
 2189      000000C6 
 2189      00000000 
 2189      00000010 
 2189      00000038 
 2190              	
 2191              	HEX_0X8F:
 2192 3ba4 00000000 			.word	NULL			// no equivalent ASCII character
 2193 3ba8 08000000 			.word	CELLWDTH		// cell pixel width
 2194 3bac 10000000 			.word	CELLHGHT		// cell pixel height
 2195 3bb0 08000000 			.word	CELLWDTH		// glyph pixel width
 2196 3bb4 10000000 			.word	CELLHGHT		// glyph pixel height
 2197 3bb8 00000000 			.word	0			// blank horizontal pixels before glyph
 2198 3bbc 00000000 			.word	0			// blank horizontal pixels after glyph
 2199 3bc0 00000000 			.word	0			// blank horizontal lines before glyph
 2200 3bc4 00000000 			.word	0			// blank horizontal lines after glyph
 2201              							// bit mapped glyph
 2202 3bc8 00000038 			.word	0x38000000, 0x6C000000, 0x38000000, 0x00000000, 0x38000000, 0x6C000000, 0xC6000000, 0xC6000
 2202      0000006C 
 2202      00000038 
 2202      00000000 
 2202      00000038 
 2203              	
 2204              	HEX_0X90:
 2205 3c08 00000000 			.word	NULL			// no equivalent ASCII character
 2206 3c0c 08000000 			.word	CELLWDTH		// cell pixel width
 2207 3c10 10000000 			.word	CELLHGHT		// cell pixel height
 2208 3c14 08000000 			.word	CELLWDTH		// glyph pixel width
 2209 3c18 10000000 			.word	CELLHGHT		// glyph pixel height
 2210 3c1c 00000000 			.word	0			// blank horizontal pixels before glyph
 2211 3c20 00000000 			.word	0			// blank horizontal pixels after glyph
 2212 3c24 00000000 			.word	0			// blank horizontal lines before glyph
 2213 3c28 00000000 			.word	0			// blank horizontal lines after glyph
 2214              							// bit mapped glyph
 2215 3c2c 00000018 			.word	0x18000000, 0x30000000, 0x60000000, 0x00000000, 0xFE000000, 0x66000000, 0x60000000, 0x7C000
 2215      00000030 
 2215      00000060 
ARM GAS  font_VGA_8x16.s 			page 50


 2215      00000000 
 2215      000000FE 
 2216              	
 2217              	HEX_0X91:
 2218 3c6c 00000000 			.word	NULL			// no equivalent ASCII character
 2219 3c70 08000000 			.word	CELLWDTH		// cell pixel width
 2220 3c74 10000000 			.word	CELLHGHT		// cell pixel height
 2221 3c78 08000000 			.word	CELLWDTH		// glyph pixel width
 2222 3c7c 10000000 			.word	CELLHGHT		// glyph pixel height
 2223 3c80 00000000 			.word	0			// blank horizontal pixels before glyph
 2224 3c84 00000000 			.word	0			// blank horizontal pixels after glyph
 2225 3c88 00000000 			.word	0			// blank horizontal lines before glyph
 2226 3c8c 00000000 			.word	0			// blank horizontal lines after glyph
 2227              							// bit mapped glyph
 2228 3c90 00000000 			.word	0x00000000, 0x00000000, 0x00000000, 0x00000000, 0x00000000, 0x6E000000, 0x3B000000, 0x1B000
 2228      00000000 
 2228      00000000 
 2228      00000000 
 2228      00000000 
 2229              	
 2230              	HEX_0X92:
 2231 3cd0 00000000 			.word	NULL			// no equivalent ASCII character
 2232 3cd4 08000000 			.word	CELLWDTH		// cell pixel width
 2233 3cd8 10000000 			.word	CELLHGHT		// cell pixel height
 2234 3cdc 08000000 			.word	CELLWDTH		// glyph pixel width
 2235 3ce0 10000000 			.word	CELLHGHT		// glyph pixel height
 2236 3ce4 00000000 			.word	0			// blank horizontal pixels before glyph
 2237 3ce8 00000000 			.word	0			// blank horizontal pixels after glyph
 2238 3cec 00000000 			.word	0			// blank horizontal lines before glyph
 2239 3cf0 00000000 			.word	0			// blank horizontal lines after glyph
 2240              							// bit mapped glyph
 2241 3cf4 00000000 			.word	0x00000000, 0x00000000, 0x3E000000, 0x6C000000, 0xCC000000, 0xCC000000, 0xFE000000, 0xCC000
 2241      00000000 
 2241      0000003E 
 2241      0000006C 
 2241      000000CC 
 2242              	
 2243              	HEX_0X93:
 2244 3d34 00000000 			.word	NULL			// no equivalent ASCII character
 2245 3d38 08000000 			.word	CELLWDTH		// cell pixel width
 2246 3d3c 10000000 			.word	CELLHGHT		// cell pixel height
 2247 3d40 08000000 			.word	CELLWDTH		// glyph pixel width
 2248 3d44 10000000 			.word	CELLHGHT		// glyph pixel height
 2249 3d48 00000000 			.word	0			// blank horizontal pixels before glyph
 2250 3d4c 00000000 			.word	0			// blank horizontal pixels after glyph
 2251 3d50 00000000 			.word	0			// blank horizontal lines before glyph
 2252 3d54 00000000 			.word	0			// blank horizontal lines after glyph
 2253              							// bit mapped glyph
 2254 3d58 00000000 			.word	0x00000000, 0x10000000, 0x38000000, 0x6C000000, 0x00000000, 0x7C000000, 0xC6000000, 0xC6000
 2254      00000010 
 2254      00000038 
 2254      0000006C 
 2254      00000000 
 2255              	
 2256              	HEX_0X94:
 2257 3d98 00000000 			.word	NULL			// no equivalent ASCII character
 2258 3d9c 08000000 			.word	CELLWDTH		// cell pixel width
ARM GAS  font_VGA_8x16.s 			page 51


 2259 3da0 10000000 			.word	CELLHGHT		// cell pixel height
 2260 3da4 08000000 			.word	CELLWDTH		// glyph pixel width
 2261 3da8 10000000 			.word	CELLHGHT		// glyph pixel height
 2262 3dac 00000000 			.word	0			// blank horizontal pixels before glyph
 2263 3db0 00000000 			.word	0			// blank horizontal pixels after glyph
 2264 3db4 00000000 			.word	0			// blank horizontal lines before glyph
 2265 3db8 00000000 			.word	0			// blank horizontal lines after glyph
 2266              							// bit mapped glyph
 2267 3dbc 00000000 			.word	0x00000000, 0x00000000, 0xC6000000, 0x00000000, 0x00000000, 0x7C000000, 0xC6000000, 0xC6000
 2267      00000000 
 2267      000000C6 
 2267      00000000 
 2267      00000000 
 2268              	
 2269              	HEX_0X95:
 2270 3dfc 00000000 			.word	NULL			// no equivalent ASCII character
 2271 3e00 08000000 			.word	CELLWDTH		// cell pixel width
 2272 3e04 10000000 			.word	CELLHGHT		// cell pixel height
 2273 3e08 08000000 			.word	CELLWDTH		// glyph pixel width
 2274 3e0c 10000000 			.word	CELLHGHT		// glyph pixel height
 2275 3e10 00000000 			.word	0			// blank horizontal pixels before glyph
 2276 3e14 00000000 			.word	0			// blank horizontal pixels after glyph
 2277 3e18 00000000 			.word	0			// blank horizontal lines before glyph
 2278 3e1c 00000000 			.word	0			// blank horizontal lines after glyph
 2279              							// bit mapped glyph
 2280 3e20 00000000 			.word	0x00000000, 0x60000000, 0x30000000, 0x18000000, 0x00000000, 0x7C000000, 0xC6000000, 0xC6000
 2280      00000060 
 2280      00000030 
 2280      00000018 
 2280      00000000 
 2281              	
 2282              	HEX_0X96:
 2283 3e60 00000000 			.word	NULL			// no equivalent ASCII character
 2284 3e64 08000000 			.word	CELLWDTH		// cell pixel width
 2285 3e68 10000000 			.word	CELLHGHT		// cell pixel height
 2286 3e6c 08000000 			.word	CELLWDTH		// glyph pixel width
 2287 3e70 10000000 			.word	CELLHGHT		// glyph pixel height
 2288 3e74 00000000 			.word	0			// blank horizontal pixels before glyph
 2289 3e78 00000000 			.word	0			// blank horizontal pixels after glyph
 2290 3e7c 00000000 			.word	0			// blank horizontal lines before glyph
 2291 3e80 00000000 			.word	0			// blank horizontal lines after glyph
 2292              							// bit mapped glyph
 2293 3e84 00000000 			.word	0x00000000, 0x30000000, 0x78000000, 0xCC000000, 0x00000000, 0xCC000000, 0xCC000000, 0xCC000
 2293      00000030 
 2293      00000078 
 2293      000000CC 
 2293      00000000 
 2294              	
 2295              	HEX_0X97:
 2296 3ec4 00000000 			.word	NULL			// no equivalent ASCII character
 2297 3ec8 08000000 			.word	CELLWDTH		// cell pixel width
 2298 3ecc 10000000 			.word	CELLHGHT		// cell pixel height
 2299 3ed0 08000000 			.word	CELLWDTH		// glyph pixel width
 2300 3ed4 10000000 			.word	CELLHGHT		// glyph pixel height
 2301 3ed8 00000000 			.word	0			// blank horizontal pixels before glyph
 2302 3edc 00000000 			.word	0			// blank horizontal pixels after glyph
 2303 3ee0 00000000 			.word	0			// blank horizontal lines before glyph
ARM GAS  font_VGA_8x16.s 			page 52


 2304 3ee4 00000000 			.word	0			// blank horizontal lines after glyph
 2305              							// bit mapped glyph
 2306 3ee8 00000000 			.word	0x00000000, 0x60000000, 0x30000000, 0x18000000, 0x00000000, 0xCC000000, 0xCC000000, 0xCC000
 2306      00000060 
 2306      00000030 
 2306      00000018 
 2306      00000000 
 2307              	
 2308              	HEX_0X98:
 2309 3f28 00000000 			.word	NULL			// no equivalent ASCII character
 2310 3f2c 08000000 			.word	CELLWDTH		// cell pixel width
 2311 3f30 10000000 			.word	CELLHGHT		// cell pixel height
 2312 3f34 08000000 			.word	CELLWDTH		// glyph pixel width
 2313 3f38 10000000 			.word	CELLHGHT		// glyph pixel height
 2314 3f3c 00000000 			.word	0			// blank horizontal pixels before glyph
 2315 3f40 00000000 			.word	0			// blank horizontal pixels after glyph
 2316 3f44 00000000 			.word	0			// blank horizontal lines before glyph
 2317 3f48 00000000 			.word	0			// blank horizontal lines after glyph
 2318              							// bit mapped glyph
 2319 3f4c 00000000 			.word	0x00000000, 0x00000000, 0xC6000000, 0x00000000, 0x00000000, 0xC6000000, 0xC6000000, 0xC6000
 2319      00000000 
 2319      000000C6 
 2319      00000000 
 2319      00000000 
 2320              	
 2321              	HEX_0X99:
 2322 3f8c 00000000 			.word	NULL			// no equivalent ASCII character
 2323 3f90 08000000 			.word	CELLWDTH		// cell pixel width
 2324 3f94 10000000 			.word	CELLHGHT		// cell pixel height
 2325 3f98 08000000 			.word	CELLWDTH		// glyph pixel width
 2326 3f9c 10000000 			.word	CELLHGHT		// glyph pixel height
 2327 3fa0 00000000 			.word	0			// blank horizontal pixels before glyph
 2328 3fa4 00000000 			.word	0			// blank horizontal pixels after glyph
 2329 3fa8 00000000 			.word	0			// blank horizontal lines before glyph
 2330 3fac 00000000 			.word	0			// blank horizontal lines after glyph
 2331              							// bit mapped glyph
 2332 3fb0 00000000 			.word	0x00000000, 0xC6000000, 0x00000000, 0x7C000000, 0xC6000000, 0xC6000000, 0xC6000000, 0xC6000
 2332      000000C6 
 2332      00000000 
 2332      0000007C 
 2332      000000C6 
 2333              	
 2334              	HEX_0X9A:
 2335 3ff0 00000000 			.word	NULL			// no equivalent ASCII character
 2336 3ff4 08000000 			.word	CELLWDTH		// cell pixel width
 2337 3ff8 10000000 			.word	CELLHGHT		// cell pixel height
 2338 3ffc 08000000 			.word	CELLWDTH		// glyph pixel width
 2339 4000 10000000 			.word	CELLHGHT		// glyph pixel height
 2340 4004 00000000 			.word	0			// blank horizontal pixels before glyph
 2341 4008 00000000 			.word	0			// blank horizontal pixels after glyph
 2342 400c 00000000 			.word	0			// blank horizontal lines before glyph
 2343 4010 00000000 			.word	0			// blank horizontal lines after glyph
 2344              							// bit mapped glyph
 2345 4014 00000000 			.word	0x00000000, 0xC6000000, 0x00000000, 0xC6000000, 0xC6000000, 0xC6000000, 0xC6000000, 0xC6000
 2345      000000C6 
 2345      00000000 
 2345      000000C6 
ARM GAS  font_VGA_8x16.s 			page 53


 2345      000000C6 
 2346              	
 2347              	HEX_0X9B:
 2348 4054 00000000 			.word	NULL			// no equivalent ASCII character
 2349 4058 08000000 			.word	CELLWDTH		// cell pixel width
 2350 405c 10000000 			.word	CELLHGHT		// cell pixel height
 2351 4060 08000000 			.word	CELLWDTH		// glyph pixel width
 2352 4064 10000000 			.word	CELLHGHT		// glyph pixel height
 2353 4068 00000000 			.word	0			// blank horizontal pixels before glyph
 2354 406c 00000000 			.word	0			// blank horizontal pixels after glyph
 2355 4070 00000000 			.word	0			// blank horizontal lines before glyph
 2356 4074 00000000 			.word	0			// blank horizontal lines after glyph
 2357              							// bit mapped glyph
 2358 4078 00000000 			.word	0x00000000, 0x18000000, 0x18000000, 0x7E000000, 0xC3000000, 0xC0000000, 0xC0000000, 0xC0000
 2358      00000018 
 2358      00000018 
 2358      0000007E 
 2358      000000C3 
 2359              	
 2360              	HEX_0X9C:
 2361 40b8 00000000 			.word	NULL			// no equivalent ASCII character
 2362 40bc 08000000 			.word	CELLWDTH		// cell pixel width
 2363 40c0 10000000 			.word	CELLHGHT		// cell pixel height
 2364 40c4 08000000 			.word	CELLWDTH		// glyph pixel width
 2365 40c8 10000000 			.word	CELLHGHT		// glyph pixel height
 2366 40cc 00000000 			.word	0			// blank horizontal pixels before glyph
 2367 40d0 00000000 			.word	0			// blank horizontal pixels after glyph
 2368 40d4 00000000 			.word	0			// blank horizontal lines before glyph
 2369 40d8 00000000 			.word	0			// blank horizontal lines after glyph
 2370              							// bit mapped glyph
 2371 40dc 00000000 			.word	0x00000000, 0x38000000, 0x6C000000, 0x64000000, 0x60000000, 0xF0000000, 0x60000000, 0x60000
 2371      00000038 
 2371      0000006C 
 2371      00000064 
 2371      00000060 
 2372              	
 2373              	HEX_0X9D:
 2374 411c 00000000 			.word	NULL			// no equivalent ASCII character
 2375 4120 08000000 			.word	CELLWDTH		// cell pixel width
 2376 4124 10000000 			.word	CELLHGHT		// cell pixel height
 2377 4128 08000000 			.word	CELLWDTH		// glyph pixel width
 2378 412c 10000000 			.word	CELLHGHT		// glyph pixel height
 2379 4130 00000000 			.word	0			// blank horizontal pixels before glyph
 2380 4134 00000000 			.word	0			// blank horizontal pixels after glyph
 2381 4138 00000000 			.word	0			// blank horizontal lines before glyph
 2382 413c 00000000 			.word	0			// blank horizontal lines after glyph
 2383              							// bit mapped glyph
 2384 4140 00000000 			.word	0x00000000, 0x00000000, 0xC3000000, 0x66000000, 0x3C000000, 0x18000000, 0xFF000000, 0x18000
 2384      00000000 
 2384      000000C3 
 2384      00000066 
 2384      0000003C 
 2385              	
 2386              	HEX_0X9E:
 2387 4180 00000000 			.word	NULL			// no equivalent ASCII character
 2388 4184 08000000 			.word	CELLWDTH		// cell pixel width
 2389 4188 10000000 			.word	CELLHGHT		// cell pixel height
ARM GAS  font_VGA_8x16.s 			page 54


 2390 418c 08000000 			.word	CELLWDTH		// glyph pixel width
 2391 4190 10000000 			.word	CELLHGHT		// glyph pixel height
 2392 4194 00000000 			.word	0			// blank horizontal pixels before glyph
 2393 4198 00000000 			.word	0			// blank horizontal pixels after glyph
 2394 419c 00000000 			.word	0			// blank horizontal lines before glyph
 2395 41a0 00000000 			.word	0			// blank horizontal lines after glyph
 2396              							// bit mapped glyph
 2397 41a4 00000000 			.word	0x00000000, 0xFC000000, 0x66000000, 0x66000000, 0x7C000000, 0x62000000, 0x66000000, 0x6F000
 2397      000000FC 
 2397      00000066 
 2397      00000066 
 2397      0000007C 
 2398              	
 2399              	HEX_0X9F:
 2400 41e4 00000000 			.word	NULL			// no equivalent ASCII character
 2401 41e8 08000000 			.word	CELLWDTH		// cell pixel width
 2402 41ec 10000000 			.word	CELLHGHT		// cell pixel height
 2403 41f0 08000000 			.word	CELLWDTH		// glyph pixel width
 2404 41f4 10000000 			.word	CELLHGHT		// glyph pixel height
 2405 41f8 00000000 			.word	0			// blank horizontal pixels before glyph
 2406 41fc 00000000 			.word	0			// blank horizontal pixels after glyph
 2407 4200 00000000 			.word	0			// blank horizontal lines before glyph
 2408 4204 00000000 			.word	0			// blank horizontal lines after glyph
 2409              							// bit mapped glyph
 2410 4208 00000000 			.word	0x00000000, 0x0E000000, 0x1B000000, 0x18000000, 0x18000000, 0x18000000, 0x7E000000, 0x18000
 2410      0000000E 
 2410      0000001B 
 2410      00000018 
 2410      00000018 
 2411              	
 2412              	HEX_0XA0:
 2413 4248 00000000 			.word	NULL			// no equivalent ASCII character
 2414 424c 08000000 			.word	CELLWDTH		// cell pixel width
 2415 4250 10000000 			.word	CELLHGHT		// cell pixel height
 2416 4254 08000000 			.word	CELLWDTH		// glyph pixel width
 2417 4258 10000000 			.word	CELLHGHT		// glyph pixel height
 2418 425c 00000000 			.word	0			// blank horizontal pixels before glyph
 2419 4260 00000000 			.word	0			// blank horizontal pixels after glyph
 2420 4264 00000000 			.word	0			// blank horizontal lines before glyph
 2421 4268 00000000 			.word	0			// blank horizontal lines after glyph
 2422              							// bit mapped glyph
 2423 426c 00000000 			.word	0x00000000, 0x18000000, 0x30000000, 0x60000000, 0x00000000, 0x78000000, 0x0C000000, 0x7C000
 2423      00000018 
 2423      00000030 
 2423      00000060 
 2423      00000000 
 2424              	
 2425              	HEX_0XA1:
 2426 42ac 00000000 			.word	NULL			// no equivalent ASCII character
 2427 42b0 08000000 			.word	CELLWDTH		// cell pixel width
 2428 42b4 10000000 			.word	CELLHGHT		// cell pixel height
 2429 42b8 08000000 			.word	CELLWDTH		// glyph pixel width
 2430 42bc 10000000 			.word	CELLHGHT		// glyph pixel height
 2431 42c0 00000000 			.word	0			// blank horizontal pixels before glyph
 2432 42c4 00000000 			.word	0			// blank horizontal pixels after glyph
 2433 42c8 00000000 			.word	0			// blank horizontal lines before glyph
 2434 42cc 00000000 			.word	0			// blank horizontal lines after glyph
ARM GAS  font_VGA_8x16.s 			page 55


 2435              							// bit mapped glyph
 2436 42d0 00000000 			.word	0x00000000, 0x0C000000, 0x18000000, 0x30000000, 0x00000000, 0x38000000, 0x18000000, 0x18000
 2436      0000000C 
 2436      00000018 
 2436      00000030 
 2436      00000000 
 2437              	
 2438              	HEX_0XA2:
 2439 4310 00000000 			.word	NULL			// no equivalent ASCII character
 2440 4314 08000000 			.word	CELLWDTH		// cell pixel width
 2441 4318 10000000 			.word	CELLHGHT		// cell pixel height
 2442 431c 08000000 			.word	CELLWDTH		// glyph pixel width
 2443 4320 10000000 			.word	CELLHGHT		// glyph pixel height
 2444 4324 00000000 			.word	0			// blank horizontal pixels before glyph
 2445 4328 00000000 			.word	0			// blank horizontal pixels after glyph
 2446 432c 00000000 			.word	0			// blank horizontal lines before glyph
 2447 4330 00000000 			.word	0			// blank horizontal lines after glyph
 2448              							// bit mapped glyph
 2449 4334 00000000 			.word	0x00000000, 0x18000000, 0x30000000, 0x60000000, 0x00000000, 0x7C000000, 0xC6000000, 0xC6000
 2449      00000018 
 2449      00000030 
 2449      00000060 
 2449      00000000 
 2450              	
 2451              	HEX_0XA3:
 2452 4374 00000000 			.word	NULL			// no equivalent ASCII character
 2453 4378 08000000 			.word	CELLWDTH		// cell pixel width
 2454 437c 10000000 			.word	CELLHGHT		// cell pixel height
 2455 4380 08000000 			.word	CELLWDTH		// glyph pixel width
 2456 4384 10000000 			.word	CELLHGHT		// glyph pixel height
 2457 4388 00000000 			.word	0			// blank horizontal pixels before glyph
 2458 438c 00000000 			.word	0			// blank horizontal pixels after glyph
 2459 4390 00000000 			.word	0			// blank horizontal lines before glyph
 2460 4394 00000000 			.word	0			// blank horizontal lines after glyph
 2461              							// bit mapped glyph
 2462 4398 00000000 			.word	0x00000000, 0x18000000, 0x30000000, 0x60000000, 0x00000000, 0xCC000000, 0xCC000000, 0xCC000
 2462      00000018 
 2462      00000030 
 2462      00000060 
 2462      00000000 
 2463              	
 2464              	HEX_0XA4:
 2465 43d8 00000000 			.word	NULL			// no equivalent ASCII character
 2466 43dc 08000000 			.word	CELLWDTH		// cell pixel width
 2467 43e0 10000000 			.word	CELLHGHT		// cell pixel height
 2468 43e4 08000000 			.word	CELLWDTH		// glyph pixel width
 2469 43e8 10000000 			.word	CELLHGHT		// glyph pixel height
 2470 43ec 00000000 			.word	0			// blank horizontal pixels before glyph
 2471 43f0 00000000 			.word	0			// blank horizontal pixels after glyph
 2472 43f4 00000000 			.word	0			// blank horizontal lines before glyph
 2473 43f8 00000000 			.word	0			// blank horizontal lines after glyph
 2474              							// bit mapped glyph
 2475 43fc 00000000 			.word	0x00000000, 0x00000000, 0x76000000, 0xDC000000, 0x00000000, 0xDC000000, 0x66000000, 0x66000
 2475      00000000 
 2475      00000076 
 2475      000000DC 
 2475      00000000 
ARM GAS  font_VGA_8x16.s 			page 56


 2476              	
 2477              	HEX_0XA5:
 2478 443c 00000000 			.word	NULL			// no equivalent ASCII character
 2479 4440 08000000 			.word	CELLWDTH		// cell pixel width
 2480 4444 10000000 			.word	CELLHGHT		// cell pixel height
 2481 4448 08000000 			.word	CELLWDTH		// glyph pixel width
 2482 444c 10000000 			.word	CELLHGHT		// glyph pixel height
 2483 4450 00000000 			.word	0			// blank horizontal pixels before glyph
 2484 4454 00000000 			.word	0			// blank horizontal pixels after glyph
 2485 4458 00000000 			.word	0			// blank horizontal lines before glyph
 2486 445c 00000000 			.word	0			// blank horizontal lines after glyph
 2487              							// bit mapped glyph
 2488 4460 00000076 			.word	0x76000000, 0xDC000000, 0x00000000, 0xC6000000, 0xE6000000, 0xF6000000, 0xFE000000, 0xDE000
 2488      000000DC 
 2488      00000000 
 2488      000000C6 
 2488      000000E6 
 2489              	
 2490              	HEX_0XA6:
 2491 44a0 00000000 			.word	NULL			// no equivalent ASCII character
 2492 44a4 08000000 			.word	CELLWDTH		// cell pixel width
 2493 44a8 10000000 			.word	CELLHGHT		// cell pixel height
 2494 44ac 08000000 			.word	CELLWDTH		// glyph pixel width
 2495 44b0 10000000 			.word	CELLHGHT		// glyph pixel height
 2496 44b4 00000000 			.word	0			// blank horizontal pixels before glyph
 2497 44b8 00000000 			.word	0			// blank horizontal pixels after glyph
 2498 44bc 00000000 			.word	0			// blank horizontal lines before glyph
 2499 44c0 00000000 			.word	0			// blank horizontal lines after glyph
 2500              							// bit mapped glyph
 2501 44c4 00000000 			.word	0x00000000, 0x3C000000, 0x6C000000, 0x6C000000, 0x3E000000, 0x00000000, 0x7E000000, 0x00000
 2501      0000003C 
 2501      0000006C 
 2501      0000006C 
 2501      0000003E 
 2502              	
 2503              	HEX_0XA7:
 2504 4504 00000000 			.word	NULL			// no equivalent ASCII character
 2505 4508 08000000 			.word	CELLWDTH		// cell pixel width
 2506 450c 10000000 			.word	CELLHGHT		// cell pixel height
 2507 4510 08000000 			.word	CELLWDTH		// glyph pixel width
 2508 4514 10000000 			.word	CELLHGHT		// glyph pixel height
 2509 4518 00000000 			.word	0			// blank horizontal pixels before glyph
 2510 451c 00000000 			.word	0			// blank horizontal pixels after glyph
 2511 4520 00000000 			.word	0			// blank horizontal lines before glyph
 2512 4524 00000000 			.word	0			// blank horizontal lines after glyph
 2513              							// bit mapped glyph
 2514 4528 00000000 			.word	0x00000000, 0x38000000, 0x6C000000, 0x6C000000, 0x38000000, 0x00000000, 0x7C000000, 0x00000
 2514      00000038 
 2514      0000006C 
 2514      0000006C 
 2514      00000038 
 2515              	
 2516              	HEX_0XA8:
 2517 4568 00000000 			.word	NULL			// no equivalent ASCII character
 2518 456c 08000000 			.word	CELLWDTH		// cell pixel width
 2519 4570 10000000 			.word	CELLHGHT		// cell pixel height
 2520 4574 08000000 			.word	CELLWDTH		// glyph pixel width
ARM GAS  font_VGA_8x16.s 			page 57


 2521 4578 10000000 			.word	CELLHGHT		// glyph pixel height
 2522 457c 00000000 			.word	0			// blank horizontal pixels before glyph
 2523 4580 00000000 			.word	0			// blank horizontal pixels after glyph
 2524 4584 00000000 			.word	0			// blank horizontal lines before glyph
 2525 4588 00000000 			.word	0			// blank horizontal lines after glyph
 2526              							// bit mapped glyph
 2527 458c 00000000 			.word	0x00000000, 0x00000000, 0x30000000, 0x30000000, 0x00000000, 0x30000000, 0x30000000, 0x60000
 2527      00000000 
 2527      00000030 
 2527      00000030 
 2527      00000000 
 2528              	
 2529              	HEX_0XA9:
 2530 45cc 00000000 			.word	NULL			// no equivalent ASCII character
 2531 45d0 08000000 			.word	CELLWDTH		// cell pixel width
 2532 45d4 10000000 			.word	CELLHGHT		// cell pixel height
 2533 45d8 08000000 			.word	CELLWDTH		// glyph pixel width
 2534 45dc 10000000 			.word	CELLHGHT		// glyph pixel height
 2535 45e0 00000000 			.word	0			// blank horizontal pixels before glyph
 2536 45e4 00000000 			.word	0			// blank horizontal pixels after glyph
 2537 45e8 00000000 			.word	0			// blank horizontal lines before glyph
 2538 45ec 00000000 			.word	0			// blank horizontal lines after glyph
 2539              							// bit mapped glyph
 2540 45f0 00000000 			.word	0x00000000, 0x00000000, 0x00000000, 0x00000000, 0x00000000, 0x00000000, 0xFE000000, 0xC0000
 2540      00000000 
 2540      00000000 
 2540      00000000 
 2540      00000000 
 2541              	
 2542              	HEX_0XAA:
 2543 4630 00000000 			.word	NULL			// no equivalent ASCII character
 2544 4634 08000000 			.word	CELLWDTH		// cell pixel width
 2545 4638 10000000 			.word	CELLHGHT		// cell pixel height
 2546 463c 08000000 			.word	CELLWDTH		// glyph pixel width
 2547 4640 10000000 			.word	CELLHGHT		// glyph pixel height
 2548 4644 00000000 			.word	0			// blank horizontal pixels before glyph
 2549 4648 00000000 			.word	0			// blank horizontal pixels after glyph
 2550 464c 00000000 			.word	0			// blank horizontal lines before glyph
 2551 4650 00000000 			.word	0			// blank horizontal lines after glyph
 2552              							// bit mapped glyph
 2553 4654 00000000 			.word	0x00000000, 0x00000000, 0x00000000, 0x00000000, 0x00000000, 0x00000000, 0xFE000000, 0x06000
 2553      00000000 
 2553      00000000 
 2553      00000000 
 2553      00000000 
 2554              	
 2555              	HEX_0XAB:
 2556 4694 00000000 			.word	NULL			// no equivalent ASCII character
 2557 4698 08000000 			.word	CELLWDTH		// cell pixel width
 2558 469c 10000000 			.word	CELLHGHT		// cell pixel height
 2559 46a0 08000000 			.word	CELLWDTH		// glyph pixel width
 2560 46a4 10000000 			.word	CELLHGHT		// glyph pixel height
 2561 46a8 00000000 			.word	0			// blank horizontal pixels before glyph
 2562 46ac 00000000 			.word	0			// blank horizontal pixels after glyph
 2563 46b0 00000000 			.word	0			// blank horizontal lines before glyph
 2564 46b4 00000000 			.word	0			// blank horizontal lines after glyph
 2565              							// bit mapped glyph
ARM GAS  font_VGA_8x16.s 			page 58


 2566 46b8 00000000 			.word	0x00000000, 0xC0000000, 0xC0000000, 0xC2000000, 0xC6000000, 0xCC000000, 0x18000000, 0x30000
 2566      000000C0 
 2566      000000C0 
 2566      000000C2 
 2566      000000C6 
 2567              	
 2568              	HEX_0XAC:
 2569 46f8 00000000 			.word	NULL			// no equivalent ASCII character
 2570 46fc 08000000 			.word	CELLWDTH		// cell pixel width
 2571 4700 10000000 			.word	CELLHGHT		// cell pixel height
 2572 4704 08000000 			.word	CELLWDTH		// glyph pixel width
 2573 4708 10000000 			.word	CELLHGHT		// glyph pixel height
 2574 470c 00000000 			.word	0			// blank horizontal pixels before glyph
 2575 4710 00000000 			.word	0			// blank horizontal pixels after glyph
 2576 4714 00000000 			.word	0			// blank horizontal lines before glyph
 2577 4718 00000000 			.word	0			// blank horizontal lines after glyph
 2578              							// bit mapped glyph
 2579 471c 00000000 			.word	0x00000000, 0xC0000000, 0xC0000000, 0xC2000000, 0xC6000000, 0xCC000000, 0x18000000, 0x30000
 2579      000000C0 
 2579      000000C0 
 2579      000000C2 
 2579      000000C6 
 2580              	
 2581              	HEX_0XAD:
 2582 475c 00000000 			.word	NULL			// no equivalent ASCII character
 2583 4760 08000000 			.word	CELLWDTH		// cell pixel width
 2584 4764 10000000 			.word	CELLHGHT		// cell pixel height
 2585 4768 08000000 			.word	CELLWDTH		// glyph pixel width
 2586 476c 10000000 			.word	CELLHGHT		// glyph pixel height
 2587 4770 00000000 			.word	0			// blank horizontal pixels before glyph
 2588 4774 00000000 			.word	0			// blank horizontal pixels after glyph
 2589 4778 00000000 			.word	0			// blank horizontal lines before glyph
 2590 477c 00000000 			.word	0			// blank horizontal lines after glyph
 2591              							// bit mapped glyph
 2592 4780 00000000 			.word	0x00000000, 0x00000000, 0x18000000, 0x18000000, 0x00000000, 0x18000000, 0x18000000, 0x18000
 2592      00000000 
 2592      00000018 
 2592      00000018 
 2592      00000000 
 2593              	
 2594              	HEX_0XAE:
 2595 47c0 00000000 			.word	NULL			// no equivalent ASCII character
 2596 47c4 08000000 			.word	CELLWDTH		// cell pixel width
 2597 47c8 10000000 			.word	CELLHGHT		// cell pixel height
 2598 47cc 08000000 			.word	CELLWDTH		// glyph pixel width
 2599 47d0 10000000 			.word	CELLHGHT		// glyph pixel height
 2600 47d4 00000000 			.word	0			// blank horizontal pixels before glyph
 2601 47d8 00000000 			.word	0			// blank horizontal pixels after glyph
 2602 47dc 00000000 			.word	0			// blank horizontal lines before glyph
 2603 47e0 00000000 			.word	0			// blank horizontal lines after glyph
 2604              							// bit mapped glyph
 2605 47e4 00000000 			.word	0x00000000, 0x00000000, 0x00000000, 0x00000000, 0x00000000, 0x36000000, 0x6C000000, 0xD8000
 2605      00000000 
 2605      00000000 
 2605      00000000 
 2605      00000000 
 2606              	
ARM GAS  font_VGA_8x16.s 			page 59


 2607              	HEX_0XAF:
 2608 4824 00000000 			.word	NULL			// no equivalent ASCII character
 2609 4828 08000000 			.word	CELLWDTH		// cell pixel width
 2610 482c 10000000 			.word	CELLHGHT		// cell pixel height
 2611 4830 08000000 			.word	CELLWDTH		// glyph pixel width
 2612 4834 10000000 			.word	CELLHGHT		// glyph pixel height
 2613 4838 00000000 			.word	0			// blank horizontal pixels before glyph
 2614 483c 00000000 			.word	0			// blank horizontal pixels after glyph
 2615 4840 00000000 			.word	0			// blank horizontal lines before glyph
 2616 4844 00000000 			.word	0			// blank horizontal lines after glyph
 2617              							// bit mapped glyph
 2618 4848 00000000 			.word	0x00000000, 0x00000000, 0x00000000, 0x00000000, 0x00000000, 0xD8000000, 0x6C000000, 0x36000
 2618      00000000 
 2618      00000000 
 2618      00000000 
 2618      00000000 
 2619              	
 2620              	HEX_0XB0:
 2621 4888 00000000 			.word	NULL			// no equivalent ASCII character
 2622 488c 08000000 			.word	CELLWDTH		// cell pixel width
 2623 4890 10000000 			.word	CELLHGHT		// cell pixel height
 2624 4894 08000000 			.word	CELLWDTH		// glyph pixel width
 2625 4898 10000000 			.word	CELLHGHT		// glyph pixel height
 2626 489c 00000000 			.word	0			// blank horizontal pixels before glyph
 2627 48a0 00000000 			.word	0			// blank horizontal pixels after glyph
 2628 48a4 00000000 			.word	0			// blank horizontal lines before glyph
 2629 48a8 00000000 			.word	0			// blank horizontal lines after glyph
 2630              							// bit mapped glyph
 2631 48ac 00000011 			.word	0x11000000, 0x44000000, 0x11000000, 0x44000000, 0x11000000, 0x44000000, 0x11000000, 0x44000
 2631      00000044 
 2631      00000011 
 2631      00000044 
 2631      00000011 
 2632              	
 2633              	HEX_0XB1:
 2634 48ec 00000000 			.word	NULL			// no equivalent ASCII character
 2635 48f0 08000000 			.word	CELLWDTH		// cell pixel width
 2636 48f4 10000000 			.word	CELLHGHT		// cell pixel height
 2637 48f8 08000000 			.word	CELLWDTH		// glyph pixel width
 2638 48fc 10000000 			.word	CELLHGHT		// glyph pixel height
 2639 4900 00000000 			.word	0			// blank horizontal pixels before glyph
 2640 4904 00000000 			.word	0			// blank horizontal pixels after glyph
 2641 4908 00000000 			.word	0			// blank horizontal lines before glyph
 2642 490c 00000000 			.word	0			// blank horizontal lines after glyph
 2643              							// bit mapped glyph
 2644 4910 00000055 			.word	0x55000000, 0xAA000000, 0x55000000, 0xAA000000, 0x55000000, 0xAA000000, 0x55000000, 0xAA000
 2644      000000AA 
 2644      00000055 
 2644      000000AA 
 2644      00000055 
 2645              	
 2646              	HEX_0XB2:
 2647 4950 00000000 			.word	NULL			// no equivalent ASCII character
 2648 4954 08000000 			.word	CELLWDTH		// cell pixel width
 2649 4958 10000000 			.word	CELLHGHT		// cell pixel height
 2650 495c 08000000 			.word	CELLWDTH		// glyph pixel width
 2651 4960 10000000 			.word	CELLHGHT		// glyph pixel height
ARM GAS  font_VGA_8x16.s 			page 60


 2652 4964 00000000 			.word	0			// blank horizontal pixels before glyph
 2653 4968 00000000 			.word	0			// blank horizontal pixels after glyph
 2654 496c 00000000 			.word	0			// blank horizontal lines before glyph
 2655 4970 00000000 			.word	0			// blank horizontal lines after glyph
 2656              							// bit mapped glyph
 2657 4974 000000DD 			.word	0xDD000000, 0x77000000, 0xDD000000, 0x77000000, 0xDD000000, 0x77000000, 0xDD000000, 0x77000
 2657      00000077 
 2657      000000DD 
 2657      00000077 
 2657      000000DD 
 2658              	
 2659              	HEX_0XB3:
 2660 49b4 00000000 			.word	NULL			// no equivalent ASCII character
 2661 49b8 08000000 			.word	CELLWDTH		// cell pixel width
 2662 49bc 10000000 			.word	CELLHGHT		// cell pixel height
 2663 49c0 08000000 			.word	CELLWDTH		// glyph pixel width
 2664 49c4 10000000 			.word	CELLHGHT		// glyph pixel height
 2665 49c8 00000000 			.word	0			// blank horizontal pixels before glyph
 2666 49cc 00000000 			.word	0			// blank horizontal pixels after glyph
 2667 49d0 00000000 			.word	0			// blank horizontal lines before glyph
 2668 49d4 00000000 			.word	0			// blank horizontal lines after glyph
 2669              							// bit mapped glyph
 2670 49d8 00000018 			.word	0x18000000, 0x18000000, 0x18000000, 0x18000000, 0x18000000, 0x18000000, 0x18000000, 0x18000
 2670      00000018 
 2670      00000018 
 2670      00000018 
 2670      00000018 
 2671              	
 2672              	HEX_0XB4:
 2673 4a18 00000000 			.word	NULL			// no equivalent ASCII character
 2674 4a1c 08000000 			.word	CELLWDTH		// cell pixel width
 2675 4a20 10000000 			.word	CELLHGHT		// cell pixel height
 2676 4a24 08000000 			.word	CELLWDTH		// glyph pixel width
 2677 4a28 10000000 			.word	CELLHGHT		// glyph pixel height
 2678 4a2c 00000000 			.word	0			// blank horizontal pixels before glyph
 2679 4a30 00000000 			.word	0			// blank horizontal pixels after glyph
 2680 4a34 00000000 			.word	0			// blank horizontal lines before glyph
 2681 4a38 00000000 			.word	0			// blank horizontal lines after glyph
 2682              							// bit mapped glyph
 2683 4a3c 00000018 			.word	0x18000000, 0x18000000, 0x18000000, 0x18000000, 0x18000000, 0x18000000, 0x18000000, 0xF8000
 2683      00000018 
 2683      00000018 
 2683      00000018 
 2683      00000018 
 2684              	
 2685              	HEX_0XB5:
 2686 4a7c 00000000 			.word	NULL			// no equivalent ASCII character
 2687 4a80 08000000 			.word	CELLWDTH		// cell pixel width
 2688 4a84 10000000 			.word	CELLHGHT		// cell pixel height
 2689 4a88 08000000 			.word	CELLWDTH		// glyph pixel width
 2690 4a8c 10000000 			.word	CELLHGHT		// glyph pixel height
 2691 4a90 00000000 			.word	0			// blank horizontal pixels before glyph
 2692 4a94 00000000 			.word	0			// blank horizontal pixels after glyph
 2693 4a98 00000000 			.word	0			// blank horizontal lines before glyph
 2694 4a9c 00000000 			.word	0			// blank horizontal lines after glyph
 2695              							// bit mapped glyph
 2696 4aa0 00000018 			.word	0x18000000, 0x18000000, 0x18000000, 0x18000000, 0x18000000, 0xF8000000, 0x18000000, 0xF8000
ARM GAS  font_VGA_8x16.s 			page 61


 2696      00000018 
 2696      00000018 
 2696      00000018 
 2696      00000018 
 2697              	
 2698              	HEX_0XB6:
 2699 4ae0 00000000 			.word	NULL			// no equivalent ASCII character
 2700 4ae4 08000000 			.word	CELLWDTH		// cell pixel width
 2701 4ae8 10000000 			.word	CELLHGHT		// cell pixel height
 2702 4aec 08000000 			.word	CELLWDTH		// glyph pixel width
 2703 4af0 10000000 			.word	CELLHGHT		// glyph pixel height
 2704 4af4 00000000 			.word	0			// blank horizontal pixels before glyph
 2705 4af8 00000000 			.word	0			// blank horizontal pixels after glyph
 2706 4afc 00000000 			.word	0			// blank horizontal lines before glyph
 2707 4b00 00000000 			.word	0			// blank horizontal lines after glyph
 2708              							// bit mapped glyph
 2709 4b04 00000036 			.word	0x36000000, 0x36000000, 0x36000000, 0x36000000, 0x36000000, 0x36000000, 0x36000000, 0xF6000
 2709      00000036 
 2709      00000036 
 2709      00000036 
 2709      00000036 
 2710              	
 2711              	HEX_0XB7:
 2712 4b44 00000000 			.word	NULL			// no equivalent ASCII character
 2713 4b48 08000000 			.word	CELLWDTH		// cell pixel width
 2714 4b4c 10000000 			.word	CELLHGHT		// cell pixel height
 2715 4b50 08000000 			.word	CELLWDTH		// glyph pixel width
 2716 4b54 10000000 			.word	CELLHGHT		// glyph pixel height
 2717 4b58 00000000 			.word	0			// blank horizontal pixels before glyph
 2718 4b5c 00000000 			.word	0			// blank horizontal pixels after glyph
 2719 4b60 00000000 			.word	0			// blank horizontal lines before glyph
 2720 4b64 00000000 			.word	0			// blank horizontal lines after glyph
 2721              							// bit mapped glyph
 2722 4b68 00000000 			.word	0x00000000, 0x00000000, 0x00000000, 0x00000000, 0x00000000, 0x00000000, 0x00000000, 0xFE000
 2722      00000000 
 2722      00000000 
 2722      00000000 
 2722      00000000 
 2723              	
 2724              	HEX_0XB8:
 2725 4ba8 00000000 			.word	NULL			// no equivalent ASCII character
 2726 4bac 08000000 			.word	CELLWDTH		// cell pixel width
 2727 4bb0 10000000 			.word	CELLHGHT		// cell pixel height
 2728 4bb4 08000000 			.word	CELLWDTH		// glyph pixel width
 2729 4bb8 10000000 			.word	CELLHGHT		// glyph pixel height
 2730 4bbc 00000000 			.word	0			// blank horizontal pixels before glyph
 2731 4bc0 00000000 			.word	0			// blank horizontal pixels after glyph
 2732 4bc4 00000000 			.word	0			// blank horizontal lines before glyph
 2733 4bc8 00000000 			.word	0			// blank horizontal lines after glyph
 2734              							// bit mapped glyph
 2735 4bcc 00000000 			.word	0x00000000, 0x00000000, 0x00000000, 0x00000000, 0x00000000, 0xF8000000, 0x18000000, 0xF8000
 2735      00000000 
 2735      00000000 
 2735      00000000 
 2735      00000000 
 2736              	
 2737              	HEX_0XB9:
ARM GAS  font_VGA_8x16.s 			page 62


 2738 4c0c 00000000 			.word	NULL			// no equivalent ASCII character
 2739 4c10 08000000 			.word	CELLWDTH		// cell pixel width
 2740 4c14 10000000 			.word	CELLHGHT		// cell pixel height
 2741 4c18 08000000 			.word	CELLWDTH		// glyph pixel width
 2742 4c1c 10000000 			.word	CELLHGHT		// glyph pixel height
 2743 4c20 00000000 			.word	0			// blank horizontal pixels before glyph
 2744 4c24 00000000 			.word	0			// blank horizontal pixels after glyph
 2745 4c28 00000000 			.word	0			// blank horizontal lines before glyph
 2746 4c2c 00000000 			.word	0			// blank horizontal lines after glyph
 2747              							// bit mapped glyph
 2748 4c30 00000036 			.word	0x36000000, 0x36000000, 0x36000000, 0x36000000, 0x36000000, 0xF6000000, 0x06000000, 0xF6000
 2748      00000036 
 2748      00000036 
 2748      00000036 
 2748      00000036 
 2749              	
 2750              	HEX_0XBA:
 2751 4c70 00000000 			.word	NULL			// no equivalent ASCII character
 2752 4c74 08000000 			.word	CELLWDTH		// cell pixel width
 2753 4c78 10000000 			.word	CELLHGHT		// cell pixel height
 2754 4c7c 08000000 			.word	CELLWDTH		// glyph pixel width
 2755 4c80 10000000 			.word	CELLHGHT		// glyph pixel height
 2756 4c84 00000000 			.word	0			// blank horizontal pixels before glyph
 2757 4c88 00000000 			.word	0			// blank horizontal pixels after glyph
 2758 4c8c 00000000 			.word	0			// blank horizontal lines before glyph
 2759 4c90 00000000 			.word	0			// blank horizontal lines after glyph
 2760              							// bit mapped glyph
 2761 4c94 00000036 			.word	0x36000000, 0x36000000, 0x36000000, 0x36000000, 0x36000000, 0x36000000, 0x36000000, 0x36000
 2761      00000036 
 2761      00000036 
 2761      00000036 
 2761      00000036 
 2762              	
 2763              	HEX_0XBB:
 2764 4cd4 00000000 			.word	NULL			// no equivalent ASCII character
 2765 4cd8 08000000 			.word	CELLWDTH		// cell pixel width
 2766 4cdc 10000000 			.word	CELLHGHT		// cell pixel height
 2767 4ce0 08000000 			.word	CELLWDTH		// glyph pixel width
 2768 4ce4 10000000 			.word	CELLHGHT		// glyph pixel height
 2769 4ce8 00000000 			.word	0			// blank horizontal pixels before glyph
 2770 4cec 00000000 			.word	0			// blank horizontal pixels after glyph
 2771 4cf0 00000000 			.word	0			// blank horizontal lines before glyph
 2772 4cf4 00000000 			.word	0			// blank horizontal lines after glyph
 2773              							// bit mapped glyph
 2774 4cf8 00000000 			.word	0x00000000, 0x00000000, 0x00000000, 0x00000000, 0x00000000, 0xFE000000, 0x06000000, 0xF6000
 2774      00000000 
 2774      00000000 
 2774      00000000 
 2774      00000000 
 2775              	
 2776              	HEX_0XBC:
 2777 4d38 00000000 			.word	NULL			// no equivalent ASCII character
 2778 4d3c 08000000 			.word	CELLWDTH		// cell pixel width
 2779 4d40 10000000 			.word	CELLHGHT		// cell pixel height
 2780 4d44 08000000 			.word	CELLWDTH		// glyph pixel width
 2781 4d48 10000000 			.word	CELLHGHT		// glyph pixel height
 2782 4d4c 00000000 			.word	0			// blank horizontal pixels before glyph
ARM GAS  font_VGA_8x16.s 			page 63


 2783 4d50 00000000 			.word	0			// blank horizontal pixels after glyph
 2784 4d54 00000000 			.word	0			// blank horizontal lines before glyph
 2785 4d58 00000000 			.word	0			// blank horizontal lines after glyph
 2786              							// bit mapped glyph
 2787 4d5c 00000036 			.word	0x36000000, 0x36000000, 0x36000000, 0x36000000, 0x36000000, 0xF6000000, 0x06000000, 0xFE000
 2787      00000036 
 2787      00000036 
 2787      00000036 
 2787      00000036 
 2788              	
 2789              	HEX_0XBD:
 2790 4d9c 00000000 			.word	NULL			// no equivalent ASCII character
 2791 4da0 08000000 			.word	CELLWDTH		// cell pixel width
 2792 4da4 10000000 			.word	CELLHGHT		// cell pixel height
 2793 4da8 08000000 			.word	CELLWDTH		// glyph pixel width
 2794 4dac 10000000 			.word	CELLHGHT		// glyph pixel height
 2795 4db0 00000000 			.word	0			// blank horizontal pixels before glyph
 2796 4db4 00000000 			.word	0			// blank horizontal pixels after glyph
 2797 4db8 00000000 			.word	0			// blank horizontal lines before glyph
 2798 4dbc 00000000 			.word	0			// blank horizontal lines after glyph
 2799              							// bit mapped glyph
 2800 4dc0 00000036 			.word	0x36000000, 0x36000000, 0x36000000, 0x36000000, 0x36000000, 0x36000000, 0x36000000, 0xFE000
 2800      00000036 
 2800      00000036 
 2800      00000036 
 2800      00000036 
 2801              	
 2802              	HEX_0XBE:
 2803 4e00 00000000 			.word	NULL			// no equivalent ASCII character
 2804 4e04 08000000 			.word	CELLWDTH		// cell pixel width
 2805 4e08 10000000 			.word	CELLHGHT		// cell pixel height
 2806 4e0c 08000000 			.word	CELLWDTH		// glyph pixel width
 2807 4e10 10000000 			.word	CELLHGHT		// glyph pixel height
 2808 4e14 00000000 			.word	0			// blank horizontal pixels before glyph
 2809 4e18 00000000 			.word	0			// blank horizontal pixels after glyph
 2810 4e1c 00000000 			.word	0			// blank horizontal lines before glyph
 2811 4e20 00000000 			.word	0			// blank horizontal lines after glyph
 2812              							// bit mapped glyph
 2813 4e24 00000018 			.word	0x18000000, 0x18000000, 0x18000000, 0x18000000, 0x18000000, 0xF8000000, 0x18000000, 0xF8000
 2813      00000018 
 2813      00000018 
 2813      00000018 
 2813      00000018 
 2814              	
 2815              	HEX_0XBF:
 2816 4e64 00000000 			.word	NULL			// no equivalent ASCII character
 2817 4e68 08000000 			.word	CELLWDTH		// cell pixel width
 2818 4e6c 10000000 			.word	CELLHGHT		// cell pixel height
 2819 4e70 08000000 			.word	CELLWDTH		// glyph pixel width
 2820 4e74 10000000 			.word	CELLHGHT		// glyph pixel height
 2821 4e78 00000000 			.word	0			// blank horizontal pixels before glyph
 2822 4e7c 00000000 			.word	0			// blank horizontal pixels after glyph
 2823 4e80 00000000 			.word	0			// blank horizontal lines before glyph
 2824 4e84 00000000 			.word	0			// blank horizontal lines after glyph
 2825              							// bit mapped glyph
 2826 4e88 00000000 			.word	0x00000000, 0x00000000, 0x00000000, 0x00000000, 0x00000000, 0x00000000, 0x00000000, 0xF8000
 2826      00000000 
ARM GAS  font_VGA_8x16.s 			page 64


 2826      00000000 
 2826      00000000 
 2826      00000000 
 2827              	
 2828              	HEX_0XC0:
 2829 4ec8 00000000 			.word	NULL			// no equivalent ASCII character
 2830 4ecc 08000000 			.word	CELLWDTH		// cell pixel width
 2831 4ed0 10000000 			.word	CELLHGHT		// cell pixel height
 2832 4ed4 08000000 			.word	CELLWDTH		// glyph pixel width
 2833 4ed8 10000000 			.word	CELLHGHT		// glyph pixel height
 2834 4edc 00000000 			.word	0			// blank horizontal pixels before glyph
 2835 4ee0 00000000 			.word	0			// blank horizontal pixels after glyph
 2836 4ee4 00000000 			.word	0			// blank horizontal lines before glyph
 2837 4ee8 00000000 			.word	0			// blank horizontal lines after glyph
 2838              							// bit mapped glyph
 2839 4eec 00000018 			.word	0x18000000, 0x18000000, 0x18000000, 0x18000000, 0x18000000, 0x18000000, 0x18000000, 0x1F000
 2839      00000018 
 2839      00000018 
 2839      00000018 
 2839      00000018 
 2840              	
 2841              	HEX_0XC1:
 2842 4f2c 00000000 			.word	NULL			// no equivalent ASCII character
 2843 4f30 08000000 			.word	CELLWDTH		// cell pixel width
 2844 4f34 10000000 			.word	CELLHGHT		// cell pixel height
 2845 4f38 08000000 			.word	CELLWDTH		// glyph pixel width
 2846 4f3c 10000000 			.word	CELLHGHT		// glyph pixel height
 2847 4f40 00000000 			.word	0			// blank horizontal pixels before glyph
 2848 4f44 00000000 			.word	0			// blank horizontal pixels after glyph
 2849 4f48 00000000 			.word	0			// blank horizontal lines before glyph
 2850 4f4c 00000000 			.word	0			// blank horizontal lines after glyph
 2851              							// bit mapped glyph
 2852 4f50 00000018 			.word	0x18000000, 0x18000000, 0x18000000, 0x18000000, 0x18000000, 0x18000000, 0x18000000, 0xFF000
 2852      00000018 
 2852      00000018 
 2852      00000018 
 2852      00000018 
 2853              	
 2854              	HEX_0XC2:
 2855 4f90 00000000 			.word	NULL			// no equivalent ASCII character
 2856 4f94 08000000 			.word	CELLWDTH		// cell pixel width
 2857 4f98 10000000 			.word	CELLHGHT		// cell pixel height
 2858 4f9c 08000000 			.word	CELLWDTH		// glyph pixel width
 2859 4fa0 10000000 			.word	CELLHGHT		// glyph pixel height
 2860 4fa4 00000000 			.word	0			// blank horizontal pixels before glyph
 2861 4fa8 00000000 			.word	0			// blank horizontal pixels after glyph
 2862 4fac 00000000 			.word	0			// blank horizontal lines before glyph
 2863 4fb0 00000000 			.word	0			// blank horizontal lines after glyph
 2864              							// bit mapped glyph
 2865 4fb4 00000000 			.word	0x00000000, 0x00000000, 0x00000000, 0x00000000, 0x00000000, 0x00000000, 0x00000000, 0xFF000
 2865      00000000 
 2865      00000000 
 2865      00000000 
 2865      00000000 
 2866              	
 2867              	HEX_0XC3:
 2868 4ff4 00000000 			.word	NULL			// no equivalent ASCII character
ARM GAS  font_VGA_8x16.s 			page 65


 2869 4ff8 08000000 			.word	CELLWDTH		// cell pixel width
 2870 4ffc 10000000 			.word	CELLHGHT		// cell pixel height
 2871 5000 08000000 			.word	CELLWDTH		// glyph pixel width
 2872 5004 10000000 			.word	CELLHGHT		// glyph pixel height
 2873 5008 00000000 			.word	0			// blank horizontal pixels before glyph
 2874 500c 00000000 			.word	0			// blank horizontal pixels after glyph
 2875 5010 00000000 			.word	0			// blank horizontal lines before glyph
 2876 5014 00000000 			.word	0			// blank horizontal lines after glyph
 2877              							// bit mapped glyph
 2878 5018 00000018 			.word	0x18000000, 0x18000000, 0x18000000, 0x18000000, 0x18000000, 0x18000000, 0x18000000, 0x1F000
 2878      00000018 
 2878      00000018 
 2878      00000018 
 2878      00000018 
 2879              	
 2880              	HEX_0XC4:
 2881 5058 00000000 			.word	NULL			// no equivalent ASCII character
 2882 505c 08000000 			.word	CELLWDTH		// cell pixel width
 2883 5060 10000000 			.word	CELLHGHT		// cell pixel height
 2884 5064 08000000 			.word	CELLWDTH		// glyph pixel width
 2885 5068 10000000 			.word	CELLHGHT		// glyph pixel height
 2886 506c 00000000 			.word	0			// blank horizontal pixels before glyph
 2887 5070 00000000 			.word	0			// blank horizontal pixels after glyph
 2888 5074 00000000 			.word	0			// blank horizontal lines before glyph
 2889 5078 00000000 			.word	0			// blank horizontal lines after glyph
 2890              							// bit mapped glyph
 2891 507c 00000000 			.word	0x00000000, 0x00000000, 0x00000000, 0x00000000, 0x00000000, 0x00000000, 0x00000000, 0xFF000
 2891      00000000 
 2891      00000000 
 2891      00000000 
 2891      00000000 
 2892              	
 2893              	HEX_0XC5:
 2894 50bc 00000000 			.word	NULL			// no equivalent ASCII character
 2895 50c0 08000000 			.word	CELLWDTH		// cell pixel width
 2896 50c4 10000000 			.word	CELLHGHT		// cell pixel height
 2897 50c8 08000000 			.word	CELLWDTH		// glyph pixel width
 2898 50cc 10000000 			.word	CELLHGHT		// glyph pixel height
 2899 50d0 00000000 			.word	0			// blank horizontal pixels before glyph
 2900 50d4 00000000 			.word	0			// blank horizontal pixels after glyph
 2901 50d8 00000000 			.word	0			// blank horizontal lines before glyph
 2902 50dc 00000000 			.word	0			// blank horizontal lines after glyph
 2903              							// bit mapped glyph
 2904 50e0 00000018 			.word	0x18000000, 0x18000000, 0x18000000, 0x18000000, 0x18000000, 0x18000000, 0x18000000, 0xFF000
 2904      00000018 
 2904      00000018 
 2904      00000018 
 2904      00000018 
 2905              	
 2906              	HEX_0XC6:
 2907 5120 00000000 			.word	NULL			// no equivalent ASCII character
 2908 5124 08000000 			.word	CELLWDTH		// cell pixel width
 2909 5128 10000000 			.word	CELLHGHT		// cell pixel height
 2910 512c 08000000 			.word	CELLWDTH		// glyph pixel width
 2911 5130 10000000 			.word	CELLHGHT		// glyph pixel height
 2912 5134 00000000 			.word	0			// blank horizontal pixels before glyph
 2913 5138 00000000 			.word	0			// blank horizontal pixels after glyph
ARM GAS  font_VGA_8x16.s 			page 66


 2914 513c 00000000 			.word	0			// blank horizontal lines before glyph
 2915 5140 00000000 			.word	0			// blank horizontal lines after glyph
 2916              							// bit mapped glyph
 2917 5144 00000018 			.word	0x18000000, 0x18000000, 0x18000000, 0x18000000, 0x18000000, 0x1F000000, 0x18000000, 0x1F000
 2917      00000018 
 2917      00000018 
 2917      00000018 
 2917      00000018 
 2918              	
 2919              	HEX_0XC7:
 2920 5184 00000000 			.word	NULL			// no equivalent ASCII character
 2921 5188 08000000 			.word	CELLWDTH		// cell pixel width
 2922 518c 10000000 			.word	CELLHGHT		// cell pixel height
 2923 5190 08000000 			.word	CELLWDTH		// glyph pixel width
 2924 5194 10000000 			.word	CELLHGHT		// glyph pixel height
 2925 5198 00000000 			.word	0			// blank horizontal pixels before glyph
 2926 519c 00000000 			.word	0			// blank horizontal pixels after glyph
 2927 51a0 00000000 			.word	0			// blank horizontal lines before glyph
 2928 51a4 00000000 			.word	0			// blank horizontal lines after glyph
 2929              							// bit mapped glyph
 2930 51a8 00000036 			.word	0x36000000, 0x36000000, 0x36000000, 0x36000000, 0x36000000, 0x36000000, 0x36000000, 0x37000
 2930      00000036 
 2930      00000036 
 2930      00000036 
 2930      00000036 
 2931              	
 2932              	HEX_0XC8:
 2933 51e8 00000000 			.word	NULL			// no equivalent ASCII character
 2934 51ec 08000000 			.word	CELLWDTH		// cell pixel width
 2935 51f0 10000000 			.word	CELLHGHT		// cell pixel height
 2936 51f4 08000000 			.word	CELLWDTH		// glyph pixel width
 2937 51f8 10000000 			.word	CELLHGHT		// glyph pixel height
 2938 51fc 00000000 			.word	0			// blank horizontal pixels before glyph
 2939 5200 00000000 			.word	0			// blank horizontal pixels after glyph
 2940 5204 00000000 			.word	0			// blank horizontal lines before glyph
 2941 5208 00000000 			.word	0			// blank horizontal lines after glyph
 2942              							// bit mapped glyph
 2943 520c 00000036 			.word	0x36000000, 0x36000000, 0x36000000, 0x36000000, 0x36000000, 0x37000000, 0x30000000, 0x3F000
 2943      00000036 
 2943      00000036 
 2943      00000036 
 2943      00000036 
 2944              	
 2945              	HEX_0XC9:
 2946 524c 00000000 			.word	NULL			// no equivalent ASCII character
 2947 5250 08000000 			.word	CELLWDTH		// cell pixel width
 2948 5254 10000000 			.word	CELLHGHT		// cell pixel height
 2949 5258 08000000 			.word	CELLWDTH		// glyph pixel width
 2950 525c 10000000 			.word	CELLHGHT		// glyph pixel height
 2951 5260 00000000 			.word	0			// blank horizontal pixels before glyph
 2952 5264 00000000 			.word	0			// blank horizontal pixels after glyph
 2953 5268 00000000 			.word	0			// blank horizontal lines before glyph
 2954 526c 00000000 			.word	0			// blank horizontal lines after glyph
 2955              							// bit mapped glyph
 2956 5270 00000000 			.word	0x00000000, 0x00000000, 0x00000000, 0x00000000, 0x00000000, 0x3F000000, 0x30000000, 0x37000
 2956      00000000 
 2956      00000000 
ARM GAS  font_VGA_8x16.s 			page 67


 2956      00000000 
 2956      00000000 
 2957              	
 2958              	HEX_0XCA:
 2959 52b0 00000000 			.word	NULL			// no equivalent ASCII character
 2960 52b4 08000000 			.word	CELLWDTH		// cell pixel width
 2961 52b8 10000000 			.word	CELLHGHT		// cell pixel height
 2962 52bc 08000000 			.word	CELLWDTH		// glyph pixel width
 2963 52c0 10000000 			.word	CELLHGHT		// glyph pixel height
 2964 52c4 00000000 			.word	0			// blank horizontal pixels before glyph
 2965 52c8 00000000 			.word	0			// blank horizontal pixels after glyph
 2966 52cc 00000000 			.word	0			// blank horizontal lines before glyph
 2967 52d0 00000000 			.word	0			// blank horizontal lines after glyph
 2968              							// bit mapped glyph
 2969 52d4 00000036 			.word	0x36000000, 0x36000000, 0x36000000, 0x36000000, 0x36000000, 0xF7000000, 0x00000000, 0xFF000
 2969      00000036 
 2969      00000036 
 2969      00000036 
 2969      00000036 
 2970              	
 2971              	HEX_0XCB:
 2972 5314 00000000 			.word	NULL			// no equivalent ASCII character
 2973 5318 08000000 			.word	CELLWDTH		// cell pixel width
 2974 531c 10000000 			.word	CELLHGHT		// cell pixel height
 2975 5320 08000000 			.word	CELLWDTH		// glyph pixel width
 2976 5324 10000000 			.word	CELLHGHT		// glyph pixel height
 2977 5328 00000000 			.word	0			// blank horizontal pixels before glyph
 2978 532c 00000000 			.word	0			// blank horizontal pixels after glyph
 2979 5330 00000000 			.word	0			// blank horizontal lines before glyph
 2980 5334 00000000 			.word	0			// blank horizontal lines after glyph
 2981              							// bit mapped glyph
 2982 5338 00000000 			.word	0x00000000, 0x00000000, 0x00000000, 0x00000000, 0x00000000, 0xFF000000, 0x00000000, 0xF7000
 2982      00000000 
 2982      00000000 
 2982      00000000 
 2982      00000000 
 2983              	
 2984              	HEX_0XCC:
 2985 5378 00000000 			.word	NULL			// no equivalent ASCII character
 2986 537c 08000000 			.word	CELLWDTH		// cell pixel width
 2987 5380 10000000 			.word	CELLHGHT		// cell pixel height
 2988 5384 08000000 			.word	CELLWDTH		// glyph pixel width
 2989 5388 10000000 			.word	CELLHGHT		// glyph pixel height
 2990 538c 00000000 			.word	0			// blank horizontal pixels before glyph
 2991 5390 00000000 			.word	0			// blank horizontal pixels after glyph
 2992 5394 00000000 			.word	0			// blank horizontal lines before glyph
 2993 5398 00000000 			.word	0			// blank horizontal lines after glyph
 2994              							// bit mapped glyph
 2995 539c 00000036 			.word	0x36000000, 0x36000000, 0x36000000, 0x36000000, 0x36000000, 0x37000000, 0x30000000, 0x37000
 2995      00000036 
 2995      00000036 
 2995      00000036 
 2995      00000036 
 2996              	
 2997              	HEX_0XCD:
 2998 53dc 00000000 			.word	NULL			// no equivalent ASCII character
 2999 53e0 08000000 			.word	CELLWDTH		// cell pixel width
ARM GAS  font_VGA_8x16.s 			page 68


 3000 53e4 10000000 			.word	CELLHGHT		// cell pixel height
 3001 53e8 08000000 			.word	CELLWDTH		// glyph pixel width
 3002 53ec 10000000 			.word	CELLHGHT		// glyph pixel height
 3003 53f0 00000000 			.word	0			// blank horizontal pixels before glyph
 3004 53f4 00000000 			.word	0			// blank horizontal pixels after glyph
 3005 53f8 00000000 			.word	0			// blank horizontal lines before glyph
 3006 53fc 00000000 			.word	0			// blank horizontal lines after glyph
 3007              							// bit mapped glyph
 3008 5400 00000000 			.word	0x00000000, 0x00000000, 0x00000000, 0x00000000, 0x00000000, 0xFF000000, 0x00000000, 0xFF000
 3008      00000000 
 3008      00000000 
 3008      00000000 
 3008      00000000 
 3009              	
 3010              	HEX_0XCE:
 3011 5440 00000000 			.word	NULL			// no equivalent ASCII character
 3012 5444 08000000 			.word	CELLWDTH		// cell pixel width
 3013 5448 10000000 			.word	CELLHGHT		// cell pixel height
 3014 544c 08000000 			.word	CELLWDTH		// glyph pixel width
 3015 5450 10000000 			.word	CELLHGHT		// glyph pixel height
 3016 5454 00000000 			.word	0			// blank horizontal pixels before glyph
 3017 5458 00000000 			.word	0			// blank horizontal pixels after glyph
 3018 545c 00000000 			.word	0			// blank horizontal lines before glyph
 3019 5460 00000000 			.word	0			// blank horizontal lines after glyph
 3020              							// bit mapped glyph
 3021 5464 00000036 			.word	0x36000000, 0x36000000, 0x36000000, 0x36000000, 0x36000000, 0xF7000000, 0x00000000, 0xF7000
 3021      00000036 
 3021      00000036 
 3021      00000036 
 3021      00000036 
 3022              	
 3023              	HEX_0XCF:
 3024 54a4 00000000 			.word	NULL			// no equivalent ASCII character
 3025 54a8 08000000 			.word	CELLWDTH		// cell pixel width
 3026 54ac 10000000 			.word	CELLHGHT		// cell pixel height
 3027 54b0 08000000 			.word	CELLWDTH		// glyph pixel width
 3028 54b4 10000000 			.word	CELLHGHT		// glyph pixel height
 3029 54b8 00000000 			.word	0			// blank horizontal pixels before glyph
 3030 54bc 00000000 			.word	0			// blank horizontal pixels after glyph
 3031 54c0 00000000 			.word	0			// blank horizontal lines before glyph
 3032 54c4 00000000 			.word	0			// blank horizontal lines after glyph
 3033              							// bit mapped glyph
 3034 54c8 00000018 			.word	0x18000000, 0x18000000, 0x18000000, 0x18000000, 0x18000000, 0xFF000000, 0x00000000, 0xFF000
 3034      00000018 
 3034      00000018 
 3034      00000018 
 3034      00000018 
 3035              	
 3036              	HEX_0XD0:
 3037 5508 00000000 			.word	NULL			// no equivalent ASCII character
 3038 550c 08000000 			.word	CELLWDTH		// cell pixel width
 3039 5510 10000000 			.word	CELLHGHT		// cell pixel height
 3040 5514 08000000 			.word	CELLWDTH		// glyph pixel width
 3041 5518 10000000 			.word	CELLHGHT		// glyph pixel height
 3042 551c 00000000 			.word	0			// blank horizontal pixels before glyph
 3043 5520 00000000 			.word	0			// blank horizontal pixels after glyph
 3044 5524 00000000 			.word	0			// blank horizontal lines before glyph
ARM GAS  font_VGA_8x16.s 			page 69


 3045 5528 00000000 			.word	0			// blank horizontal lines after glyph
 3046              							// bit mapped glyph
 3047 552c 00000036 			.word	0x36000000, 0x36000000, 0x36000000, 0x36000000, 0x36000000, 0x36000000, 0x36000000, 0xFF000
 3047      00000036 
 3047      00000036 
 3047      00000036 
 3047      00000036 
 3048              	
 3049              	HEX_0XD1:
 3050 556c 00000000 			.word	NULL			// no equivalent ASCII character
 3051 5570 08000000 			.word	CELLWDTH		// cell pixel width
 3052 5574 10000000 			.word	CELLHGHT		// cell pixel height
 3053 5578 08000000 			.word	CELLWDTH		// glyph pixel width
 3054 557c 10000000 			.word	CELLHGHT		// glyph pixel height
 3055 5580 00000000 			.word	0			// blank horizontal pixels before glyph
 3056 5584 00000000 			.word	0			// blank horizontal pixels after glyph
 3057 5588 00000000 			.word	0			// blank horizontal lines before glyph
 3058 558c 00000000 			.word	0			// blank horizontal lines after glyph
 3059              							// bit mapped glyph
 3060 5590 00000000 			.word	0x00000000, 0x00000000, 0x00000000, 0x00000000, 0x00000000, 0xFF000000, 0x00000000, 0xFF000
 3060      00000000 
 3060      00000000 
 3060      00000000 
 3060      00000000 
 3061              	
 3062              	HEX_0XD2:
 3063 55d0 00000000 			.word	NULL			// no equivalent ASCII character
 3064 55d4 08000000 			.word	CELLWDTH		// cell pixel width
 3065 55d8 10000000 			.word	CELLHGHT		// cell pixel height
 3066 55dc 08000000 			.word	CELLWDTH		// glyph pixel width
 3067 55e0 10000000 			.word	CELLHGHT		// glyph pixel height
 3068 55e4 00000000 			.word	0			// blank horizontal pixels before glyph
 3069 55e8 00000000 			.word	0			// blank horizontal pixels after glyph
 3070 55ec 00000000 			.word	0			// blank horizontal lines before glyph
 3071 55f0 00000000 			.word	0			// blank horizontal lines after glyph
 3072              							// bit mapped glyph
 3073 55f4 00000000 			.word	0x00000000, 0x00000000, 0x00000000, 0x00000000, 0x00000000, 0x00000000, 0x00000000, 0xFF000
 3073      00000000 
 3073      00000000 
 3073      00000000 
 3073      00000000 
 3074              	
 3075              	HEX_0XD3:
 3076 5634 00000000 			.word	NULL			// no equivalent ASCII character
 3077 5638 08000000 			.word	CELLWDTH		// cell pixel width
 3078 563c 10000000 			.word	CELLHGHT		// cell pixel height
 3079 5640 08000000 			.word	CELLWDTH		// glyph pixel width
 3080 5644 10000000 			.word	CELLHGHT		// glyph pixel height
 3081 5648 00000000 			.word	0			// blank horizontal pixels before glyph
 3082 564c 00000000 			.word	0			// blank horizontal pixels after glyph
 3083 5650 00000000 			.word	0			// blank horizontal lines before glyph
 3084 5654 00000000 			.word	0			// blank horizontal lines after glyph
 3085              							// bit mapped glyph
 3086 5658 00000036 			.word	0x36000000, 0x36000000, 0x36000000, 0x36000000, 0x36000000, 0x36000000, 0x36000000, 0x3F000
 3086      00000036 
 3086      00000036 
 3086      00000036 
ARM GAS  font_VGA_8x16.s 			page 70


 3086      00000036 
 3087              	
 3088              	HEX_0XD4:
 3089 5698 00000000 			.word	NULL			// no equivalent ASCII character
 3090 569c 08000000 			.word	CELLWDTH		// cell pixel width
 3091 56a0 10000000 			.word	CELLHGHT		// cell pixel height
 3092 56a4 08000000 			.word	CELLWDTH		// glyph pixel width
 3093 56a8 10000000 			.word	CELLHGHT		// glyph pixel height
 3094 56ac 00000000 			.word	0			// blank horizontal pixels before glyph
 3095 56b0 00000000 			.word	0			// blank horizontal pixels after glyph
 3096 56b4 00000000 			.word	0			// blank horizontal lines before glyph
 3097 56b8 00000000 			.word	0			// blank horizontal lines after glyph
 3098              							// bit mapped glyph
 3099 56bc 00000018 			.word	0x18000000, 0x18000000, 0x18000000, 0x18000000, 0x18000000, 0x1F000000, 0x18000000, 0x1F000
 3099      00000018 
 3099      00000018 
 3099      00000018 
 3099      00000018 
 3100              	
 3101              	HEX_0XD5:
 3102 56fc 00000000 			.word	NULL			// no equivalent ASCII character
 3103 5700 08000000 			.word	CELLWDTH		// cell pixel width
 3104 5704 10000000 			.word	CELLHGHT		// cell pixel height
 3105 5708 08000000 			.word	CELLWDTH		// glyph pixel width
 3106 570c 10000000 			.word	CELLHGHT		// glyph pixel height
 3107 5710 00000000 			.word	0			// blank horizontal pixels before glyph
 3108 5714 00000000 			.word	0			// blank horizontal pixels after glyph
 3109 5718 00000000 			.word	0			// blank horizontal lines before glyph
 3110 571c 00000000 			.word	0			// blank horizontal lines after glyph
 3111              							// bit mapped glyph
 3112 5720 00000000 			.word	0x00000000, 0x00000000, 0x00000000, 0x00000000, 0x00000000, 0x1F000000, 0x18000000, 0x1F000
 3112      00000000 
 3112      00000000 
 3112      00000000 
 3112      00000000 
 3113              	
 3114              	HEX_0XD6:
 3115 5760 00000000 			.word	NULL			// no equivalent ASCII character
 3116 5764 08000000 			.word	CELLWDTH		// cell pixel width
 3117 5768 10000000 			.word	CELLHGHT		// cell pixel height
 3118 576c 08000000 			.word	CELLWDTH		// glyph pixel width
 3119 5770 10000000 			.word	CELLHGHT		// glyph pixel height
 3120 5774 00000000 			.word	0			// blank horizontal pixels before glyph
 3121 5778 00000000 			.word	0			// blank horizontal pixels after glyph
 3122 577c 00000000 			.word	0			// blank horizontal lines before glyph
 3123 5780 00000000 			.word	0			// blank horizontal lines after glyph
 3124              							// bit mapped glyph
 3125 5784 00000000 			.word	0x00000000, 0x00000000, 0x00000000, 0x00000000, 0x00000000, 0x00000000, 0x00000000, 0x3F000
 3125      00000000 
 3125      00000000 
 3125      00000000 
 3125      00000000 
 3126              	
 3127              	HEX_0XD7:
 3128 57c4 00000000 			.word	NULL			// no equivalent ASCII character
 3129 57c8 08000000 			.word	CELLWDTH		// cell pixel width
 3130 57cc 10000000 			.word	CELLHGHT		// cell pixel height
ARM GAS  font_VGA_8x16.s 			page 71


 3131 57d0 08000000 			.word	CELLWDTH		// glyph pixel width
 3132 57d4 10000000 			.word	CELLHGHT		// glyph pixel height
 3133 57d8 00000000 			.word	0			// blank horizontal pixels before glyph
 3134 57dc 00000000 			.word	0			// blank horizontal pixels after glyph
 3135 57e0 00000000 			.word	0			// blank horizontal lines before glyph
 3136 57e4 00000000 			.word	0			// blank horizontal lines after glyph
 3137              							// bit mapped glyph
 3138 57e8 00000036 			.word	0x36000000, 0x36000000, 0x36000000, 0x36000000, 0x36000000, 0x36000000, 0x36000000, 0xFF000
 3138      00000036 
 3138      00000036 
 3138      00000036 
 3138      00000036 
 3139              	
 3140              	HEX_0XD8:
 3141 5828 00000000 			.word	NULL			// no equivalent ASCII character
 3142 582c 08000000 			.word	CELLWDTH		// cell pixel width
 3143 5830 10000000 			.word	CELLHGHT		// cell pixel height
 3144 5834 08000000 			.word	CELLWDTH		// glyph pixel width
 3145 5838 10000000 			.word	CELLHGHT		// glyph pixel height
 3146 583c 00000000 			.word	0			// blank horizontal pixels before glyph
 3147 5840 00000000 			.word	0			// blank horizontal pixels after glyph
 3148 5844 00000000 			.word	0			// blank horizontal lines before glyph
 3149 5848 00000000 			.word	0			// blank horizontal lines after glyph
 3150              							// bit mapped glyph
 3151 584c 00000018 			.word	0x18000000, 0x18000000, 0x18000000, 0x18000000, 0x18000000, 0xFF000000, 0x18000000, 0xFF000
 3151      00000018 
 3151      00000018 
 3151      00000018 
 3151      00000018 
 3152              	
 3153              	HEX_0XD9:
 3154 588c 00000000 			.word	NULL			// no equivalent ASCII character
 3155 5890 08000000 			.word	CELLWDTH		// cell pixel width
 3156 5894 10000000 			.word	CELLHGHT		// cell pixel height
 3157 5898 08000000 			.word	CELLWDTH		// glyph pixel width
 3158 589c 10000000 			.word	CELLHGHT		// glyph pixel height
 3159 58a0 00000000 			.word	0			// blank horizontal pixels before glyph
 3160 58a4 00000000 			.word	0			// blank horizontal pixels after glyph
 3161 58a8 00000000 			.word	0			// blank horizontal lines before glyph
 3162 58ac 00000000 			.word	0			// blank horizontal lines after glyph
 3163              							// bit mapped glyph
 3164 58b0 00000018 			.word	0x18000000, 0x18000000, 0x18000000, 0x18000000, 0x18000000, 0x18000000, 0x18000000, 0xF8000
 3164      00000018 
 3164      00000018 
 3164      00000018 
 3164      00000018 
 3165              	
 3166              	HEX_0XDA:
 3167 58f0 00000000 			.word	NULL			// no equivalent ASCII character
 3168 58f4 08000000 			.word	CELLWDTH		// cell pixel width
 3169 58f8 10000000 			.word	CELLHGHT		// cell pixel height
 3170 58fc 08000000 			.word	CELLWDTH		// glyph pixel width
 3171 5900 10000000 			.word	CELLHGHT		// glyph pixel height
 3172 5904 00000000 			.word	0			// blank horizontal pixels before glyph
 3173 5908 00000000 			.word	0			// blank horizontal pixels after glyph
 3174 590c 00000000 			.word	0			// blank horizontal lines before glyph
 3175 5910 00000000 			.word	0			// blank horizontal lines after glyph
ARM GAS  font_VGA_8x16.s 			page 72


 3176              							// bit mapped glyph
 3177 5914 00000000 			.word	0x00000000, 0x00000000, 0x00000000, 0x00000000, 0x00000000, 0x00000000, 0x00000000, 0x1F000
 3177      00000000 
 3177      00000000 
 3177      00000000 
 3177      00000000 
 3178              	
 3179              	HEX_0XDB:
 3180 5954 00000000 			.word	NULL			// no equivalent ASCII character
 3181 5958 08000000 			.word	CELLWDTH		// cell pixel width
 3182 595c 10000000 			.word	CELLHGHT		// cell pixel height
 3183 5960 08000000 			.word	CELLWDTH		// glyph pixel width
 3184 5964 10000000 			.word	CELLHGHT		// glyph pixel height
 3185 5968 00000000 			.word	0			// blank horizontal pixels before glyph
 3186 596c 00000000 			.word	0			// blank horizontal pixels after glyph
 3187 5970 00000000 			.word	0			// blank horizontal lines before glyph
 3188 5974 00000000 			.word	0			// blank horizontal lines after glyph
 3189              							// bit mapped glyph
 3190 5978 000000FF 			.word	0xFF000000, 0xFF000000, 0xFF000000, 0xFF000000, 0xFF000000, 0xFF000000, 0xFF000000, 0xFF000
 3190      000000FF 
 3190      000000FF 
 3190      000000FF 
 3190      000000FF 
 3191              	
 3192              	HEX_0XDC:
 3193 59b8 00000000 			.word	NULL			// no equivalent ASCII character
 3194 59bc 08000000 			.word	CELLWDTH		// cell pixel width
 3195 59c0 10000000 			.word	CELLHGHT		// cell pixel height
 3196 59c4 08000000 			.word	CELLWDTH		// glyph pixel width
 3197 59c8 10000000 			.word	CELLHGHT		// glyph pixel height
 3198 59cc 00000000 			.word	0			// blank horizontal pixels before glyph
 3199 59d0 00000000 			.word	0			// blank horizontal pixels after glyph
 3200 59d4 00000000 			.word	0			// blank horizontal lines before glyph
 3201 59d8 00000000 			.word	0			// blank horizontal lines after glyph
 3202              							// bit mapped glyph
 3203 59dc 00000000 			.word	0x00000000, 0x00000000, 0x00000000, 0x00000000, 0x00000000, 0x00000000, 0x00000000, 0xFF000
 3203      00000000 
 3203      00000000 
 3203      00000000 
 3203      00000000 
 3204              	
 3205              	HEX_0XDD:
 3206 5a1c 00000000 			.word	NULL			// no equivalent ASCII character
 3207 5a20 08000000 			.word	CELLWDTH		// cell pixel width
 3208 5a24 10000000 			.word	CELLHGHT		// cell pixel height
 3209 5a28 08000000 			.word	CELLWDTH		// glyph pixel width
 3210 5a2c 10000000 			.word	CELLHGHT		// glyph pixel height
 3211 5a30 00000000 			.word	0			// blank horizontal pixels before glyph
 3212 5a34 00000000 			.word	0			// blank horizontal pixels after glyph
 3213 5a38 00000000 			.word	0			// blank horizontal lines before glyph
 3214 5a3c 00000000 			.word	0			// blank horizontal lines after glyph
 3215              							// bit mapped glyph
 3216 5a40 000000F0 			.word	0xF0000000, 0xF0000000, 0xF0000000, 0xF0000000, 0xF0000000, 0xF0000000, 0xF0000000, 0xF0000
 3216      000000F0 
 3216      000000F0 
 3216      000000F0 
 3216      000000F0 
ARM GAS  font_VGA_8x16.s 			page 73


 3217              	
 3218              	HEX_0XDE:
 3219 5a80 00000000 			.word	NULL			// no equivalent ASCII character
 3220 5a84 08000000 			.word	CELLWDTH		// cell pixel width
 3221 5a88 10000000 			.word	CELLHGHT		// cell pixel height
 3222 5a8c 08000000 			.word	CELLWDTH		// glyph pixel width
 3223 5a90 10000000 			.word	CELLHGHT		// glyph pixel height
 3224 5a94 00000000 			.word	0			// blank horizontal pixels before glyph
 3225 5a98 00000000 			.word	0			// blank horizontal pixels after glyph
 3226 5a9c 00000000 			.word	0			// blank horizontal lines before glyph
 3227 5aa0 00000000 			.word	0			// blank horizontal lines after glyph
 3228              							// bit mapped glyph
 3229 5aa4 0000000F 			.word	0x0F000000, 0x0F000000, 0x0F000000, 0x0F000000, 0x0F000000, 0x0F000000, 0x0F000000, 0x0F000
 3229      0000000F 
 3229      0000000F 
 3229      0000000F 
 3229      0000000F 
 3230              	
 3231              	HEX_0XDF:
 3232 5ae4 00000000 			.word	NULL			// no equivalent ASCII character
 3233 5ae8 08000000 			.word	CELLWDTH		// cell pixel width
 3234 5aec 10000000 			.word	CELLHGHT		// cell pixel height
 3235 5af0 08000000 			.word	CELLWDTH		// glyph pixel width
 3236 5af4 10000000 			.word	CELLHGHT		// glyph pixel height
 3237 5af8 00000000 			.word	0			// blank horizontal pixels before glyph
 3238 5afc 00000000 			.word	0			// blank horizontal pixels after glyph
 3239 5b00 00000000 			.word	0			// blank horizontal lines before glyph
 3240 5b04 00000000 			.word	0			// blank horizontal lines after glyph
 3241              							// bit mapped glyph
 3242 5b08 000000FF 			.word	0xFF000000, 0xFF000000, 0xFF000000, 0xFF000000, 0xFF000000, 0xFF000000, 0xFF000000, 0x00000
 3242      000000FF 
 3242      000000FF 
 3242      000000FF 
 3242      000000FF 
 3243              	
 3244              	HEX_0XE0:
 3245 5b48 00000000 			.word	NULL			// no equivalent ASCII character
 3246 5b4c 08000000 			.word	CELLWDTH		// cell pixel width
 3247 5b50 10000000 			.word	CELLHGHT		// cell pixel height
 3248 5b54 08000000 			.word	CELLWDTH		// glyph pixel width
 3249 5b58 10000000 			.word	CELLHGHT		// glyph pixel height
 3250 5b5c 00000000 			.word	0			// blank horizontal pixels before glyph
 3251 5b60 00000000 			.word	0			// blank horizontal pixels after glyph
 3252 5b64 00000000 			.word	0			// blank horizontal lines before glyph
 3253 5b68 00000000 			.word	0			// blank horizontal lines after glyph
 3254              							// bit mapped glyph
 3255 5b6c 00000000 			.word	0x00000000, 0x00000000, 0x00000000, 0x00000000, 0x00000000, 0x76000000, 0xDC000000, 0xD8000
 3255      00000000 
 3255      00000000 
 3255      00000000 
 3255      00000000 
 3256              	
 3257              	HEX_0XE1:
 3258 5bac 00000000 			.word	NULL			// no equivalent ASCII character
 3259 5bb0 08000000 			.word	CELLWDTH		// cell pixel width
 3260 5bb4 10000000 			.word	CELLHGHT		// cell pixel height
 3261 5bb8 08000000 			.word	CELLWDTH		// glyph pixel width
ARM GAS  font_VGA_8x16.s 			page 74


 3262 5bbc 10000000 			.word	CELLHGHT		// glyph pixel height
 3263 5bc0 00000000 			.word	0			// blank horizontal pixels before glyph
 3264 5bc4 00000000 			.word	0			// blank horizontal pixels after glyph
 3265 5bc8 00000000 			.word	0			// blank horizontal lines before glyph
 3266 5bcc 00000000 			.word	0			// blank horizontal lines after glyph
 3267              							// bit mapped glyph
 3268 5bd0 00000000 			.word	0x00000000, 0x00000000, 0x78000000, 0xCC000000, 0xCC000000, 0xCC000000, 0xD8000000, 0xCC000
 3268      00000000 
 3268      00000078 
 3268      000000CC 
 3268      000000CC 
 3269              	
 3270              	HEX_0XE2:
 3271 5c10 00000000 			.word	NULL			// no equivalent ASCII character
 3272 5c14 08000000 			.word	CELLWDTH		// cell pixel width
 3273 5c18 10000000 			.word	CELLHGHT		// cell pixel height
 3274 5c1c 08000000 			.word	CELLWDTH		// glyph pixel width
 3275 5c20 10000000 			.word	CELLHGHT		// glyph pixel height
 3276 5c24 00000000 			.word	0			// blank horizontal pixels before glyph
 3277 5c28 00000000 			.word	0			// blank horizontal pixels after glyph
 3278 5c2c 00000000 			.word	0			// blank horizontal lines before glyph
 3279 5c30 00000000 			.word	0			// blank horizontal lines after glyph
 3280              							// bit mapped glyph
 3281 5c34 00000000 			.word	0x00000000, 0x00000000, 0xFE000000, 0xC6000000, 0xC6000000, 0xC0000000, 0xC0000000, 0xC0000
 3281      00000000 
 3281      000000FE 
 3281      000000C6 
 3281      000000C6 
 3282              	
 3283              	HEX_0XE3:
 3284 5c74 00000000 			.word	NULL			// no equivalent ASCII character
 3285 5c78 08000000 			.word	CELLWDTH		// cell pixel width
 3286 5c7c 10000000 			.word	CELLHGHT		// cell pixel height
 3287 5c80 08000000 			.word	CELLWDTH		// glyph pixel width
 3288 5c84 10000000 			.word	CELLHGHT		// glyph pixel height
 3289 5c88 00000000 			.word	0			// blank horizontal pixels before glyph
 3290 5c8c 00000000 			.word	0			// blank horizontal pixels after glyph
 3291 5c90 00000000 			.word	0			// blank horizontal lines before glyph
 3292 5c94 00000000 			.word	0			// blank horizontal lines after glyph
 3293              							// bit mapped glyph
 3294 5c98 00000000 			.word	0x00000000, 0x00000000, 0x00000000, 0x00000000, 0xFE000000, 0x6C000000, 0x6C000000, 0x6C000
 3294      00000000 
 3294      00000000 
 3294      00000000 
 3294      000000FE 
 3295              	
 3296              	HEX_0XE4:
 3297 5cd8 00000000 			.word	NULL			// no equivalent ASCII character
 3298 5cdc 08000000 			.word	CELLWDTH		// cell pixel width
 3299 5ce0 10000000 			.word	CELLHGHT		// cell pixel height
 3300 5ce4 08000000 			.word	CELLWDTH		// glyph pixel width
 3301 5ce8 10000000 			.word	CELLHGHT		// glyph pixel height
 3302 5cec 00000000 			.word	0			// blank horizontal pixels before glyph
 3303 5cf0 00000000 			.word	0			// blank horizontal pixels after glyph
 3304 5cf4 00000000 			.word	0			// blank horizontal lines before glyph
 3305 5cf8 00000000 			.word	0			// blank horizontal lines after glyph
 3306              							// bit mapped glyph
ARM GAS  font_VGA_8x16.s 			page 75


 3307 5cfc 00000000 			.word	0x00000000, 0x00000000, 0x00000000, 0xFE000000, 0xC6000000, 0x60000000, 0x30000000, 0x18000
 3307      00000000 
 3307      00000000 
 3307      000000FE 
 3307      000000C6 
 3308              	
 3309              	HEX_0XE5:
 3310 5d3c 00000000 			.word	NULL			// no equivalent ASCII character
 3311 5d40 08000000 			.word	CELLWDTH		// cell pixel width
 3312 5d44 10000000 			.word	CELLHGHT		// cell pixel height
 3313 5d48 08000000 			.word	CELLWDTH		// glyph pixel width
 3314 5d4c 10000000 			.word	CELLHGHT		// glyph pixel height
 3315 5d50 00000000 			.word	0			// blank horizontal pixels before glyph
 3316 5d54 00000000 			.word	0			// blank horizontal pixels after glyph
 3317 5d58 00000000 			.word	0			// blank horizontal lines before glyph
 3318 5d5c 00000000 			.word	0			// blank horizontal lines after glyph
 3319              							// bit mapped glyph
 3320 5d60 00000000 			.word	0x00000000, 0x00000000, 0x00000000, 0x00000000, 0x00000000, 0x7E000000, 0xD8000000, 0xD8000
 3320      00000000 
 3320      00000000 
 3320      00000000 
 3320      00000000 
 3321              	
 3322              	HEX_0XE6:
 3323 5da0 00000000 			.word	NULL			// no equivalent ASCII character
 3324 5da4 08000000 			.word	CELLWDTH		// cell pixel width
 3325 5da8 10000000 			.word	CELLHGHT		// cell pixel height
 3326 5dac 08000000 			.word	CELLWDTH		// glyph pixel width
 3327 5db0 10000000 			.word	CELLHGHT		// glyph pixel height
 3328 5db4 00000000 			.word	0			// blank horizontal pixels before glyph
 3329 5db8 00000000 			.word	0			// blank horizontal pixels after glyph
 3330 5dbc 00000000 			.word	0			// blank horizontal lines before glyph
 3331 5dc0 00000000 			.word	0			// blank horizontal lines after glyph
 3332              							// bit mapped glyph
 3333 5dc4 00000000 			.word	0x00000000, 0x00000000, 0x00000000, 0x00000000, 0x66000000, 0x66000000, 0x66000000, 0x66000
 3333      00000000 
 3333      00000000 
 3333      00000000 
 3333      00000066 
 3334              	
 3335              	HEX_0XE7:
 3336 5e04 00000000 			.word	NULL			// no equivalent ASCII character
 3337 5e08 08000000 			.word	CELLWDTH		// cell pixel width
 3338 5e0c 10000000 			.word	CELLHGHT		// cell pixel height
 3339 5e10 08000000 			.word	CELLWDTH		// glyph pixel width
 3340 5e14 10000000 			.word	CELLHGHT		// glyph pixel height
 3341 5e18 00000000 			.word	0			// blank horizontal pixels before glyph
 3342 5e1c 00000000 			.word	0			// blank horizontal pixels after glyph
 3343 5e20 00000000 			.word	0			// blank horizontal lines before glyph
 3344 5e24 00000000 			.word	0			// blank horizontal lines after glyph
 3345              							// bit mapped glyph
 3346 5e28 00000000 			.word	0x00000000, 0x00000000, 0x00000000, 0x00000000, 0x76000000, 0xDC000000, 0x18000000, 0x18000
 3346      00000000 
 3346      00000000 
 3346      00000000 
 3346      00000076 
 3347              	
ARM GAS  font_VGA_8x16.s 			page 76


 3348              	HEX_0XE8:
 3349 5e68 00000000 			.word	NULL			// no equivalent ASCII character
 3350 5e6c 08000000 			.word	CELLWDTH		// cell pixel width
 3351 5e70 10000000 			.word	CELLHGHT		// cell pixel height
 3352 5e74 08000000 			.word	CELLWDTH		// glyph pixel width
 3353 5e78 10000000 			.word	CELLHGHT		// glyph pixel height
 3354 5e7c 00000000 			.word	0			// blank horizontal pixels before glyph
 3355 5e80 00000000 			.word	0			// blank horizontal pixels after glyph
 3356 5e84 00000000 			.word	0			// blank horizontal lines before glyph
 3357 5e88 00000000 			.word	0			// blank horizontal lines after glyph
 3358              							// bit mapped glyph
 3359 5e8c 00000000 			.word	0x00000000, 0x00000000, 0x00000000, 0x7E000000, 0x18000000, 0x3C000000, 0x66000000, 0x66000
 3359      00000000 
 3359      00000000 
 3359      0000007E 
 3359      00000018 
 3360              	
 3361              	HEX_0XE9:
 3362 5ecc 00000000 			.word	NULL			// no equivalent ASCII character
 3363 5ed0 08000000 			.word	CELLWDTH		// cell pixel width
 3364 5ed4 10000000 			.word	CELLHGHT		// cell pixel height
 3365 5ed8 08000000 			.word	CELLWDTH		// glyph pixel width
 3366 5edc 10000000 			.word	CELLHGHT		// glyph pixel height
 3367 5ee0 00000000 			.word	0			// blank horizontal pixels before glyph
 3368 5ee4 00000000 			.word	0			// blank horizontal pixels after glyph
 3369 5ee8 00000000 			.word	0			// blank horizontal lines before glyph
 3370 5eec 00000000 			.word	0			// blank horizontal lines after glyph
 3371              							// bit mapped glyph
 3372 5ef0 00000000 			.word	0x00000000, 0x00000000, 0x00000000, 0x38000000, 0x6C000000, 0xC6000000, 0xC6000000, 0xFE000
 3372      00000000 
 3372      00000000 
 3372      00000038 
 3372      0000006C 
 3373              	
 3374              	HEX_0XEA:
 3375 5f30 00000000 			.word	NULL			// no equivalent ASCII character
 3376 5f34 08000000 			.word	CELLWDTH		// cell pixel width
 3377 5f38 10000000 			.word	CELLHGHT		// cell pixel height
 3378 5f3c 08000000 			.word	CELLWDTH		// glyph pixel width
 3379 5f40 10000000 			.word	CELLHGHT		// glyph pixel height
 3380 5f44 00000000 			.word	0			// blank horizontal pixels before glyph
 3381 5f48 00000000 			.word	0			// blank horizontal pixels after glyph
 3382 5f4c 00000000 			.word	0			// blank horizontal lines before glyph
 3383 5f50 00000000 			.word	0			// blank horizontal lines after glyph
 3384              							// bit mapped glyph
 3385 5f54 00000000 			.word	0x00000000, 0x00000000, 0x38000000, 0x6C000000, 0xC6000000, 0xC6000000, 0xC6000000, 0x6C000
 3385      00000000 
 3385      00000038 
 3385      0000006C 
 3385      000000C6 
 3386              	
 3387              	HEX_0XEB:
 3388 5f94 00000000 			.word	NULL			// no equivalent ASCII character
 3389 5f98 08000000 			.word	CELLWDTH		// cell pixel width
 3390 5f9c 10000000 			.word	CELLHGHT		// cell pixel height
 3391 5fa0 08000000 			.word	CELLWDTH		// glyph pixel width
 3392 5fa4 10000000 			.word	CELLHGHT		// glyph pixel height
ARM GAS  font_VGA_8x16.s 			page 77


 3393 5fa8 00000000 			.word	0			// blank horizontal pixels before glyph
 3394 5fac 00000000 			.word	0			// blank horizontal pixels after glyph
 3395 5fb0 00000000 			.word	0			// blank horizontal lines before glyph
 3396 5fb4 00000000 			.word	0			// blank horizontal lines after glyph
 3397              							// bit mapped glyph
 3398 5fb8 00000000 			.word	0x00000000, 0x00000000, 0x1E000000, 0x30000000, 0x18000000, 0x0C000000, 0x3E000000, 0x66000
 3398      00000000 
 3398      0000001E 
 3398      00000030 
 3398      00000018 
 3399              	
 3400              	HEX_0XEC:
 3401 5ff8 00000000 			.word	NULL			// no equivalent ASCII character
 3402 5ffc 08000000 			.word	CELLWDTH		// cell pixel width
 3403 6000 10000000 			.word	CELLHGHT		// cell pixel height
 3404 6004 08000000 			.word	CELLWDTH		// glyph pixel width
 3405 6008 10000000 			.word	CELLHGHT		// glyph pixel height
 3406 600c 00000000 			.word	0			// blank horizontal pixels before glyph
 3407 6010 00000000 			.word	0			// blank horizontal pixels after glyph
 3408 6014 00000000 			.word	0			// blank horizontal lines before glyph
 3409 6018 00000000 			.word	0			// blank horizontal lines after glyph
 3410              							// bit mapped glyph
 3411 601c 00000000 			.word	0x00000000, 0x00000000, 0x00000000, 0x00000000, 0x00000000, 0x7E000000, 0xDB000000, 0xDB000
 3411      00000000 
 3411      00000000 
 3411      00000000 
 3411      00000000 
 3412              	
 3413              	HEX_0XED:
 3414 605c 00000000 			.word	NULL			// no equivalent ASCII character
 3415 6060 08000000 			.word	CELLWDTH		// cell pixel width
 3416 6064 10000000 			.word	CELLHGHT		// cell pixel height
 3417 6068 08000000 			.word	CELLWDTH		// glyph pixel width
 3418 606c 10000000 			.word	CELLHGHT		// glyph pixel height
 3419 6070 00000000 			.word	0			// blank horizontal pixels before glyph
 3420 6074 00000000 			.word	0			// blank horizontal pixels after glyph
 3421 6078 00000000 			.word	0			// blank horizontal lines before glyph
 3422 607c 00000000 			.word	0			// blank horizontal lines after glyph
 3423              							// bit mapped glyph
 3424 6080 00000000 			.word	0x00000000, 0x00000000, 0x00000000, 0x03000000, 0x06000000, 0x7E000000, 0xDB000000, 0xDB000
 3424      00000000 
 3424      00000000 
 3424      00000003 
 3424      00000006 
 3425              	
 3426              	HEX_0XEE:
 3427 60c0 00000000 			.word	NULL			// no equivalent ASCII character
 3428 60c4 08000000 			.word	CELLWDTH		// cell pixel width
 3429 60c8 10000000 			.word	CELLHGHT		// cell pixel height
 3430 60cc 08000000 			.word	CELLWDTH		// glyph pixel width
 3431 60d0 10000000 			.word	CELLHGHT		// glyph pixel height
 3432 60d4 00000000 			.word	0			// blank horizontal pixels before glyph
 3433 60d8 00000000 			.word	0			// blank horizontal pixels after glyph
 3434 60dc 00000000 			.word	0			// blank horizontal lines before glyph
 3435 60e0 00000000 			.word	0			// blank horizontal lines after glyph
 3436              							// bit mapped glyph
 3437 60e4 00000000 			.word	0x00000000, 0x00000000, 0x1C000000, 0x30000000, 0x60000000, 0x60000000, 0x7C000000, 0x60000
ARM GAS  font_VGA_8x16.s 			page 78


 3437      00000000 
 3437      0000001C 
 3437      00000030 
 3437      00000060 
 3438              	
 3439              	HEX_0XEF:
 3440 6124 00000000 			.word	NULL			// no equivalent ASCII character
 3441 6128 08000000 			.word	CELLWDTH		// cell pixel width
 3442 612c 10000000 			.word	CELLHGHT		// cell pixel height
 3443 6130 08000000 			.word	CELLWDTH		// glyph pixel width
 3444 6134 10000000 			.word	CELLHGHT		// glyph pixel height
 3445 6138 00000000 			.word	0			// blank horizontal pixels before glyph
 3446 613c 00000000 			.word	0			// blank horizontal pixels after glyph
 3447 6140 00000000 			.word	0			// blank horizontal lines before glyph
 3448 6144 00000000 			.word	0			// blank horizontal lines after glyph
 3449              							// bit mapped glyph
 3450 6148 00000000 			.word	0x00000000, 0x00000000, 0x00000000, 0x7C000000, 0xC6000000, 0xC6000000, 0xC6000000, 0xC6000
 3450      00000000 
 3450      00000000 
 3450      0000007C 
 3450      000000C6 
 3451              	
 3452              	HEX_0XF0:
 3453 6188 00000000 			.word	NULL			// no equivalent ASCII character
 3454 618c 08000000 			.word	CELLWDTH		// cell pixel width
 3455 6190 10000000 			.word	CELLHGHT		// cell pixel height
 3456 6194 08000000 			.word	CELLWDTH		// glyph pixel width
 3457 6198 10000000 			.word	CELLHGHT		// glyph pixel height
 3458 619c 00000000 			.word	0			// blank horizontal pixels before glyph
 3459 61a0 00000000 			.word	0			// blank horizontal pixels after glyph
 3460 61a4 00000000 			.word	0			// blank horizontal lines before glyph
 3461 61a8 00000000 			.word	0			// blank horizontal lines after glyph
 3462              							// bit mapped glyph
 3463 61ac 00000000 			.word	0x00000000, 0x00000000, 0x00000000, 0x00000000, 0xFE000000, 0x00000000, 0x00000000, 0xFE000
 3463      00000000 
 3463      00000000 
 3463      00000000 
 3463      000000FE 
 3464              	
 3465              	HEX_0XF1:
 3466 61ec 00000000 			.word	NULL			// no equivalent ASCII character
 3467 61f0 08000000 			.word	CELLWDTH		// cell pixel width
 3468 61f4 10000000 			.word	CELLHGHT		// cell pixel height
 3469 61f8 08000000 			.word	CELLWDTH		// glyph pixel width
 3470 61fc 10000000 			.word	CELLHGHT		// glyph pixel height
 3471 6200 00000000 			.word	0			// blank horizontal pixels before glyph
 3472 6204 00000000 			.word	0			// blank horizontal pixels after glyph
 3473 6208 00000000 			.word	0			// blank horizontal lines before glyph
 3474 620c 00000000 			.word	0			// blank horizontal lines after glyph
 3475              							// bit mapped glyph
 3476 6210 00000000 			.word	0x00000000, 0x00000000, 0x00000000, 0x00000000, 0x18000000, 0x18000000, 0x7E000000, 0x18000
 3476      00000000 
 3476      00000000 
 3476      00000000 
 3476      00000018 
 3477              	
 3478              	HEX_0XF2:
ARM GAS  font_VGA_8x16.s 			page 79


 3479 6250 00000000 			.word	NULL			// no equivalent ASCII character
 3480 6254 08000000 			.word	CELLWDTH		// cell pixel width
 3481 6258 10000000 			.word	CELLHGHT		// cell pixel height
 3482 625c 08000000 			.word	CELLWDTH		// glyph pixel width
 3483 6260 10000000 			.word	CELLHGHT		// glyph pixel height
 3484 6264 00000000 			.word	0			// blank horizontal pixels before glyph
 3485 6268 00000000 			.word	0			// blank horizontal pixels after glyph
 3486 626c 00000000 			.word	0			// blank horizontal lines before glyph
 3487 6270 00000000 			.word	0			// blank horizontal lines after glyph
 3488              							// bit mapped glyph
 3489 6274 00000000 			.word	0x00000000, 0x00000000, 0x00000000, 0x30000000, 0x18000000, 0x0C000000, 0x06000000, 0x0C000
 3489      00000000 
 3489      00000000 
 3489      00000030 
 3489      00000018 
 3490              	
 3491              	HEX_0XF3:
 3492 62b4 00000000 			.word	NULL			// no equivalent ASCII character
 3493 62b8 08000000 			.word	CELLWDTH		// cell pixel width
 3494 62bc 10000000 			.word	CELLHGHT		// cell pixel height
 3495 62c0 08000000 			.word	CELLWDTH		// glyph pixel width
 3496 62c4 10000000 			.word	CELLHGHT		// glyph pixel height
 3497 62c8 00000000 			.word	0			// blank horizontal pixels before glyph
 3498 62cc 00000000 			.word	0			// blank horizontal pixels after glyph
 3499 62d0 00000000 			.word	0			// blank horizontal lines before glyph
 3500 62d4 00000000 			.word	0			// blank horizontal lines after glyph
 3501              							// bit mapped glyph
 3502 62d8 00000000 			.word	0x00000000, 0x00000000, 0x00000000, 0x0C000000, 0x18000000, 0x30000000, 0x60000000, 0x30000
 3502      00000000 
 3502      00000000 
 3502      0000000C 
 3502      00000018 
 3503              	
 3504              	HEX_0XF4:
 3505 6318 00000000 			.word	NULL			// no equivalent ASCII character
 3506 631c 08000000 			.word	CELLWDTH		// cell pixel width
 3507 6320 10000000 			.word	CELLHGHT		// cell pixel height
 3508 6324 08000000 			.word	CELLWDTH		// glyph pixel width
 3509 6328 10000000 			.word	CELLHGHT		// glyph pixel height
 3510 632c 00000000 			.word	0			// blank horizontal pixels before glyph
 3511 6330 00000000 			.word	0			// blank horizontal pixels after glyph
 3512 6334 00000000 			.word	0			// blank horizontal lines before glyph
 3513 6338 00000000 			.word	0			// blank horizontal lines after glyph
 3514              							// bit mapped glyph
 3515 633c 00000000 			.word	0x00000000, 0x00000000, 0x0E000000, 0x1B000000, 0x1B000000, 0x18000000, 0x18000000, 0x18000
 3515      00000000 
 3515      0000000E 
 3515      0000001B 
 3515      0000001B 
 3516              	
 3517              	HEX_0XF5:
 3518 637c 00000000 			.word	NULL			// no equivalent ASCII character
 3519 6380 08000000 			.word	CELLWDTH		// cell pixel width
 3520 6384 10000000 			.word	CELLHGHT		// cell pixel height
 3521 6388 08000000 			.word	CELLWDTH		// glyph pixel width
 3522 638c 10000000 			.word	CELLHGHT		// glyph pixel height
 3523 6390 00000000 			.word	0			// blank horizontal pixels before glyph
ARM GAS  font_VGA_8x16.s 			page 80


 3524 6394 00000000 			.word	0			// blank horizontal pixels after glyph
 3525 6398 00000000 			.word	0			// blank horizontal lines before glyph
 3526 639c 00000000 			.word	0			// blank horizontal lines after glyph
 3527              							// bit mapped glyph
 3528 63a0 00000018 			.word	0x18000000, 0x18000000, 0x18000000, 0x18000000, 0x18000000, 0x18000000, 0x18000000, 0x18000
 3528      00000018 
 3528      00000018 
 3528      00000018 
 3528      00000018 
 3529              	
 3530              	HEX_0XF6:
 3531 63e0 00000000 			.word	NULL			// no equivalent ASCII character
 3532 63e4 08000000 			.word	CELLWDTH		// cell pixel width
 3533 63e8 10000000 			.word	CELLHGHT		// cell pixel height
 3534 63ec 08000000 			.word	CELLWDTH		// glyph pixel width
 3535 63f0 10000000 			.word	CELLHGHT		// glyph pixel height
 3536 63f4 00000000 			.word	0			// blank horizontal pixels before glyph
 3537 63f8 00000000 			.word	0			// blank horizontal pixels after glyph
 3538 63fc 00000000 			.word	0			// blank horizontal lines before glyph
 3539 6400 00000000 			.word	0			// blank horizontal lines after glyph
 3540              							// bit mapped glyph
 3541 6404 00000000 			.word	0x00000000, 0x00000000, 0x00000000, 0x00000000, 0x18000000, 0x18000000, 0x00000000, 0x7E000
 3541      00000000 
 3541      00000000 
 3541      00000000 
 3541      00000018 
 3542              	
 3543              	HEX_0XF7:
 3544 6444 00000000 			.word	NULL			// no equivalent ASCII character
 3545 6448 08000000 			.word	CELLWDTH		// cell pixel width
 3546 644c 10000000 			.word	CELLHGHT		// cell pixel height
 3547 6450 08000000 			.word	CELLWDTH		// glyph pixel width
 3548 6454 10000000 			.word	CELLHGHT		// glyph pixel height
 3549 6458 00000000 			.word	0			// blank horizontal pixels before glyph
 3550 645c 00000000 			.word	0			// blank horizontal pixels after glyph
 3551 6460 00000000 			.word	0			// blank horizontal lines before glyph
 3552 6464 00000000 			.word	0			// blank horizontal lines after glyph
 3553              							// bit mapped glyph
 3554 6468 00000000 			.word	0x00000000, 0x00000000, 0x00000000, 0x00000000, 0x00000000, 0x76000000, 0xDC000000, 0x00000
 3554      00000000 
 3554      00000000 
 3554      00000000 
 3554      00000000 
 3555              	
 3556              	HEX_0XF8:
 3557 64a8 00000000 			.word	NULL			// no equivalent ASCII character
 3558 64ac 08000000 			.word	CELLWDTH		// cell pixel width
 3559 64b0 10000000 			.word	CELLHGHT		// cell pixel height
 3560 64b4 08000000 			.word	CELLWDTH		// glyph pixel width
 3561 64b8 10000000 			.word	CELLHGHT		// glyph pixel height
 3562 64bc 00000000 			.word	0			// blank horizontal pixels before glyph
 3563 64c0 00000000 			.word	0			// blank horizontal pixels after glyph
 3564 64c4 00000000 			.word	0			// blank horizontal lines before glyph
 3565 64c8 00000000 			.word	0			// blank horizontal lines after glyph
 3566              							// bit mapped glyph
 3567 64cc 00000000 			.word	0x00000000, 0x38000000, 0x6C000000, 0x6C000000, 0x38000000, 0x00000000, 0x00000000, 0x00000
 3567      00000038 
ARM GAS  font_VGA_8x16.s 			page 81


 3567      0000006C 
 3567      0000006C 
 3567      00000038 
 3568              	
 3569              	HEX_0XF9:
 3570 650c 00000000 			.word	NULL			// no equivalent ASCII character
 3571 6510 08000000 			.word	CELLWDTH		// cell pixel width
 3572 6514 10000000 			.word	CELLHGHT		// cell pixel height
 3573 6518 08000000 			.word	CELLWDTH		// glyph pixel width
 3574 651c 10000000 			.word	CELLHGHT		// glyph pixel height
 3575 6520 00000000 			.word	0			// blank horizontal pixels before glyph
 3576 6524 00000000 			.word	0			// blank horizontal pixels after glyph
 3577 6528 00000000 			.word	0			// blank horizontal lines before glyph
 3578 652c 00000000 			.word	0			// blank horizontal lines after glyph
 3579              							// bit mapped glyph
 3580 6530 00000000 			.word	0x00000000, 0x00000000, 0x00000000, 0x00000000, 0x00000000, 0x00000000, 0x00000000, 0x18000
 3580      00000000 
 3580      00000000 
 3580      00000000 
 3580      00000000 
 3581              	
 3582              	HEX_0XFA:
 3583 6570 00000000 			.word	NULL			// no equivalent ASCII character
 3584 6574 08000000 			.word	CELLWDTH		// cell pixel width
 3585 6578 10000000 			.word	CELLHGHT		// cell pixel height
 3586 657c 08000000 			.word	CELLWDTH		// glyph pixel width
 3587 6580 10000000 			.word	CELLHGHT		// glyph pixel height
 3588 6584 00000000 			.word	0			// blank horizontal pixels before glyph
 3589 6588 00000000 			.word	0			// blank horizontal pixels after glyph
 3590 658c 00000000 			.word	0			// blank horizontal lines before glyph
 3591 6590 00000000 			.word	0			// blank horizontal lines after glyph
 3592              							// bit mapped glyph
 3593 6594 00000000 			.word	0x00000000, 0x00000000, 0x00000000, 0x00000000, 0x00000000, 0x00000000, 0x00000000, 0x00000
 3593      00000000 
 3593      00000000 
 3593      00000000 
 3593      00000000 
 3594              	
 3595              	HEX_0XFB:
 3596 65d4 00000000 			.word	NULL			// no equivalent ASCII character
 3597 65d8 08000000 			.word	CELLWDTH		// cell pixel width
 3598 65dc 10000000 			.word	CELLHGHT		// cell pixel height
 3599 65e0 08000000 			.word	CELLWDTH		// glyph pixel width
 3600 65e4 10000000 			.word	CELLHGHT		// glyph pixel height
 3601 65e8 00000000 			.word	0			// blank horizontal pixels before glyph
 3602 65ec 00000000 			.word	0			// blank horizontal pixels after glyph
 3603 65f0 00000000 			.word	0			// blank horizontal lines before glyph
 3604 65f4 00000000 			.word	0			// blank horizontal lines after glyph
 3605              							// bit mapped glyph
 3606 65f8 00000000 			.word	0x00000000, 0x0F000000, 0x0C000000, 0x0C000000, 0x0C000000, 0x0C000000, 0x0C000000, 0xEC000
 3606      0000000F 
 3606      0000000C 
 3606      0000000C 
 3606      0000000C 
 3607              	
 3608              	HEX_0XFC:
 3609 6638 00000000 			.word	NULL			// no equivalent ASCII character
ARM GAS  font_VGA_8x16.s 			page 82


 3610 663c 08000000 			.word	CELLWDTH		// cell pixel width
 3611 6640 10000000 			.word	CELLHGHT		// cell pixel height
 3612 6644 08000000 			.word	CELLWDTH		// glyph pixel width
 3613 6648 10000000 			.word	CELLHGHT		// glyph pixel height
 3614 664c 00000000 			.word	0			// blank horizontal pixels before glyph
 3615 6650 00000000 			.word	0			// blank horizontal pixels after glyph
 3616 6654 00000000 			.word	0			// blank horizontal lines before glyph
 3617 6658 00000000 			.word	0			// blank horizontal lines after glyph
 3618              							// bit mapped glyph
 3619 665c 00000000 			.word	0x00000000, 0xD8000000, 0x6C000000, 0x6C000000, 0x6C000000, 0x6C000000, 0x6C000000, 0x00000
 3619      000000D8 
 3619      0000006C 
 3619      0000006C 
 3619      0000006C 
 3620              	
 3621              	HEX_0XFD:
 3622 669c 00000000 			.word	NULL			// no equivalent ASCII character
 3623 66a0 08000000 			.word	CELLWDTH		// cell pixel width
 3624 66a4 10000000 			.word	CELLHGHT		// cell pixel height
 3625 66a8 08000000 			.word	CELLWDTH		// glyph pixel width
 3626 66ac 10000000 			.word	CELLHGHT		// glyph pixel height
 3627 66b0 00000000 			.word	0			// blank horizontal pixels before glyph
 3628 66b4 00000000 			.word	0			// blank horizontal pixels after glyph
 3629 66b8 00000000 			.word	0			// blank horizontal lines before glyph
 3630 66bc 00000000 			.word	0			// blank horizontal lines after glyph
 3631              							// bit mapped glyph
 3632 66c0 00000000 			.word	0x00000000, 0x70000000, 0xD8000000, 0x30000000, 0x60000000, 0xC8000000, 0xF8000000, 0x00000
 3632      00000070 
 3632      000000D8 
 3632      00000030 
 3632      00000060 
 3633              	
 3634              	HEX_0XFE:
 3635 6700 00000000 			.word	NULL			// no equivalent ASCII character
 3636 6704 08000000 			.word	CELLWDTH		// cell pixel width
 3637 6708 10000000 			.word	CELLHGHT		// cell pixel height
 3638 670c 08000000 			.word	CELLWDTH		// glyph pixel width
 3639 6710 10000000 			.word	CELLHGHT		// glyph pixel height
 3640 6714 00000000 			.word	0			// blank horizontal pixels before glyph
 3641 6718 00000000 			.word	0			// blank horizontal pixels after glyph
 3642 671c 00000000 			.word	0			// blank horizontal lines before glyph
 3643 6720 00000000 			.word	0			// blank horizontal lines after glyph
 3644              							// bit mapped glyph
 3645 6724 00000000 			.word	0x00000000, 0x00000000, 0x00000000, 0x00000000, 0x7C000000, 0x7C000000, 0x7C000000, 0x7C000
 3645      00000000 
 3645      00000000 
 3645      00000000 
 3645      0000007C 
 3646              	
 3647              	HEX_0XFF:
 3648 6764 00000000 			.word	NULL			// no equivalent ASCII character
 3649 6768 08000000 			.word	CELLWDTH		// cell pixel width
 3650 676c 10000000 			.word	CELLHGHT		// cell pixel height
 3651 6770 08000000 			.word	CELLWDTH		// glyph pixel width
 3652 6774 10000000 			.word	CELLHGHT		// glyph pixel height
 3653 6778 00000000 			.word	0			// blank horizontal pixels before glyph
 3654 677c 00000000 			.word	0			// blank horizontal pixels after glyph
ARM GAS  font_VGA_8x16.s 			page 83


 3655 6780 00000000 			.word	0			// blank horizontal lines before glyph
 3656 6784 00000000 			.word	0			// blank horizontal lines after glyph
 3657              							// bit mapped glyph
 3658 6788 00000000 			.word	0x00000000, 0x00000000, 0x00000000, 0x00000000, 0x00000000, 0x00000000, 0x00000000, 0x00000
 3658      00000000 
 3658      00000000 
 3658      00000000 
 3658      00000000 
 3659              	
 3660              			.end
